itemcode,createDate,qty,n_rows,revenue_type,linked_via_jobcode,linked_via_olmjobcode,linked
VT-F-99-010721,2024-05-09,1.0,1,Omni Channel,True,True,True
CT-F-99-020506,2024-01-05,3.0,1,Omni Channel,True,True,True
CT-F-99-020505,2024-01-03,3.0,1,Omni Channel,True,True,True
VT-F-99-010721,2024-01-03,1.0,1,Omni Channel,True,True,True
CT-F-99-020507,2024-01-03,3.0,1,Omni Channel,True,True,True
VT-F-99-010721,2024-01-03,1.0,1,Omni Channel,True,True,True
CT-F-99-020506,2024-01-04,3.0,1,Omni Channel,True,True,True
VT-F-99-010721,2024-01-04,1.0,1,Omni Channel,True,True,True
VT-F-99-010722,2024-01-04,553.0,6,Omni Channel,True,True,True
VT-F-99-010820,2024-01-04,138.0,2,Omni Channel,True,True,True
CT-F-99-020501,2024-01-04,50.0,1,Omni Channel,True,True,True
CT-F-99-020502,2024-01-04,20.0,1,Omni Channel,True,True,True
CT-F-99-020503,2024-01-04,10.0,1,Omni Channel,True,True,True
CT-F-99-020504,2024-01-04,10.0,2,Omni Channel,True,True,True
CT-F-99-020506,2024-01-04,6.0,1,Omni Channel,True,True,True
CT-F-99-020507,2024-01-04,6.0,1,Omni Channel,True,True,True
CT-F-99-020514,2024-01-04,20.0,1,Omni Channel,True,True,True
VT-F-99-010203,2024-01-04,200.0,2,Omni Channel,True,True,True
VT-F-99-010205,2024-01-04,3.0,1,Omni Channel,True,True,True
CT-F-99-020505,2024-01-04,3.0,1,Omni Channel,True,True,True
VT-F-99-010715,2024-01-04,1.0,1,Omni Channel,True,True,True
CT-F-99-020502,2024-01-04,4.0,1,Omni Channel,True,True,True
VT-F-99-010203,2024-01-04,4.0,1,Omni Channel,True,True,True
RS-F-99-070005,2024-01-04,60.0,1,Omni Channel,True,True,True
CT-F-99-020501,2024-01-04,40.0,1,Omni Channel,True,True,True
CT-F-99-020506,2024-01-04,6.0,1,Omni Channel,True,True,True
CT-F-99-020507,2024-01-04,6.0,1,Omni Channel,True,True,True
RS-F-99-070002,2024-01-04,90.0,1,Omni Channel,True,True,True
RS-F-99-070003,2024-01-04,450.0,1,Omni Channel,True,True,True
RS-F-99-070006,2024-01-04,300.0,1,Omni Channel,True,True,True
RS-F-99-070007,2024-01-04,300.0,1,Omni Channel,True,True,True
VT-F-99-010820,2024-01-04,152.0,1,Tendering,True,True,True
VT-F-99-010615,2024-01-08,12.0,1,Tendering,True,True,True
CT-F-99-020509,2024-01-08,3.0,1,Omni Channel,True,True,True
VT-F-99-010616,2024-01-08,3.0,1,Omni Channel,True,True,True
CT-F-99-020524,2024-01-08,3.0,1,Omni Channel,True,True,True
CT-F-99-020702,2024-01-08,1.0,1,Omni Channel,True,True,True
CT-F-99-020524,2024-01-08,3.0,1,Omni Channel,True,True,True
CT-F-99-020508,2024-01-09,3.0,1,Omni Channel,True,True,True
VT-F-99-010721,2024-01-09,1.0,1,Omni Channel,True,True,True
CT-F-99-020506,2024-01-09,3.0,1,Omni Channel,True,True,True
VT-F-99-010721,2024-01-09,1.0,1,Omni Channel,True,True,True
CT-F-99-020530,2024-01-09,3.0,1,Omni Channel,True,True,True
VT-F-99-010721,2024-01-09,1.0,1,Omni Channel,True,True,True
CT-F-99-020522,2024-01-10,3.0,1,Omni Channel,True,True,True
VT-F-99-010721,2024-01-10,1.0,1,Omni Channel,True,True,True
CT-F-99-020527,2024-01-10,3.0,1,Omni Channel,True,True,True
CT-F-99-020507,2024-01-11,3.0,1,Omni Channel,True,True,True
VT-F-99-010715,2024-01-11,1.0,1,Omni Channel,True,True,True
CT-F-99-020510,2024-01-11,3.0,1,Omni Channel,True,True,True
CT-F-99-020506,2024-01-12,2.0,1,Omni Channel,True,True,True
VT-F-99-010203,2024-01-12,2.0,1,Omni Channel,True,True,True
CT-F-99-020506,2024-01-12,3.0,1,Omni Channel,True,True,True
CT-F-99-020706,2024-01-15,3.0,1,Omni Channel,False,False,False
VT-F-99-010818,2024-01-15,1.0,1,Omni Channel,True,True,True
CT-F-99-020501,2024-01-15,50.0,2,Omni Channel,False,False,False
RS-F-99-070003,2024-01-15,450.0,1,Omni Channel,False,False,False
RS-F-99-070006,2024-01-15,300.0,1,Omni Channel,False,False,False
RS-F-99-070007,2024-01-15,300.0,1,Omni Channel,False,False,False
CT-F-99-020506,2024-01-15,3.0,1,Omni Channel,True,True,True
VT-F-99-010721,2024-01-15,1.0,1,Omni Channel,True,True,True
CT-F-99-020506,2024-01-16,3.0,1,Omni Channel,True,True,True
VT-F-99-010721,2024-01-16,1.0,1,Omni Channel,True,True,True
CT-F-99-020501,2024-01-17,50.0,1,Omni Channel,True,True,True
RS-F-99-070003,2024-01-17,450.0,1,Omni Channel,True,True,True
RS-F-99-070006,2024-01-17,300.0,1,Omni Channel,True,True,True
RS-F-99-070007,2024-01-17,300.0,1,Omni Channel,True,True,True
CT-F-99-020504,2024-01-18,3.0,1,Omni Channel,True,True,True
VT-F-99-010721,2024-01-18,1.0,1,Omni Channel,True,True,True
VT-F-99-010302,2024-01-18,45.0,1,Omni Channel,True,True,True
CT-F-99-020507,2024-01-18,1.0,1,Omni Channel,True,True,True
CT-F-99-020504,2024-01-18,10.0,1,Omni Channel,False,False,False
VT-F-99-010616,2024-01-18,12.0,2,Omni Channel,False,False,False
RS-F-99-010114,2024-01-18,2.0,1,Omni Channel,True,True,True
RS-F-99-010123,2024-01-18,4.0,1,Omni Channel,True,True,True
CT-F-99-020504,2024-01-19,3.0,1,Omni Channel,True,True,True
VT-F-99-010721,2024-01-19,1.0,1,Omni Channel,True,True,True
CT-F-99-020503,2024-01-19,3.0,1,Omni Channel,True,True,True
VT-F-99-010721,2024-01-19,1.0,1,Omni Channel,True,True,True
CT-F-99-020510,2024-01-19,2.0,1,Omni Channel,True,True,True
VT-F-99-010203,2024-01-19,2.0,1,Omni Channel,True,True,True
CT-F-99-020507,2024-01-19,2.0,1,Omni Channel,True,True,True
VT-F-99-010203,2024-01-19,2.0,1,Omni Channel,True,True,True
CT-F-99-020504,2024-01-19,10.0,1,Omni Channel,True,True,True
VT-F-99-010616,2024-01-19,12.0,1,Omni Channel,True,True,True
CT-F-99-020502,2024-01-22,2.0,1,Omni Channel,True,True,True
VT-F-99-010203,2024-01-22,2.0,1,Omni Channel,True,True,True
RS-F-99-070005,2024-01-22,3.0,1,Omni Channel,True,True,True
CT-F-99-020504,2024-01-22,3.0,1,Omni Channel,True,True,True
VT-F-99-010721,2024-01-22,1.0,1,Omni Channel,True,True,True
CT-F-99-020501,2024-01-22,2.0,1,Omni Channel,True,True,True
VT-F-99-010203,2024-01-22,2.0,1,Omni Channel,True,True,True
CT-F-99-020528,2024-01-22,3.0,1,Omni Channel,True,True,True
CT-F-99-020510,2024-01-22,3.0,1,Omni Channel,True,True,True
CT-F-99-020505,2024-01-22,3.0,1,Omni Channel,True,True,True
VT-F-99-010715,2024-01-22,1.0,1,Omni Channel,True,True,True
CT-F-99-020508,2024-01-23,3.0,1,Omni Channel,True,True,True
RS-F-99-041001,2024-01-23,30.0,1,Omni Channel,True,True,True
RS-F-99-041015,2024-01-23,18.0,1,Omni Channel,True,True,True
RS-F-99-070002,2024-01-23,150.0,2,Omni Channel,True,True,True
RS-F-99-070003,2024-01-23,100.0,1,Omni Channel,True,True,True
RS-F-99-070004,2024-01-23,50.0,1,Omni Channel,True,True,True
RS-F-99-070005,2024-01-23,12.0,1,Omni Channel,True,True,True
RS-F-99-070007,2024-01-23,150.0,2,Omni Channel,True,True,True
CT-F-99-020505,2024-01-23,3.0,1,Omni Channel,True,True,True
CT-F-99-020506,2024-01-24,3.0,1,Omni Channel,True,True,True
VT-F-99-010721,2024-01-24,1.0,1,Omni Channel,True,True,True
CT-F-99-020527,2024-01-24,3.0,1,Omni Channel,True,True,True
VT-F-99-010721,2024-01-24,1.0,1,Omni Channel,True,True,True
CT-F-99-020530,2024-01-24,3.0,1,Omni Channel,True,True,True
VT-F-99-010721,2024-01-24,1.0,1,Omni Channel,True,True,True
CT-F-99-020508,2024-01-24,3.0,1,Omni Channel,True,True,True
VT-F-99-010721,2024-01-24,1.0,1,Omni Channel,True,True,True
CT-F-99-020506,2024-01-24,2.0,1,Omni Channel,True,True,True
VT-F-99-010209,2024-01-24,2.0,1,Omni Channel,True,True,True
VT-F-99-010721,2024-01-24,1.0,1,Omni Channel,True,True,True
CT-F-99-020714,2024-01-25,3.0,1,Omni Channel,True,True,True
VT-F-99-010819,2024-01-25,1.0,1,Omni Channel,True,True,True
CT-F-99-020504,2024-01-26,3.0,1,Omni Channel,True,True,True
VT-F-99-010721,2024-01-26,1.0,1,Omni Channel,True,True,True
CT-F-99-020506,2024-01-26,3.0,1,Omni Channel,True,True,True
VT-F-99-010721,2024-01-26,1.0,1,Omni Channel,True,True,True
CT-F-99-020510,2024-01-26,2.0,1,Omni Channel,True,True,True
VT-F-99-010203,2024-01-26,2.0,1,Omni Channel,True,True,True
VT-F-99-010722,2024-01-29,1.0,1,Omni Channel,True,True,True
CT-F-99-020504,2024-01-29,3.0,1,Omni Channel,True,True,True
VT-F-99-010721,2024-01-29,1.0,1,Omni Channel,True,True,True
CT-F-99-020505,2024-01-29,2.0,1,Omni Channel,True,True,True
VT-F-99-010203,2024-01-29,2.0,1,Omni Channel,True,True,True
CT-F-99-020501,2024-01-29,2.0,1,Omni Channel,True,True,True
VT-F-99-010203,2024-01-29,2.0,1,Omni Channel,True,True,True
CT-F-99-020508,2024-01-29,3.0,1,Omni Channel,True,True,True
CT-F-99-020501,2024-01-29,2.0,1,Omni Channel,True,True,True
VT-F-99-010203,2024-01-29,2.0,1,Omni Channel,True,True,True
CT-F-99-020504,2024-01-29,3.0,1,Omni Channel,True,True,True
VT-F-99-010721,2024-01-29,1.0,1,Omni Channel,True,True,True
CT-F-99-020506,2024-01-29,3.0,1,Omni Channel,True,True,True
VT-F-99-010721,2024-01-29,1.0,1,Omni Channel,True,True,True
CT-F-99-020507,2024-01-29,1.0,1,Omni Channel,True,True,True
CT-F-99-020514,2024-01-30,3.0,1,Omni Channel,True,True,True
CT-F-99-020510,2024-01-30,3.0,1,Omni Channel,True,True,True
CT-F-99-020723,2024-01-31,3.0,1,Omni Channel,True,True,True
VT-F-99-010819,2024-01-31,1.0,1,Omni Channel,True,True,True
CT-F-99-020507,2024-01-31,3.0,1,Omni Channel,True,True,True
CT-F-99-020504,2024-01-31,3.0,1,Omni Channel,True,True,True
CT-F-99-020507,2024-01-31,2.0,1,Omni Channel,True,True,True
VT-F-99-010203,2024-01-31,2.0,1,Omni Channel,True,True,True
VT-F-99-010203,2024-02-01,1.0,1,Omni Channel,True,True,True
CT-F-99-020511,2024-02-01,3.0,1,Omni Channel,True,True,True
VT-F-99-010721,2024-02-01,1.0,1,Omni Channel,True,True,True
CT-F-99-020504,2024-02-01,3.0,1,Omni Channel,True,True,True
CT-F-99-020510,2024-02-01,3.0,1,Omni Channel,True,True,True
VT-F-99-010721,2024-02-01,2.0,1,Omni Channel,True,True,True
CT-F-99-020528,2024-02-02,3.0,1,Omni Channel,True,True,True
VT-F-99-010721,2024-02-02,1.0,1,Omni Channel,True,True,True
VT-F-99-010203,2024-02-02,1.0,1,Omni Channel,True,True,True
CT-F-99-020505,2024-02-02,3.0,1,Omni Channel,True,True,True
CT-F-99-020503,2024-02-02,17.0,1,Omni Channel,True,True,True
CT-F-99-020504,2024-02-02,17.0,1,Omni Channel,True,True,True
VT-F-99-010203,2024-02-02,1.0,1,Omni Channel,True,True,True
RS-F-99-041001,2024-02-05,12.0,1,Omni Channel,True,True,True
RS-F-99-041002,2024-02-05,12.0,1,Omni Channel,True,True,True
RS-F-99-041003,2024-02-05,24.0,1,Omni Channel,True,True,True
RS-F-99-041004,2024-02-05,12.0,1,Omni Channel,True,True,True
RS-F-99-041015,2024-02-05,12.0,1,Omni Channel,True,True,True
RS-F-99-041033,2024-02-05,24.0,1,Omni Channel,True,True,True
RS-F-99-041034,2024-02-05,12.0,1,Omni Channel,True,True,True
CT-F-99-020505,2024-02-05,3.0,1,Omni Channel,True,True,True
CT-F-99-020506,2024-02-05,3.0,1,Omni Channel,True,True,True
CT-F-99-020503,2024-02-05,3.0,1,Omni Channel,True,True,True
VT-F-99-010715,2024-02-05,1.0,1,Omni Channel,True,True,True
CT-F-99-020505,2024-02-05,3.0,1,Omni Channel,True,True,True
VT-F-99-010715,2024-02-05,1.0,1,Omni Channel,True,True,True
CT-F-99-020506,2024-02-05,3.0,1,Omni Channel,True,True,True
CT-F-99-020505,2024-02-06,3.0,1,Omni Channel,True,True,True
VT-F-99-010715,2024-02-06,1.0,1,Omni Channel,True,True,True
CT-F-99-020506,2024-02-06,3.0,1,Omni Channel,True,True,True
CT-F-99-020524,2024-02-06,3.0,1,Omni Channel,True,True,True
VT-F-99-010721,2024-02-06,1.0,1,Omni Channel,True,True,True
CT-F-99-020501,2024-02-06,8.0,1,Omni Channel,True,True,True
CT-F-99-020502,2024-02-06,6.0,1,Omni Channel,True,True,True
VT-F-99-010203,2024-02-06,14.0,1,Omni Channel,True,True,True
CT-F-99-020504,2024-02-07,3.0,1,Omni Channel,True,True,True
VT-F-99-010721,2024-02-07,1.0,1,Omni Channel,True,True,True
CT-F-99-020504,2024-02-07,3.0,1,Omni Channel,True,True,True
VT-F-99-010721,2024-02-07,1.0,1,Omni Channel,True,True,True
CT-F-99-020505,2024-02-07,3.0,1,Omni Channel,True,True,True
VT-F-99-010721,2024-02-07,1.0,1,Omni Channel,True,True,True
CT-F-99-020505,2024-02-07,3.0,1,Omni Channel,True,True,True
CT-F-99-020504,2024-02-07,3.0,1,Omni Channel,True,True,True
VT-F-99-010721,2024-02-07,1.0,1,Omni Channel,True,True,True
CT-F-99-020505,2024-02-07,3.0,1,Omni Channel,True,True,True
VT-F-99-010721,2024-02-07,1.0,1,Omni Channel,True,True,True
CT-F-99-020506,2024-02-07,3.0,1,Omni Channel,True,True,True
CT-F-99-020507,2024-02-07,3.0,1,Omni Channel,True,True,True
VT-F-99-010721,2024-02-07,1.0,1,Omni Channel,True,True,True
CT-F-99-020507,2024-02-07,3.0,1,Omni Channel,True,True,True
VT-F-99-010721,2024-02-07,1.0,1,Omni Channel,True,True,True
CT-F-99-020508,2024-02-07,3.0,1,Omni Channel,True,True,True
CT-F-99-020506,2024-02-08,3.0,1,Omni Channel,True,True,True
VT-F-99-010721,2024-02-08,1.0,1,Omni Channel,True,True,True
CT-F-99-020502,2024-02-08,3.0,1,Omni Channel,True,True,True
VT-F-99-010721,2024-02-08,1.0,1,Omni Channel,True,True,True
CT-F-99-020504,2024-02-08,3.0,1,Omni Channel,True,True,True
VT-F-99-010721,2024-02-08,1.0,1,Omni Channel,True,True,True
CT-F-99-020705,2024-02-08,3.0,1,Omni Channel,True,True,True
VT-F-99-010819,2024-02-08,1.0,1,Omni Channel,True,True,True
CT-F-99-020507,2024-02-08,3.0,1,Omni Channel,True,True,True
VT-F-99-010721,2024-02-08,1.0,1,Omni Channel,True,True,True
CT-F-99-020705,2024-02-08,3.0,1,Omni Channel,True,True,True
VT-F-99-010819,2024-02-08,1.0,1,Omni Channel,True,True,True
CT-F-99-020505,2024-02-08,3.0,1,Omni Channel,True,True,True
VT-F-99-010721,2024-02-08,1.0,1,Omni Channel,True,True,True
CT-F-99-020527,2024-02-09,3.0,1,Omni Channel,True,True,True
VT-F-99-010721,2024-02-09,1.0,1,Omni Channel,True,True,True
VT-F-99-010203,2024-02-09,2.0,1,Omni Channel,True,True,True
CT-F-99-020704,2024-02-09,3.0,1,Omni Channel,True,True,True
VT-F-99-010819,2024-02-09,1.0,1,Omni Channel,True,True,True
CT-F-99-020504,2024-02-09,3.0,1,Omni Channel,True,True,True
CT-F-99-020506,2024-02-09,3.0,1,Omni Channel,True,True,True
VT-F-99-010721,2024-02-09,1.0,1,Omni Channel,True,True,True
CT-F-99-020510,2024-02-09,3.0,1,Omni Channel,True,True,True
VT-F-99-010721,2024-02-09,1.0,1,Omni Channel,True,True,True
CT-F-99-020702,2024-02-09,2.0,1,Omni Channel,True,True,True
VT-F-99-010303,2024-02-09,2.0,1,Omni Channel,True,True,True
CT-F-99-020710,2024-02-12,3.0,1,Omni Channel,True,True,True
VT-F-99-010819,2024-02-12,1.0,1,Omni Channel,True,True,True
CT-F-99-020707,2024-02-14,3.0,1,Omni Channel,True,True,True
VT-F-99-010819,2024-02-12,1.0,1,Omni Channel,True,True,True
CT-F-99-020523,2024-02-12,3.0,1,Omni Channel,True,True,True
VT-F-99-010721,2024-02-12,1.0,1,Omni Channel,True,True,True
CT-F-99-020507,2024-02-12,4.0,1,Omni Channel,True,True,True
VT-F-99-010203,2024-02-12,12.0,1,Omni Channel,True,True,True
CT-F-99-020502,2024-02-12,3.0,1,Omni Channel,True,True,True
VT-F-99-010721,2024-02-12,1.0,1,Omni Channel,True,True,True
CT-F-99-020506,2024-02-12,3.0,1,Omni Channel,True,True,True
CT-F-99-020506,2024-02-13,3.0,1,Omni Channel,True,True,True
VT-F-99-010302,2024-02-13,152.0,1,Tendering,False,False,False
CT-F-99-020508,2024-02-13,3.0,1,Omni Channel,True,True,True
VT-F-99-010721,2024-02-13,1.0,1,Omni Channel,True,True,True
CT-F-99-020728,2024-02-13,3.0,1,Omni Channel,True,True,True
VT-F-99-010819,2024-02-13,1.0,1,Omni Channel,True,True,True
VT-F-99-010203,2024-02-13,1.0,1,Omni Channel,True,True,True
CT-F-99-020528,2024-02-14,3.0,1,Omni Channel,True,True,True
CT-F-99-020530,2024-02-14,3.0,1,Omni Channel,True,True,True
VT-F-99-010721,2024-02-14,2.0,1,Omni Channel,True,True,True
CT-F-99-020501,2024-02-14,6.0,1,Omni Channel,True,True,True
CT-F-99-020502,2024-02-14,6.0,1,Omni Channel,True,True,True
VT-F-99-010203,2024-02-14,12.0,1,Omni Channel,True,True,True
CT-F-99-020528,2024-02-14,3.0,1,Omni Channel,True,True,True
VT-F-99-010721,2024-02-14,1.0,1,Omni Channel,True,True,True
CT-F-99-020505,2024-02-14,3.0,1,Omni Channel,True,True,True
VT-F-99-010721,2024-02-14,1.0,1,Omni Channel,True,True,True
CT-F-99-020504,2024-02-14,3.0,1,Omni Channel,True,True,True
VT-F-99-010721,2024-02-14,1.0,1,Omni Channel,True,True,True
CT-F-99-020507,2024-02-15,3.0,1,Omni Channel,True,True,True
VT-F-99-010721,2024-02-21,1.0,1,Omni Channel,True,True,True
CT-F-99-020507,2024-02-15,2.0,1,Omni Channel,True,True,True
VT-F-99-010203,2024-02-15,2.0,1,Omni Channel,True,True,True
CT-F-99-020505,2024-02-15,3.0,1,Omni Channel,True,True,True
VT-F-99-010721,2024-02-15,1.0,1,Omni Channel,True,True,True
CT-F-99-020704,2024-03-22,3.0,1,Omni Channel,True,True,True
VT-F-99-010819,2024-02-15,1.0,1,Omni Channel,True,True,True
CT-F-99-020506,2024-02-15,3.0,1,Omni Channel,True,True,True
CT-F-99-020505,2024-02-15,2.0,1,Omni Channel,True,True,True
VT-F-99-010209,2024-02-15,2.0,1,Omni Channel,True,True,True
CT-F-99-020504,2024-02-15,2.0,1,Omni Channel,True,True,True
VT-F-99-010203,2024-02-15,2.0,1,Omni Channel,True,True,True
CT-F-99-020506,2024-02-15,3.0,1,Omni Channel,True,True,True
VT-F-99-010721,2024-02-15,1.0,1,Omni Channel,True,True,True
CT-F-99-020527,2024-02-16,3.0,1,Omni Channel,False,False,False
CT-F-99-020510,2024-02-16,3.0,1,Omni Channel,True,True,True
VT-F-99-010721,2024-02-16,1.0,1,Omni Channel,True,True,True
CT-F-99-020524,2024-02-19,3.0,1,Omni Channel,True,True,True
CT-F-99-020528,2024-02-19,3.0,1,Omni Channel,True,True,True
VT-F-99-010721,2024-02-19,2.0,1,Omni Channel,True,True,True
CT-F-99-020528,2024-02-20,3.0,1,Omni Channel,True,True,True
VT-F-99-010721,2024-02-20,1.0,1,Omni Channel,True,True,True
CT-F-99-020504,2024-02-20,3.0,1,Omni Channel,True,True,True
CT-F-99-020510,2024-02-20,3.0,1,Omni Channel,True,True,True
VT-F-99-010721,2024-02-20,2.0,1,Omni Channel,True,True,True
CT-F-99-020506,2024-02-20,3.0,1,Omni Channel,True,True,True
CT-F-99-020508,2024-02-21,3.0,1,Omni Channel,True,True,True
CT-F-99-020530,2024-02-21,3.0,1,Omni Channel,True,True,True
CT-F-99-020507,2024-02-21,3.0,1,Omni Channel,True,True,True
CT-F-99-020510,2024-02-21,3.0,1,Omni Channel,True,True,True
CT-F-99-020703,2024-02-21,3.0,1,Omni Channel,True,True,True
VT-F-99-010819,2024-02-21,1.0,1,Omni Channel,True,True,True
CT-F-99-020526,2024-02-21,3.0,1,Omni Channel,True,True,True
VT-F-99-010721,2024-02-21,1.0,1,Omni Channel,True,True,True
CT-F-99-020530,2024-02-21,3.0,1,Omni Channel,True,True,True
VT-F-99-010721,2024-02-21,1.0,1,Omni Channel,True,True,True
VT-F-99-010722,2024-02-21,1.0,1,Omni Channel,True,True,True
CT-F-99-020506,2024-02-21,3.0,1,Omni Channel,True,True,True
CT-F-99-020508,2024-02-22,3.0,1,Omni Channel,True,True,True
CT-F-99-020506,2024-02-22,4.0,1,Omni Channel,True,True,True
CT-F-99-020507,2024-02-22,2.0,1,Omni Channel,True,True,True
CT-F-99-020504,2024-02-22,3.0,1,Omni Channel,True,True,True
VT-F-99-010721,2024-02-22,1.0,1,Omni Channel,True,True,True
CT-F-99-020506,2024-02-22,3.0,1,Omni Channel,True,True,True
VT-F-99-010715,2024-02-22,1.0,1,Omni Channel,True,True,True
CT-F-99-020730,2024-02-22,3.0,1,Omni Channel,True,True,True
VT-F-99-010819,2024-02-22,1.0,1,Omni Channel,True,True,True
CT-F-99-020526,2024-02-23,3.0,1,Omni Channel,True,True,True
VT-F-99-010721,2024-02-23,1.0,1,Omni Channel,True,True,True
CT-F-99-020511,2024-02-23,2.0,1,Omni Channel,True,True,True
VT-F-99-010203,2024-02-23,2.0,1,Omni Channel,True,True,True
VT-F-99-010302,2024-02-27,152.0,1,Tendering,True,True,True
CT-F-99-020503,2024-02-27,2.0,1,Omni Channel,True,True,True
CT-F-99-020506,2024-02-28,3.0,1,Omni Channel,True,True,True
CT-F-99-020506,2024-02-28,3.0,1,Omni Channel,True,True,True
CT-F-99-020507,2024-02-28,3.0,1,Omni Channel,True,True,True
CT-F-99-020507,2024-02-28,6.0,1,Omni Channel,True,True,True
VT-F-99-010721,2024-02-28,2.0,1,Omni Channel,True,True,True
CT-F-99-020528,2024-02-28,3.0,1,Omni Channel,True,True,True
VT-F-99-010721,2024-02-28,1.0,1,Omni Channel,True,True,True
CT-F-99-020506,2024-02-28,3.0,1,Omni Channel,True,True,True
VT-F-99-010721,2024-02-28,1.0,1,Omni Channel,True,True,True
CT-F-99-020524,2024-02-28,3.0,1,Omni Channel,True,True,True
VT-F-99-010721,2024-02-28,1.0,1,Omni Channel,True,True,True
CT-F-99-020506,2024-02-29,3.0,1,Omni Channel,True,True,True
VT-F-99-010721,2024-02-29,1.0,1,Omni Channel,True,True,True
CT-F-99-020510,2024-02-29,3.0,1,Omni Channel,True,True,True
VT-F-99-010721,2024-02-29,1.0,1,Omni Channel,True,True,True
CT-F-99-020506,2024-02-29,3.0,1,Omni Channel,True,True,True
VT-F-99-010721,2024-02-29,1.0,1,Omni Channel,True,True,True
CT-F-99-020506,2024-02-29,3.0,1,Omni Channel,True,True,True
VT-F-99-010721,2024-02-29,1.0,1,Omni Channel,True,True,True
CT-F-99-020506,2024-02-29,3.0,1,Omni Channel,True,True,True
VT-F-99-010721,2024-02-29,1.0,1,Omni Channel,True,True,True
CT-F-99-020508,2024-02-29,3.0,1,Omni Channel,True,True,True
VT-F-99-010721,2024-02-29,1.0,1,Omni Channel,True,True,True
CT-F-99-020503,2024-03-01,3.0,1,Omni Channel,True,True,True
VT-F-99-010721,2024-03-01,1.0,1,Omni Channel,True,True,True
CT-F-99-020718,2024-03-01,4.0,1,Omni Channel,True,True,True
VT-F-99-010303,2024-03-01,4.0,1,Omni Channel,True,True,True
CT-F-99-020508,2024-03-01,3.0,1,Omni Channel,True,True,True
VT-F-99-010715,2024-03-01,1.0,1,Omni Channel,True,True,True
VT-F-99-010721,2024-03-01,1.0,1,Omni Channel,True,True,True
CT-F-99-020527,2024-03-01,3.0,1,Omni Channel,True,True,True
VT-F-99-010721,2024-03-01,1.0,1,Omni Channel,True,True,True
CT-F-99-020504,2024-03-01,3.0,1,Omni Channel,True,True,True
VT-F-99-010721,2024-03-01,1.0,1,Omni Channel,True,True,True
VT-F-99-010721,2024-03-01,1.0,1,Omni Channel,True,True,True
CT-F-99-020504,2024-03-01,3.0,1,Omni Channel,True,True,True
VT-F-99-010721,2024-03-01,1.0,1,Omni Channel,True,True,True
CT-F-99-020506,2024-03-04,1.0,1,Omni Channel,True,True,True
CT-F-99-020528,2024-03-04,3.0,1,Omni Channel,True,True,True
VT-F-99-010721,2024-03-04,1.0,1,Omni Channel,True,True,True
CT-F-99-020507,2024-03-04,3.0,1,Omni Channel,True,True,True
VT-F-99-010721,2024-03-04,1.0,1,Omni Channel,True,True,True
CT-F-99-020525,2024-03-05,3.0,1,Omni Channel,True,True,True
VT-F-99-010721,2024-03-05,1.0,1,Omni Channel,True,True,True
CT-F-99-020507,2024-03-05,3.0,1,Omni Channel,False,False,False
CT-F-99-020505,2024-03-05,3.0,1,Omni Channel,True,True,True
CT-F-99-020505,2024-03-05,3.0,1,Omni Channel,True,True,True
VT-F-99-010721,2024-03-05,1.0,1,Omni Channel,True,True,True
CT-F-99-020508,2024-03-05,3.0,1,Omni Channel,True,True,True
CT-F-99-020506,2024-03-06,3.0,1,Omni Channel,True,True,True
VT-F-99-010721,2024-03-06,1.0,1,Omni Channel,True,True,True
CT-F-99-020507,2024-03-07,3.0,1,Omni Channel,True,True,True
VT-F-99-010721,2024-03-07,1.0,1,Omni Channel,True,True,True
CT-F-99-020502,2024-03-07,6.0,1,Omni Channel,True,True,True
VT-F-99-010721,2024-03-07,2.0,1,Omni Channel,True,True,True
CT-F-99-020506,2024-03-07,2.0,1,Omni Channel,True,True,True
CT-F-99-020503,2024-03-08,3.0,1,Omni Channel,True,True,True
VT-F-99-010721,2024-03-08,1.0,1,Omni Channel,True,True,True
CT-F-99-020507,2024-03-08,3.0,1,Omni Channel,True,True,True
VT-F-99-010721,2024-03-08,1.0,1,Omni Channel,True,True,True
CT-F-99-020505,2024-03-08,3.0,1,Omni Channel,True,True,True
VT-F-99-010721,2024-03-08,1.0,1,Omni Channel,True,True,True
CT-F-99-020527,2024-03-08,3.0,1,Omni Channel,True,True,True
VT-F-99-010721,2024-03-08,1.0,1,Omni Channel,True,True,True
CT-F-99-020528,2024-03-08,1.0,1,Omni Channel,True,True,True
CT-F-99-020704,2024-03-11,3.0,1,Omni Channel,True,True,True
VT-F-99-010819,2024-03-11,1.0,1,Omni Channel,True,True,True
CT-F-99-020505,2024-03-12,3.0,1,Omni Channel,True,True,True
CT-F-99-020527,2024-03-12,3.0,1,Omni Channel,True,True,True
VT-F-99-010721,2024-03-12,1.0,1,Omni Channel,True,True,True
CT-F-99-020506,2024-03-12,3.0,1,Omni Channel,True,True,True
VT-F-99-010721,2024-03-12,1.0,1,Omni Channel,True,True,True
CT-F-99-020528,2024-03-13,3.0,1,Omni Channel,True,True,True
VT-F-99-010721,2024-03-13,1.0,1,Omni Channel,True,True,True
VT-F-99-010722,2024-03-13,2.0,1,Omni Channel,True,True,True
CT-F-99-020705,2024-03-13,3.0,1,Omni Channel,True,True,True
VT-F-99-010819,2024-03-13,1.0,1,Omni Channel,True,True,True
CT-F-99-020506,2024-03-14,2.0,1,Omni Channel,True,True,True
VT-F-99-010203,2024-03-14,2.0,1,Omni Channel,True,True,True
CT-F-99-020507,2024-03-14,3.0,1,Omni Channel,True,True,True
VT-F-99-010721,2024-03-14,1.0,1,Omni Channel,True,True,True
CT-F-99-020503,2024-03-15,3.0,1,Omni Channel,True,True,True
VT-F-99-010721,2024-03-15,1.0,1,Omni Channel,True,True,True
CT-F-99-020530,2024-03-15,3.0,1,Omni Channel,True,True,True
VT-F-99-010721,2024-03-15,1.0,1,Omni Channel,True,True,True
CT-F-99-020524,2024-03-15,3.0,1,Omni Channel,True,True,True
CT-F-99-020506,2024-03-15,3.0,1,Omni Channel,True,True,True
RS-F-99-040006,2024-03-21,100.0,1,Tendering,False,False,False
CT-F-99-020506,2024-03-15,3.0,1,Omni Channel,True,True,True
VT-F-99-010721,2024-03-15,1.0,1,Omni Channel,True,True,True
RS-F-99-010129,2024-03-21,80.0,1,Tendering,False,False,False
CT-F-99-020511,2024-03-18,3.0,1,Omni Channel,True,True,True
CT-F-99-020507,2024-03-18,3.0,1,Omni Channel,True,True,True
VT-F-99-010715,2024-03-18,1.0,1,Omni Channel,True,True,True
CT-F-99-020506,2024-03-18,2.0,1,Omni Channel,True,True,True
VT-F-99-010203,2024-03-18,2.0,1,Omni Channel,True,True,True
CT-F-99-020526,2024-03-18,3.0,1,Omni Channel,True,True,True
VT-F-99-010721,2024-03-18,1.0,1,Omni Channel,True,True,True
CT-F-99-020508,2024-03-18,2.0,1,Omni Channel,True,True,True
VT-F-99-010203,2024-03-18,2.0,1,Omni Channel,True,True,True
CT-F-99-020526,2024-03-18,3.0,1,Omni Channel,True,True,True
VT-F-99-010721,2024-03-18,1.0,1,Omni Channel,True,True,True
CT-F-99-020508,2024-03-18,3.0,1,Omni Channel,True,True,True
VT-F-99-010721,2024-03-18,1.0,1,Omni Channel,True,True,True
CT-F-99-020510,2024-03-18,2.0,1,Omni Channel,True,True,True
VT-F-99-010209,2024-03-18,2.0,1,Omni Channel,True,True,True
CT-F-99-020511,2024-03-18,3.0,1,Omni Channel,True,True,True
VT-F-99-010721,2024-03-18,1.0,1,Omni Channel,True,True,True
CT-F-99-020707,2024-03-18,3.0,1,Omni Channel,True,True,True
VT-F-99-010819,2024-03-18,1.0,1,Omni Channel,True,True,True
CT-F-99-020510,2024-03-18,3.0,1,Omni Channel,True,True,True
VT-F-99-010721,2024-03-18,1.0,1,Omni Channel,True,True,True
CT-F-99-020501,2024-03-19,200.0,4,Omni Channel,False,False,False
CT-F-99-020503,2024-03-19,30.0,1,Omni Channel,False,False,False
CT-F-99-020505,2024-03-19,10.0,1,Omni Channel,False,False,False
RS-F-99-070004,2024-03-19,30.0,1,Omni Channel,False,False,False
VT-F-99-010203,2024-03-19,300.0,5,Omni Channel,False,False,False
CT-F-99-020705,2024-03-19,3.0,1,Omni Channel,True,True,True
RS-F-99-070002,2024-03-19,3.0,1,Omni Channel,False,False,False
RS-F-99-070004,2024-03-19,6.0,1,Omni Channel,False,False,False
CT-F-99-020507,2024-03-19,3.0,1,Omni Channel,True,True,True
VT-F-99-010721,2024-03-19,1.0,1,Omni Channel,True,True,True
CT-F-99-020508,2024-03-19,3.0,1,Omni Channel,True,True,True
CT-F-99-020506,2024-03-19,3.0,1,Omni Channel,True,True,True
VT-F-99-010721,2024-03-19,1.0,1,Omni Channel,True,True,True
CT-F-99-020502,2024-03-19,2.0,1,Omni Channel,True,True,True
VT-F-99-010203,2024-03-19,2.0,1,Omni Channel,True,True,True
RS-F-99-010129,2024-03-19,80.0,1,Tendering,True,True,True
RS-F-99-040006,2024-03-19,100.0,1,Tendering,True,True,True
CT-F-99-020503,2024-03-19,3.0,1,Omni Channel,True,True,True
VT-F-99-010715,2024-03-19,1.0,1,Omni Channel,True,True,True
CT-F-99-020506,2024-03-19,3.0,1,Omni Channel,True,True,True
CT-F-99-020524,2024-03-20,3.0,1,Omni Channel,True,True,True
VT-F-99-010721,2024-03-20,1.0,1,Omni Channel,True,True,True
CT-F-99-020530,2024-03-20,3.0,1,Omni Channel,True,True,True
VT-F-99-010721,2024-03-20,1.0,1,Omni Channel,True,True,True
CT-F-99-020510,2024-03-21,2.0,1,Omni Channel,True,True,True
CT-F-99-020507,2024-03-21,3.0,1,Omni Channel,True,True,True
VT-F-99-010715,2024-03-21,1.0,1,Omni Channel,True,True,True
CT-F-99-020526,2024-03-21,3.0,1,Omni Channel,True,True,True
VT-F-99-010721,2024-03-21,1.0,1,Omni Channel,True,True,True
CT-F-99-020528,2024-03-21,3.0,1,Omni Channel,True,True,True
VT-F-99-010721,2024-03-21,1.0,1,Omni Channel,True,True,True
CT-F-99-020506,2024-03-21,3.0,1,Omni Channel,True,True,True
VT-F-99-010721,2024-03-21,1.0,1,Omni Channel,True,True,True
CT-F-99-020504,2024-03-22,6.0,1,Omni Channel,True,True,True
VT-F-99-010721,2024-03-22,2.0,1,Omni Channel,True,True,True
CT-F-99-020506,2024-03-22,3.0,1,Omni Channel,True,True,True
VT-F-99-010721,2024-03-22,1.0,1,Omni Channel,True,True,True
CT-F-99-020524,2024-03-22,3.0,1,Omni Channel,True,True,True
VT-F-99-010721,2024-03-22,1.0,1,Omni Channel,True,True,True
CT-F-99-020506,2024-03-22,3.0,1,Omni Channel,True,True,True
VT-F-99-010203,2024-03-22,1.0,1,Omni Channel,True,True,True
CT-F-99-020531,2024-03-25,3.0,1,Omni Channel,True,True,True
VT-F-99-010721,2024-03-25,1.0,1,Omni Channel,True,True,True
CT-F-99-020508,2024-03-25,3.0,1,Omni Channel,True,True,True
CT-F-99-020526,2024-03-25,3.0,1,Omni Channel,True,True,True
CT-F-99-020512,2024-03-25,3.0,1,Omni Channel,True,True,True
VT-F-99-010721,2024-03-25,1.0,1,Omni Channel,True,True,True
CT-F-99-020505,2024-03-26,5.0,1,Omni Channel,True,True,True
CT-F-99-020503,2024-03-26,3.0,1,Omni Channel,True,True,True
VT-F-99-010721,2024-03-26,1.0,1,Omni Channel,True,True,True
CT-F-99-020504,2024-03-26,3.0,1,Omni Channel,True,True,True
VT-F-99-010715,2024-03-26,1.0,1,Omni Channel,True,True,True
CT-F-99-020703,2024-03-27,3.0,1,Omni Channel,True,True,True
VT-F-99-010819,2024-03-27,1.0,1,Omni Channel,True,True,True
VT-F-99-010721,2024-03-28,1.0,1,Omni Channel,True,True,True
CT-F-99-020524,2024-03-28,3.0,1,Omni Channel,True,True,True
VT-F-99-010721,2024-03-28,1.0,1,Omni Channel,True,True,True
VT-F-99-010722,2024-03-28,1.0,1,Omni Channel,True,True,True
VT-F-99-010820,2024-03-28,1.0,1,Omni Channel,True,True,True
RS-F-99-041001,2024-03-28,42.0,2,Omni Channel,True,True,True
RS-F-99-041002,2024-03-28,42.0,1,Omni Channel,True,True,True
RS-F-99-041033,2024-03-28,30.0,2,Omni Channel,True,True,True
RS-F-99-041034,2024-03-28,12.0,1,Omni Channel,True,True,True
VT-F-99-010722,2024-03-28,2.0,1,Omni Channel,True,True,True
CT-F-99-020507,2024-03-28,3.0,1,Omni Channel,True,True,True
VT-F-99-010721,2024-03-28,1.0,1,Omni Channel,True,True,True
CT-F-99-020506,2024-03-28,3.0,1,Omni Channel,True,True,True
VT-F-99-010721,2024-03-28,1.0,1,Omni Channel,True,True,True
CT-F-99-020524,2024-03-29,3.0,1,Omni Channel,True,True,True
VT-F-99-010721,2024-03-29,1.0,1,Omni Channel,True,True,True
VT-F-99-010721,2024-03-29,1.0,1,Omni Channel,True,True,True
CT-F-99-020530,2024-03-29,3.0,1,Omni Channel,True,True,True
VT-F-99-010721,2024-03-29,1.0,1,Omni Channel,True,True,True
CT-F-99-020506,2024-04-01,3.0,1,Omni Channel,True,True,True
VT-F-99-010721,2024-04-01,1.0,1,Omni Channel,True,True,True
CT-F-99-020505,2024-04-01,3.0,1,Omni Channel,True,True,True
VT-F-99-010715,2024-04-01,1.0,1,Omni Channel,True,True,True
CT-F-99-020507,2024-04-01,3.0,1,Omni Channel,True,True,True
VT-F-99-010721,2024-04-01,1.0,1,Omni Channel,True,True,True
CT-F-99-020503,2024-04-01,3.0,1,Omni Channel,True,True,True
VT-F-99-010721,2024-04-01,1.0,1,Omni Channel,True,True,True
CT-F-99-020505,2024-04-01,3.0,1,Omni Channel,True,True,True
VT-F-99-010721,2024-04-01,1.0,1,Omni Channel,True,True,True
CT-F-99-020505,2024-04-02,3.0,1,Omni Channel,True,True,True
CT-F-99-020511,2024-04-02,3.0,1,Omni Channel,True,True,True
VT-F-99-010721,2024-04-02,2.0,1,Omni Channel,True,True,True
CT-F-99-020528,2024-04-02,3.0,1,Omni Channel,True,True,True
VT-F-99-010721,2024-04-02,1.0,1,Omni Channel,True,True,True
CT-F-99-020527,2024-04-03,3.0,1,Omni Channel,True,True,True
VT-F-99-010616,2024-04-03,15.0,1,Omni Channel,False,False,False
CT-F-99-020726,2024-04-03,3.0,1,Omni Channel,True,True,True
VT-F-99-010202,2024-04-03,1.0,1,Omni Channel,True,True,True
CT-F-99-020530,2024-04-03,3.0,1,Omni Channel,True,True,True
VT-F-99-010202,2024-04-04,5.0,1,Omni Channel,True,True,True
VT-F-99-010302,2024-04-04,4.0,1,Omni Channel,True,True,True
CT-F-99-020501,2024-04-04,200.0,3,Omni Channel,True,True,True
CT-F-99-020503,2024-04-04,30.0,1,Omni Channel,True,True,True
CT-F-99-020505,2024-04-04,10.0,1,Omni Channel,True,True,True
RS-F-99-070004,2024-04-04,30.0,1,Omni Channel,True,True,True
RS-F-99-070005,2024-04-04,60.0,1,Omni Channel,True,True,True
VT-F-99-010203,2024-04-04,300.0,4,Omni Channel,True,True,True
CT-F-99-020528,2024-04-04,3.0,1,Omni Channel,True,True,True
VT-F-99-010721,2024-04-04,1.0,1,Omni Channel,True,True,True
CT-F-99-020506,2024-04-05,2.0,1,Omni Channel,True,True,True
VT-F-99-010209,2024-04-05,2.0,1,Omni Channel,True,True,True
VT-F-99-010715,2024-04-05,1.0,1,Omni Channel,True,True,True
CT-F-99-020505,2024-04-05,3.0,1,Omni Channel,True,True,True
CT-F-99-020528,2024-04-09,3.0,1,Omni Channel,True,True,True
VT-F-99-010721,2024-04-09,1.0,1,Omni Channel,True,True,True
CT-F-99-020506,2024-04-09,3.0,1,Omni Channel,True,True,True
VT-F-99-010721,2024-04-09,1.0,1,Omni Channel,True,True,True
CT-F-99-020504,2024-04-09,3.0,1,Omni Channel,True,True,True
VT-F-99-010721,2024-04-09,1.0,1,Omni Channel,True,True,True
CT-F-99-020525,2024-04-09,3.0,1,Omni Channel,True,True,True
VT-F-99-010721,2024-04-09,1.0,1,Omni Channel,True,True,True
CT-F-99-020504,2024-04-09,3.0,1,Omni Channel,True,True,True
CT-F-99-020528,2024-04-09,3.0,1,Omni Channel,True,True,True
VT-F-99-010721,2024-04-09,1.0,1,Omni Channel,True,True,True
CT-F-99-020530,2024-04-09,3.0,1,Omni Channel,True,True,True
VT-F-99-010721,2024-04-09,1.0,1,Omni Channel,True,True,True
CT-F-99-020508,2024-04-09,3.0,1,Omni Channel,True,True,True
CT-F-99-020504,2024-04-10,3.0,1,Omni Channel,True,True,True
VT-F-99-010721,2024-04-10,1.0,1,Omni Channel,True,True,True
CT-F-99-020526,2024-04-10,3.0,1,Omni Channel,True,True,True
CT-F-99-020707,2024-04-10,3.0,1,Omni Channel,True,True,True
CT-F-99-020505,2024-04-10,3.0,1,Omni Channel,True,True,True
VT-F-99-010721,2024-04-10,1.0,1,Omni Channel,True,True,True
CT-F-99-020506,2024-04-11,2.0,1,Omni Channel,True,True,True
VT-F-99-010209,2024-04-11,2.0,1,Omni Channel,True,True,True
VT-F-99-010722,2024-04-12,1.0,1,Omni Channel,True,True,True
CT-F-99-020529,2024-04-18,3.0,1,Omni Channel,True,True,True
VT-F-99-010721,2024-04-12,1.0,1,Omni Channel,True,True,True
CT-F-99-020532,2024-04-12,3.0,1,Omni Channel,True,True,True
VT-F-99-010721,2024-04-12,1.0,1,Omni Channel,True,True,True
CT-F-99-020507,2024-04-17,3.0,1,Omni Channel,True,True,True
VT-F-99-010721,2024-04-17,1.0,1,Omni Channel,True,True,True
CT-F-99-020714,2024-04-17,3.0,1,Omni Channel,True,True,True
VT-F-99-010819,2024-04-17,1.0,1,Omni Channel,True,True,True
CT-F-99-020714,2024-04-17,3.0,1,Omni Channel,True,True,True
VT-F-99-010819,2024-04-17,1.0,1,Omni Channel,True,True,True
CT-F-99-020506,2024-04-01,3.0,1,Omni Channel,True,True,True
VT-F-99-010721,2024-04-01,1.0,1,Omni Channel,True,True,True
CT-F-99-020508,2024-04-17,3.0,1,Omni Channel,True,True,True
CT-F-99-020503,2024-04-18,3.0,1,Omni Channel,True,True,True
VT-F-99-010721,2024-04-18,1.0,1,Omni Channel,True,True,True
CT-F-99-020507,2024-04-18,3.0,1,Omni Channel,True,True,True
VT-F-99-010721,2024-04-18,1.0,1,Omni Channel,True,True,True
CT-F-99-020504,2024-04-18,3.0,1,Omni Channel,True,True,True
VT-F-99-010721,2024-04-18,1.0,1,Omni Channel,True,True,True
CT-F-99-020507,2024-04-18,3.0,1,Omni Channel,True,True,True
VT-F-99-010721,2024-04-18,1.0,1,Omni Channel,True,True,True
CT-F-99-020705,2024-04-18,3.0,1,Omni Channel,True,True,True
VT-F-99-010819,2024-04-18,1.0,1,Omni Channel,True,True,True
CT-F-99-020707,2024-04-18,3.0,1,Omni Channel,True,True,True
VT-F-99-010819,2024-04-18,1.0,1,Omni Channel,True,True,True
CT-F-99-020706,2024-04-18,3.0,1,Omni Channel,True,True,True
VT-F-99-010819,2024-04-18,1.0,1,Omni Channel,True,True,True
CT-F-99-020504,2024-04-18,3.0,1,Omni Channel,True,True,True
VT-F-99-010721,2024-04-18,1.0,1,Omni Channel,True,True,True
CT-F-99-020705,2024-04-19,3.0,1,Omni Channel,True,True,True
VT-F-99-010819,2024-04-19,1.0,1,Omni Channel,True,True,True
CT-F-99-020510,2024-04-22,2.0,1,Omni Channel,True,True,True
VT-F-99-010203,2024-04-22,2.0,1,Omni Channel,True,True,True
CT-F-99-020503,2024-04-22,3.0,1,Omni Channel,True,True,True
VT-F-99-010721,2024-04-22,1.0,1,Omni Channel,True,True,True
RS-F-99-070005,2024-04-22,150.0,1,Omni Channel,True,True,True
VT-F-99-010616,2024-04-22,15.0,1,Omni Channel,True,True,True
CT-F-99-020505,2024-04-23,6.0,1,Omni Channel,True,True,True
CT-F-99-020510,2024-04-23,3.0,1,Omni Channel,True,True,True
VT-F-99-010721,2024-04-23,3.0,1,Omni Channel,True,True,True
CT-F-99-020501,2024-04-23,2.0,1,Omni Channel,True,True,True
VT-F-99-010203,2024-04-23,2.0,1,Omni Channel,True,True,True
CT-F-99-020530,2024-04-24,3.0,1,Omni Channel,True,True,True
CT-F-99-020528,2024-04-24,3.0,1,Omni Channel,True,True,True
CT-F-99-020530,2024-04-24,3.0,1,Omni Channel,True,True,True
VT-F-99-010721,2024-04-24,1.0,1,Omni Channel,True,True,True
CT-F-99-020505,2024-04-24,3.0,1,Omni Channel,True,True,True
VT-F-99-010721,2024-04-24,1.0,1,Omni Channel,True,True,True
CT-F-99-020507,2024-04-24,3.0,1,Omni Channel,True,True,True
VT-F-99-010721,2024-04-24,1.0,1,Omni Channel,True,True,True
CT-F-99-020506,2024-04-24,3.0,1,Omni Channel,True,True,True
VT-F-99-010721,2024-04-24,1.0,1,Omni Channel,True,True,True
CT-F-99-020503,2024-04-26,3.0,1,Omni Channel,True,True,True
VT-F-99-010715,2024-04-26,1.0,1,Omni Channel,True,True,True
CT-F-99-020531,2024-04-26,3.0,1,Omni Channel,True,True,True
VT-F-99-010721,2024-04-26,1.0,1,Omni Channel,True,True,True
CT-F-99-020524,2024-04-26,3.0,1,Omni Channel,True,True,True
VT-F-99-010721,2024-04-26,1.0,1,Omni Channel,True,True,True
CT-F-99-020503,2024-04-26,2.0,1,Omni Channel,True,True,True
VT-F-99-010203,2024-04-26,2.0,1,Omni Channel,True,True,True
VT-F-99-010722,2024-04-26,1.0,1,Omni Channel,True,True,True
CT-F-99-020506,2024-04-29,3.0,1,Omni Channel,True,True,True
CT-F-99-020504,2024-04-29,3.0,1,Omni Channel,True,True,True
VT-F-99-010721,2024-04-29,1.0,1,Omni Channel,True,True,True
VT-F-99-010203,2024-04-29,1.0,1,Omni Channel,True,True,True
CT-F-99-020506,2024-04-29,3.0,1,Omni Channel,True,True,True
VT-F-99-010721,2024-04-29,1.0,1,Omni Channel,True,True,True
VT-F-99-010203,2024-04-29,2.0,1,Omni Channel,True,True,True
CT-F-99-020504,2024-04-29,3.0,1,Omni Channel,True,True,True
VT-F-99-010715,2024-04-29,1.0,1,Omni Channel,True,True,True
CT-F-99-020506,2024-04-29,3.0,1,Omni Channel,True,True,True
CT-F-99-020508,2024-04-30,4.0,1,Omni Channel,True,True,True
CT-F-99-020504,2024-04-30,6.0,1,Omni Channel,True,True,True
VT-F-99-010721,2024-04-30,2.0,1,Omni Channel,True,True,True
CT-F-99-020504,2024-04-30,3.0,1,Omni Channel,True,True,True
VT-F-99-010721,2024-04-30,1.0,1,Omni Channel,True,True,True
CT-F-99-020708,2024-04-30,3.0,1,Omni Channel,True,True,True
VT-F-99-010819,2024-04-30,1.0,1,Omni Channel,True,True,True
CT-F-99-020706,2024-04-30,3.0,1,Omni Channel,True,True,True
VT-F-99-010819,2024-04-30,1.0,1,Omni Channel,True,True,True
CT-F-99-020705,2024-04-30,3.0,1,Omni Channel,True,True,True
VT-F-99-010819,2024-04-30,1.0,1,Omni Channel,True,True,True
CT-F-99-020705,2024-04-30,3.0,1,Omni Channel,True,True,True
VT-F-99-010819,2024-04-30,1.0,1,Omni Channel,True,True,True
CT-F-99-020530,2024-04-30,3.0,1,Omni Channel,True,True,True
VT-F-99-010721,2024-04-30,1.0,1,Omni Channel,True,True,True
VT-F-99-010615,2024-04-30,6.0,1,Omni Channel,True,True,True
VT-F-99-010715,2024-04-30,1.0,1,Omni Channel,True,True,True
CT-F-99-020502,2024-05-02,2.0,1,Omni Channel,True,True,True
VT-F-99-010203,2024-05-02,2.0,1,Omni Channel,True,True,True
RS-F-99-090002,2024-05-03,9.0,1,Omni Channel,True,True,True
RS-F-99-090003,2024-05-03,3.0,1,Omni Channel,True,True,True
CT-F-99-020506,2024-05-06,2.0,1,Omni Channel,True,True,True
CT-F-99-020507,2024-05-06,2.0,1,Omni Channel,True,True,True
VT-F-99-010203,2024-05-06,2.0,1,Omni Channel,True,True,True
CT-F-99-020507,2024-05-06,3.0,1,Omni Channel,True,True,True
VT-F-99-010721,2024-05-06,1.0,1,Omni Channel,True,True,True
CT-F-99-020511,2024-05-07,2.0,1,Omni Channel,True,True,True
VT-F-99-010820,2024-05-07,2.0,1,Omni Channel,True,True,True
CT-F-99-020531,2024-05-07,6.0,1,Omni Channel,True,True,True
VT-F-99-010721,2024-05-07,1.0,1,Omni Channel,True,True,True
CT-F-99-020506,2024-05-08,3.0,1,Omni Channel,True,True,True
VT-F-99-010722,2024-05-08,1.0,1,Omni Channel,True,True,True
CT-F-99-020529,2024-05-08,3.0,1,Omni Channel,True,True,True
VT-F-99-010721,2024-05-08,1.0,1,Omni Channel,True,True,True
CT-F-99-020508,2024-05-10,3.0,1,Omni Channel,True,True,True
CT-F-99-020506,2024-05-10,3.0,1,Omni Channel,True,True,True
CT-F-99-020535,2024-05-10,3.0,1,Omni Channel,True,True,True
VT-F-99-010721,2024-05-10,1.0,1,Omni Channel,True,True,True
CT-F-99-020502,2024-05-13,6.0,1,Omni Channel,True,True,True
VT-F-99-010203,2024-05-13,6.0,1,Omni Channel,True,True,True
CT-F-99-020506,2024-05-13,3.0,1,Omni Channel,True,True,True
VT-F-99-010721,2024-05-13,1.0,1,Omni Channel,True,True,True
CT-F-99-020527,2024-05-13,3.0,1,Omni Channel,True,True,True
CT-F-99-020505,2024-05-14,3.0,1,Omni Channel,True,True,True
CT-F-99-020504,2024-05-14,12.0,1,Omni Channel,True,True,True
VT-F-99-010721,2024-05-14,4.0,1,Omni Channel,True,True,True
VT-F-99-010722,2024-05-14,1.0,1,Omni Channel,True,True,True
CT-F-99-020529,2024-05-15,3.0,1,Omni Channel,True,True,True
VT-F-99-010721,2024-05-15,1.0,1,Omni Channel,True,True,True
CT-F-99-020508,2024-05-15,4.0,1,Omni Channel,True,True,True
CT-F-99-020506,2024-05-15,3.0,1,Omni Channel,True,True,True
CT-F-99-020508,2024-05-15,3.0,1,Omni Channel,True,True,True
VT-F-99-010203,2024-05-16,2.0,1,Omni Channel,True,True,True
CT-F-99-020524,2024-05-16,6.0,1,Omni Channel,True,True,True
VT-F-99-010721,2024-05-16,2.0,1,Omni Channel,True,True,True
CT-F-99-020504,2024-05-16,12.0,1,Omni Channel,True,True,True
VT-F-99-010721,2024-05-16,4.0,1,Omni Channel,True,True,True
VT-F-99-010202,2024-05-17,1.0,1,Omni Channel,False,False,False
RS-F-99-041001,2024-05-17,48.0,2,Omni Channel,True,True,True
RS-F-99-041002,2024-05-17,42.0,3,Omni Channel,True,True,True
RS-F-99-041004,2024-05-17,27.0,1,Omni Channel,True,True,True
RS-F-99-041005,2024-05-17,6.0,1,Omni Channel,True,True,True
RS-F-99-041006,2024-05-17,9.0,1,Omni Channel,True,True,True
RS-F-99-041008,2024-05-17,6.0,1,Omni Channel,True,True,True
RS-F-99-041010,2024-05-17,6.0,1,Omni Channel,True,True,True
RS-F-99-041015,2024-05-17,12.0,1,Omni Channel,True,True,True
RS-F-99-041034,2024-05-17,36.0,2,Omni Channel,True,True,True
RS-F-99-070004,2024-05-17,21.0,1,Omni Channel,True,True,True
RS-F-99-070005,2024-05-17,18.0,1,Omni Channel,True,True,True
RS-F-99-070019,2024-05-17,18.0,1,Omni Channel,True,True,True
RS-F-99-070024,2024-05-17,12.0,1,Omni Channel,True,True,True
VT-F-99-010202,2024-05-17,1.0,1,Omni Channel,True,True,True
CT-F-99-020506,2024-05-20,2.0,1,Omni Channel,True,True,True
CT-F-99-020510,2024-05-20,2.0,1,Omni Channel,True,True,True
VT-F-99-010203,2024-05-20,4.0,1,Omni Channel,True,True,True
CT-F-99-020505,2024-05-20,2.0,1,Omni Channel,True,True,True
VT-F-99-010203,2024-05-20,2.0,1,Omni Channel,True,True,True
CT-F-99-020502,2024-05-20,10.0,1,Omni Channel,False,False,False
CT-F-99-020514,2024-05-20,10.0,1,Omni Channel,False,False,False
CT-F-99-020507,2024-05-20,2.0,1,Omni Channel,True,True,True
VT-F-99-010203,2024-05-20,2.0,1,Omni Channel,True,True,True
VT-F-99-010203,2024-05-21,2.0,1,Omni Channel,True,True,True
VT-F-99-010203,2024-05-21,1.0,1,Omni Channel,True,True,True
CT-F-99-020503,2024-05-21,2.0,1,Omni Channel,False,False,False
VT-F-99-010203,2024-05-21,2.0,1,Omni Channel,True,True,True
CT-F-99-020503,2024-05-21,3.0,1,Omni Channel,True,True,True
VT-F-99-010721,2024-05-21,1.0,1,Omni Channel,True,True,True
CT-F-99-020506,2024-05-21,2.0,1,Omni Channel,True,True,True
CT-F-99-020527,2024-05-21,3.0,1,Omni Channel,True,True,True
VT-F-99-010203,2024-05-21,2.0,1,Omni Channel,True,True,True
CT-F-99-020506,2024-05-21,2.0,1,Omni Channel,True,True,True
VT-F-99-010209,2024-05-21,2.0,1,Omni Channel,True,True,True
CT-F-99-020502,2024-05-21,3.0,1,Omni Channel,True,True,True
VT-F-99-010721,2024-05-21,1.0,1,Omni Channel,True,True,True
VT-F-99-010203,2024-05-23,2.0,1,Omni Channel,True,True,True
CT-F-99-020512,2024-05-23,3.0,1,Omni Channel,True,True,True
VT-F-99-010721,2024-05-23,1.0,1,Omni Channel,True,True,True
CT-F-99-020504,2024-05-23,3.0,1,Omni Channel,True,True,True
VT-F-99-010721,2024-05-23,1.0,1,Omni Channel,True,True,True
CT-F-99-020504,2024-05-23,3.0,1,Omni Channel,True,True,True
VT-F-99-010715,2024-05-23,1.0,1,Omni Channel,True,True,True
CT-F-99-020506,2024-05-24,3.0,1,Omni Channel,True,True,True
VT-F-99-010721,2024-05-24,1.0,1,Omni Channel,True,True,True
CT-F-99-020525,2024-05-24,3.0,1,Omni Channel,True,True,True
VT-F-99-010721,2024-05-24,1.0,1,Omni Channel,True,True,True
CT-F-99-020506,2024-05-24,3.0,1,Omni Channel,True,True,True
VT-F-99-010721,2024-05-24,1.0,1,Omni Channel,True,True,True
CT-F-99-020508,2024-05-24,3.0,1,Omni Channel,True,True,True
VT-F-99-010721,2024-05-24,1.0,1,Omni Channel,True,True,True
CT-F-99-020502,2024-05-24,2.0,1,Omni Channel,True,True,True
VT-F-99-010203,2024-05-24,2.0,1,Omni Channel,True,True,True
RS-F-99-120002,2024-05-24,2.0,1,Omni Channel,True,True,True
CT-F-99-020510,2024-05-24,2.0,1,Omni Channel,True,True,True
VT-F-99-010203,2024-05-24,2.0,1,Omni Channel,True,True,True
RS-F-99-010122,2024-05-24,2.0,1,Omni Channel,True,True,True
RS-F-99-010123,2024-05-24,2.0,1,Omni Channel,True,True,True
RS-F-99-010127,2024-05-24,2.0,1,Omni Channel,True,True,True
RS-F-99-010128,2024-05-24,4.0,1,Omni Channel,True,True,True
CT-F-99-020504,2024-05-24,3.0,1,Omni Channel,True,True,True
VT-F-99-010721,2024-05-24,1.0,1,Omni Channel,True,True,True
CT-F-99-020527,2024-05-27,3.0,1,Omni Channel,True,True,True
VT-F-99-010722,2024-05-28,3.0,1,Tendering,False,False,False
VT-F-99-010722,2024-05-28,1.0,1,Tendering,False,False,False
CT-F-99-020527,2024-05-28,3.0,1,Omni Channel,True,True,True
VT-F-99-010721,2024-05-28,1.0,1,Omni Channel,True,True,True
CT-F-99-020501,2024-05-28,8.0,1,Omni Channel,True,True,True
CT-F-99-020502,2024-05-28,6.0,1,Omni Channel,True,True,True
VT-F-99-010203,2024-05-28,14.0,1,Omni Channel,True,True,True
CT-F-99-020503,2024-05-28,3.0,1,Omni Channel,True,True,True
CT-F-99-020503,2024-05-28,3.0,1,Omni Channel,True,True,True
CT-F-99-020506,2024-05-28,3.0,1,Omni Channel,True,True,True
VT-F-99-010721,2024-05-28,2.0,1,Omni Channel,True,True,True
VT-F-99-010722,2024-05-28,3.0,1,Omni Channel,True,True,True
VT-F-99-010722,2024-05-28,1.0,1,Omni Channel,True,True,True
CT-F-99-020507,2024-05-28,2.0,1,Omni Channel,True,True,True
VT-F-99-010203,2024-05-28,2.0,1,Omni Channel,True,True,True
RS-F-99-090028,2024-05-29,2020.0,1,Omni Channel,True,True,True
CT-F-99-020510,2024-05-30,3.0,1,Omni Channel,True,True,True
VT-F-99-010721,2024-05-30,1.0,1,Omni Channel,True,True,True
CT-F-99-020504,2024-05-30,3.0,1,Omni Channel,True,True,True
VT-F-99-010721,2024-05-30,1.0,1,Omni Channel,True,True,True
RS-F-99-090026,2024-05-30,772.0,1,Omni Channel,True,True,True
CT-F-99-020704,2024-05-31,3.0,1,Omni Channel,True,True,True
VT-F-99-010818,2024-05-31,1.0,1,Omni Channel,True,True,True
CT-F-99-020511,2024-06-04,2.0,1,Omni Channel,True,True,True
VT-F-99-010203,2024-06-04,2.0,1,Omni Channel,True,True,True
CT-F-99-020507,2024-06-04,3.0,1,Omni Channel,True,True,True
VT-F-99-010715,2024-06-04,1.0,1,Omni Channel,True,True,True
CT-F-99-020501,2024-06-04,2.0,1,Omni Channel,True,True,True
VT-F-99-010203,2024-06-04,2.0,1,Omni Channel,True,True,True
RS-F-99-090003,2024-06-05,3.0,1,Omni Channel,True,True,True
CT-F-99-020527,2024-06-06,3.0,1,Omni Channel,True,True,True
VT-F-99-010721,2024-06-06,1.0,1,Omni Channel,True,True,True
CT-F-99-020508,2024-06-06,3.0,1,Omni Channel,True,True,True
VT-F-99-010721,2024-06-06,1.0,1,Omni Channel,True,True,True
RS-F-99-070004,2024-06-06,6.0,1,Omni Channel,False,False,False
VT-F-99-010202,2024-06-06,10.0,2,Omni Channel,True,True,True
CT-F-99-020526,2024-06-07,3.0,1,Omni Channel,True,True,True
RS-F-99-070002,2024-06-10,150.0,1,Omni Channel,False,False,False
RS-F-99-070004,2024-06-10,75.0,1,Omni Channel,False,False,False
CT-F-99-020530,2024-06-11,3.0,1,Omni Channel,True,True,True
VT-F-99-010721,2024-06-11,2.0,1,Omni Channel,True,True,True
VT-F-99-010616,2024-06-11,9.0,1,Omni Channel,True,True,True
CT-F-99-020506,2024-06-11,3.0,1,Omni Channel,True,True,True
VT-F-99-010721,2024-06-11,1.0,1,Omni Channel,False,False,False
CT-F-99-020503,2024-06-11,3.0,1,Omni Channel,True,True,True
VT-F-99-010721,2024-06-11,1.0,1,Omni Channel,True,True,True
RS-F-99-090026,2024-06-11,4.0,1,Omni Channel,True,True,True
CT-F-99-020510,2024-06-11,3.0,1,Omni Channel,True,True,True
CT-F-99-020514,2024-06-12,30.0,1,Omni Channel,False,False,False
CT-F-99-020506,2024-06-12,2.0,1,Omni Channel,True,True,True
VT-F-99-010203,2024-06-12,2.0,1,Omni Channel,True,True,True
RS-F-99-090003,2024-06-12,9.0,1,Omni Channel,True,True,True
CT-F-99-020527,2024-06-12,3.0,1,Omni Channel,True,True,True
VT-F-99-010721,2024-06-12,1.0,1,Omni Channel,True,True,True
CT-F-99-020528,2024-06-12,3.0,1,Omni Channel,True,True,True
CT-F-99-020527,2024-06-12,3.0,1,Omni Channel,True,True,True
VT-F-99-010721,2024-06-12,1.0,1,Omni Channel,True,True,True
CT-F-99-020504,2024-06-12,3.0,1,Omni Channel,True,True,True
VT-F-99-010721,2024-06-12,1.0,1,Omni Channel,True,True,True
CT-F-99-020506,2024-06-12,3.0,1,Omni Channel,True,True,True
VT-F-99-010721,2024-06-12,1.0,1,Omni Channel,True,True,True
CT-F-99-020506,2024-06-13,3.0,1,Omni Channel,True,True,True
VT-F-99-010721,2024-06-13,1.0,1,Omni Channel,True,True,True
VT-F-99-010722,2024-06-21,39.0,1,Tendering,False,False,False
CT-F-99-020502,2024-06-13,2.0,1,Omni Channel,True,True,True
VT-F-99-010203,2024-06-13,2.0,1,Omni Channel,True,True,True
CT-F-99-020504,2024-06-13,3.0,1,Omni Channel,True,True,True
VT-F-99-010721,2024-06-13,1.0,1,Omni Channel,True,True,True
CT-F-99-020502,2024-06-14,2.0,1,Omni Channel,True,True,True
VT-F-99-010203,2024-06-14,2.0,1,Omni Channel,True,True,True
VT-F-99-010203,2024-06-14,1.0,1,Omni Channel,True,True,True
CT-F-99-020510,2024-06-14,3.0,1,Omni Channel,True,True,True
CT-F-99-020503,2024-06-14,2.0,1,Omni Channel,True,True,True
CT-F-99-020505,2024-06-14,4.0,1,Omni Channel,True,True,True
VT-F-99-010203,2024-06-14,6.0,1,Omni Channel,True,True,True
RS-F-99-070002,2024-06-14,150.0,1,Omni Channel,True,True,True
RS-F-99-070004,2024-06-14,75.0,1,Omni Channel,True,True,True
CT-F-99-020514,2024-06-14,30.0,1,Omni Channel,True,True,True
VT-F-99-010721,2024-06-17,1.0,1,Omni Channel,True,True,True
CT-F-99-020507,2024-06-17,2.0,1,Omni Channel,True,True,True
CT-F-99-020508,2024-06-17,3.0,1,Omni Channel,True,True,True
CT-F-99-020507,2024-06-17,2.0,1,Omni Channel,True,True,True
VT-F-99-010203,2024-06-17,2.0,1,Omni Channel,True,True,True
CT-F-99-020522,2024-06-17,3.0,1,Omni Channel,True,True,True
VT-F-99-010721,2024-06-17,1.0,1,Omni Channel,True,True,True
CT-F-99-020501,2024-06-18,4.0,1,Omni Channel,True,True,True
CT-F-99-020502,2024-06-18,4.0,1,Omni Channel,True,True,True
CT-F-99-020506,2024-06-18,4.0,1,Omni Channel,True,True,True
VT-F-99-010203,2024-06-18,6.0,1,Omni Channel,True,True,True
CT-F-99-020534,2024-06-18,3.0,1,Omni Channel,True,True,True
CT-F-99-020508,2024-06-19,3.0,1,Omni Channel,True,True,True
VT-F-99-010721,2024-06-19,1.0,1,Omni Channel,True,True,True
CT-F-99-020510,2024-06-19,2.0,1,Omni Channel,True,True,True
VT-F-99-010203,2024-06-19,2.0,1,Omni Channel,True,True,True
CT-F-99-020511,2024-06-19,2.0,1,Omni Channel,True,True,True
CT-F-99-020526,2024-06-19,3.0,1,Omni Channel,True,True,True
VT-F-99-010203,2024-06-19,2.0,1,Omni Channel,True,True,True
VT-F-99-010721,2024-06-19,1.0,1,Omni Channel,True,True,True
CT-F-99-020530,2024-06-14,3.0,1,Omni Channel,True,True,True
CT-F-99-020506,2024-06-20,3.0,1,Omni Channel,True,True,True
CT-F-99-020508,2024-06-20,3.0,1,Omni Channel,True,True,True
VT-F-99-010721,2024-06-20,1.0,1,Omni Channel,True,True,True
CT-F-99-020508,2024-06-20,3.0,1,Omni Channel,True,True,True
VT-F-99-010721,2024-06-20,1.0,1,Omni Channel,True,True,True
CT-F-99-020527,2024-06-20,3.0,1,Omni Channel,True,True,True
CT-F-99-020505,2024-06-20,3.0,1,Omni Channel,True,True,True
VT-F-99-010721,2024-06-20,1.0,1,Omni Channel,True,True,True
CT-F-99-020530,2024-06-20,3.0,1,Omni Channel,True,True,True
VT-F-99-010721,2024-06-20,1.0,1,Omni Channel,True,True,True
CT-F-99-020507,2024-06-20,3.0,1,Omni Channel,True,True,True
VT-F-99-010721,2024-06-20,1.0,1,Omni Channel,True,True,True
VT-F-99-010303,2024-06-20,1.0,1,Omni Channel,True,True,True
CT-F-99-020502,2024-06-20,2.0,1,Omni Channel,True,True,True
VT-F-99-010203,2024-06-20,2.0,1,Omni Channel,True,True,True
CT-F-99-020502,2024-06-21,2.0,1,Omni Channel,True,True,True
VT-F-99-010203,2024-06-21,2.0,1,Omni Channel,True,True,True
CT-F-99-020508,2024-06-21,3.0,1,Omni Channel,True,True,True
VT-F-99-010721,2024-06-21,1.0,1,Omni Channel,True,True,True
CT-F-99-020505,2024-06-21,3.0,1,Omni Channel,True,True,True
VT-F-99-010721,2024-06-21,1.0,1,Omni Channel,True,True,True
CT-F-99-020708,2024-06-21,3.0,1,Omni Channel,True,True,True
VT-F-99-010819,2024-06-21,1.0,1,Omni Channel,True,True,True
CT-F-99-020702,2024-06-21,3.0,1,Omni Channel,True,True,True
VT-F-99-010819,2024-06-21,1.0,1,Omni Channel,True,True,True
CT-F-99-020708,2024-06-21,2.0,1,Omni Channel,True,True,True
VT-F-99-010303,2024-06-21,2.0,1,Omni Channel,True,True,True
CT-F-99-020504,2024-06-21,3.0,1,Omni Channel,True,True,True
CT-F-99-020530,2024-06-21,3.0,1,Omni Channel,True,True,True
VT-F-99-010721,2024-06-21,1.0,1,Omni Channel,True,True,True
VT-F-99-010722,2024-06-21,8.0,1,Omni Channel,True,True,True
CT-F-99-020506,2024-06-24,3.0,1,Omni Channel,True,True,True
VT-F-99-010715,2024-06-24,1.0,1,Omni Channel,True,True,True
CT-F-99-020705,2024-06-24,3.0,1,Omni Channel,True,True,True
VT-F-99-010818,2024-06-24,1.0,1,Omni Channel,True,True,True
CT-F-99-020504,2024-06-24,2.0,1,Omni Channel,True,True,True
VT-F-99-010203,2024-06-24,2.0,1,Omni Channel,True,True,True
VT-F-99-010203,2024-06-24,2.0,1,Omni Channel,True,True,True
CT-F-99-020506,2024-06-25,2.0,1,Omni Channel,True,True,True
VT-F-99-010203,2024-06-25,2.0,1,Omni Channel,True,True,True
CT-F-99-020504,2024-06-25,3.0,1,Omni Channel,True,True,True
VT-F-99-010721,2024-06-25,1.0,1,Omni Channel,True,True,True
CT-F-99-020506,2024-06-25,3.0,1,Omni Channel,True,True,True
VT-F-99-010721,2024-06-25,1.0,1,Omni Channel,True,True,True
RS-F-99-041001,2024-06-25,60.0,2,Omni Channel,True,True,True
RS-F-99-041002,2024-06-25,30.0,2,Omni Channel,True,True,True
RS-F-99-041004,2024-06-25,18.0,2,Omni Channel,True,True,True
RS-F-99-041005,2024-06-25,18.0,2,Omni Channel,True,True,True
RS-F-99-041006,2024-06-25,6.0,1,Omni Channel,True,True,True
RS-F-99-041010,2024-06-25,18.0,2,Omni Channel,True,True,True
RS-F-99-041015,2024-06-25,6.0,1,Omni Channel,True,True,True
RS-F-99-041033,2024-06-25,60.0,3,Omni Channel,True,True,True
RS-F-99-070004,2024-06-25,60.0,1,Omni Channel,True,True,True
RS-F-99-070005,2024-06-25,42.0,1,Omni Channel,True,True,True
CT-F-99-020502,2024-06-25,10.0,1,Omni Channel,True,True,True
CT-F-99-020503,2024-06-25,10.0,1,Omni Channel,True,True,True
CT-F-99-020514,2024-06-25,10.0,1,Omni Channel,True,True,True
CT-F-99-020524,2024-06-26,3.0,1,Omni Channel,True,True,True
VT-F-99-010721,2024-06-26,1.0,1,Omni Channel,True,True,True
CT-F-99-020504,2024-06-26,2.0,1,Omni Channel,True,True,True
VT-F-99-010203,2024-06-26,2.0,1,Omni Channel,True,True,True
CT-F-99-020505,2024-06-26,3.0,1,Omni Channel,True,True,True
VT-F-99-010721,2024-06-26,1.0,1,Omni Channel,True,True,True
CT-F-99-020506,2024-06-26,3.0,1,Omni Channel,True,True,True
VT-F-99-010721,2024-06-26,1.0,1,Omni Channel,True,True,True
CT-F-99-020706,2024-06-26,3.0,1,Omni Channel,True,True,True
VT-F-99-010819,2024-06-26,1.0,1,Omni Channel,True,True,True
CT-F-99-020504,2024-06-27,3.0,1,Omni Channel,True,True,True
VT-F-99-010721,2024-06-27,1.0,1,Omni Channel,True,True,True
CT-F-99-020503,2024-06-27,2.0,1,Omni Channel,True,True,True
VT-F-99-010203,2024-06-27,2.0,1,Omni Channel,True,True,True
CT-F-99-020503,2024-06-27,3.0,1,Omni Channel,True,True,True
VT-F-99-010721,2024-06-27,1.0,1,Omni Channel,True,True,True
CT-F-99-020526,2024-06-28,3.0,1,Omni Channel,True,True,True
VT-F-99-010721,2024-06-28,1.0,1,Omni Channel,True,True,True
CT-F-99-020526,2024-06-28,6.0,1,Omni Channel,True,True,True
VT-F-99-010721,2024-06-28,2.0,1,Omni Channel,True,True,True
CT-F-99-020505,2024-06-28,2.0,1,Omni Channel,True,True,True
VT-F-99-010209,2024-06-28,2.0,1,Omni Channel,True,True,True
CT-F-99-020504,2024-06-28,3.0,1,Omni Channel,True,True,True
VT-F-99-010721,2024-06-28,1.0,1,Omni Channel,True,True,True
CT-F-99-020506,2024-06-28,3.0,1,Omni Channel,True,True,True
CT-F-99-020508,2024-07-01,3.0,1,Omni Channel,True,True,True
VT-F-99-010721,2024-07-01,1.0,1,Omni Channel,True,True,True
CT-F-99-020704,2024-07-01,3.0,1,Omni Channel,True,True,True
CT-F-99-020706,2024-07-01,3.0,1,Omni Channel,True,True,True
VT-F-99-010819,2024-07-01,2.0,1,Omni Channel,True,True,True
CT-F-99-020527,2024-07-02,3.0,1,Omni Channel,True,True,True
VT-F-99-010721,2024-07-02,1.0,1,Omni Channel,True,True,True
CT-F-99-020503,2024-07-03,3.0,1,Omni Channel,True,True,True
VT-F-99-010715,2024-07-03,1.0,1,Omni Channel,True,True,True
CT-F-99-020527,2024-07-03,3.0,1,Omni Channel,True,True,True
CT-F-99-020730,2024-07-03,3.0,1,Omni Channel,True,True,True
VT-F-99-010819,2024-07-03,1.0,1,Omni Channel,True,True,True
CT-F-99-020504,2024-07-03,3.0,1,Omni Channel,True,True,True
VT-F-99-010715,2024-07-03,1.0,1,Omni Channel,True,True,True
CT-F-99-020504,2024-07-03,2.0,1,Omni Channel,True,True,True
CT-F-99-020505,2024-07-04,3.0,1,Omni Channel,True,True,True
CT-F-99-020506,2024-07-04,3.0,1,Omni Channel,True,True,True
VT-F-99-010721,2024-07-04,2.0,1,Omni Channel,True,True,True
VT-F-99-010701,2024-07-04,1.0,1,Omni Channel,True,True,True
VT-F-99-010722,2024-07-05,39.0,1,Omni Channel,True,True,True
CT-F-99-020503,2024-07-08,3.0,1,Omni Channel,True,True,True
VT-F-99-010721,2024-07-08,1.0,1,Omni Channel,True,True,True
VT-F-99-010303,2024-07-08,1.0,1,Omni Channel,True,True,True
RS-F-99-090028,2024-07-09,3.0,1,Omni Channel,True,True,True
CT-F-99-020504,2024-07-10,3.0,1,Omni Channel,True,True,True
CT-F-99-020507,2024-07-10,3.0,1,Omni Channel,True,True,True
VT-F-99-010721,2024-07-10,2.0,1,Omni Channel,True,True,True
CT-F-99-020507,2024-07-10,3.0,1,Omni Channel,True,True,True
VT-F-99-010721,2024-07-10,1.0,1,Omni Channel,True,True,True
CT-F-99-020506,2024-07-10,3.0,1,Omni Channel,True,True,True
VT-F-99-010721,2024-07-10,1.0,1,Omni Channel,True,True,True
CT-F-99-020506,2024-07-10,3.0,1,Omni Channel,True,True,True
VT-F-99-010721,2024-07-10,1.0,1,Omni Channel,True,True,True
CT-F-99-020502,2024-07-10,2.0,1,Omni Channel,True,True,True
VT-F-99-010203,2024-07-10,2.0,1,Omni Channel,True,True,True
RS-F-99-040004,2024-07-10,14.0,2,Omni Channel,True,True,True
RS-F-99-040006,2024-07-10,8.0,1,Omni Channel,True,True,True
RS-F-99-120002,2024-07-10,58.0,2,Omni Channel,True,True,True
CT-F-99-020502,2024-07-10,2.0,1,Omni Channel,True,True,True
VT-F-99-010203,2024-07-10,2.0,1,Omni Channel,True,True,True
CT-F-99-020508,2024-07-11,3.0,1,Omni Channel,True,True,True
VT-F-99-010721,2024-07-11,1.0,1,Omni Channel,True,True,True
CT-F-99-020504,2024-07-11,3.0,1,Omni Channel,True,True,True
VT-F-99-010715,2024-07-11,1.0,1,Omni Channel,True,True,True
CT-F-99-020528,2024-07-11,3.0,1,Omni Channel,True,True,True
VT-F-99-010721,2024-07-11,1.0,1,Omni Channel,True,True,True
CT-F-99-020504,2024-07-12,2.0,1,Omni Channel,True,True,True
CT-F-99-020505,2024-07-12,2.0,1,Omni Channel,True,True,True
VT-F-99-010203,2024-07-12,2.0,1,Omni Channel,True,True,True
CT-F-99-020528,2024-07-12,3.0,1,Omni Channel,True,True,True
CT-F-99-020525,2024-07-12,3.0,1,Omni Channel,True,True,True
CT-F-99-020506,2024-07-12,3.0,1,Omni Channel,True,True,True
CT-F-99-020508,2024-07-12,3.0,1,Omni Channel,True,True,True
VT-F-99-010721,2024-07-12,2.0,1,Omni Channel,True,True,True
CT-F-99-020502,2024-07-12,3.0,1,Omni Channel,False,False,False
CT-F-99-020504,2024-07-15,3.0,1,Omni Channel,True,True,True
CT-F-99-020506,2024-07-15,3.0,1,Omni Channel,True,True,True
CT-F-99-020510,2024-07-15,3.0,1,Omni Channel,True,True,True
VT-F-99-010721,2024-07-15,3.0,1,Omni Channel,True,True,True
CT-F-99-020508,2024-07-15,3.0,1,Omni Channel,True,True,True
CT-F-99-020704,2024-07-15,3.0,1,Omni Channel,True,True,True
VT-F-99-010721,2024-07-15,1.0,1,Omni Channel,True,True,True
VT-F-99-010819,2024-07-15,1.0,1,Omni Channel,True,True,True
CT-F-99-020504,2024-07-15,3.0,1,Omni Channel,True,True,True
CT-F-99-020508,2024-07-15,3.0,1,Omni Channel,True,True,True
VT-F-99-010721,2024-07-15,2.0,1,Omni Channel,True,True,True
CT-F-99-020530,2024-07-16,3.0,1,Omni Channel,True,True,True
VT-F-99-010721,2024-07-16,1.0,1,Omni Channel,True,True,True
CT-F-99-020504,2024-07-16,3.0,1,Omni Channel,True,True,True
VT-F-99-010721,2024-07-16,1.0,1,Omni Channel,True,True,True
CT-F-99-020502,2024-07-17,3.0,1,Omni Channel,True,True,True
CT-F-99-020504,2024-07-17,3.0,1,Omni Channel,True,True,True
CT-F-99-020704,2024-07-17,3.0,1,Omni Channel,True,True,True
VT-F-99-010721,2024-07-17,1.0,1,Omni Channel,True,True,True
VT-F-99-010819,2024-07-17,1.0,1,Omni Channel,True,True,True
CT-F-99-020510,2024-07-18,3.0,1,Omni Channel,True,True,True
CT-F-99-020503,2024-07-18,3.0,1,Omni Channel,True,True,True
VT-F-99-010721,2024-07-18,1.0,1,Omni Channel,True,True,True
CT-F-99-020505,2024-07-18,3.0,1,Omni Channel,True,True,True
VT-F-99-010715,2024-07-18,1.0,1,Omni Channel,True,True,True
CT-F-99-020502,2024-07-19,2.0,1,Omni Channel,True,True,True
VT-F-99-010203,2024-07-19,2.0,1,Omni Channel,True,True,True
CT-F-99-020502,2024-07-19,2.0,1,Omni Channel,True,True,True
VT-F-99-010203,2024-07-19,2.0,1,Omni Channel,True,True,True
CT-F-99-020510,2024-07-19,3.0,1,Omni Channel,True,True,True
CT-F-99-020705,2024-07-23,1.0,1,Omni Channel,True,True,True
VT-F-99-010303,2024-07-23,1.0,1,Omni Channel,True,True,True
VT-F-99-010203,2024-07-23,2.0,1,Omni Channel,True,True,True
VT-F-99-010820,2024-07-23,3.0,1,Omni Channel,True,True,True
RS-F-99-070004,2024-07-24,9.0,1,Omni Channel,False,False,False
CT-F-99-020504,2024-07-24,3.0,1,Omni Channel,True,True,True
CT-F-99-020524,2024-07-19,3.0,1,Omni Channel,True,True,True
CT-F-99-020528,2024-07-25,3.0,1,Omni Channel,True,True,True
VT-F-99-010721,2024-07-25,1.0,1,Omni Channel,True,True,True
CT-F-99-020704,2024-07-25,6.0,1,Omni Channel,True,True,True
VT-F-99-010819,2024-07-25,2.0,1,Omni Channel,True,True,True
CT-F-99-020510,2024-07-25,3.0,1,Omni Channel,True,True,True
CT-F-99-020503,2024-07-26,2.0,1,Omni Channel,True,True,True
VT-F-99-010203,2024-07-26,2.0,1,Omni Channel,True,True,True
CT-F-99-020506,2024-07-19,3.0,1,Omni Channel,True,True,True
RS-F-99-070002,2024-07-26,72.0,1,Omni Channel,True,True,True
VT-F-99-010203,2024-07-26,1.0,1,Omni Channel,True,True,True
CT-F-99-020506,2024-07-30,3.0,1,Omni Channel,True,True,True
VT-F-99-010721,2024-07-30,1.0,1,Omni Channel,True,True,True
VT-F-99-010203,2024-07-30,2.0,1,Omni Channel,True,True,True
CT-F-99-020506,2024-07-30,3.0,1,Omni Channel,True,True,True
CT-F-99-020526,2024-07-31,3.0,1,Omni Channel,True,True,True
VT-F-99-010721,2024-07-31,1.0,1,Omni Channel,True,True,True
CT-F-99-020504,2024-07-31,3.0,1,Omni Channel,True,True,True
CT-F-99-020503,2024-07-31,3.0,1,Omni Channel,True,True,True
CT-F-99-020508,2024-07-31,2.0,1,Omni Channel,True,True,True
VT-F-99-010209,2024-07-31,2.0,1,Omni Channel,True,True,True
CT-F-99-020510,2024-07-31,3.0,1,Omni Channel,True,True,True
VT-F-99-010721,2024-07-31,1.0,1,Omni Channel,True,True,True
CT-F-99-020510,2024-07-31,3.0,1,Omni Channel,True,True,True
VT-F-99-010721,2024-07-31,1.0,1,Omni Channel,True,True,True
CT-F-99-020530,2024-08-02,3.0,1,Omni Channel,True,True,True
CT-F-99-020531,2024-08-02,3.0,1,Omni Channel,True,True,True
VT-F-99-010721,2024-08-02,1.0,1,Omni Channel,True,True,True
CT-F-99-020508,2024-08-02,2.0,1,Omni Channel,True,True,True
VT-F-99-010203,2024-08-02,2.0,1,Omni Channel,True,True,True
CT-F-99-020506,2024-08-02,3.0,1,Omni Channel,True,True,True
CT-F-99-020513,2024-08-02,3.0,1,Omni Channel,True,True,True
VT-F-99-010721,2024-08-02,1.0,1,Omni Channel,True,True,True
CT-F-99-020530,2024-08-05,3.0,1,Omni Channel,True,True,True
VT-F-99-010721,2024-08-05,1.0,1,Omni Channel,True,True,True
CT-F-99-020502,2024-08-05,2.0,1,Omni Channel,True,True,True
VT-F-99-010203,2024-08-05,2.0,1,Omni Channel,True,True,True
CT-F-99-020507,2024-08-05,3.0,1,Omni Channel,True,True,True
VT-F-99-010721,2024-08-05,1.0,1,Omni Channel,True,True,True
CT-F-99-020504,2024-08-06,2.0,1,Omni Channel,True,True,True
CT-F-99-020506,2024-08-06,3.0,1,Omni Channel,True,True,True
VT-F-99-010203,2024-08-06,2.0,1,Omni Channel,True,True,True
VT-F-99-010721,2024-08-06,1.0,1,Omni Channel,True,True,True
CT-F-99-020535,2024-08-06,3.0,1,Omni Channel,True,True,True
CT-F-99-020504,2024-08-05,3.0,1,Omni Channel,True,True,True
CT-F-99-020506,2024-08-05,3.0,1,Omni Channel,True,True,True
VT-F-99-010721,2024-08-05,2.0,2,Omni Channel,True,True,True
VT-F-99-010202,2024-08-06,5.0,1,Omni Channel,True,True,True
VT-F-99-010302,2024-08-06,5.0,1,Omni Channel,True,True,True
VT-F-99-010303,2024-08-07,1.0,1,Omni Channel,True,True,True
VT-F-99-010819,2024-08-07,1.0,1,Omni Channel,True,True,True
CT-F-99-020504,2024-08-08,3.0,1,Omni Channel,True,True,True
VT-F-99-010721,2024-08-08,1.0,1,Omni Channel,True,True,True
VT-F-99-010105,2024-08-08,2.0,1,Omni Channel,True,True,True
CT-F-99-020524,2024-08-09,3.0,1,Omni Channel,True,True,True
VT-F-99-010721,2024-08-09,1.0,1,Omni Channel,True,True,True
CT-F-99-020530,2024-08-09,3.0,1,Omni Channel,True,True,True
VT-F-99-010721,2024-08-09,1.0,1,Omni Channel,True,True,True
CT-F-99-020507,2024-08-09,9.0,1,Omni Channel,True,True,True
VT-F-99-010721,2024-08-09,3.0,1,Omni Channel,True,True,True
CT-F-99-020527,2024-08-13,3.0,1,Omni Channel,True,True,True
CT-F-99-020702,2024-08-14,2.0,1,Omni Channel,True,True,True
VT-F-99-010303,2024-08-14,2.0,1,Omni Channel,True,True,True
CT-F-99-020506,2024-08-14,2.0,1,Omni Channel,True,True,True
VT-F-99-010203,2024-08-14,2.0,1,Omni Channel,True,True,True
CT-F-99-020505,2024-08-14,3.0,1,Omni Channel,True,True,True
CT-F-99-020504,2024-08-14,12.0,1,Omni Channel,True,True,True
VT-F-99-010721,2024-08-14,4.0,1,Omni Channel,True,True,True
CT-F-99-020530,2024-08-14,3.0,1,Omni Channel,True,True,True
VT-F-99-010721,2024-08-14,1.0,1,Omni Channel,True,True,True
CT-F-99-020502,2024-08-14,10.0,1,Omni Channel,False,False,False
VT-F-99-010203,2024-08-14,200.0,4,Omni Channel,False,False,False
CT-F-99-020504,2024-08-14,9.0,1,Omni Channel,True,True,True
VT-F-99-010721,2024-08-14,3.0,1,Omni Channel,True,True,True
CT-F-99-020504,2024-08-14,9.0,1,Omni Channel,True,True,True
VT-F-99-010721,2024-08-14,3.0,1,Omni Channel,True,True,True
CT-F-99-020504,2024-08-14,9.0,1,Omni Channel,True,True,True
VT-F-99-010721,2024-08-14,3.0,1,Omni Channel,True,True,True
CT-F-99-020506,2024-08-14,6.0,1,Omni Channel,True,True,True
VT-F-99-010721,2024-08-14,2.0,1,Omni Channel,True,True,True
CT-F-99-020527,2024-08-15,3.0,1,Omni Channel,True,True,True
VT-F-99-010721,2024-08-15,1.0,1,Omni Channel,True,True,True
RS-F-99-070002,2024-08-15,3.0,1,Omni Channel,False,False,False
RS-F-99-070005,2024-08-15,3.0,1,Omni Channel,False,False,False
CT-F-99-020508,2024-08-15,3.0,1,Omni Channel,True,True,True
CT-F-99-020527,2024-08-15,3.0,1,Omni Channel,True,True,True
RS-F-99-090003,2024-08-26,3900.0,2,Tendering,False,False,False
CT-F-99-020510,2024-08-16,3.0,1,Omni Channel,True,True,True
VT-F-99-010721,2024-08-16,1.0,1,Omni Channel,True,True,True
CT-F-99-020504,2024-08-16,3.0,1,Omni Channel,True,True,True
VT-F-99-010721,2024-08-16,1.0,1,Omni Channel,True,True,True
RS-F-99-130011,2024-08-16,240.0,1,Tendering,True,True,True
CT-F-99-020508,2024-08-19,3.0,1,Omni Channel,True,True,True
CT-F-99-020507,2024-08-19,7.0,1,Omni Channel,True,True,True
CT-F-99-020504,2024-08-20,2.0,1,Omni Channel,True,True,True
VT-F-99-010203,2024-08-20,2.0,1,Omni Channel,True,True,True
CT-F-99-020504,2024-08-20,2.0,1,Omni Channel,True,True,True
CT-F-99-020528,2024-08-20,3.0,1,Omni Channel,True,True,True
VT-F-99-010203,2024-08-20,2.0,1,Omni Channel,True,True,True
VT-F-99-010721,2024-08-20,1.0,1,Omni Channel,True,True,True
CT-F-99-020528,2024-08-20,3.0,1,Omni Channel,True,True,True
VT-F-99-010721,2024-08-20,1.0,1,Omni Channel,True,True,True
VT-F-99-010701,2024-08-20,1.0,1,Omni Channel,True,True,True
VT-F-99-010203,2024-08-21,200.0,4,Omni Channel,True,True,True
CT-F-99-020502,2024-08-21,10.0,1,Omni Channel,True,True,True
CT-F-99-020508,2024-08-21,3.0,1,Omni Channel,True,True,True
VT-F-99-010721,2024-08-21,1.0,1,Omni Channel,True,True,True
CT-F-99-020506,2024-08-21,3.0,1,Omni Channel,True,True,True
VT-F-99-010721,2024-08-21,1.0,1,Omni Channel,True,True,True
CT-F-99-020527,2024-08-22,3.0,1,Omni Channel,True,True,True
VT-F-99-010721,2024-08-22,1.0,1,Omni Channel,True,True,True
CT-F-99-020530,2024-08-22,3.0,1,Omni Channel,True,True,True
VT-F-99-010721,2024-08-22,1.0,1,Omni Channel,True,True,True
RS-F-99-041001,2024-08-22,30.0,1,Omni Channel,True,True,True
RS-F-99-041004,2024-08-22,12.0,1,Omni Channel,True,True,True
RS-F-99-041005,2024-08-22,18.0,1,Omni Channel,True,True,True
RS-F-99-041006,2024-08-22,6.0,1,Omni Channel,True,True,True
RS-F-99-041007,2024-08-22,6.0,1,Omni Channel,True,True,True
RS-F-99-041008,2024-08-22,6.0,1,Omni Channel,True,True,True
RS-F-99-041010,2024-08-22,12.0,1,Omni Channel,True,True,True
RS-F-99-041015,2024-08-22,12.0,1,Omni Channel,True,True,True
RS-F-99-070004,2024-08-22,30.0,1,Omni Channel,True,True,True
RS-F-99-070006,2024-08-22,24.0,1,Omni Channel,True,True,True
RS-F-99-070019,2024-08-22,24.0,1,Omni Channel,True,True,True
RS-F-99-070021,2024-08-22,24.0,1,Omni Channel,True,True,True
CT-F-99-020503,2024-08-22,3.0,1,Omni Channel,True,True,True
VT-F-99-010721,2024-08-22,1.0,1,Omni Channel,True,True,True
CT-F-99-020505,2024-08-22,3.0,1,Omni Channel,True,True,True
CT-F-99-020507,2024-08-22,3.0,1,Omni Channel,True,True,True
VT-F-99-010721,2024-08-22,2.0,2,Omni Channel,True,True,True
CT-F-99-020504,2024-08-23,3.0,1,Omni Channel,True,True,True
CT-F-99-020505,2024-08-23,3.0,1,Omni Channel,True,True,True
VT-F-99-010721,2024-08-23,1.0,1,Omni Channel,True,True,True
CT-F-99-020504,2024-08-23,3.0,1,Omni Channel,True,True,True
VT-F-99-010721,2024-08-23,1.0,1,Omni Channel,True,True,True
CT-F-99-020505,2024-08-23,3.0,1,Omni Channel,True,True,True
VT-F-99-010721,2024-08-23,1.0,1,Omni Channel,True,True,True
CT-F-99-020506,2024-08-23,3.0,1,Omni Channel,True,True,True
VT-F-99-010721,2024-08-23,1.0,1,Omni Channel,True,True,True
VT-F-99-010203,2024-08-26,2.0,1,Omni Channel,True,True,True
CT-F-99-020502,2024-08-26,2.0,1,Omni Channel,True,True,True
VT-F-99-010203,2024-08-26,2.0,1,Omni Channel,True,True,True
CT-F-99-020528,2024-08-27,3.0,1,Omni Channel,True,True,True
CT-F-99-020503,2024-08-27,2.0,1,Omni Channel,True,True,True
VT-F-99-010203,2024-08-27,2.0,1,Omni Channel,True,True,True
CT-F-99-020527,2024-08-27,3.0,1,Omni Channel,True,True,True
VT-F-99-010721,2024-08-27,1.0,1,Omni Channel,True,True,True
CT-F-99-020504,2024-08-27,3.0,1,Omni Channel,True,True,True
CT-F-99-020507,2024-08-27,3.0,1,Omni Channel,True,True,True
VT-F-99-010721,2024-08-27,1.0,1,Omni Channel,True,True,True
RS-F-99-070004,2024-08-28,3.0,1,Omni Channel,True,True,True
RS-F-99-070004,2024-08-28,3.0,1,Omni Channel,True,True,True
CT-F-99-020502,2024-08-28,3.0,1,Omni Channel,True,True,True
VT-F-99-010715,2024-08-28,1.0,1,Omni Channel,True,True,True
CT-F-99-020702,2024-08-28,3.0,1,Omni Channel,True,True,True
VT-F-99-010819,2024-08-28,1.0,1,Omni Channel,True,True,True
RS-F-99-100001,2024-08-28,6.0,1,Omni Channel,True,True,True
CT-F-99-020506,2024-08-29,2.0,1,Omni Channel,True,True,True
VT-F-99-010203,2024-08-29,2.0,1,Omni Channel,True,True,True
CT-F-99-020506,2024-08-29,2.0,1,Omni Channel,True,True,True
CT-F-99-020507,2024-08-29,3.0,1,Omni Channel,True,True,True
VT-F-99-010203,2024-08-29,3.0,1,Omni Channel,True,True,True
VT-F-99-010203,2024-08-29,3.0,1,Omni Channel,True,True,True
VT-F-99-010722,2024-08-29,1.0,1,Omni Channel,True,True,True
VT-F-99-010203,2024-08-29,2.0,1,Omni Channel,True,True,True
RS-F-99-070005,2024-08-29,3.0,1,Omni Channel,False,False,False
CT-F-99-020530,2024-08-29,3.0,1,Omni Channel,True,True,True
VT-F-99-010721,2024-08-29,1.0,1,Omni Channel,True,True,True
CT-F-99-020525,2024-08-29,3.0,1,Omni Channel,True,True,True
VT-F-99-010721,2024-08-29,1.0,1,Omni Channel,True,True,True
CT-F-99-020528,2024-08-29,3.0,1,Omni Channel,True,True,True
CT-F-99-020507,2024-08-22,3.0,1,Omni Channel,True,True,True
VT-F-99-010721,2024-08-22,1.0,1,Omni Channel,True,True,True
CT-F-99-020502,2024-08-30,36.0,1,Omni Channel,True,True,True
CT-F-99-020504,2024-08-30,2.0,1,Omni Channel,True,True,True
RS-F-99-070002,2024-08-30,54.0,1,Omni Channel,True,True,True
RS-F-99-070004,2024-08-30,7.0,1,Omni Channel,True,True,True
RS-F-99-070005,2024-08-30,63.0,1,Omni Channel,True,True,True
CT-F-99-020501,2024-08-30,4.0,1,Omni Channel,True,True,True
CT-F-99-020502,2024-08-30,16.0,1,Omni Channel,True,True,True
CT-F-99-020503,2024-08-30,4.0,1,Omni Channel,True,True,True
RS-F-99-070002,2024-08-30,120.0,1,Omni Channel,True,True,True
RS-F-99-070004,2024-08-30,37.0,1,Omni Channel,True,True,True
RS-F-99-070005,2024-08-30,65.0,1,Omni Channel,True,True,True
CT-F-99-020525,2024-09-02,3.0,1,Omni Channel,True,True,True
CT-F-99-020527,2024-09-02,3.0,1,Omni Channel,True,True,True
VT-F-99-010721,2024-09-02,1.0,1,Omni Channel,True,True,True
CT-F-99-020708,2024-09-02,3.0,1,Omni Channel,True,True,True
VT-F-99-010819,2024-09-02,1.0,1,Omni Channel,True,True,True
CT-F-99-020504,2024-09-02,2.0,1,Omni Channel,True,True,True
CT-F-99-020527,2024-09-02,6.0,1,Omni Channel,True,True,True
VT-F-99-010721,2024-09-02,2.0,1,Omni Channel,True,True,True
CT-F-99-020505,2024-09-03,3.0,1,Omni Channel,True,True,True
VT-F-99-010721,2024-09-03,1.0,1,Omni Channel,True,True,True
CT-F-99-020525,2024-09-03,3.0,1,Omni Channel,True,True,True
VT-F-99-010721,2024-09-03,1.0,1,Omni Channel,True,True,True
CT-F-99-020506,2024-09-03,2.0,1,Omni Channel,True,True,True
VT-F-99-010203,2024-09-03,2.0,1,Omni Channel,True,True,True
CT-F-99-020505,2024-08-30,3.0,1,Omni Channel,True,True,True
VT-F-99-010721,2024-08-30,1.0,1,Omni Channel,True,True,True
VT-F-99-010721,2024-09-03,1.0,1,Omni Channel,True,True,True
CT-F-99-020502,2024-09-05,36.0,1,Tendering,False,False,False
CT-F-99-020504,2024-09-05,2.0,1,Tendering,False,False,False
RS-F-99-070002,2024-09-05,54.0,1,Tendering,False,False,False
RS-F-99-070004,2024-09-05,7.0,1,Tendering,False,False,False
RS-F-99-070005,2024-09-05,63.0,1,Tendering,False,False,False
CT-F-99-020501,2024-09-05,4.0,1,Tendering,False,False,False
CT-F-99-020502,2024-09-05,16.0,1,Tendering,False,False,False
CT-F-99-020503,2024-09-05,4.0,1,Tendering,False,False,False
RS-F-99-070002,2024-09-05,120.0,1,Tendering,False,False,False
RS-F-99-070004,2024-09-05,37.0,1,Tendering,False,False,False
RS-F-99-070005,2024-09-05,65.0,1,Tendering,False,False,False
CT-F-99-020501,2024-09-04,28.0,1,Omni Channel,True,True,True
CT-F-99-020502,2024-09-04,17.0,1,Omni Channel,True,True,True
CT-F-99-020503,2024-09-04,2.0,1,Omni Channel,True,True,True
VT-F-99-010203,2024-09-04,2.0,1,Omni Channel,True,True,True
CT-F-99-020506,2024-09-04,3.0,1,Omni Channel,True,True,True
VT-F-99-010715,2024-09-04,1.0,1,Omni Channel,True,True,True
CT-F-99-020502,2024-09-04,2.0,1,Omni Channel,True,True,True
CT-F-99-020503,2024-09-04,3.0,1,Omni Channel,True,True,True
CT-F-99-020504,2024-09-04,6.0,1,Omni Channel,True,True,True
CT-F-99-020505,2024-09-04,2.0,1,Omni Channel,True,True,True
RS-F-99-070002,2024-09-04,52.0,1,Omni Channel,True,True,True
RS-F-99-070005,2024-09-04,19.0,1,Omni Channel,True,True,True
CT-F-99-020528,2024-09-04,3.0,1,Omni Channel,True,True,True
CT-F-99-020502,2024-09-05,2.0,1,Omni Channel,True,True,True
VT-F-99-010203,2024-09-05,2.0,1,Omni Channel,True,True,True
CT-F-99-020504,2024-09-05,3.0,1,Omni Channel,True,True,True
VT-F-99-010715,2024-09-05,1.0,1,Omni Channel,True,True,True
RS-F-99-070004,2024-09-05,3.0,1,Omni Channel,False,False,False
CT-F-99-020527,2024-09-05,3.0,1,Omni Channel,True,True,True
VT-F-99-010721,2024-09-05,1.0,1,Omni Channel,True,True,True
CT-F-99-020505,2024-09-05,3.0,1,Omni Channel,True,True,True
VT-F-99-010721,2024-09-05,1.0,1,Omni Channel,True,True,True
CT-F-99-020504,2024-09-05,3.0,1,Omni Channel,True,True,True
VT-F-99-010203,2024-09-06,1.0,1,Omni Channel,True,True,True
CT-F-99-020510,2024-09-06,2.0,1,Omni Channel,True,True,True
RS-F-99-041005,2024-09-06,2.0,1,Omni Channel,True,True,True
RS-F-99-120006,2024-09-06,2.0,1,Omni Channel,True,True,True
CT-F-99-020717,2024-09-06,3.0,1,Omni Channel,True,True,True
VT-F-99-010819,2024-09-06,1.0,1,Omni Channel,True,True,True
RS-F-99-090026,2024-09-09,4.0,1,Omni Channel,True,True,True
CT-F-99-020501,2024-09-09,2.0,1,Omni Channel,True,True,True
VT-F-99-010203,2024-09-09,2.0,1,Omni Channel,True,True,True
CT-F-99-020507,2024-09-10,3.0,1,Omni Channel,True,True,True
VT-F-99-010721,2024-09-10,1.0,1,Omni Channel,True,True,True
CT-F-99-020504,2024-09-10,3.0,1,Omni Channel,True,True,True
VT-F-99-010721,2024-09-10,1.0,1,Omni Channel,True,True,True
CT-F-99-020506,2024-09-10,3.0,1,Omni Channel,True,True,True
VT-F-99-010721,2024-09-10,1.0,1,Omni Channel,True,True,True
CT-F-99-020503,2024-09-10,3.0,1,Omni Channel,True,True,True
VT-F-99-010721,2024-09-10,1.0,1,Omni Channel,True,True,True
CT-F-99-020501,2024-09-10,11.0,1,Omni Channel,True,True,True
CT-F-99-020502,2024-09-10,14.0,1,Omni Channel,True,True,True
CT-F-99-020503,2024-09-10,10.0,1,Omni Channel,True,True,True
CT-F-99-020505,2024-09-10,2.0,1,Omni Channel,True,True,True
RS-F-99-070004,2024-09-10,67.0,1,Omni Channel,True,True,True
RS-F-99-070005,2024-09-10,40.0,1,Omni Channel,True,True,True
CT-F-99-020507,2024-09-10,3.0,1,Omni Channel,True,True,True
RS-F-99-090028,2024-09-10,6.0,1,Omni Channel,True,True,True
CT-F-99-020506,2024-09-10,3.0,1,Omni Channel,True,True,True
VT-F-99-010721,2024-09-10,1.0,1,Omni Channel,True,True,True
CT-F-99-020501,2024-09-11,2.0,1,Omni Channel,True,True,True
CT-F-99-020502,2024-09-11,15.0,1,Omni Channel,True,True,True
CT-F-99-020503,2024-09-11,4.0,1,Omni Channel,True,True,True
RS-F-99-070002,2024-09-11,142.0,1,Omni Channel,True,True,True
RS-F-99-070004,2024-09-11,61.0,1,Omni Channel,True,True,True
RS-F-99-070005,2024-09-11,70.0,1,Omni Channel,True,True,True
RS-F-99-070003,2024-09-11,15.0,1,Omni Channel,True,True,True
CT-F-99-020507,2024-09-11,3.0,1,Omni Channel,True,True,True
CT-F-99-020530,2024-09-11,3.0,1,Omni Channel,True,True,True
VT-F-99-010721,2024-09-11,1.0,1,Omni Channel,True,True,True
CT-F-99-020508,2024-09-11,3.0,1,Omni Channel,True,True,True
VT-F-99-010721,2024-09-11,1.0,1,Omni Channel,True,True,True
VT-F-99-010721,2024-09-11,1.0,1,Omni Channel,True,True,True
CT-F-99-020527,2024-09-12,3.0,1,Omni Channel,True,True,True
CT-F-99-020528,2024-09-12,3.0,1,Omni Channel,True,True,True
VT-F-99-010721,2024-09-12,1.0,1,Omni Channel,True,True,True
CT-F-99-020527,2024-09-12,3.0,1,Omni Channel,True,True,True
VT-F-99-010721,2024-09-12,1.0,1,Omni Channel,True,True,True
CT-F-99-020502,2024-09-12,3.0,1,Omni Channel,True,True,True
CT-F-99-020503,2024-09-12,3.0,1,Omni Channel,True,True,True
CT-F-99-020506,2024-09-12,3.0,1,Omni Channel,True,True,True
VT-F-99-010721,2024-09-12,3.0,3,Omni Channel,True,True,True
CT-F-99-020501,2024-09-13,12.0,1,Omni Channel,True,True,True
CT-F-99-020502,2024-09-13,10.0,1,Omni Channel,True,True,True
CT-F-99-020503,2024-09-13,1.0,1,Omni Channel,True,True,True
RS-F-99-070002,2024-09-13,112.0,1,Omni Channel,True,True,True
RS-F-99-070004,2024-09-13,52.0,1,Omni Channel,True,True,True
RS-F-99-070005,2024-09-13,33.0,1,Omni Channel,True,True,True
CT-F-99-020501,2024-09-13,17.0,1,Omni Channel,True,True,True
CT-F-99-020503,2024-09-13,13.0,1,Omni Channel,True,True,True
CT-F-99-020504,2024-09-13,8.0,1,Omni Channel,True,True,True
CT-F-99-020505,2024-09-13,4.0,1,Omni Channel,True,True,True
RS-F-99-070005,2024-09-13,30.0,1,Omni Channel,True,True,True
RS-F-99-090003,2024-09-13,3900.0,2,Tendering,True,True,True
CT-F-99-020505,2024-09-16,3.0,1,Omni Channel,True,True,True
VT-F-99-010721,2024-09-16,1.0,1,Omni Channel,True,True,True
CT-F-99-020501,2024-09-16,4.0,1,Omni Channel,True,True,True
CT-F-99-020502,2024-09-16,4.0,1,Omni Channel,True,True,True
CT-F-99-020508,2024-09-16,2.0,1,Omni Channel,True,True,True
RS-F-99-070002,2024-09-16,49.0,1,Omni Channel,True,True,True
RS-F-99-070004,2024-09-16,25.0,1,Omni Channel,True,True,True
RS-F-99-070005,2024-09-16,6.0,1,Omni Channel,True,True,True
CT-F-99-020506,2024-09-17,3.0,1,Omni Channel,True,True,True
VT-F-99-010715,2024-09-17,1.0,1,Omni Channel,True,True,True
CT-F-99-020505,2024-09-17,2.0,1,Omni Channel,True,True,True
VT-F-99-010203,2024-09-17,2.0,1,Omni Channel,True,True,True
CT-F-99-020510,2024-09-17,3.0,1,Omni Channel,True,True,True
CT-F-99-020503,2024-09-17,2.0,1,Omni Channel,True,True,True
CT-F-99-020504,2024-09-17,3.0,1,Omni Channel,True,True,True
CT-F-99-020507,2024-09-17,3.0,1,Omni Channel,True,True,True
VT-F-99-010203,2024-09-17,2.0,1,Omni Channel,True,True,True
VT-F-99-010721,2024-09-17,1.0,1,Omni Channel,True,True,True
CT-F-99-020528,2024-09-17,3.0,1,Omni Channel,True,True,True
VT-F-99-010721,2024-09-17,1.0,1,Omni Channel,True,True,True
CT-F-99-020504,2024-09-17,3.0,1,Omni Channel,True,True,True
CT-F-99-020507,2024-09-17,3.0,1,Omni Channel,True,True,True
CT-F-99-020508,2024-09-17,3.0,1,Omni Channel,True,True,True
VT-F-99-010721,2024-09-17,2.0,2,Omni Channel,True,True,True
CT-F-99-020506,2024-09-17,3.0,1,Omni Channel,True,True,True
CT-F-99-020507,2024-09-17,3.0,1,Omni Channel,True,True,True
VT-F-99-010721,2024-09-17,3.0,3,Omni Channel,True,True,True
CT-F-99-020503,2024-09-17,3.0,1,Omni Channel,True,True,True
VT-F-99-010721,2024-09-17,1.0,1,Omni Channel,True,True,True
RS-F-99-070002,2024-09-17,433.0,1,Omni Channel,True,True,True
RS-F-99-070004,2024-09-17,163.0,1,Omni Channel,True,True,True
RS-F-99-070005,2024-09-17,3.0,1,Omni Channel,True,True,True
CT-F-99-020502,2024-09-18,15.0,1,Omni Channel,True,True,True
CT-F-99-020503,2024-09-18,1.0,1,Omni Channel,True,True,True
RS-F-99-070002,2024-09-18,89.0,1,Omni Channel,True,True,True
RS-F-99-070004,2024-09-18,33.0,1,Omni Channel,True,True,True
RS-F-99-070005,2024-09-18,41.0,1,Omni Channel,True,True,True
CT-F-99-020508,2024-09-18,3.0,1,Omni Channel,True,True,True
CT-F-99-020508,2024-09-18,3.0,1,Omni Channel,True,True,True
CT-F-99-020508,2024-09-18,3.0,1,Omni Channel,True,True,True
CT-F-99-020528,2024-09-19,3.0,1,Omni Channel,True,True,True
VT-F-99-010721,2024-09-19,1.0,1,Omni Channel,True,True,True
CT-F-99-020506,2024-09-19,3.0,1,Omni Channel,True,True,True
VT-F-99-010715,2024-09-19,1.0,1,Omni Channel,True,True,True
CT-F-99-020502,2024-09-19,4.0,1,Omni Channel,True,True,True
CT-F-99-020510,2024-09-19,3.0,1,Omni Channel,True,True,True
VT-F-99-010203,2024-09-19,10.0,1,Omni Channel,True,True,True
CT-F-99-020506,2024-07-12,3.0,1,Omni Channel,True,True,True
CT-F-99-020508,2024-07-12,3.0,1,Omni Channel,True,True,True
VT-F-99-010701,2024-07-12,1.0,1,Omni Channel,True,True,True
VT-F-99-010721,2024-07-12,1.0,1,Omni Channel,True,True,True
CT-F-99-020503,2024-09-19,2.0,1,Omni Channel,True,True,True
VT-F-99-010203,2024-09-19,2.0,1,Omni Channel,True,True,True
CT-F-99-020501,2024-09-19,3.0,1,Omni Channel,True,True,True
VT-F-99-010721,2024-09-19,1.0,1,Omni Channel,True,True,True
CT-F-99-020714,2024-09-19,3.0,1,Omni Channel,True,True,True
VT-F-99-010819,2024-09-19,1.0,1,Omni Channel,True,True,True
CT-F-99-020504,2024-09-19,3.0,1,Omni Channel,True,True,True
VT-F-99-010721,2024-09-19,1.0,1,Omni Channel,True,True,True
CT-F-99-020528,2024-09-19,3.0,1,Omni Channel,True,True,True
VT-F-99-010721,2024-09-19,1.0,1,Omni Channel,True,True,True
CT-F-99-020507,2024-09-20,3.0,1,Omni Channel,True,True,True
VT-F-99-010721,2024-09-20,1.0,1,Omni Channel,True,True,True
CT-F-99-020501,2024-09-20,1.0,1,Omni Channel,True,True,True
CT-F-99-020503,2024-09-20,1.0,1,Omni Channel,True,True,True
VT-F-99-010203,2024-09-20,3.0,3,Omni Channel,True,True,True
RS-F-99-070002,2024-09-20,569.0,1,Omni Channel,True,True,True
RS-F-99-070004,2024-09-20,125.0,1,Omni Channel,True,True,True
RS-F-99-070005,2024-09-20,82.0,1,Omni Channel,True,True,True
VT-F-99-010721,2024-09-20,1.0,1,Omni Channel,True,True,True
CT-F-99-020526,2024-09-20,3.0,1,Omni Channel,True,True,True
CT-F-99-020535,2024-09-20,3.0,1,Omni Channel,True,True,True
VT-F-99-010721,2024-09-20,1.0,1,Omni Channel,True,True,True
CT-F-99-020530,2024-09-20,3.0,1,Omni Channel,True,True,True
VT-F-99-010721,2024-09-20,2.0,2,Omni Channel,True,True,True
CT-F-99-020706,2024-09-20,6.0,1,Omni Channel,True,True,True
CT-F-99-020528,2024-09-12,3.0,1,Omni Channel,True,True,True
VT-F-99-010721,2024-09-12,1.0,1,Omni Channel,True,True,True
CT-F-99-020504,2024-09-23,3.0,1,Omni Channel,True,True,True
VT-F-99-010721,2024-09-23,1.0,1,Omni Channel,True,True,True
CT-F-99-020702,2024-09-19,2.0,1,Omni Channel,True,True,True
VT-F-99-010303,2024-09-19,2.0,1,Omni Channel,True,True,True
CT-F-99-020506,2024-09-23,3.0,1,Omni Channel,True,True,True
CT-F-99-020717,2024-09-23,3.0,1,Omni Channel,True,True,True
VT-F-99-010721,2024-09-23,1.0,1,Omni Channel,True,True,True
VT-F-99-010819,2024-09-23,1.0,1,Omni Channel,True,True,True
RS-F-99-090028,2024-09-24,3.0,1,Omni Channel,True,True,True
CT-F-99-020505,2024-09-24,3.0,1,Omni Channel,True,True,True
CT-F-99-020504,2024-09-24,3.0,1,Omni Channel,True,True,True
CT-F-99-020504,2024-09-24,3.0,1,Omni Channel,True,True,True
VT-F-99-010721,2024-09-24,1.0,1,Omni Channel,True,True,True
CT-F-99-020527,2024-09-25,3.0,1,Omni Channel,True,True,True
CT-F-99-020526,2024-09-25,3.0,1,Omni Channel,True,True,True
VT-F-99-010721,2024-09-25,1.0,1,Omni Channel,True,True,True
CT-F-99-020527,2024-09-25,3.0,1,Omni Channel,True,True,True
CT-F-99-020706,2024-09-25,3.0,1,Omni Channel,True,True,True
VT-F-99-010721,2024-09-25,1.0,1,Omni Channel,True,True,True
VT-F-99-010819,2024-09-25,1.0,1,Omni Channel,True,True,True
CT-F-99-020506,2024-09-25,9.0,1,Omni Channel,True,True,True
VT-F-99-010721,2024-09-25,3.0,1,Omni Channel,True,True,True
CT-F-99-020506,2024-09-25,9.0,1,Omni Channel,True,True,True
VT-F-99-010721,2024-09-25,3.0,1,Omni Channel,True,True,True
CT-F-99-020506,2024-09-25,9.0,1,Omni Channel,True,True,True
VT-F-99-010721,2024-09-25,3.0,1,Omni Channel,True,True,True
CT-F-99-020506,2024-09-25,6.0,1,Omni Channel,True,True,True
VT-F-99-010721,2024-09-25,2.0,1,Omni Channel,True,True,True
CT-F-99-020504,2024-09-25,3.0,1,Omni Channel,True,True,True
VT-F-99-010721,2024-09-25,1.0,1,Omni Channel,True,True,True
CT-F-99-020530,2024-09-26,6.0,1,Omni Channel,True,True,True
VT-F-99-010721,2024-09-26,2.0,1,Omni Channel,True,True,True
CT-F-99-020503,2024-09-26,3.0,1,Omni Channel,True,True,True
VT-F-99-010721,2024-09-26,1.0,1,Omni Channel,True,True,True
CT-F-99-020511,2024-09-26,2.0,1,Omni Channel,True,True,True
CT-F-99-020506,2024-09-26,3.0,1,Omni Channel,True,True,True
CT-F-99-020530,2024-09-26,3.0,1,Omni Channel,True,True,True
VT-F-99-010721,2024-09-26,2.0,2,Omni Channel,True,True,True
CT-F-99-020703,2024-09-27,3.0,1,Omni Channel,True,True,True
CT-F-99-020704,2024-09-27,3.0,1,Omni Channel,True,True,True
VT-F-99-010819,2024-09-27,2.0,2,Omni Channel,True,True,True
CT-F-99-020726,2024-09-27,3.0,1,Omni Channel,True,True,True
VT-F-99-010819,2024-09-27,1.0,1,Omni Channel,True,True,True
CT-F-99-020506,2024-09-27,3.0,1,Omni Channel,True,True,True
CT-F-99-020508,2024-09-27,3.0,1,Omni Channel,True,True,True
VT-F-99-010820,2024-10-09,31.0,1,Tendering,False,False,False
CT-F-99-020504,2024-10-15,684.0,2,Tendering,False,False,False
CT-F-99-020506,2024-10-15,174.0,1,Tendering,False,False,False
CT-F-99-020507,2024-10-15,198.0,1,Tendering,False,False,False
CT-F-99-020703,2024-10-15,96.0,1,Tendering,False,False,False
CT-F-99-020705,2024-10-15,38.0,1,Tendering,False,False,False
CT-F-99-020706,2024-10-15,30.0,1,Tendering,False,False,False
CT-F-99-020707,2024-10-15,16.0,1,Tendering,False,False,False
CT-F-99-020708,2024-10-15,46.0,1,Tendering,False,False,False
CT-F-99-020709,2024-10-15,12.0,1,Tendering,False,False,False
CT-F-99-020710,2024-10-15,16.0,1,Tendering,False,False,False
VT-F-99-010303,2024-10-15,972.0,2,Tendering,False,False,False
CT-F-99-020528,2024-09-30,3.0,1,Omni Channel,True,True,True
VT-F-99-010721,2024-09-30,1.0,1,Omni Channel,True,True,True
CT-F-99-020510,2024-09-30,3.0,1,Omni Channel,True,True,True
VT-F-99-010721,2024-09-30,1.0,1,Omni Channel,True,True,True
CT-F-99-020706,2024-09-30,9.0,1,Omni Channel,True,True,True
VT-F-99-010819,2024-09-30,3.0,1,Omni Channel,True,True,True
CT-F-99-020506,2024-09-30,9.0,1,Omni Channel,True,True,True
VT-F-99-010721,2024-09-30,3.0,1,Omni Channel,True,True,True
VT-F-99-010302,2024-09-30,1.0,1,Omni Channel,True,True,True
RS-F-99-070005,2024-09-30,3.0,1,Omni Channel,False,False,False
CT-F-99-020507,2024-09-30,3.0,1,Omni Channel,True,True,True
CT-F-99-020511,2024-09-30,3.0,1,Omni Channel,True,True,True
CT-F-99-020531,2024-10-01,3.0,1,Omni Channel,True,True,True
VT-F-99-010721,2024-10-01,1.0,1,Omni Channel,True,True,True
CT-F-99-020510,2024-10-01,3.0,1,Omni Channel,True,True,True
VT-F-99-010721,2024-10-01,1.0,1,Omni Channel,True,True,True
CT-F-99-020505,2024-10-01,3.0,1,Omni Channel,True,True,True
VT-F-99-010721,2024-10-01,1.0,1,Omni Channel,True,True,True
CT-F-99-020506,2024-10-02,3.0,1,Omni Channel,True,True,True
VT-F-99-010721,2024-10-02,1.0,1,Omni Channel,True,True,True
CT-F-99-020505,2024-10-02,3.0,1,Omni Channel,True,True,True
VT-F-99-010715,2024-10-02,1.0,1,Omni Channel,True,True,True
CT-F-99-020504,2024-10-02,2.0,1,Omni Channel,True,True,True
VT-F-99-010203,2024-10-02,2.0,1,Omni Channel,True,True,True
VT-F-99-010701,2024-10-02,1.0,1,Omni Channel,True,True,True
VT-F-99-010203,2024-10-02,2.0,1,Omni Channel,True,True,True
VT-F-99-010701,2024-10-02,1.0,1,Omni Channel,True,True,True
VT-F-99-010722,2024-10-02,3.0,1,Omni Channel,True,True,True
RS-F-99-070002,2024-10-03,3.0,1,Omni Channel,False,False,False
RS-F-99-070004,2024-10-03,12.0,1,Omni Channel,False,False,False
CT-F-99-020504,2024-10-03,3.0,1,Omni Channel,True,True,True
VT-F-99-010715,2024-10-03,1.0,1,Omni Channel,True,True,True
CT-F-99-020503,2024-10-04,3.0,1,Omni Channel,True,True,True
CT-F-99-020504,2024-10-04,2.0,1,Omni Channel,True,True,True
VT-F-99-010203,2024-10-04,2.0,1,Omni Channel,True,True,True
VT-F-99-010722,2024-10-04,1.0,1,Omni Channel,True,True,True
CT-F-99-020503,2024-10-04,2.0,1,Omni Channel,True,True,True
VT-F-99-010203,2024-10-04,2.0,1,Omni Channel,True,True,True
CT-F-99-020503,2024-10-07,3.0,1,Omni Channel,True,True,True
CT-F-99-020507,2024-10-07,3.0,1,Omni Channel,True,True,True
VT-F-99-010303,2024-10-07,2.0,1,Omni Channel,True,True,True
VT-F-99-010721,2024-10-07,2.0,2,Omni Channel,True,True,True
CT-F-99-020504,2024-10-07,2.0,1,Omni Channel,True,True,True
VT-F-99-010203,2024-10-07,2.0,1,Omni Channel,True,True,True
CT-F-99-020507,2024-10-07,2.0,1,Omni Channel,True,True,True
VT-F-99-010203,2024-10-07,2.0,1,Omni Channel,True,True,True
CT-F-99-020529,2024-10-08,3.0,1,Omni Channel,True,True,True
VT-F-99-010721,2024-10-08,1.0,1,Omni Channel,True,True,True
VT-F-99-010203,2024-10-08,2.0,1,Omni Channel,True,True,True
CT-F-99-020508,2024-10-08,3.0,1,Omni Channel,True,True,True
CT-F-99-020530,2024-10-08,3.0,1,Omni Channel,True,True,True
VT-F-99-010721,2024-10-08,1.0,1,Omni Channel,True,True,True
CT-F-99-020503,2024-10-09,1.0,1,Omni Channel,True,True,True
VT-F-99-010203,2024-10-09,1.0,1,Omni Channel,True,True,True
CT-F-99-020504,2024-10-09,3.0,1,Omni Channel,True,True,True
VT-F-99-010721,2024-10-09,1.0,1,Omni Channel,True,True,True
CT-F-99-020510,2024-10-09,3.0,1,Omni Channel,True,True,True
CT-F-99-020506,2024-10-09,3.0,1,Omni Channel,True,True,True
VT-F-99-010721,2024-10-09,1.0,1,Omni Channel,True,True,True
CT-F-99-020501,2024-10-09,1.0,1,Omni Channel,True,True,True
CT-F-99-020506,2024-10-09,3.0,1,Omni Channel,True,True,True
VT-F-99-010203,2024-10-09,1.0,1,Omni Channel,True,True,True
VT-F-99-010721,2024-10-10,1.0,1,Omni Channel,True,True,True
VT-F-99-010615,2024-10-10,6.0,1,Tendering,True,True,True
CT-F-99-020528,2024-10-11,3.0,1,Omni Channel,True,True,True
VT-F-99-010721,2024-10-11,1.0,1,Omni Channel,True,True,True
CT-F-99-020506,2024-10-11,3.0,1,Omni Channel,True,True,True
CT-F-99-020507,2024-10-11,3.0,1,Omni Channel,True,True,True
VT-F-99-010715,2024-10-11,2.0,1,Omni Channel,True,True,True
CT-F-99-020506,2024-10-11,3.0,1,Omni Channel,True,True,True
VT-F-99-010715,2024-10-11,1.0,1,Omni Channel,True,True,True
RS-F-99-100001,2024-10-11,3.0,1,Omni Channel,True,True,True
CT-F-99-020704,2024-10-11,3.0,1,Omni Channel,True,True,True
VT-F-99-010721,2024-10-11,2.0,2,Omni Channel,True,True,True
VT-F-99-010819,2024-10-11,1.0,1,Omni Channel,True,True,True
RS-F-99-070004,2024-10-11,3.0,1,Omni Channel,False,False,False
CT-F-99-020503,2024-10-11,3.0,1,Omni Channel,True,True,True
VT-F-99-010721,2024-10-11,1.0,1,Omni Channel,True,True,True
VT-F-99-010203,2024-10-15,2.0,1,Omni Channel,True,True,True
CT-F-99-020527,2024-10-15,3.0,1,Omni Channel,True,True,True
VT-F-99-010721,2024-10-15,1.0,1,Omni Channel,True,True,True
CT-F-99-020501,2024-10-15,2.0,1,Omni Channel,True,True,True
VT-F-99-010203,2024-10-15,2.0,1,Omni Channel,True,True,True
CT-F-99-020504,2024-10-15,4.0,1,Omni Channel,False,False,False
CT-F-99-020506,2024-10-15,4.0,1,Omni Channel,False,False,False
CT-F-99-020508,2024-10-15,4.0,1,Omni Channel,False,False,False
RS-F-99-070006,2024-10-15,150.0,1,Omni Channel,False,False,False
CT-F-99-020504,2024-10-15,2.0,1,Omni Channel,True,True,True
VT-F-99-010203,2024-10-15,2.0,1,Omni Channel,True,True,True
VT-F-99-010203,2024-10-15,2.0,1,Omni Channel,True,True,True
CT-F-99-020505,2024-10-15,3.0,1,Omni Channel,True,True,True
CT-F-99-020508,2024-10-15,3.0,1,Omni Channel,True,True,True
CT-F-99-020505,2024-10-16,3.0,1,Omni Channel,True,True,True
VT-F-99-010721,2024-10-16,1.0,1,Omni Channel,True,True,True
CT-F-99-020525,2024-10-16,3.0,1,Omni Channel,True,True,True
CT-F-99-020527,2024-10-16,3.0,1,Omni Channel,True,True,True
VT-F-99-010721,2024-10-16,2.0,2,Omni Channel,True,True,True
CT-F-99-020524,2024-10-16,3.0,1,Omni Channel,True,True,True
CT-F-99-020528,2024-10-16,3.0,1,Omni Channel,True,True,True
VT-F-99-010721,2024-10-16,1.0,1,Omni Channel,True,True,True
CT-F-99-020506,2024-10-16,3.0,1,Omni Channel,True,True,True
VT-F-99-010721,2024-10-16,1.0,1,Omni Channel,True,True,True
CT-F-99-020704,2024-10-16,6.0,1,Omni Channel,True,True,True
CT-F-99-020706,2024-10-16,9.0,1,Omni Channel,True,True,True
CT-F-99-020509,2024-10-17,3.0,1,Omni Channel,True,True,True
CT-F-99-020504,2024-10-17,3.0,1,Omni Channel,True,True,True
VT-F-99-010715,2024-10-17,1.0,1,Omni Channel,True,True,True
CT-F-99-020702,2024-10-17,13.0,1,Omni Channel,True,True,True
CT-F-99-020705,2024-10-17,4.0,1,Omni Channel,True,True,True
CT-F-99-020504,2024-10-18,4.0,1,Omni Channel,True,True,True
CT-F-99-020506,2024-10-18,4.0,1,Omni Channel,True,True,True
CT-F-99-020508,2024-10-18,4.0,1,Omni Channel,True,True,True
RS-F-99-070006,2024-10-18,150.0,1,Omni Channel,True,True,True
VT-F-99-010205,2024-10-18,4.0,1,Omni Channel,True,True,True
VT-F-99-010203,2024-10-18,9.0,1,Omni Channel,True,True,True
VT-F-99-010722,2024-10-18,2.0,1,Omni Channel,True,True,True
CT-F-99-020506,2024-10-18,3.0,1,Omni Channel,True,True,True
CT-F-99-020510,2024-10-18,3.0,1,Omni Channel,True,True,True
VT-F-99-010721,2024-10-18,3.0,3,Omni Channel,True,True,True
VT-F-99-010203,2024-10-18,1.0,1,Omni Channel,True,True,True
CT-F-99-020505,2024-10-21,2.0,1,Omni Channel,True,True,True
CT-F-99-020528,2024-10-21,3.0,1,Omni Channel,True,True,True
VT-F-99-010203,2024-10-21,1.0,1,Omni Channel,True,True,True
VT-F-99-010721,2024-10-21,2.0,2,Omni Channel,True,True,True
CT-F-99-020506,2024-10-21,4.0,1,Omni Channel,True,True,True
VT-F-99-010203,2024-10-21,4.0,1,Omni Channel,True,True,True
CT-F-99-020504,2024-10-22,3.0,1,Omni Channel,True,True,True
CT-F-99-020504,2024-10-22,3.0,1,Omni Channel,True,True,True
VT-F-99-010721,2024-10-22,1.0,1,Omni Channel,True,True,True
CT-F-99-020502,2024-10-22,2.0,1,Omni Channel,True,True,True
VT-F-99-010203,2024-10-22,2.0,1,Omni Channel,True,True,True
RS-F-99-070002,2024-10-22,3.0,1,Omni Channel,True,True,True
CT-F-99-020508,2024-10-24,3.0,1,Omni Channel,True,True,True
VT-F-99-010721,2024-10-24,1.0,1,Omni Channel,True,True,True
CT-F-99-020506,2024-10-24,3.0,1,Omni Channel,True,True,True
VT-F-99-010721,2024-10-24,1.0,1,Omni Channel,True,True,True
RS-F-99-070002,2024-10-24,3.0,1,Omni Channel,True,True,True
RS-F-99-070004,2024-10-24,6.0,1,Omni Channel,False,False,False
CT-F-99-020503,2024-10-24,4.0,1,Omni Channel,True,True,True
VT-F-99-010203,2024-10-24,4.0,1,Omni Channel,True,True,True
CT-F-99-020501,2024-10-24,2.0,1,Omni Channel,True,True,True
CT-F-99-020502,2024-10-24,2.0,1,Omni Channel,True,True,True
CT-F-99-020503,2024-10-24,2.0,1,Omni Channel,True,True,True
CT-F-99-020504,2024-10-24,2.0,1,Omni Channel,True,True,True
VT-F-99-010203,2024-10-24,8.0,1,Omni Channel,True,True,True
CT-F-99-020702,2024-10-24,2.0,1,Omni Channel,True,True,True
VT-F-99-010303,2024-10-24,2.0,1,Omni Channel,True,True,True
CT-F-99-020702,2024-10-24,2.0,1,Omni Channel,True,True,True
VT-F-99-010303,2024-10-24,2.0,1,Omni Channel,True,True,True
CT-F-99-020504,2024-10-25,3.0,1,Omni Channel,True,True,True
CT-F-99-020504,2024-10-25,3.0,1,Omni Channel,True,True,True
CT-F-99-020505,2024-10-28,3.0,1,Omni Channel,True,True,True
VT-F-99-010721,2024-10-28,1.0,1,Omni Channel,True,True,True
CT-F-99-020705,2024-10-29,3.0,1,Omni Channel,True,True,True
VT-F-99-010818,2024-10-29,1.0,1,Omni Channel,True,True,True
CT-F-99-020508,2024-10-29,9.0,1,Omni Channel,True,True,True
VT-F-99-010721,2024-10-29,3.0,1,Omni Channel,True,True,True
RS-F-99-010122,2024-10-30,2.0,1,Omni Channel,True,True,True
RS-F-99-010123,2024-10-30,2.0,1,Omni Channel,True,True,True
CT-F-99-020503,2024-10-30,3.0,1,Omni Channel,True,True,True
CT-F-99-020524,2024-10-30,3.0,1,Omni Channel,True,True,True
VT-F-99-010721,2024-10-30,1.0,1,Omni Channel,True,True,True
CT-F-99-020506,2024-10-30,3.0,1,Omni Channel,True,True,True
CT-F-99-020508,2024-10-30,2.0,1,Omni Channel,True,True,True
VT-F-99-010203,2024-10-30,4.0,2,Omni Channel,True,True,True
VT-F-99-010721,2024-10-30,1.0,1,Omni Channel,True,True,True
CT-F-99-020502,2024-10-30,4.0,2,Omni Channel,True,True,True
CT-F-99-020506,2024-10-30,2.0,1,Omni Channel,True,True,True
VT-F-99-010203,2024-10-30,4.0,2,Omni Channel,True,True,True
VT-F-99-010721,2024-10-30,1.0,1,Omni Channel,True,True,True
CT-F-99-020504,2024-10-18,3.0,1,Omni Channel,True,True,True
VT-F-99-010721,2024-10-18,1.0,1,Omni Channel,True,True,True
CT-F-99-020504,2024-10-31,3.0,1,Omni Channel,True,True,True
VT-F-99-010721,2024-10-31,1.0,1,Omni Channel,True,True,True
CT-F-99-020524,2024-10-31,3.0,1,Omni Channel,True,True,True
VT-F-99-010721,2024-10-31,1.0,1,Omni Channel,True,True,True
RS-F-99-070006,2024-10-31,300.0,1,Omni Channel,False,False,False
CT-F-99-020525,2024-10-31,3.0,1,Omni Channel,True,True,True
VT-F-99-010721,2024-10-31,1.0,1,Omni Channel,True,True,True
CT-F-99-020503,2024-10-31,1.0,1,Omni Channel,True,True,True
CT-F-99-020505,2024-10-31,3.0,1,Omni Channel,True,True,True
CT-F-99-020726,2024-10-31,3.0,1,Omni Channel,True,True,True
VT-F-99-010721,2024-10-31,1.0,1,Omni Channel,True,True,True
CT-F-99-020702,2024-11-01,2.0,1,Omni Channel,True,True,True
CT-F-99-020528,2024-11-04,3.0,1,Omni Channel,True,True,True
VT-F-99-010721,2024-11-04,1.0,1,Omni Channel,True,True,True
CT-F-99-020530,2024-11-04,3.0,1,Omni Channel,True,True,True
CT-F-99-020525,2024-11-04,3.0,1,Omni Channel,True,True,True
VT-F-99-010721,2024-11-04,1.0,1,Omni Channel,True,True,True
CT-F-99-020527,2024-11-04,6.0,1,Omni Channel,True,True,True
VT-F-99-010721,2024-11-04,2.0,1,Omni Channel,True,True,True
CT-F-99-020505,2024-11-04,3.0,1,Omni Channel,True,True,True
CT-F-99-020506,2024-11-04,3.0,1,Omni Channel,True,True,True
VT-F-99-010721,2024-11-04,1.0,1,Omni Channel,True,True,True
CT-F-99-020503,2024-11-04,4.0,1,Omni Channel,True,True,True
VT-F-99-010203,2024-11-04,4.0,1,Omni Channel,True,True,True
CT-F-99-020507,2024-11-05,2.0,1,Omni Channel,True,True,True
VT-F-99-010203,2024-11-05,2.0,1,Omni Channel,True,True,True
VT-F-99-010721,2024-11-05,1.0,1,Omni Channel,True,True,True
VT-F-99-010721,2024-11-05,1.0,1,Omni Channel,True,True,True
CT-F-99-020527,2024-11-05,6.0,1,Omni Channel,True,True,True
VT-F-99-010721,2024-11-05,2.0,1,Omni Channel,True,True,True
CT-F-99-020526,2024-11-05,3.0,1,Omni Channel,True,True,True
VT-F-99-010302,2024-11-05,1.0,1,Omni Channel,True,True,True
CT-F-99-020510,2024-11-05,6.0,2,Omni Channel,True,True,True
VT-F-99-010203,2024-11-05,2.0,1,Omni Channel,True,True,True
VT-F-99-010721,2024-11-05,1.0,1,Omni Channel,True,True,True
VT-F-99-010203,2024-11-05,2.0,1,Omni Channel,True,True,True
CT-F-99-020504,2024-11-05,684.0,2,Tendering,True,True,True
CT-F-99-020506,2024-11-05,174.0,1,Tendering,True,True,True
CT-F-99-020507,2024-11-05,198.0,1,Tendering,True,True,True
CT-F-99-020703,2024-11-05,96.0,1,Tendering,True,True,True
CT-F-99-020705,2024-11-05,38.0,1,Tendering,True,True,True
CT-F-99-020706,2024-11-05,30.0,1,Tendering,True,True,True
CT-F-99-020707,2024-11-05,16.0,1,Tendering,True,True,True
CT-F-99-020708,2024-11-05,46.0,1,Tendering,True,True,True
CT-F-99-020709,2024-11-05,12.0,1,Tendering,True,True,True
CT-F-99-020710,2024-11-05,16.0,1,Tendering,True,True,True
RS-F-99-070002,2024-11-05,13245.0,7,Tendering,True,True,True
VT-F-99-010303,2024-11-05,972.0,2,Tendering,True,True,True
CT-F-99-020525,2024-11-05,3.0,1,Omni Channel,True,True,True
VT-F-99-010721,2024-11-05,1.0,1,Omni Channel,True,True,True
CT-F-99-020502,2024-11-06,2.0,1,Omni Channel,True,True,True
VT-F-99-010203,2024-11-06,2.0,1,Omni Channel,True,True,True
CT-F-99-020504,2024-11-06,3.0,1,Omni Channel,True,True,True
VT-F-99-010715,2024-11-06,1.0,1,Omni Channel,True,True,True
CT-F-99-020504,2024-11-06,3.0,1,Omni Channel,True,True,True
VT-F-99-010721,2024-11-06,1.0,1,Omni Channel,True,True,True
CT-F-99-020505,2024-11-06,1.0,1,Omni Channel,True,True,True
CT-F-99-020507,2024-11-06,1.0,1,Omni Channel,True,True,True
CT-F-99-020510,2024-11-06,1.0,1,Omni Channel,True,True,True
VT-F-99-010203,2024-11-06,5.0,1,Omni Channel,True,True,True
CT-F-99-020507,2024-11-06,3.0,1,Omni Channel,True,True,True
VT-F-99-010721,2024-11-06,1.0,1,Omni Channel,True,True,True
RS-F-99-090038,2024-11-06,3.0,1,Omni Channel,True,True,True
CT-F-99-020526,2024-11-07,3.0,1,Omni Channel,True,True,True
VT-F-99-010721,2024-11-07,1.0,1,Omni Channel,True,True,True
RS-F-99-070006,2024-11-07,300.0,1,Omni Channel,True,True,True
CT-F-99-020505,2024-10-15,3.0,1,Omni Channel,True,True,True
CT-F-99-020504,2024-11-07,3.0,1,Omni Channel,True,True,True
VT-F-99-010715,2024-11-07,1.0,1,Omni Channel,True,True,True
CT-F-99-020507,2024-11-07,3.0,1,Omni Channel,True,True,True
VT-F-99-010715,2024-11-07,1.0,1,Omni Channel,True,True,True
CT-F-99-020503,2024-11-08,3.0,1,Omni Channel,True,True,True
VT-F-99-010715,2024-11-08,1.0,1,Omni Channel,True,True,True
CT-F-99-020504,2024-11-08,3.0,1,Omni Channel,True,True,True
RS-F-99-041001,2024-11-08,12.0,1,Omni Channel,True,True,True
RS-F-99-041002,2024-11-08,18.0,1,Omni Channel,True,True,True
RS-F-99-041004,2024-11-08,12.0,1,Omni Channel,True,True,True
RS-F-99-041033,2024-11-08,6.0,1,Omni Channel,True,True,True
RS-F-99-041034,2024-11-08,12.0,1,Omni Channel,True,True,True
RS-F-99-070002,2024-11-08,60.0,1,Omni Channel,True,True,True
RS-F-99-070005,2024-11-08,18.0,1,Omni Channel,True,True,True
CT-F-99-020508,2024-11-11,9.0,1,Omni Channel,True,True,True
VT-F-99-010721,2024-11-11,3.0,1,Omni Channel,True,True,True
CT-F-99-020524,2024-11-11,3.0,1,Omni Channel,True,True,True
VT-F-99-010203,2024-11-11,3.0,2,Omni Channel,True,True,True
VT-F-99-010721,2024-11-11,1.0,1,Omni Channel,True,True,True
CT-F-99-020706,2024-11-11,3.0,1,Omni Channel,True,True,True
VT-F-99-010819,2024-11-11,1.0,1,Omni Channel,True,True,True
CT-F-99-020506,2024-11-11,3.0,1,Omni Channel,True,True,True
VT-F-99-010721,2024-11-11,1.0,1,Omni Channel,True,True,True
CT-F-99-020527,2024-11-12,3.0,1,Omni Channel,True,True,True
CT-F-99-020506,2024-11-12,3.0,1,Omni Channel,True,True,True
VT-F-99-010721,2024-11-12,1.0,1,Omni Channel,True,True,True
CT-F-99-020507,2024-11-12,3.0,1,Omni Channel,True,True,True
VT-F-99-010721,2024-11-12,1.0,1,Omni Channel,True,True,True
CT-F-99-020506,2024-11-12,3.0,1,Omni Channel,True,True,True
VT-F-99-010701,2024-11-12,1.0,1,Omni Channel,True,True,True
RS-F-99-070004,2024-10-21,3.0,1,Omni Channel,True,True,True
CT-F-99-020508,2024-11-12,3.0,1,Omni Channel,True,True,True
VT-F-99-010721,2024-11-12,1.0,1,Omni Channel,True,True,True
CT-F-99-020508,2024-11-12,3.0,1,Omni Channel,True,True,True
VT-F-99-010721,2024-11-12,1.0,1,Omni Channel,True,True,True
VT-F-99-010303,2024-11-12,2.0,1,Omni Channel,True,True,True
CT-F-99-020704,2024-11-13,6.0,1,Omni Channel,True,True,True
VT-F-99-010819,2024-11-13,2.0,1,Omni Channel,True,True,True
CT-F-99-020717,2024-11-13,3.0,1,Omni Channel,True,True,True
CT-F-99-020728,2024-11-13,3.0,1,Omni Channel,True,True,True
VT-F-99-010819,2024-11-13,2.0,1,Omni Channel,True,True,True
CT-F-99-020506,2024-11-14,3.0,1,Omni Channel,True,True,True
VT-F-99-010721,2024-11-14,1.0,1,Omni Channel,True,True,True
CT-F-99-020507,2024-11-14,3.0,1,Omni Channel,True,True,True
VT-F-99-010721,2024-11-14,1.0,1,Omni Channel,True,True,True
CT-F-99-020508,2024-11-14,3.0,1,Omni Channel,True,True,True
VT-F-99-010721,2024-11-14,1.0,1,Omni Channel,True,True,True
VT-F-99-010303,2024-11-14,2.0,1,Omni Channel,True,True,True
CT-F-99-020504,2024-11-14,5.0,2,Omni Channel,True,True,True
VT-F-99-010203,2024-11-14,2.0,1,Omni Channel,True,True,True
VT-F-99-010721,2024-11-14,1.0,1,Omni Channel,True,True,True
CT-F-99-020501,2024-11-14,3.0,1,Omni Channel,True,True,True
CT-F-99-020506,2024-11-14,3.0,1,Omni Channel,True,True,True
VT-F-99-010721,2024-11-14,3.0,3,Omni Channel,True,True,True
CT-F-99-020506,2024-11-14,3.0,1,Omni Channel,True,True,True
CT-F-99-020507,2024-11-14,6.0,2,Omni Channel,True,True,True
VT-F-99-010721,2024-11-14,3.0,3,Omni Channel,True,True,True
CT-F-99-020726,2024-11-14,3.0,1,Omni Channel,True,True,True
VT-F-99-010819,2024-11-14,1.0,1,Omni Channel,True,True,True
CT-F-99-020704,2024-11-15,3.0,1,Omni Channel,True,True,True
VT-F-99-010819,2024-11-15,1.0,1,Omni Channel,True,True,True
CT-F-99-020504,2024-11-15,3.0,1,Omni Channel,True,True,True
VT-F-99-010715,2024-11-15,1.0,1,Omni Channel,True,True,True
CT-F-99-020505,2024-11-15,3.0,1,Omni Channel,True,True,True
CT-F-99-020507,2024-11-15,3.0,1,Omni Channel,True,True,True
VT-F-99-010721,2024-11-15,2.0,2,Omni Channel,True,True,True
CT-F-99-020702,2024-11-15,24.0,1,Omni Channel,True,True,True
CT-F-99-020702,2024-11-18,3.0,1,Omni Channel,True,True,True
VT-F-99-010819,2024-11-18,1.0,1,Omni Channel,True,True,True
VT-F-99-010722,2024-11-18,1.0,1,Omni Channel,True,True,True
CT-F-99-020510,2024-11-12,3.0,1,Omni Channel,True,True,True
VT-F-99-010721,2024-11-12,1.0,1,Omni Channel,True,True,True
CT-F-99-020528,2024-11-18,3.0,1,Omni Channel,True,True,True
VT-F-99-010721,2024-11-18,1.0,1,Omni Channel,True,True,True
VT-F-99-010721,2024-11-18,1.0,1,Omni Channel,True,True,True
VT-F-99-010721,2024-11-18,1.0,1,Omni Channel,True,True,True
CT-F-99-020503,2024-11-19,3.0,1,Omni Channel,True,True,True
CT-F-99-020505,2024-11-19,3.0,1,Omni Channel,True,True,True
VT-F-99-010721,2024-11-19,1.0,1,Omni Channel,True,True,True
CT-F-99-020504,2024-11-19,3.0,1,Omni Channel,True,True,True
VT-F-99-010721,2024-11-19,1.0,1,Omni Channel,True,True,True
CT-F-99-020504,2024-11-19,3.0,1,Omni Channel,True,True,True
VT-F-99-010721,2024-11-19,1.0,1,Omni Channel,True,True,True
CT-F-99-020504,2024-11-19,3.0,1,Omni Channel,True,True,True
CT-F-99-020508,2024-11-19,3.0,1,Omni Channel,True,True,True
VT-F-99-010721,2024-11-19,1.0,1,Omni Channel,True,True,True
CT-F-99-020503,2024-11-19,3.0,1,Omni Channel,True,True,True
VT-F-99-010721,2024-11-19,1.0,1,Omni Channel,True,True,True
CT-F-99-020504,2024-11-19,3.0,1,Omni Channel,True,True,True
VT-F-99-010721,2024-11-19,1.0,1,Omni Channel,True,True,True
VT-F-99-010202,2024-11-20,1.0,1,Omni Channel,True,True,True
VT-F-99-010722,2024-11-20,1.0,1,Omni Channel,True,True,True
RS-F-99-100001,2024-11-20,3.0,1,Omni Channel,True,True,True
CT-F-99-020504,2024-11-20,6.0,1,Omni Channel,True,True,True
VT-F-99-010721,2024-11-20,2.0,1,Omni Channel,True,True,True
VT-F-99-010203,2024-11-20,2.0,1,Omni Channel,True,True,True
CT-F-99-020706,2024-11-21,3.0,1,Omni Channel,True,True,True
VT-F-99-010819,2024-11-21,1.0,1,Omni Channel,True,True,True
CT-F-99-020726,2024-11-21,6.0,1,Omni Channel,True,True,True
VT-F-99-010819,2024-11-21,2.0,1,Omni Channel,True,True,True
CT-F-99-020504,2024-11-21,3.0,1,Total Customer Solution,True,True,True
VT-F-99-010721,2024-11-21,1.0,1,Total Customer Solution,True,True,True
CT-F-99-020510,2024-11-21,3.0,1,Omni Channel,True,True,True
VT-F-99-010721,2024-11-21,1.0,1,Omni Channel,True,True,True
CT-F-99-020524,2024-11-21,3.0,1,Omni Channel,True,True,True
VT-F-99-010203,2024-11-22,1.0,1,Omni Channel,True,True,True
CT-F-99-020531,2024-11-22,6.0,1,Omni Channel,True,True,True
VT-F-99-010721,2024-11-22,2.0,1,Omni Channel,True,True,True
CT-F-99-020502,2024-11-22,1.0,1,Omni Channel,True,True,True
CT-F-99-020526,2024-11-22,3.0,1,Omni Channel,True,True,True
VT-F-99-010721,2024-11-22,1.0,1,Omni Channel,True,True,True
RS-F-99-100001,2024-11-25,6.0,1,Omni Channel,True,True,True
CT-F-99-020511,2024-11-25,3.0,1,Omni Channel,True,True,True
VT-F-99-010721,2024-11-25,1.0,1,Omni Channel,True,True,True
CT-F-99-020705,2024-11-26,3.0,1,Omni Channel,True,True,True
VT-F-99-010819,2024-11-26,1.0,1,Omni Channel,True,True,True
CT-F-99-020506,2024-11-26,3.0,1,Omni Channel,True,True,True
VT-F-99-010721,2024-11-26,1.0,1,Omni Channel,True,True,True
CT-F-99-020504,2024-11-26,2.0,1,Omni Channel,True,True,True
VT-F-99-010203,2024-11-26,2.0,1,Omni Channel,True,True,True
CT-F-99-020504,2024-08-23,3.0,1,Omni Channel,True,True,True
VT-F-99-010721,2024-08-23,1.0,1,Omni Channel,True,True,True
VT-F-99-010820,2024-11-26,1.0,1,Omni Channel,True,True,True
CT-F-99-020504,2024-08-23,3.0,1,Omni Channel,True,True,True
VT-F-99-010721,2024-08-23,1.0,1,Omni Channel,True,True,True
CT-F-99-020504,2024-08-23,3.0,1,Omni Channel,True,True,True
VT-F-99-010721,2024-08-23,1.0,1,Omni Channel,True,True,True
CT-F-99-020502,2024-08-23,3.0,1,Omni Channel,True,True,True
VT-F-99-010721,2024-08-23,1.0,1,Omni Channel,True,True,True
CT-F-99-020504,2024-08-23,3.0,1,Omni Channel,True,True,True
VT-F-99-010721,2024-08-23,1.0,1,Omni Channel,True,True,True
CT-F-99-020506,2024-11-26,3.0,1,Omni Channel,True,True,True
VT-F-99-010721,2024-11-26,1.0,1,Omni Channel,True,True,True
CT-F-99-020504,2024-11-26,3.0,1,Omni Channel,True,True,True
VT-F-99-010715,2024-11-26,1.0,1,Omni Channel,True,True,True
CT-F-99-020503,2024-08-23,3.0,1,Omni Channel,True,True,True
VT-F-99-010721,2024-08-23,1.0,1,Omni Channel,True,True,True
CT-F-99-020503,2024-11-26,3.0,1,Omni Channel,True,True,True
VT-F-99-010721,2024-11-26,1.0,1,Omni Channel,True,True,True
CT-F-99-020504,2024-11-26,3.0,1,Omni Channel,True,True,True
VT-F-99-010721,2024-11-26,1.0,1,Omni Channel,True,True,True
CT-F-99-020504,2024-11-26,3.0,1,Omni Channel,True,True,True
VT-F-99-010721,2024-11-26,1.0,1,Omni Channel,True,True,True
CT-F-99-020505,2024-11-26,3.0,1,Omni Channel,True,True,True
VT-F-99-010721,2024-11-26,1.0,1,Omni Channel,True,True,True
CT-F-99-020505,2024-11-26,3.0,1,Omni Channel,True,True,True
VT-F-99-010721,2024-11-26,1.0,1,Omni Channel,True,True,True
CT-F-99-020505,2024-11-26,3.0,1,Omni Channel,True,True,True
VT-F-99-010721,2024-11-26,1.0,1,Omni Channel,True,True,True
CT-F-99-020505,2024-11-26,3.0,1,Omni Channel,True,True,True
VT-F-99-010721,2024-11-26,1.0,1,Omni Channel,True,True,True
CT-F-99-020504,2024-11-26,3.0,1,Omni Channel,True,True,True
VT-F-99-010721,2024-11-26,1.0,1,Omni Channel,True,True,True
CT-F-99-020505,2024-11-26,3.0,1,Omni Channel,True,True,True
VT-F-99-010721,2024-11-26,1.0,1,Omni Channel,True,True,True
CT-F-99-020506,2024-11-26,3.0,1,Omni Channel,True,True,True
CT-F-99-020524,2024-11-26,3.0,1,Omni Channel,True,True,True
CT-F-99-020503,2024-11-27,3.0,1,Omni Channel,True,True,True
RS-F-99-090026,2024-11-27,3.0,1,Omni Channel,True,True,True
RS-F-99-090028,2024-11-27,3.0,1,Omni Channel,True,True,True
RS-F-99-090039,2024-11-27,9.0,1,Omni Channel,True,True,True
CT-F-99-020508,2024-11-27,3.0,1,Omni Channel,True,True,True
CT-F-99-020505,2024-11-27,3.0,1,Omni Channel,True,True,True
VT-F-99-010721,2024-11-27,1.0,1,Omni Channel,True,True,True
CT-F-99-020510,2024-11-27,3.0,1,Omni Channel,True,True,True
VT-F-99-010721,2024-11-27,1.0,1,Omni Channel,True,True,True
CT-F-99-020507,2024-11-27,3.0,1,Omni Channel,True,True,True
VT-F-99-010715,2024-11-27,1.0,1,Omni Channel,True,True,True
RS-F-99-090028,2024-11-27,8.0,1,Omni Channel,True,True,True
CT-F-99-020504,2024-11-27,2.0,1,Omni Channel,True,True,True
CT-F-99-020506,2024-11-27,4.0,2,Omni Channel,True,True,True
VT-F-99-010203,2024-11-27,6.0,3,Omni Channel,True,True,True
CT-F-99-020504,2024-11-27,4.0,2,Omni Channel,True,True,True
CT-F-99-020505,2024-11-27,2.0,1,Omni Channel,True,True,True
VT-F-99-010203,2024-11-27,6.0,3,Omni Channel,True,True,True
CT-F-99-020504,2024-11-27,2.0,1,Omni Channel,True,True,True
CT-F-99-020506,2024-11-27,4.0,2,Omni Channel,True,True,True
VT-F-99-010203,2024-11-27,2.0,1,Omni Channel,True,True,True
VT-F-99-010209,2024-11-27,4.0,2,Omni Channel,True,True,True
CT-F-99-020506,2024-11-27,2.0,1,Omni Channel,True,True,True
VT-F-99-010209,2024-11-27,2.0,1,Omni Channel,True,True,True
CT-F-99-020505,2024-11-28,3.0,1,Omni Channel,True,True,True
VT-F-99-010721,2024-11-28,1.0,1,Omni Channel,True,True,True
VT-F-99-010203,2024-11-28,1.0,1,Omni Channel,True,True,True
CT-F-99-020506,2024-11-28,3.0,1,Omni Channel,True,True,True
VT-F-99-010721,2024-11-28,1.0,1,Omni Channel,True,True,True
CT-F-99-020530,2024-08-06,3.0,1,Omni Channel,True,True,True
VT-F-99-010721,2024-08-06,1.0,1,Omni Channel,True,True,True
CT-F-99-020528,2024-11-29,3.0,1,Omni Channel,True,True,True
VT-F-99-010721,2024-11-29,1.0,1,Omni Channel,True,True,True
CT-F-99-020503,2024-11-29,3.0,1,Omni Channel,True,True,True
CT-F-99-020504,2024-11-29,3.0,1,Omni Channel,True,True,True
CT-F-99-020506,2024-11-29,9.0,1,Omni Channel,True,True,True
VT-F-99-010721,2024-11-29,5.0,1,Omni Channel,True,True,True
CT-F-99-020505,2024-11-29,3.0,1,Omni Channel,True,True,True
CT-F-99-020502,2024-11-29,3.0,1,Omni Channel,True,True,True
CT-F-99-020504,2024-11-29,6.0,1,Omni Channel,True,True,True
VT-F-99-010721,2024-11-29,3.0,1,Omni Channel,True,True,True
CT-F-99-020504,2024-11-29,3.0,1,Omni Channel,True,True,True
CT-F-99-020505,2024-11-29,6.0,1,Omni Channel,True,True,True
CT-F-99-020507,2024-11-29,3.0,1,Omni Channel,True,True,True
VT-F-99-010721,2024-11-29,3.0,1,Omni Channel,True,True,True
CT-F-99-020530,2024-11-29,3.0,1,Omni Channel,True,True,True
VT-F-99-010721,2024-11-29,1.0,1,Omni Channel,True,True,True
CT-F-99-020701,2024-11-29,2.0,1,Omni Channel,True,True,True
VT-F-99-010303,2024-11-29,2.0,1,Omni Channel,False,False,False
CT-F-99-020505,2024-11-29,2.0,1,Omni Channel,True,True,True
VT-F-99-010203,2024-11-29,2.0,1,Omni Channel,True,True,True
CT-F-99-020507,2024-12-02,3.0,1,Omni Channel,True,True,True
VT-F-99-010715,2024-12-02,1.0,1,Omni Channel,True,True,True
CT-F-99-020505,2024-12-02,3.0,1,Omni Channel,True,True,True
VT-F-99-010721,2024-12-02,1.0,1,Omni Channel,True,True,True
CT-F-99-020524,2024-12-02,1.0,1,Omni Channel,True,True,True
CT-F-99-020526,2024-12-02,1.0,1,Omni Channel,True,True,True
CT-F-99-020528,2024-12-02,1.0,1,Omni Channel,True,True,True
CT-F-99-020530,2024-12-02,1.0,1,Omni Channel,True,True,True
CT-F-99-020531,2024-12-02,1.0,1,Omni Channel,True,True,True
VT-F-99-010721,2024-12-02,1.0,1,Omni Channel,True,True,True
CT-F-99-020528,2024-12-02,3.0,1,Omni Channel,True,True,True
VT-F-99-010721,2024-12-02,1.0,1,Omni Channel,True,True,True
CT-F-99-020505,2024-12-02,3.0,1,Omni Channel,True,True,True
VT-F-99-010721,2024-12-02,1.0,1,Omni Channel,True,True,True
CT-F-99-020530,2024-11-14,3.0,1,Omni Channel,True,True,True
CT-F-99-020506,2024-12-02,3.0,1,Omni Channel,True,True,True
VT-F-99-010721,2024-12-02,1.0,1,Omni Channel,True,True,True
VT-F-99-010721,2024-12-02,1.0,1,Omni Channel,True,True,True
CT-F-99-020530,2024-12-02,6.0,1,Omni Channel,True,True,True
VT-F-99-010721,2024-12-02,1.0,1,Omni Channel,True,True,True
CT-F-99-020527,2024-12-03,1.0,1,Omni Channel,True,True,True
CT-F-99-020504,2024-12-03,2.0,1,Omni Channel,True,True,True
CT-F-99-020505,2024-12-03,2.0,1,Omni Channel,True,True,True
CT-F-99-020507,2024-12-03,5.0,2,Omni Channel,True,True,True
VT-F-99-010203,2024-12-03,6.0,3,Omni Channel,True,True,True
CT-F-99-020511,2024-12-03,3.0,1,Omni Channel,True,True,True
CT-F-99-020508,2024-12-03,3.0,1,Omni Channel,True,True,True
VT-F-99-010721,2024-12-03,1.0,1,Omni Channel,True,True,True
VT-F-99-010721,2024-12-04,1.0,1,Omni Channel,True,True,True
VT-F-99-010722,2024-12-04,3.0,1,Omni Channel,True,True,True
CT-F-99-020505,2024-12-04,9.0,3,Omni Channel,True,True,True
CT-F-99-020506,2024-12-04,3.0,1,Omni Channel,True,True,True
VT-F-99-010721,2024-12-04,4.0,4,Omni Channel,True,True,True
CT-F-99-020505,2024-12-04,3.0,1,Omni Channel,True,True,True
VT-F-99-010721,2024-12-04,1.0,1,Omni Channel,True,True,True
CT-F-99-020506,2024-12-04,3.0,1,Omni Channel,True,True,True
VT-F-99-010721,2024-12-04,1.0,1,Omni Channel,True,True,True
CT-F-99-020501,2024-12-04,2.0,1,Omni Channel,True,True,True
CT-F-99-020502,2024-12-04,2.0,1,Omni Channel,True,True,True
CT-F-99-020503,2024-12-04,2.0,1,Omni Channel,True,True,True
CT-F-99-020504,2024-12-04,2.0,1,Omni Channel,True,True,True
CT-F-99-020506,2024-12-04,2.0,1,Omni Channel,True,True,True
CT-F-99-020507,2024-12-04,2.0,1,Omni Channel,True,True,True
CT-F-99-020513,2024-12-04,2.0,1,Omni Channel,True,True,True
CT-F-99-020505,2024-12-04,3.0,1,Omni Channel,True,True,True
VT-F-99-010721,2024-12-04,1.0,1,Omni Channel,True,True,True
RS-F-99-070002,2024-12-06,60.0,1,Omni Channel,False,False,False
RS-F-99-070004,2024-12-06,30.0,1,Omni Channel,False,False,False
VT-F-99-010722,2024-12-06,1.0,1,Omni Channel,True,True,True
CT-F-99-020503,2024-12-09,3.0,1,Omni Channel,True,True,True
CT-F-99-020505,2024-12-09,3.0,1,Omni Channel,True,True,True
CT-F-99-020527,2024-12-09,3.0,1,Omni Channel,True,True,True
VT-F-99-010721,2024-12-09,1.0,1,Omni Channel,True,True,True
VT-F-99-010721,2024-12-10,1.0,1,Omni Channel,True,True,True
RS-F-99-070002,2024-12-10,60.0,1,Omni Channel,True,True,True
RS-F-99-070004,2024-12-10,30.0,1,Omni Channel,True,True,True
CT-F-99-020502,2024-12-10,2.0,1,Omni Channel,True,True,True
VT-F-99-010203,2024-12-10,2.0,1,Omni Channel,True,True,True
CT-F-99-020506,2024-12-11,2.0,1,Omni Channel,True,True,True
VT-F-99-010203,2024-12-11,2.0,1,Omni Channel,True,True,True
VT-F-99-010721,2024-12-11,1.0,1,Omni Channel,True,True,True
CT-F-99-020703,2024-12-11,2.0,1,Omni Channel,True,True,True
CT-F-99-020506,2024-12-11,4.0,1,Omni Channel,True,True,True
VT-F-99-010203,2024-12-11,4.0,1,Omni Channel,True,True,True
CT-F-99-020510,2024-12-11,2.0,1,Omni Channel,True,True,True
CT-F-99-020511,2024-12-11,2.0,1,Omni Channel,True,True,True
CT-F-99-020504,2024-12-12,6.0,1,Omni Channel,True,True,True
CT-F-99-020506,2024-12-12,3.0,1,Omni Channel,True,True,True
CT-F-99-020505,2024-12-13,3.0,1,Omni Channel,True,True,True
VT-F-99-010715,2024-12-13,1.0,1,Omni Channel,True,True,True
CT-F-99-020506,2024-12-13,1.0,1,Omni Channel,True,True,True
CT-F-99-020504,2024-12-13,3.0,1,Omni Channel,True,True,True
VT-F-99-010721,2024-12-13,1.0,1,Omni Channel,True,True,True
VT-F-99-010303,2024-12-13,2.0,1,Omni Channel,True,True,True
CT-F-99-020506,2024-12-13,3.0,1,Omni Channel,True,True,True
VT-F-99-010721,2024-12-13,1.0,1,Omni Channel,True,True,True
VT-F-99-010721,2024-12-13,2.0,1,Omni Channel,True,True,True
CT-F-99-020505,2024-12-13,3.0,1,Omni Channel,True,True,True
VT-F-99-010721,2024-12-13,1.0,1,Omni Channel,True,True,True
CT-F-99-020507,2024-12-16,4.0,1,Omni Channel,True,True,True
CT-F-99-020510,2024-12-16,4.0,1,Omni Channel,True,True,True
VT-F-99-010203,2024-12-16,8.0,1,Omni Channel,True,True,True
VT-F-99-010203,2024-12-16,6.0,1,Omni Channel,True,True,True
CT-F-99-020501,2024-12-16,4.0,1,Omni Channel,True,True,True
CT-F-99-020502,2024-12-16,2.0,1,Omni Channel,True,True,True
RS-F-99-070002,2024-12-16,6.0,1,Omni Channel,False,False,False
RS-F-99-070004,2024-12-16,6.0,1,Omni Channel,False,False,False
CT-F-99-020506,2024-12-16,3.0,1,Omni Channel,True,True,True
VT-F-99-010721,2024-12-16,1.0,1,Omni Channel,True,True,True
CT-F-99-020524,2024-12-17,3.0,1,Omni Channel,True,True,True
VT-F-99-010721,2024-12-17,1.0,1,Omni Channel,True,True,True
CT-F-99-020511,2024-12-17,2.0,1,Omni Channel,True,True,True
VT-F-99-010203,2024-12-17,2.0,1,Omni Channel,True,True,True
VT-F-99-010721,2024-12-18,1.0,1,Omni Channel,True,True,True
CT-F-99-020508,2024-12-18,3.0,1,Omni Channel,True,True,True
CT-F-99-020705,2024-12-18,3.0,1,Omni Channel,True,True,True
VT-F-99-010819,2024-12-18,1.0,1,Omni Channel,True,True,True
CT-F-99-020530,2024-12-18,3.0,1,Omni Channel,True,True,True
CT-F-99-020504,2024-12-18,3.0,1,Omni Channel,True,True,True
VT-F-99-010721,2024-12-18,1.0,1,Omni Channel,True,True,True
CT-F-99-020505,2024-12-19,3.0,1,Omni Channel,True,True,True
VT-F-99-010721,2024-12-19,1.0,1,Omni Channel,True,True,True
CT-F-99-020510,2024-12-19,3.0,1,Omni Channel,True,True,True
CT-F-99-020511,2024-12-19,3.0,1,Omni Channel,True,True,True
VT-F-99-010721,2024-12-19,2.0,1,Omni Channel,True,True,True
RS-F-99-070004,2024-12-19,3.0,1,Omni Channel,True,True,True
CT-F-99-020506,2024-12-20,3.0,1,Omni Channel,True,True,True
VT-F-99-010721,2024-12-20,1.0,1,Omni Channel,True,True,True
CT-F-99-020502,2024-12-20,2.0,1,Omni Channel,True,True,True
VT-F-99-010203,2024-12-20,2.0,1,Omni Channel,True,True,True
CT-F-99-020506,2024-12-20,3.0,1,Omni Channel,True,True,True
RS-F-99-070003,2024-12-23,300.0,1,Omni Channel,False,False,False
RS-F-99-070005,2024-12-23,30.0,1,Omni Channel,False,False,False
RS-F-99-070006,2024-12-23,150.0,1,Omni Channel,False,False,False
CT-F-99-020704,2024-12-23,3.0,1,Omni Channel,True,True,True
VT-F-99-010203,2024-12-26,1.0,1,Omni Channel,True,True,True
CT-F-99-020506,2024-12-26,3.0,1,Omni Channel,True,True,True
CT-F-99-020501,2024-12-26,3.0,1,Omni Channel,True,True,True
VT-F-99-010721,2024-12-26,1.0,1,Omni Channel,True,True,True
RS-F-99-070002,2025-01-02,6.0,1,Omni Channel,True,True,True
RS-F-99-070005,2025-01-02,3.0,1,Omni Channel,False,False,False
CT-F-99-020510,2025-01-02,3.0,1,Omni Channel,True,True,True
CT-F-99-020501,2025-01-02,10.0,1,Omni Channel,True,True,True
CT-F-99-020502,2025-01-02,6.0,1,Omni Channel,True,True,True
VT-F-99-010203,2025-01-02,16.0,1,Omni Channel,True,True,True
CT-F-99-020505,2025-01-02,3.0,1,Omni Channel,True,True,True
VT-F-99-010721,2025-01-02,1.0,1,Omni Channel,True,True,True
RS-F-99-010122,2025-01-02,2.0,1,Omni Channel,True,True,True
RS-F-99-010123,2025-01-02,4.0,1,Omni Channel,True,True,True
RS-F-99-010124,2025-01-02,2.0,1,Omni Channel,True,True,True
RS-F-99-010128,2025-01-02,2.0,1,Omni Channel,True,True,True
RS-F-99-010129,2025-01-02,2.0,1,Omni Channel,True,True,True
CT-F-99-020726,2025-01-06,3.0,1,Omni Channel,True,True,True
VT-F-99-010819,2025-01-06,1.0,1,Omni Channel,True,True,True
CT-F-99-020506,2025-01-06,3.0,1,Omni Channel,True,True,True
VT-F-99-010715,2025-01-06,1.0,1,Omni Channel,True,True,True
CT-F-99-020510,2025-01-06,3.0,1,Omni Channel,True,True,True
CT-F-99-020506,2025-01-06,2.0,1,Omni Channel,True,True,True
VT-F-99-010209,2025-01-06,2.0,1,Omni Channel,True,True,True
CT-F-99-020510,2025-01-07,4.0,1,Omni Channel,True,True,True
VT-F-99-010203,2025-01-07,4.0,1,Omni Channel,True,True,True
CT-F-99-020511,2025-01-07,3.0,1,Omni Channel,True,True,True
VT-F-99-010721,2025-01-07,1.0,1,Omni Channel,True,True,True
RS-F-99-070003,2025-01-07,300.0,1,Omni Channel,True,True,True
RS-F-99-070005,2025-01-07,30.0,1,Omni Channel,True,True,True
RS-F-99-070006,2025-01-07,150.0,1,Omni Channel,True,True,True
RS-F-99-070007,2025-01-07,300.0,1,Omni Channel,True,True,True
RS-F-99-100001,2025-01-07,1.0,1,Omni Channel,True,True,True
CT-F-99-020502,2025-01-07,10.0,1,Omni Channel,False,False,False
RS-F-99-070003,2025-01-07,150.0,1,Omni Channel,False,False,False
RS-F-99-070006,2025-01-07,150.0,1,Omni Channel,False,False,False
RS-F-99-070007,2025-01-07,150.0,1,Omni Channel,False,False,False
CT-F-99-020506,2025-01-07,2.0,1,Omni Channel,True,True,True
VT-F-99-010203,2025-01-07,2.0,1,Omni Channel,True,True,True
CT-F-99-020506,2025-01-07,2.0,1,Omni Channel,True,True,True
VT-F-99-010203,2025-01-07,2.0,1,Omni Channel,True,True,True
CT-F-99-020504,2025-01-08,2.0,1,Omni Channel,True,True,True
CT-F-99-020506,2025-01-08,4.0,1,Omni Channel,True,True,True
VT-F-99-010203,2025-01-08,12.0,1,Omni Channel,True,True,True
RS-F-99-041002,2025-01-08,18.0,1,Omni Channel,True,True,True
RS-F-99-041003,2025-01-08,24.0,2,Omni Channel,True,True,True
RS-F-99-041033,2025-01-08,30.0,1,Omni Channel,True,True,True
RS-F-99-041034,2025-01-08,24.0,2,Omni Channel,True,True,True
RS-F-99-070002,2025-01-08,90.0,1,Omni Channel,True,True,True
RS-F-99-070005,2025-01-08,24.0,1,Omni Channel,True,True,True
RS-F-99-070006,2025-01-08,30.0,1,Omni Channel,True,True,True
VT-F-99-010202,2025-01-08,15.0,3,Omni Channel,True,True,True
CT-F-99-020506,2025-01-08,2.0,1,Omni Channel,True,True,True
VT-F-99-010203,2025-01-08,2.0,1,Omni Channel,False,False,False
CT-F-99-020504,2025-01-08,2.0,1,Omni Channel,True,True,True
VT-F-99-010203,2025-01-08,2.0,1,Omni Channel,True,True,True
CT-F-99-020511,2025-01-08,2.0,1,Omni Channel,True,True,True
VT-F-99-010203,2025-01-08,2.0,1,Omni Channel,True,True,True
CT-F-99-020502,2025-01-08,2.0,1,Omni Channel,True,True,True
VT-F-99-010203,2025-01-08,2.0,1,Omni Channel,True,True,True
CT-F-99-020702,2025-01-08,2.0,1,Omni Channel,True,True,True
VT-F-99-010303,2025-01-08,2.0,1,Omni Channel,True,True,True
CT-F-99-020703,2025-01-09,2.0,1,Omni Channel,True,True,True
VT-F-99-010303,2025-01-09,2.0,1,Omni Channel,True,True,True
CT-F-99-020704,2025-01-09,4.0,1,Omni Channel,True,True,True
VT-F-99-010303,2025-01-09,4.0,1,Omni Channel,True,True,True
CT-F-99-020706,2025-01-09,2.0,1,Omni Channel,True,True,True
VT-F-99-010303,2025-01-09,2.0,1,Omni Channel,True,True,True
VT-F-99-010203,2025-01-09,1.0,1,Omni Channel,True,True,True
CT-F-99-020506,2025-01-09,3.0,1,Omni Channel,True,True,True
VT-F-99-010721,2025-01-09,1.0,1,Omni Channel,True,True,True
VT-F-99-010721,2025-01-09,1.0,1,Omni Channel,True,True,True
CT-F-99-020508,2025-01-09,3.0,1,Omni Channel,True,True,True
CT-F-99-020725,2025-01-09,3.0,1,Omni Channel,True,True,True
VT-F-99-010819,2025-01-09,1.0,1,Omni Channel,True,True,True
CT-F-99-020503,2025-01-10,2.0,1,Omni Channel,True,True,True
CT-F-99-020528,2025-01-13,3.0,1,Omni Channel,True,True,True
VT-F-99-010721,2025-01-13,1.0,1,Omni Channel,True,True,True
CT-F-99-020502,2025-01-13,2.0,1,Omni Channel,True,True,True
VT-F-99-010203,2025-01-13,2.0,1,Omni Channel,True,True,True
CT-F-99-020506,2025-01-13,2.0,1,Omni Channel,True,True,True
VT-F-99-010203,2025-01-13,2.0,1,Omni Channel,True,True,True
CT-F-99-020530,2025-01-14,3.0,1,Omni Channel,True,True,True
VT-F-99-010721,2025-01-14,1.0,1,Omni Channel,True,True,True
RS-F-99-100001,2025-01-14,3.0,1,Omni Channel,True,True,True
CT-F-99-020526,2025-01-14,1.0,1,Omni Channel,True,True,True
CT-F-99-020507,2025-01-14,3.0,1,Omni Channel,True,True,True
VT-F-99-010721,2025-01-14,1.0,1,Omni Channel,True,True,True
VT-F-99-010303,2025-01-14,1.0,1,Omni Channel,True,True,True
RS-F-99-070002,2025-01-14,3.0,1,Omni Channel,True,True,True
CT-F-99-020527,2025-01-14,3.0,1,Omni Channel,True,True,True
VT-F-99-010721,2025-01-14,1.0,1,Omni Channel,True,True,True
CT-F-99-020535,2025-01-14,1.0,1,Omni Channel,True,True,True
VT-F-99-010722,2025-01-15,11.0,1,Omni Channel,True,True,True
CT-F-99-020502,2025-01-16,10.0,1,Omni Channel,True,True,True
RS-F-99-070003,2025-01-16,150.0,1,Omni Channel,True,True,True
RS-F-99-070006,2025-01-16,150.0,1,Omni Channel,True,True,True
RS-F-99-070007,2025-01-16,150.0,1,Omni Channel,True,True,True
VT-F-99-010203,2025-01-16,16.0,1,Omni Channel,True,True,True
VT-F-99-010722,2025-01-16,12.0,1,Omni Channel,True,True,True
VT-F-99-010721,2025-01-16,1.0,1,Omni Channel,True,True,True
CT-F-99-020527,2025-01-17,3.0,1,Omni Channel,True,True,True
VT-F-99-010721,2025-01-17,1.0,1,Omni Channel,True,True,True
CT-F-99-020526,2025-01-17,3.0,1,Omni Channel,True,True,True
VT-F-99-010721,2025-01-17,1.0,1,Omni Channel,True,True,True
CT-F-99-020504,2025-01-17,3.0,1,Omni Channel,True,True,True
VT-F-99-010715,2025-01-17,1.0,1,Omni Channel,True,True,True
RS-F-99-070003,2025-01-20,3.0,1,Omni Channel,True,True,True
RS-F-99-010124,2025-01-21,2.0,1,Omni Channel,True,True,True
RS-F-99-130011,2025-01-21,2.0,1,Omni Channel,True,True,True
CT-F-99-020508,2025-01-21,3.0,1,Omni Channel,True,True,True
VT-F-99-010721,2025-01-21,1.0,1,Omni Channel,True,True,True
CT-F-99-020507,2025-01-21,3.0,1,Omni Channel,True,True,True
VT-F-99-010721,2025-01-21,1.0,1,Omni Channel,True,True,True
CT-F-99-020524,2025-01-21,3.0,1,Omni Channel,True,True,True
CT-F-99-020506,2025-01-21,2.0,1,Omni Channel,True,True,True
VT-F-99-010203,2025-01-21,2.0,1,Omni Channel,True,True,True
CT-F-99-020504,2025-01-21,3.0,1,Omni Channel,True,True,True
VT-F-99-010721,2025-01-21,1.0,1,Omni Channel,True,True,True
CT-F-99-020506,2025-01-21,3.0,1,Omni Channel,True,True,True
VT-F-99-010721,2025-01-21,1.0,1,Omni Channel,True,True,True
CT-F-99-020527,2025-01-21,6.0,1,Omni Channel,True,True,True
VT-F-99-010721,2025-01-21,2.0,1,Omni Channel,True,True,True
VT-F-99-010701,2025-01-22,1.0,1,Omni Channel,True,True,True
CT-F-99-020726,2025-01-22,3.0,1,Omni Channel,True,True,True
VT-F-99-010819,2025-01-22,1.0,1,Omni Channel,True,True,True
CT-F-99-020507,2025-01-22,3.0,1,Omni Channel,True,True,True
CT-F-99-020510,2025-01-22,3.0,1,Omni Channel,True,True,True
VT-F-99-010721,2025-01-22,2.0,1,Omni Channel,True,True,True
CT-F-99-020504,2025-01-22,3.0,1,Omni Channel,True,True,True
VT-F-99-010715,2025-01-22,1.0,1,Omni Channel,True,True,True
CT-F-99-020508,2025-01-22,3.0,1,Omni Channel,True,True,True
VT-F-99-010715,2025-01-22,1.0,1,Omni Channel,True,True,True
CT-F-99-020503,2025-01-22,3.0,1,Omni Channel,True,True,True
VT-F-99-010715,2025-01-22,1.0,1,Omni Channel,True,True,True
VT-F-99-010820,2025-01-23,1.0,1,Omni Channel,True,True,True
CT-F-99-020505,2025-01-23,3.0,1,Omni Channel,True,True,True
VT-F-99-010721,2025-01-23,1.0,1,Omni Channel,True,True,True
VT-F-99-010722,2025-02-03,12.0,1,Tendering,False,False,False
VT-F-99-010722,2025-02-03,11.0,1,Tendering,False,False,False
CT-F-99-020527,2025-01-24,3.0,1,Omni Channel,True,True,True
VT-F-99-010721,2025-01-24,1.0,1,Omni Channel,True,True,True
CT-F-99-020531,2025-01-24,3.0,1,Omni Channel,True,True,True
VT-F-99-010721,2025-01-24,1.0,1,Omni Channel,True,True,True
RS-F-99-041002,2025-01-24,48.0,2,Omni Channel,True,True,True
RS-F-99-041003,2025-01-24,9.0,1,Omni Channel,True,True,True
RS-F-99-041004,2025-01-24,30.0,1,Omni Channel,True,True,True
RS-F-99-041005,2025-01-24,24.0,1,Omni Channel,True,True,True
RS-F-99-041007,2025-01-24,4.0,1,Omni Channel,True,True,True
RS-F-99-041015,2025-01-24,12.0,1,Omni Channel,True,True,True
RS-F-99-041033,2025-01-24,18.0,2,Omni Channel,True,True,True
RS-F-99-041034,2025-01-24,60.0,3,Omni Channel,True,True,True
RS-F-99-070002,2025-01-24,48.0,1,Omni Channel,True,True,True
RS-F-99-070003,2025-01-24,72.0,1,Omni Channel,True,True,True
RS-F-99-070004,2025-01-24,130.0,2,Omni Channel,True,True,True
RS-F-99-070005,2025-01-24,24.0,1,Omni Channel,True,True,True
RS-F-99-070007,2025-01-24,102.0,1,Omni Channel,True,True,True
VT-F-99-010202,2025-01-24,8.0,2,Omni Channel,True,True,True
VT-F-99-010203,2025-01-24,2.0,1,Omni Channel,True,True,True
CT-F-99-020527,2025-01-24,3.0,1,Omni Channel,True,True,True
VT-F-99-010819,2025-01-24,1.0,1,Omni Channel,True,True,True
CT-F-99-020707,2025-01-27,3.0,1,Omni Channel,True,True,True
VT-F-99-010819,2025-01-27,1.0,1,Omni Channel,True,True,True
CT-F-99-020503,2025-01-27,3.0,1,Omni Channel,True,True,True
VT-F-99-010721,2025-01-27,1.0,1,Omni Channel,True,True,True
CT-F-99-020528,2025-01-27,3.0,1,Omni Channel,True,True,True
CT-F-99-020511,2025-01-27,3.0,1,Omni Channel,True,True,True
CT-F-99-020506,2025-01-27,3.0,1,Omni Channel,True,True,True
VT-F-99-010721,2025-01-27,1.0,1,Omni Channel,True,True,True
CT-F-99-020505,2025-01-28,3.0,1,Omni Channel,True,True,True
VT-F-99-010721,2025-01-28,1.0,1,Omni Channel,True,True,True
CT-F-99-020502,2025-01-28,3.0,1,Omni Channel,True,True,True
CT-F-99-020522,2025-01-28,3.0,1,Omni Channel,True,True,True
VT-F-99-010722,2025-01-28,3.0,1,Omni Channel,True,True,True
RS-F-99-090026,2025-01-28,42.0,1,Omni Channel,True,True,True
RS-F-99-090028,2025-01-28,48.0,1,Omni Channel,True,True,True
RS-F-99-090030,2025-01-28,12.0,1,Omni Channel,True,True,True
RS-F-99-090041,2025-01-28,3.0,1,Omni Channel,True,True,True
VT-F-99-010722,2025-01-29,3.0,1,Tendering,False,False,False
CT-F-99-020526,2025-01-29,3.0,1,Omni Channel,True,True,True
VT-F-99-010721,2025-01-29,1.0,1,Omni Channel,True,True,True
CT-F-99-020526,2025-01-29,3.0,1,Omni Channel,True,True,True
VT-F-99-010721,2025-01-29,1.0,1,Omni Channel,True,True,True
CT-F-99-020505,2025-01-30,3.0,1,Omni Channel,True,True,True
VT-F-99-010721,2025-01-30,1.0,1,Omni Channel,True,True,True
CT-F-99-020503,2025-01-30,2.0,1,Omni Channel,True,True,True
VT-F-99-010203,2025-01-30,2.0,1,Omni Channel,True,True,True
CT-F-99-020503,2025-01-31,3.0,1,Omni Channel,True,True,True
VT-F-99-010721,2025-01-31,1.0,1,Omni Channel,True,True,True
RS-F-99-090026,2025-01-31,4.0,1,Omni Channel,True,True,True
RS-F-99-090030,2025-01-31,4.0,1,Omni Channel,True,True,True
CT-F-99-020504,2025-02-03,2.0,1,Omni Channel,True,True,True
VT-F-99-010203,2025-02-03,2.0,1,Omni Channel,True,True,True
CT-F-99-020505,2025-02-03,3.0,1,Omni Channel,True,True,True
VT-F-99-010721,2025-02-03,1.0,1,Omni Channel,True,True,True
CT-F-99-020728,2025-02-03,3.0,1,Omni Channel,True,True,True
VT-F-99-010819,2025-02-03,1.0,1,Omni Channel,True,True,True
CT-F-99-020507,2025-02-04,3.0,1,Omni Channel,True,True,True
VT-F-99-010721,2025-02-04,1.0,1,Omni Channel,True,True,True
CT-F-99-020505,2025-02-04,2.0,1,Omni Channel,True,True,True
VT-F-99-010203,2025-02-04,2.0,1,Omni Channel,True,True,True
CT-F-99-020502,2025-02-04,2.0,1,Omni Channel,True,True,True
VT-F-99-010203,2025-02-04,2.0,1,Omni Channel,True,True,True
CT-F-99-020501,2025-01-23,3.0,1,Omni Channel,True,True,True
VT-F-99-010721,2025-01-23,1.0,1,Omni Channel,True,True,True
CT-F-99-020506,2025-02-04,3.0,1,Omni Channel,True,True,True
VT-F-99-010721,2025-02-04,1.0,1,Omni Channel,True,True,True
CT-F-99-020506,2025-02-05,3.0,1,Omni Channel,True,True,True
CT-F-99-020511,2025-02-05,1.0,1,Omni Channel,True,True,True
CT-F-99-020524,2025-02-06,1.0,1,Omni Channel,True,True,True
CT-F-99-020504,2025-02-06,3.0,1,Omni Channel,True,True,True
VT-F-99-010721,2025-02-06,1.0,1,Omni Channel,True,True,True
CT-F-99-020504,2025-02-06,10.0,1,Omni Channel,True,True,True
VT-F-99-010203,2025-02-06,10.0,1,Omni Channel,True,True,True
CT-F-99-020530,2025-02-06,3.0,1,Omni Channel,True,True,True
VT-F-99-010721,2025-02-06,1.0,1,Omni Channel,True,True,True
CT-F-99-020530,2025-02-06,3.0,1,Omni Channel,True,True,True
VT-F-99-010721,2025-02-06,1.0,1,Omni Channel,True,True,True
CT-F-99-020507,2025-02-07,3.0,1,Omni Channel,True,True,True
VT-F-99-010721,2025-02-07,1.0,1,Omni Channel,True,True,True
CT-F-99-020509,2025-02-07,3.0,1,Omni Channel,True,True,True
VT-F-99-010721,2025-02-07,1.0,1,Omni Channel,True,True,True
CT-F-99-020510,2025-02-07,3.0,1,Omni Channel,True,True,True
VT-F-99-010721,2025-02-07,1.0,1,Omni Channel,True,True,True
CT-F-99-020506,2025-02-10,3.0,1,Omni Channel,True,True,True
VT-F-99-010721,2025-02-10,1.0,1,Omni Channel,True,True,True
CT-F-99-020505,2025-02-10,3.0,1,Omni Channel,True,True,True
CT-F-99-020502,2025-02-10,10.0,1,Omni Channel,False,False,False
CT-F-99-020504,2025-02-10,3.0,1,Omni Channel,True,True,True
VT-F-99-010721,2025-02-10,1.0,1,Omni Channel,True,True,True
RS-F-99-070003,2025-02-10,12.0,1,Omni Channel,True,True,True
CT-F-99-020506,2025-02-11,3.0,1,Omni Channel,True,True,True
CT-F-99-020502,2025-02-11,2.0,1,Omni Channel,True,True,True
VT-F-99-010203,2025-02-11,2.0,1,Omni Channel,True,True,True
VT-F-99-010202,2025-02-11,5.0,1,Omni Channel,True,True,True
VT-F-99-010302,2025-02-11,5.0,1,Omni Channel,True,True,True
CT-F-99-020502,2025-02-11,2.0,1,Omni Channel,True,True,True
CT-F-99-020503,2025-02-11,4.0,1,Omni Channel,True,True,True
VT-F-99-010203,2025-02-11,6.0,1,Omni Channel,True,True,True
CT-F-99-020505,2025-02-11,3.0,1,Omni Channel,True,True,True
VT-F-99-010721,2025-02-11,1.0,1,Omni Channel,True,True,True
CT-F-99-020505,2025-02-11,3.0,1,Omni Channel,True,True,True
VT-F-99-010721,2025-02-11,1.0,1,Omni Channel,True,True,True
CT-F-99-020505,2025-02-11,3.0,1,Omni Channel,True,True,True
VT-F-99-010721,2025-02-11,1.0,1,Omni Channel,True,True,True
CT-F-99-020503,2025-02-11,2.0,1,Omni Channel,True,True,True
CT-F-99-020505,2025-02-11,8.0,1,Omni Channel,True,True,True
CT-F-99-020506,2025-02-11,2.0,1,Omni Channel,True,True,True
VT-F-99-010203,2025-02-11,12.0,1,Omni Channel,True,True,True
CT-F-99-020505,2025-02-11,3.0,1,Omni Channel,True,True,True
VT-F-99-010721,2025-02-11,1.0,1,Omni Channel,True,True,True
CT-F-99-020505,2025-02-11,3.0,1,Omni Channel,True,True,True
VT-F-99-010721,2025-02-11,1.0,1,Omni Channel,True,True,True
CT-F-99-020704,2025-02-11,3.0,1,Omni Channel,True,True,True
VT-F-99-010819,2025-02-11,1.0,1,Omni Channel,True,True,True
CT-F-99-020510,2025-02-13,3.0,1,Omni Channel,True,True,True
VT-F-99-010721,2025-02-13,1.0,1,Omni Channel,True,True,True
CT-F-99-020506,2025-02-13,1.0,1,Omni Channel,True,True,True
VT-F-99-010721,2025-02-13,1.0,1,Omni Channel,True,True,True
VT-F-99-010715,2025-02-14,2.0,1,Omni Channel,True,True,True
CT-F-99-020503,2025-02-14,2.0,1,Omni Channel,True,True,True
CT-F-99-020527,2025-02-14,3.0,1,Omni Channel,True,True,True
CT-F-99-020502,2025-02-14,3.0,1,Omni Channel,True,True,True
VT-F-99-010721,2025-02-14,1.0,1,Omni Channel,True,True,True
CT-F-99-020502,2025-02-14,3.0,1,Omni Channel,True,True,True
VT-F-99-010721,2025-02-14,1.0,1,Omni Channel,True,True,True
CT-F-99-020502,2025-02-17,3.0,1,Omni Channel,True,True,True
CT-F-99-020505,2025-02-17,3.0,1,Omni Channel,True,True,True
VT-F-99-010721,2025-02-17,1.0,1,Omni Channel,True,True,True
CT-F-99-020531,2025-02-17,3.0,1,Omni Channel,True,True,True
VT-F-99-010721,2025-02-17,1.0,1,Omni Channel,True,True,True
CT-F-99-020502,2025-02-17,10.0,1,Omni Channel,True,True,True
CT-F-99-020524,2025-02-18,3.0,1,Omni Channel,True,True,True
VT-F-99-010721,2025-02-18,1.0,1,Omni Channel,True,True,True
CT-F-99-020507,2025-02-18,2.0,1,Omni Channel,True,True,True
VT-F-99-010203,2025-02-18,2.0,1,Omni Channel,True,True,True
VT-F-99-010203,2025-02-18,2.0,1,Omni Channel,True,True,True
CT-F-99-020506,2025-02-18,3.0,1,Omni Channel,True,True,True
CT-F-99-020507,2025-02-18,3.0,1,Omni Channel,True,True,True
VT-F-99-010721,2025-02-18,2.0,1,Omni Channel,True,True,True
CT-F-99-020504,2025-02-18,3.0,1,Omni Channel,True,True,True
CT-F-99-020507,2025-02-19,3.0,1,Omni Channel,True,True,True
VT-F-99-010721,2025-02-19,1.0,1,Omni Channel,True,True,True
VT-F-99-010721,2025-02-19,1.0,1,Omni Channel,True,True,True
CT-F-99-020504,2025-02-19,3.0,1,Omni Channel,True,True,True
VT-F-99-010721,2025-02-19,1.0,1,Omni Channel,True,True,True
CT-F-99-020527,2025-02-20,3.0,1,Omni Channel,True,True,True
VT-F-99-010721,2025-02-20,1.0,1,Omni Channel,True,True,True
CT-F-99-020528,2025-02-20,3.0,1,Omni Channel,True,True,True
VT-F-99-010721,2025-02-20,1.0,1,Omni Channel,True,True,True
VT-F-99-010203,2025-02-21,2.0,1,Omni Channel,True,True,True
CT-F-99-020504,2025-02-21,3.0,1,Omni Channel,True,True,True
VT-F-99-010721,2025-02-21,1.0,1,Omni Channel,True,True,True
CT-F-99-020508,2025-02-21,3.0,1,Omni Channel,True,True,True
VT-F-99-010721,2025-02-21,1.0,1,Omni Channel,True,True,True
CT-F-99-020528,2025-02-24,3.0,1,Omni Channel,True,True,True
CT-F-99-020530,2025-02-24,6.0,1,Omni Channel,True,True,True
VT-F-99-010721,2025-02-24,3.0,1,Omni Channel,True,True,True
CT-F-99-020501,2025-02-25,2.0,1,Omni Channel,True,True,True
VT-F-99-010203,2025-02-25,2.0,1,Omni Channel,True,True,True
CT-F-99-020526,2025-02-25,3.0,1,Omni Channel,True,True,True
VT-F-99-010721,2025-02-25,1.0,1,Omni Channel,True,True,True
CT-F-99-020507,2025-02-25,3.0,1,Omni Channel,True,True,True
VT-F-99-010721,2025-02-25,1.0,1,Omni Channel,True,True,True
RS-F-99-100001,2025-02-25,3.0,1,Omni Channel,True,True,True
CT-F-99-020528,2025-02-25,3.0,1,Omni Channel,True,True,True
VT-F-99-010721,2025-02-25,1.0,1,Omni Channel,True,True,True
VT-F-99-010721,2025-02-25,1.0,1,Omni Channel,True,True,True
CT-F-99-020504,2025-02-26,3.0,1,Omni Channel,True,True,True
CT-F-99-020503,2025-02-26,3.0,1,Omni Channel,True,True,True
CT-F-99-020702,2025-02-26,3.0,1,Omni Channel,True,True,True
CT-F-99-020704,2025-02-26,6.0,1,Omni Channel,True,True,True
CT-F-99-020705,2025-02-26,3.0,1,Omni Channel,True,True,True
VT-F-99-010721,2025-02-26,1.0,1,Omni Channel,True,True,True
VT-F-99-010819,2025-02-26,4.0,1,Omni Channel,True,True,True
CT-F-99-020702,2025-02-26,3.0,1,Omni Channel,True,True,True
CT-F-99-020703,2025-02-26,3.0,1,Omni Channel,True,True,True
CT-F-99-020705,2025-02-26,3.0,1,Omni Channel,True,True,True
CT-F-99-020707,2025-02-26,3.0,1,Omni Channel,True,True,True
VT-F-99-010819,2025-02-26,4.0,1,Omni Channel,True,True,True
CT-F-99-020504,2025-02-26,7.0,3,Omni Channel,True,True,True
VT-F-99-010203,2025-02-26,4.0,2,Omni Channel,True,True,True
VT-F-99-010721,2025-02-26,1.0,1,Omni Channel,True,True,True
RS-F-99-070003,2025-02-26,300.0,1,Omni Channel,False,False,False
RS-F-99-070006,2025-02-26,300.0,1,Omni Channel,False,False,False
CT-F-99-020506,2025-02-27,3.0,1,Omni Channel,True,True,True
CT-F-99-020504,2025-02-27,6.0,3,Omni Channel,True,True,True
VT-F-99-010203,2025-02-27,6.0,3,Omni Channel,True,True,True
CT-F-99-020504,2025-02-27,4.0,2,Omni Channel,True,True,True
CT-F-99-020505,2025-02-27,2.0,1,Omni Channel,True,True,True
VT-F-99-010203,2025-02-27,4.0,2,Omni Channel,True,True,True
VT-F-99-010209,2025-02-27,2.0,1,Omni Channel,True,True,True
CT-F-99-020505,2025-02-27,3.0,1,Omni Channel,True,True,True
CT-F-99-020505,2025-02-27,3.0,1,Omni Channel,True,True,True
VT-F-99-010721,2025-02-27,1.0,1,Omni Channel,True,True,True
CT-F-99-020507,2025-02-28,3.0,1,Omni Channel,True,True,True
CT-F-99-020507,2025-02-28,3.0,1,Omni Channel,True,True,True
VT-F-99-010715,2025-02-28,1.0,1,Omni Channel,True,True,True
CT-F-99-020704,2025-03-03,3.0,1,Omni Channel,True,True,True
VT-F-99-010819,2025-03-03,1.0,1,Omni Channel,True,True,True
CT-F-99-020506,2025-03-03,3.0,1,Omni Channel,True,True,True
CT-F-99-020507,2025-03-03,3.0,1,Omni Channel,True,True,True
VT-F-99-010721,2025-03-03,1.0,1,Omni Channel,True,True,True
CT-F-99-020506,2025-03-03,3.0,1,Omni Channel,True,True,True
VT-F-99-010203,2025-03-03,1.0,1,Omni Channel,True,True,True
CT-F-99-020506,2025-03-04,3.0,1,Omni Channel,True,True,True
CT-F-99-020504,2025-03-04,3.0,1,Omni Channel,True,True,True
VT-F-99-010721,2025-03-04,1.0,1,Omni Channel,True,True,True
CT-F-99-020504,2025-03-04,3.0,1,Omni Channel,True,True,True
CT-F-99-020504,2025-03-04,3.0,1,Omni Channel,True,True,True
VT-F-99-010721,2025-03-04,1.0,1,Omni Channel,True,True,True
RS-F-99-090010,2025-03-05,3.0,1,Omni Channel,True,True,True
RS-F-99-090011,2025-03-05,6.0,1,Omni Channel,True,True,True
CT-F-99-020501,2025-03-05,2.0,1,Omni Channel,True,True,True
CT-F-99-020503,2025-03-05,2.0,1,Omni Channel,True,True,True
VT-F-99-010203,2025-03-05,4.0,1,Omni Channel,True,True,True
CT-F-99-020528,2025-03-06,3.0,1,Omni Channel,True,True,True
VT-F-99-010721,2025-03-06,1.0,1,Omni Channel,True,True,True
CT-F-99-020507,2025-03-06,3.0,1,Omni Channel,True,True,True
VT-F-99-010721,2025-03-06,1.0,1,Omni Channel,True,True,True
CT-F-99-020506,2025-03-06,3.0,1,Omni Channel,True,True,True
VT-F-99-010721,2025-03-06,1.0,1,Omni Channel,True,True,True
CT-F-99-020504,2025-03-06,3.0,1,Omni Channel,True,True,True
VT-F-99-010721,2025-03-06,1.0,1,Omni Channel,True,True,True
CT-F-99-020723,2025-03-06,3.0,1,Omni Channel,True,True,True
CT-F-99-020504,2025-03-06,3.0,1,Omni Channel,True,True,True
VT-F-99-010721,2025-03-06,1.0,1,Omni Channel,True,True,True
CT-F-99-020504,2025-03-06,3.0,1,Omni Channel,True,True,True
VT-F-99-010721,2025-03-06,1.0,1,Omni Channel,True,True,True
CT-F-99-020528,2025-03-06,3.0,1,Omni Channel,True,True,True
VT-F-99-010721,2025-03-06,1.0,1,Omni Channel,True,True,True
RS-F-99-041004,2025-03-07,12.0,1,Omni Channel,True,True,True
RS-F-99-041005,2025-03-07,12.0,1,Omni Channel,True,True,True
RS-F-99-041006,2025-03-07,12.0,1,Omni Channel,True,True,True
RS-F-99-041007,2025-03-07,15.0,2,Omni Channel,True,True,True
RS-F-99-041008,2025-03-07,12.0,2,Omni Channel,True,True,True
RS-F-99-041010,2025-03-07,18.0,2,Omni Channel,True,True,True
RS-F-99-041015,2025-03-07,24.0,2,Omni Channel,True,True,True
RS-F-99-041033,2025-03-07,48.0,2,Omni Channel,True,True,True
RS-F-99-041034,2025-03-07,30.0,2,Omni Channel,True,True,True
RS-F-99-070002,2025-03-07,150.0,1,Omni Channel,True,True,True
RS-F-99-070003,2025-03-07,30.0,1,Omni Channel,True,True,True
RS-F-99-070004,2025-03-07,120.0,2,Omni Channel,True,True,True
RS-F-99-070005,2025-03-07,21.0,1,Omni Channel,True,True,True
RS-F-99-070006,2025-03-07,30.0,1,Omni Channel,True,True,True
RS-F-99-070007,2025-03-07,120.0,1,Omni Channel,True,True,True
VT-F-99-010202,2025-03-07,6.0,1,Omni Channel,True,True,True
CT-F-99-020505,2025-03-07,2.0,1,Omni Channel,True,True,True
VT-F-99-010203,2025-03-07,2.0,1,Omni Channel,True,True,True
VT-F-99-010701,2025-03-10,1.0,1,Omni Channel,True,True,True
CT-F-99-020506,2025-03-10,3.0,1,Omni Channel,True,True,True
CT-F-99-020504,2025-03-10,3.0,1,Omni Channel,True,True,True
VT-F-99-010721,2025-03-10,1.0,1,Omni Channel,True,True,True
CT-F-99-020525,2025-03-10,3.0,1,Omni Channel,True,True,True
CT-F-99-020507,2025-03-10,6.0,1,Omni Channel,True,True,True
CT-F-99-020510,2025-03-10,3.0,1,Omni Channel,True,True,True
VT-F-99-010721,2025-03-10,3.0,1,Omni Channel,True,True,True
CT-F-99-020507,2025-03-10,3.0,1,Omni Channel,True,True,True
VT-F-99-010721,2025-03-10,1.0,1,Omni Channel,True,True,True
CT-F-99-020503,2025-03-10,3.0,1,Omni Channel,True,True,True
CT-F-99-020505,2025-03-10,3.0,1,Omni Channel,True,True,True
VT-F-99-010721,2025-03-10,1.0,1,Omni Channel,True,True,True
CT-F-99-020504,2025-03-10,3.0,1,Omni Channel,True,True,True
VT-F-99-010721,2025-03-10,1.0,1,Omni Channel,True,True,True
CT-F-99-020507,2025-03-11,3.0,1,Omni Channel,True,True,True
CT-F-99-020510,2025-02-14,3.0,1,Omni Channel,True,True,True
VT-F-99-010721,2025-02-14,1.0,1,Omni Channel,True,True,True
VT-F-99-010209,2025-03-11,1.0,1,Omni Channel,True,True,True
CT-F-99-020509,2025-03-12,4.0,1,Omni Channel,True,True,True
CT-F-99-020503,2025-03-12,3.0,1,Omni Channel,True,True,True
VT-F-99-010721,2025-03-12,1.0,1,Omni Channel,True,True,True
CT-F-99-020504,2025-03-13,2.0,1,Omni Channel,True,True,True
VT-F-99-010203,2025-03-13,2.0,1,Omni Channel,True,True,True
CT-F-99-020525,2025-03-13,3.0,1,Omni Channel,True,True,True
VT-F-99-010721,2025-03-13,1.0,1,Omni Channel,True,True,True
CT-F-99-020527,2025-03-13,3.0,1,Omni Channel,True,True,True
CT-F-99-020524,2025-03-13,3.0,1,Omni Channel,True,True,True
VT-F-99-010721,2025-03-13,1.0,1,Omni Channel,True,True,True
CT-F-99-020524,2025-03-13,3.0,1,Omni Channel,True,True,True
VT-F-99-010721,2025-03-13,1.0,1,Omni Channel,True,True,True
CT-F-99-020528,2025-03-13,3.0,1,Omni Channel,True,True,True
VT-F-99-010721,2025-03-13,1.0,1,Omni Channel,True,True,True
CT-F-99-020507,2025-03-13,3.0,1,Omni Channel,True,True,True
VT-F-99-010721,2025-03-13,1.0,1,Omni Channel,True,True,True
CT-F-99-020508,2025-03-14,2.0,1,Omni Channel,True,True,True
VT-F-99-010203,2025-03-14,2.0,1,Omni Channel,True,True,True
CT-F-99-020527,2025-03-17,3.0,1,Omni Channel,True,True,True
CT-F-99-020504,2025-03-17,2.0,1,Omni Channel,True,True,True
VT-F-99-010203,2025-03-17,2.0,1,Omni Channel,True,True,True
CT-F-99-020506,2025-03-18,3.0,1,Omni Channel,True,True,True
CT-F-99-020506,2025-03-18,3.0,1,Omni Channel,True,True,True
CT-F-99-020510,2025-03-18,1.0,1,Omni Channel,True,True,True
VT-F-99-010721,2025-03-18,1.0,1,Omni Channel,True,True,True
CT-F-99-020705,2025-03-18,3.0,1,Omni Channel,True,True,True
VT-F-99-010819,2025-03-18,1.0,1,Omni Channel,True,True,True
CT-F-99-020705,2025-03-18,2.0,1,Omni Channel,False,False,False
CT-F-99-020527,2025-03-18,3.0,1,Omni Channel,True,True,True
CT-F-99-020506,2025-03-19,3.0,1,Omni Channel,True,True,True
VT-F-99-010721,2025-03-19,1.0,1,Omni Channel,True,True,True
VT-F-99-010820,2025-03-19,1.0,1,Omni Channel,True,True,True
CT-F-99-020508,2025-03-19,6.0,1,Omni Channel,True,True,True
VT-F-99-010721,2025-03-19,2.0,1,Omni Channel,True,True,True
CT-F-99-020531,2025-03-19,3.0,1,Omni Channel,True,True,True
VT-F-99-010721,2025-03-19,1.0,1,Omni Channel,True,True,True
CT-F-99-020504,2025-03-20,3.0,1,Omni Channel,True,True,True
CT-F-99-020504,2025-03-20,3.0,1,Omni Channel,True,True,True
VT-F-99-010721,2025-03-20,1.0,1,Omni Channel,True,True,True
CT-F-99-020508,2025-03-20,3.0,1,Omni Channel,True,True,True
VT-F-99-010715,2025-03-20,1.0,1,Omni Channel,True,True,True
CT-F-99-020524,2025-03-20,3.0,1,Omni Channel,True,True,True
VT-F-99-010721,2025-03-20,1.0,1,Omni Channel,True,True,True
CT-F-99-020528,2025-03-20,3.0,1,Omni Channel,True,True,True
VT-F-99-010721,2025-03-20,1.0,1,Omni Channel,True,True,True
CT-F-99-020504,2025-03-20,3.0,1,Omni Channel,True,True,True
CT-F-99-020506,2025-03-20,3.0,1,Omni Channel,True,True,True
VT-F-99-010721,2025-03-20,1.0,1,Omni Channel,True,True,True
CT-F-99-020507,2025-03-20,3.0,1,Omni Channel,True,True,True
VT-F-99-010721,2025-03-20,1.0,1,Omni Channel,True,True,True
RS-F-99-090026,2025-03-20,4.0,1,Omni Channel,True,True,True
CT-F-99-020501,2025-03-21,3.0,1,Omni Channel,True,True,True
VT-F-99-010721,2025-03-21,1.0,1,Omni Channel,True,True,True
CT-F-99-020527,2025-03-21,3.0,1,Omni Channel,True,True,True
VT-F-99-010721,2025-03-21,1.0,1,Omni Channel,True,True,True
CT-F-99-020504,2025-03-24,2.0,1,Omni Channel,True,True,True
VT-F-99-010203,2025-03-24,2.0,1,Omni Channel,True,True,True
CT-F-99-020501,2025-03-24,100.0,2,Omni Channel,False,False,False
CT-F-99-020502,2025-03-24,10.0,1,Omni Channel,False,False,False
CT-F-99-020504,2025-03-24,4.0,1,Omni Channel,False,False,False
CT-F-99-020506,2025-03-24,4.0,1,Omni Channel,False,False,False
RS-F-99-070003,2025-03-24,300.0,1,Omni Channel,True,True,True
RS-F-99-070006,2025-03-24,300.0,1,Omni Channel,True,True,True
RS-F-99-010123,2025-03-24,4.0,1,Omni Channel,True,True,True
RS-F-99-010124,2025-03-24,2.0,1,Omni Channel,True,True,True
CT-F-99-020506,2025-03-24,3.0,1,Omni Channel,True,True,True
VT-F-99-010721,2025-03-24,1.0,1,Omni Channel,True,True,True
VT-F-99-010721,2025-03-25,1.0,1,Omni Channel,True,True,True
CT-F-99-020704,2025-03-25,2.0,1,Omni Channel,True,True,True
VT-F-99-010303,2025-03-25,2.0,1,Omni Channel,True,True,True
CT-F-99-020530,2025-03-26,3.0,1,Omni Channel,True,True,True
CT-F-99-020702,2025-03-26,2.0,1,Omni Channel,True,True,True
VT-F-99-010303,2025-03-26,2.0,1,Omni Channel,True,True,True
CT-F-99-020504,2025-03-26,3.0,1,Omni Channel,True,True,True
VT-F-99-010721,2025-03-26,1.0,1,Omni Channel,True,True,True
CT-F-99-020501,2025-03-26,3.0,1,Omni Channel,True,True,True
VT-F-99-010721,2025-03-26,1.0,1,Omni Channel,True,True,True
CT-F-99-020527,2025-03-26,3.0,1,Omni Channel,True,True,True
VT-F-99-010721,2025-03-26,1.0,1,Omni Channel,True,True,True
CT-F-99-020527,2025-03-26,3.0,1,Omni Channel,True,True,True
VT-F-99-010721,2025-03-26,1.0,1,Omni Channel,True,True,True
CT-F-99-020510,2025-03-27,3.0,1,Omni Channel,True,True,True
VT-F-99-010721,2025-03-27,1.0,1,Omni Channel,True,True,True
CT-F-99-020511,2025-03-27,3.0,1,Omni Channel,True,True,True
CT-F-99-020505,2025-03-28,3.0,1,Omni Channel,True,True,True
CT-F-99-020528,2025-03-28,3.0,1,Omni Channel,True,True,True
VT-F-99-010721,2025-03-28,1.0,1,Omni Channel,True,True,True
CT-F-99-020705,2025-03-31,2.0,1,Omni Channel,True,True,True
CT-F-99-020501,2025-03-31,100.0,1,Omni Channel,True,True,True
CT-F-99-020502,2025-03-31,10.0,1,Omni Channel,True,True,True
CT-F-99-020504,2025-03-31,4.0,1,Omni Channel,True,True,True
CT-F-99-020506,2025-03-31,4.0,1,Omni Channel,True,True,True
RS-F-99-070004,2025-03-31,30.0,1,Omni Channel,True,True,True
CT-F-99-020506,2025-03-31,3.0,1,Omni Channel,True,True,True
VT-F-99-010721,2025-03-31,1.0,1,Omni Channel,True,True,True
CT-F-99-020526,2025-03-31,3.0,1,Omni Channel,True,True,True
VT-F-99-010202,2025-03-31,1.0,1,Omni Channel,True,True,True
VT-F-99-010721,2025-03-31,1.0,1,Omni Channel,True,True,True
VT-F-99-010715,2024-11-11,1.0,1,Omni Channel,True,True,True
CT-F-99-020505,2025-04-01,8.0,1,Omni Channel,True,True,True
VT-F-99-010203,2025-04-01,8.0,1,Omni Channel,True,True,True
CT-F-99-020528,2025-04-01,3.0,1,Omni Channel,True,True,True
VT-F-99-010721,2025-04-01,1.0,1,Omni Channel,True,True,True
VT-F-99-010722,2025-04-01,2.0,1,Omni Channel,True,True,True
CT-F-99-020501,2025-04-01,4.0,1,Omni Channel,True,True,True
CT-F-99-020502,2025-04-01,2.0,1,Omni Channel,True,True,True
VT-F-99-010203,2025-04-01,6.0,1,Omni Channel,True,True,True
CT-F-99-020530,2025-04-02,3.0,1,Omni Channel,True,True,True
VT-F-99-010721,2025-04-02,1.0,1,Omni Channel,True,True,True
CT-F-99-020507,2025-04-02,3.0,1,Omni Channel,True,True,True
VT-F-99-010721,2025-04-02,1.0,1,Omni Channel,True,True,True
CT-F-99-020506,2025-04-02,3.0,1,Omni Channel,True,True,True
VT-F-99-010721,2025-04-02,1.0,1,Omni Channel,True,True,True
CT-F-99-020506,2025-04-02,2.0,1,Omni Channel,True,True,True
VT-F-99-010303,2025-04-02,2.0,1,Omni Channel,True,True,True
CT-F-99-020505,2025-04-02,3.0,1,Omni Channel,True,True,True
VT-F-99-010721,2025-04-02,1.0,1,Omni Channel,True,True,True
CT-F-99-020506,2025-04-02,2.0,1,Omni Channel,True,True,True
VT-F-99-010203,2025-04-02,2.0,1,Omni Channel,True,True,True
VT-F-99-010722,2025-04-02,1.0,1,Omni Channel,True,True,True
RS-F-99-090011,2025-04-03,3.0,1,Omni Channel,True,True,True
CT-F-99-020528,2025-04-03,3.0,1,Omni Channel,True,True,True
VT-F-99-010721,2025-04-03,1.0,1,Omni Channel,True,True,True
CT-F-99-020506,2025-04-03,3.0,1,Omni Channel,True,True,True
CT-F-99-020502,2025-04-03,2.0,1,Omni Channel,True,True,True
VT-F-99-010203,2025-04-03,2.0,1,Omni Channel,True,True,True
CT-F-99-020502,2025-04-03,2.0,1,Omni Channel,True,True,True
VT-F-99-010203,2025-04-03,2.0,1,Omni Channel,True,True,True
CT-F-99-020531,2025-04-04,3.0,1,Omni Channel,True,True,True
CT-F-99-020504,2025-04-04,3.0,1,Omni Channel,True,True,True
VT-F-99-010721,2025-04-04,1.0,1,Omni Channel,True,True,True
VT-F-99-010203,2025-04-04,1.0,1,Omni Channel,True,True,True
CT-F-99-020505,2025-04-04,3.0,1,Omni Channel,True,True,True
CT-F-99-020527,2025-04-04,3.0,1,Omni Channel,True,True,True
VT-F-99-010721,2025-04-04,1.0,1,Omni Channel,True,True,True
CT-F-99-020524,2025-04-04,3.0,1,Omni Channel,True,True,True
VT-F-99-010721,2025-04-04,1.0,1,Omni Channel,True,True,True
CT-F-99-020524,2025-04-04,3.0,1,Omni Channel,True,True,True
VT-F-99-010721,2025-04-04,1.0,1,Omni Channel,True,True,True
CT-F-99-020528,2025-04-07,3.0,1,Omni Channel,True,True,True
VT-F-99-010721,2025-04-07,1.0,1,Omni Channel,True,True,True
VT-F-99-010721,2025-04-08,1.0,1,Omni Channel,True,True,True
CT-F-99-020701,2025-04-08,2.0,1,Omni Channel,False,False,False
CT-F-99-020503,2025-04-08,3.0,1,Omni Channel,True,True,True
VT-F-99-010721,2025-04-08,1.0,1,Omni Channel,True,True,True
RS-F-99-100001,2025-04-08,3.0,1,Omni Channel,True,True,True
CT-F-99-020704,2025-04-09,2.0,1,Omni Channel,True,True,True
VT-F-99-010303,2025-04-09,2.0,1,Omni Channel,True,True,True
CT-F-99-020504,2025-04-09,3.0,1,Omni Channel,True,True,True
CT-F-99-020508,2025-04-09,2.0,1,Omni Channel,True,True,True
VT-F-99-010203,2025-04-09,2.0,1,Omni Channel,True,True,True
RS-F-99-120002,2025-04-10,2.0,1,Omni Channel,True,True,True
CT-F-99-020505,2025-04-10,3.0,1,Omni Channel,True,True,True
RS-F-99-010122,2025-04-10,2.0,1,Omni Channel,True,True,True
RS-F-99-010123,2025-04-10,2.0,1,Omni Channel,True,True,True
RS-F-99-010128,2025-04-10,6.0,1,Omni Channel,True,True,True
RS-F-99-010129,2025-04-10,8.0,1,Omni Channel,True,True,True
CT-F-99-020510,2025-04-11,3.0,1,Omni Channel,True,True,True
RS-F-99-050023,2025-04-11,3.0,1,Omni Channel,True,True,True
VT-F-99-010202,2025-04-11,1.0,1,Omni Channel,True,True,True
VT-F-99-010721,2025-04-11,1.0,1,Omni Channel,True,True,True
CT-F-99-020504,2025-04-11,3.0,1,Omni Channel,True,True,True
VT-F-99-010721,2025-04-11,1.0,1,Omni Channel,True,True,True
CT-F-99-020506,2025-04-11,3.0,1,Omni Channel,True,True,True
VT-F-99-010721,2025-04-11,1.0,1,Omni Channel,True,True,True
CT-F-99-020504,2025-04-17,3.0,1,Omni Channel,False,False,False
VT-F-99-010721,2025-04-17,1.0,1,Omni Channel,False,False,False
CT-F-99-020506,2025-04-18,3.0,1,Omni Channel,True,True,True
VT-F-99-010721,2025-04-18,1.0,1,Omni Channel,True,True,True
CT-F-99-020504,2025-04-18,3.0,1,Omni Channel,True,True,True
VT-F-99-010721,2025-04-18,1.0,1,Omni Channel,True,True,True
CT-F-99-020528,2025-04-18,3.0,1,Omni Channel,True,True,True
VT-F-99-010721,2025-04-18,1.0,1,Omni Channel,True,True,True
CT-F-99-020707,2025-04-21,3.0,1,Omni Channel,True,True,True
VT-F-99-010819,2025-04-21,1.0,1,Omni Channel,True,True,True
CT-F-99-020505,2025-04-21,3.0,1,Omni Channel,True,True,True
VT-F-99-010721,2025-04-21,1.0,1,Omni Channel,True,True,True
CT-F-99-020504,2025-04-21,1.0,1,Omni Channel,True,True,True
VT-F-99-010721,2025-04-21,1.0,1,Omni Channel,True,True,True
CT-F-99-020703,2025-04-21,3.0,1,Omni Channel,True,True,True
VT-F-99-010819,2025-04-21,1.0,1,Omni Channel,True,True,True
CT-F-99-020508,2025-04-21,2.0,1,Omni Channel,True,True,True
CT-F-99-020511,2025-04-21,8.0,1,Omni Channel,True,True,True
VT-F-99-010203,2025-04-21,10.0,1,Omni Channel,True,True,True
CT-F-99-020510,2025-04-21,2.0,1,Omni Channel,True,True,True
VT-F-99-010203,2025-04-21,2.0,1,Omni Channel,True,True,True
CT-F-99-020508,2025-04-21,4.0,1,Omni Channel,True,True,True
CT-F-99-020511,2025-04-21,2.0,1,Omni Channel,True,True,True
VT-F-99-010203,2025-04-21,6.0,1,Omni Channel,True,True,True
CT-F-99-020508,2025-04-21,4.0,1,Omni Channel,True,True,True
CT-F-99-020511,2025-04-21,6.0,1,Omni Channel,True,True,True
VT-F-99-010203,2025-04-21,10.0,1,Omni Channel,True,True,True
CT-F-99-020701,2025-04-21,2.0,1,Omni Channel,True,True,True
CT-F-99-020504,2025-04-22,3.0,1,Omni Channel,True,True,True
CT-F-99-020505,2025-04-22,3.0,1,Omni Channel,True,True,True
CT-F-99-020506,2025-04-22,6.0,1,Omni Channel,True,True,True
CT-F-99-020528,2025-04-22,1.0,1,Omni Channel,True,True,True
CT-F-99-020526,2025-04-22,3.0,1,Omni Channel,True,True,True
VT-F-99-010721,2025-04-22,1.0,1,Omni Channel,True,True,True
CT-F-99-020501,2025-04-23,2.0,1,Omni Channel,True,True,True
VT-F-99-010203,2025-04-23,2.0,1,Omni Channel,True,True,True
CT-F-99-020504,2025-04-23,3.0,1,Omni Channel,True,True,True
VT-F-99-010721,2025-04-23,1.0,1,Omni Channel,True,True,True
CT-F-99-020528,2025-04-23,3.0,1,Omni Channel,True,True,True
CT-F-99-020508,2025-04-23,3.0,1,Omni Channel,True,True,True
VT-F-99-010721,2025-04-23,1.0,1,Omni Channel,True,True,True
CT-F-99-020530,2025-04-23,3.0,1,Omni Channel,True,True,True
CT-F-99-020502,2025-04-23,3.0,1,Omni Channel,True,True,True
VT-F-99-010721,2025-04-23,1.0,1,Omni Channel,True,True,True
CT-F-99-020530,2025-04-23,3.0,1,Omni Channel,True,True,True
VT-F-99-010721,2025-04-23,1.0,1,Omni Channel,True,True,True
CT-F-99-020530,2025-04-23,3.0,1,Omni Channel,True,True,True
VT-F-99-010721,2025-04-23,1.0,1,Omni Channel,True,True,True
CT-F-99-020510,2025-04-23,2.0,1,Omni Channel,True,True,True
VT-F-99-010203,2025-04-23,2.0,1,Omni Channel,True,True,True
RS-F-99-010122,2025-04-24,2.0,1,Omni Channel,True,True,True
RS-F-99-010123,2025-04-24,8.0,1,Omni Channel,True,True,True
RS-F-99-010127,2025-04-24,2.0,1,Omni Channel,True,True,True
RS-F-99-010128,2025-04-24,2.0,1,Omni Channel,True,True,True
RS-F-99-010129,2025-04-24,2.0,1,Omni Channel,True,True,True
CT-F-99-020508,2025-04-24,4.0,1,Omni Channel,True,True,True
CT-F-99-020511,2025-04-24,4.0,1,Omni Channel,True,True,True
VT-F-99-010203,2025-04-24,8.0,1,Omni Channel,True,True,True
CT-F-99-020507,2025-04-24,3.0,1,Omni Channel,True,True,True
CT-F-99-020506,2025-04-24,3.0,1,Omni Channel,True,True,True
CT-F-99-020526,2025-04-24,3.0,1,Omni Channel,True,True,True
CT-F-99-020504,2025-04-25,2.0,1,Omni Channel,False,False,False
CT-F-99-020503,2025-04-28,1.0,1,Omni Channel,True,True,True
VT-F-99-010203,2025-04-28,1.0,1,Omni Channel,True,True,True
CT-F-99-020504,2025-04-28,3.0,1,Omni Channel,True,True,True
VT-F-99-010721,2025-04-28,1.0,1,Omni Channel,True,True,True
CT-F-99-020503,2025-04-28,2.0,1,Omni Channel,True,True,True
VT-F-99-010203,2025-04-28,2.0,1,Omni Channel,True,True,True
CT-F-99-020703,2025-04-28,2.0,1,Omni Channel,True,True,True
VT-F-99-010303,2025-04-28,2.0,1,Omni Channel,True,True,True
CT-F-99-020502,2025-04-28,2.0,1,Omni Channel,True,True,True
VT-F-99-010203,2025-04-28,2.0,1,Omni Channel,True,True,True
CT-F-99-020702,2025-04-28,2.0,1,Omni Channel,True,True,True
VT-F-99-010303,2025-04-28,2.0,1,Omni Channel,True,True,True
CT-F-99-020504,2025-04-28,3.0,1,Omni Channel,True,True,True
VT-F-99-010721,2025-04-28,1.0,1,Omni Channel,True,True,True
CT-F-99-020528,2025-04-29,2.0,1,Omni Channel,True,True,True
VT-F-99-010721,2025-04-29,1.0,1,Omni Channel,True,True,True
CT-F-99-020501,2025-04-29,2.0,1,Omni Channel,True,True,True
VT-F-99-010203,2025-04-29,2.0,1,Omni Channel,True,True,True
CT-F-99-020506,2025-04-29,3.0,1,Omni Channel,True,True,True
CT-F-99-020535,2025-04-29,1.0,1,Omni Channel,True,True,True
VT-F-99-010721,2025-04-29,1.0,1,Omni Channel,True,True,True
CT-F-99-020507,2025-04-29,3.0,1,Omni Channel,True,True,True
VT-F-99-010721,2025-04-29,1.0,1,Omni Channel,True,True,True
CT-F-99-020504,2025-04-29,3.0,1,Omni Channel,True,True,True
VT-F-99-010721,2025-04-29,1.0,1,Omni Channel,True,True,True
VT-F-99-010202,2025-04-29,1.0,1,Omni Channel,True,True,True
CT-F-99-020526,2025-04-30,3.0,1,Omni Channel,True,True,True
VT-F-99-010721,2025-04-30,1.0,1,Omni Channel,True,True,True
CT-F-99-020511,2025-04-30,2.0,1,Omni Channel,True,True,True
VT-F-99-010203,2025-04-30,2.0,1,Omni Channel,True,True,True
CT-F-99-020528,2025-05-02,1.0,1,Omni Channel,True,True,True
CT-F-99-020504,2025-05-06,3.0,1,Omni Channel,True,True,True
VT-F-99-010721,2025-05-06,1.0,1,Omni Channel,True,True,True
CT-F-99-020501,2025-05-06,5.0,1,Omni Channel,True,True,True
CT-F-99-020502,2025-05-06,5.0,1,Omni Channel,True,True,True
CT-F-99-020503,2025-05-06,5.0,1,Omni Channel,True,True,True
CT-F-99-020504,2025-05-06,5.0,1,Omni Channel,True,True,True
CT-F-99-020528,2025-05-06,3.0,1,Omni Channel,True,True,True
VT-F-99-010721,2025-05-06,1.0,1,Omni Channel,True,True,True
CT-F-99-020505,2025-05-07,3.0,1,Omni Channel,True,True,True
VT-F-99-010721,2025-05-07,1.0,1,Omni Channel,True,True,True
CT-F-99-020505,2025-05-07,2.0,1,Omni Channel,True,True,True
VT-F-99-010203,2025-05-07,2.0,1,Omni Channel,True,True,True
CT-F-99-020507,2025-05-07,3.0,1,Omni Channel,True,True,True
VT-F-99-010721,2025-05-07,1.0,1,Omni Channel,True,True,True
CT-F-99-020504,2025-05-07,2.0,1,Omni Channel,True,True,True
CT-F-99-020506,2025-05-07,2.0,1,Omni Channel,True,True,True
VT-F-99-010203,2025-05-07,2.0,1,Omni Channel,True,True,True
CT-F-99-020504,2025-05-07,3.0,1,Omni Channel,True,True,True
VT-F-99-010721,2025-05-07,1.0,1,Omni Channel,True,True,True
CT-F-99-020502,2025-05-07,3.0,1,Omni Channel,True,True,True
VT-F-99-010721,2025-05-07,1.0,1,Omni Channel,True,True,True
CT-F-99-020507,2025-05-07,3.0,1,Omni Channel,True,True,True
VT-F-99-010721,2025-05-07,1.0,1,Omni Channel,True,True,True
CT-F-99-020505,2025-05-07,3.0,1,Omni Channel,True,True,True
VT-F-99-010721,2025-05-07,1.0,1,Omni Channel,True,True,True
CT-F-99-020508,2025-05-08,2.0,1,Omni Channel,True,True,True
CT-F-99-020511,2025-05-08,8.0,1,Omni Channel,True,True,True
VT-F-99-010203,2025-05-08,10.0,1,Omni Channel,True,True,True
CT-F-99-020706,2025-05-08,3.0,1,Omni Channel,True,True,True
VT-F-99-010819,2025-05-08,1.0,1,Omni Channel,True,True,True
CT-F-99-020507,2025-05-08,3.0,1,Omni Channel,True,True,True
VT-F-99-010721,2025-05-08,1.0,1,Omni Channel,True,True,True
RS-F-99-070003,2025-05-09,3.0,1,Omni Channel,True,True,True
RS-F-99-041006,2025-05-09,12.0,1,Omni Channel,True,True,True
RS-F-99-070005,2025-05-09,12.0,1,Omni Channel,True,True,True
RS-F-99-070006,2025-05-09,30.0,1,Omni Channel,True,True,True
RS-F-99-070003,2025-05-13,3.0,1,Omni Channel,True,True,True
RS-F-99-070006,2025-05-13,15.0,1,Omni Channel,True,True,True
CT-F-99-020511,2025-05-13,2.0,1,Omni Channel,False,False,False
VT-F-99-010203,2025-05-13,2.0,1,Omni Channel,False,False,False
CT-F-99-020704,2025-05-13,2.0,1,Omni Channel,True,True,True
VT-F-99-010303,2025-05-13,2.0,1,Omni Channel,True,True,True
CT-F-99-020503,2025-05-13,4.0,1,Omni Channel,True,True,True
VT-F-99-010203,2025-05-13,4.0,1,Omni Channel,True,True,True
CT-F-99-020511,2025-05-13,2.0,1,Omni Channel,True,True,True
VT-F-99-010203,2025-05-13,2.0,1,Omni Channel,True,True,True
CT-F-99-020508,2025-05-13,2.0,1,Omni Channel,True,True,True
CT-F-99-020502,2025-05-14,3.0,1,Omni Channel,True,True,True
VT-F-99-010721,2025-05-14,1.0,1,Omni Channel,True,True,True
CT-F-99-020506,2025-05-14,411.0,1,Tendering,False,False,False
CT-F-99-020507,2025-05-14,287.0,1,Tendering,False,False,False
CT-F-99-020701,2025-05-14,556.0,1,Tendering,False,False,False
CT-F-99-020702,2025-05-14,265.0,1,Tendering,False,False,False
CT-F-99-020703,2025-05-14,107.0,1,Tendering,False,False,False
CT-F-99-020706,2025-05-14,30.0,1,Tendering,False,False,False
CT-F-99-020707,2025-05-14,18.0,1,Tendering,False,False,False
CT-F-99-020708,2025-05-14,52.0,1,Tendering,False,False,False
CT-F-99-020709,2025-05-14,2.0,1,Tendering,False,False,False
CT-F-99-020710,2025-05-14,8.0,1,Tendering,False,False,False
CT-F-99-020508,2025-05-14,3.0,1,Omni Channel,True,True,True
CT-F-99-020507,2025-05-14,3.0,1,Omni Channel,True,True,True
VT-F-99-010715,2025-05-14,1.0,1,Omni Channel,True,True,True
CT-F-99-020504,2025-05-14,3.0,1,Omni Channel,True,True,True
CT-F-99-020501,2025-05-14,3.0,1,Omni Channel,True,True,True
VT-F-99-010721,2025-05-14,1.0,1,Omni Channel,True,True,True
CT-F-99-020508,2025-05-15,2.0,1,Tendering,False,False,False
CT-F-99-020511,2025-05-15,16.0,1,Tendering,False,False,False
VT-F-99-010203,2025-05-15,18.0,1,Tendering,False,False,False
CT-F-99-020530,2025-05-15,3.0,1,Omni Channel,True,True,True
VT-F-99-010721,2025-05-15,1.0,1,Omni Channel,True,True,True
CT-F-99-020510,2025-05-15,2.0,1,Omni Channel,True,True,True
CT-F-99-020511,2025-05-15,6.0,1,Omni Channel,True,True,True
VT-F-99-010203,2025-05-15,8.0,1,Omni Channel,True,True,True
CT-F-99-020508,2025-05-15,2.0,1,Omni Channel,True,True,True
CT-F-99-020511,2025-05-15,16.0,1,Omni Channel,True,True,True
VT-F-99-010203,2025-05-15,18.0,1,Omni Channel,True,True,True
CT-F-99-020504,2025-05-15,3.0,1,Omni Channel,True,True,True
VT-F-99-010721,2025-05-15,1.0,1,Omni Channel,True,True,True
CT-F-99-020504,2025-05-16,2.0,1,Omni Channel,True,True,True
CT-F-99-020505,2025-05-16,4.0,1,Omni Channel,True,True,True
VT-F-99-010203,2025-05-16,6.0,1,Omni Channel,True,True,True
CT-F-99-020508,2025-05-16,2.0,1,Omni Channel,True,True,True
VT-F-99-010203,2025-05-16,2.0,1,Omni Channel,True,True,True
CT-F-99-020510,2025-05-16,2.0,1,Omni Channel,True,True,True
CT-F-99-020525,2025-05-16,3.0,1,Omni Channel,True,True,True
VT-F-99-010721,2025-05-16,1.0,1,Omni Channel,True,True,True
CT-F-99-020527,2025-05-16,3.0,1,Omni Channel,True,True,True
CT-F-99-020524,2025-05-16,3.0,1,Omni Channel,False,False,False
CT-F-99-020726,2025-05-19,3.0,1,Omni Channel,True,True,True
VT-F-99-010819,2025-05-19,1.0,1,Omni Channel,True,True,True
CT-F-99-020508,2025-05-19,3.0,1,Omni Channel,True,True,True
VT-F-99-010721,2025-05-19,1.0,1,Omni Channel,True,True,True
CT-F-99-020501,2025-05-19,100.0,2,Omni Channel,False,False,False
CT-F-99-020502,2025-05-19,20.0,1,Omni Channel,False,False,False
CT-F-99-020503,2025-05-19,10.0,1,Omni Channel,False,False,False
CT-F-99-020504,2025-05-19,4.0,1,Omni Channel,False,False,False
CT-F-99-020505,2025-05-19,4.0,1,Omni Channel,False,False,False
CT-F-99-020514,2025-05-19,10.0,1,Omni Channel,False,False,False
RS-F-99-070003,2025-05-19,300.0,2,Omni Channel,False,False,False
RS-F-99-070006,2025-05-19,300.0,1,Omni Channel,False,False,False
VT-F-99-010203,2025-05-19,100.0,3,Omni Channel,False,False,False
RS-F-99-090011,2025-05-19,3.0,1,Omni Channel,True,True,True
CT-F-99-020703,2025-05-19,3.0,1,Omni Channel,True,True,True
VT-F-99-010818,2025-05-19,1.0,1,Omni Channel,True,True,True
CT-F-99-020510,2025-05-19,3.0,1,Omni Channel,True,True,True
VT-F-99-010721,2025-05-19,1.0,1,Omni Channel,True,True,True
CT-F-99-020505,2025-05-19,3.0,1,Omni Channel,True,True,True
VT-F-99-010721,2025-05-19,1.0,1,Omni Channel,True,True,True
CT-F-99-020506,2025-05-20,3.0,1,Omni Channel,True,True,True
VT-F-99-010721,2025-05-20,1.0,1,Omni Channel,True,True,True
CT-F-99-020504,2025-05-20,3.0,1,Omni Channel,True,True,True
VT-F-99-010721,2025-05-20,1.0,1,Omni Channel,True,True,True
RS-F-99-090027,2025-05-20,3.0,1,Omni Channel,True,True,True
CT-F-99-020526,2025-05-20,1.0,1,Omni Channel,True,True,True
CT-F-99-020510,2025-05-21,3.0,1,Omni Channel,True,True,True
VT-F-99-010721,2025-05-21,1.0,1,Omni Channel,True,True,True
CT-F-99-020508,2025-05-21,3.0,1,Omni Channel,True,True,True
VT-F-99-010721,2025-05-21,1.0,1,Omni Channel,True,True,True
RS-F-99-041005,2025-05-21,6.0,1,Omni Channel,True,True,True
RS-F-99-041033,2025-05-21,15.0,1,Omni Channel,True,True,True
RS-F-99-070005,2025-05-21,24.0,1,Omni Channel,True,True,True
CT-F-99-020528,2025-05-22,3.0,1,Omni Channel,True,True,True
VT-F-99-010721,2025-05-22,1.0,1,Omni Channel,True,True,True
CT-F-99-020528,2025-05-22,3.0,1,Omni Channel,True,True,True
VT-F-99-010721,2025-05-22,1.0,1,Omni Channel,True,True,True
CT-F-99-020507,2025-05-22,3.0,1,Omni Channel,True,True,True
VT-F-99-010721,2025-05-22,1.0,1,Omni Channel,True,True,True
CT-F-99-020506,2025-05-22,411.0,1,Tendering,True,True,True
CT-F-99-020507,2025-05-22,287.0,1,Tendering,True,True,True
CT-F-99-020701,2025-05-22,556.0,1,Tendering,True,True,True
CT-F-99-020702,2025-05-22,265.0,1,Tendering,True,True,True
CT-F-99-020703,2025-05-22,107.0,1,Tendering,True,True,True
CT-F-99-020706,2025-05-22,30.0,1,Tendering,True,True,True
CT-F-99-020707,2025-05-22,18.0,1,Tendering,True,True,True
CT-F-99-020708,2025-05-22,52.0,1,Tendering,True,True,True
CT-F-99-020709,2025-05-22,2.0,1,Tendering,True,True,True
CT-F-99-020710,2025-05-22,8.0,1,Tendering,True,True,True
CT-F-99-020510,2025-05-22,3.0,1,Omni Channel,True,True,True
VT-F-99-010721,2025-05-22,1.0,1,Omni Channel,True,True,True
CT-F-99-020503,2025-05-23,3.0,1,Omni Channel,True,True,True
VT-F-99-010721,2025-05-23,1.0,1,Omni Channel,True,True,True
CT-F-99-020506,2025-05-23,3.0,1,Omni Channel,True,True,True
VT-F-99-010721,2025-05-23,1.0,1,Omni Channel,True,True,True
CT-F-99-020502,2025-05-23,12.0,1,Omni Channel,True,True,True
VT-F-99-010721,2025-05-23,4.0,1,Omni Channel,False,False,False
CT-F-99-020501,2025-05-26,100.0,2,Omni Channel,True,True,True
CT-F-99-020502,2025-05-26,20.0,1,Omni Channel,True,True,True
CT-F-99-020503,2025-05-26,10.0,1,Omni Channel,True,True,True
CT-F-99-020504,2025-05-26,4.0,1,Omni Channel,True,True,True
CT-F-99-020505,2025-05-26,4.0,1,Omni Channel,True,True,True
CT-F-99-020514,2025-05-26,10.0,1,Omni Channel,True,True,True
RS-F-99-070003,2025-05-26,300.0,1,Omni Channel,True,True,True
RS-F-99-070006,2025-05-26,300.0,1,Omni Channel,True,True,True
VT-F-99-010203,2025-05-26,100.0,3,Omni Channel,True,True,True
CT-F-99-020526,2025-05-27,3.0,1,Omni Channel,True,True,True
CT-F-99-020527,2025-05-27,3.0,1,Omni Channel,True,True,True
VT-F-99-010721,2025-05-27,2.0,1,Omni Channel,True,True,True
RS-F-99-070006,2025-05-27,300.0,2,Omni Channel,False,False,False
VT-F-99-010721,2025-05-27,1.0,1,Omni Channel,True,True,True
VT-F-99-010202,2025-05-27,2.0,1,Omni Channel,True,True,True
CT-F-99-020504,2025-05-27,3.0,1,Omni Channel,True,True,True
VT-F-99-010721,2025-05-27,1.0,1,Omni Channel,True,True,True
VT-F-99-010820,2025-05-27,7.0,1,Omni Channel,True,True,True
CT-F-99-020703,2025-05-28,2.0,1,Omni Channel,True,True,True
VT-F-99-010303,2025-05-28,2.0,1,Omni Channel,True,True,True
CT-F-99-020701,2025-05-28,4.0,1,Omni Channel,True,True,True
CT-F-99-020702,2025-05-28,2.0,1,Omni Channel,True,True,True
VT-F-99-010303,2025-05-28,6.0,1,Omni Channel,True,True,True
CT-F-99-020507,2025-05-28,3.0,1,Omni Channel,True,True,True
VT-F-99-010721,2025-05-28,1.0,1,Omni Channel,True,True,True
CT-F-99-020505,2025-05-28,3.0,1,Omni Channel,True,True,True
CT-F-99-020506,2025-05-28,18.0,1,Omni Channel,True,True,True
CT-F-99-020704,2025-05-28,3.0,1,Omni Channel,True,True,True
CT-F-99-020705,2025-05-28,3.0,1,Omni Channel,True,True,True
VT-F-99-010721,2025-05-28,6.0,1,Omni Channel,True,True,True
VT-F-99-010819,2025-05-28,2.0,1,Omni Channel,True,True,True
CT-F-99-020510,2025-05-29,2.0,1,Omni Channel,True,True,True
CT-F-99-020511,2025-05-29,2.0,1,Omni Channel,True,True,True
VT-F-99-010203,2025-05-29,4.0,1,Omni Channel,True,True,True
RS-F-99-010124,2025-05-29,2.0,1,Omni Channel,True,True,True
VT-F-99-010722,2025-05-29,2.0,1,Omni Channel,True,True,True
CT-F-99-020501,2025-05-30,2.0,1,Omni Channel,True,True,True
CT-F-99-020502,2025-05-30,2.0,1,Omni Channel,True,True,True
VT-F-99-010203,2025-05-30,4.0,2,Omni Channel,True,True,True
CT-F-99-020528,2025-05-30,3.0,1,Omni Channel,True,True,True
VT-F-99-010721,2025-05-30,1.0,1,Omni Channel,True,True,True
CT-F-99-020503,2025-05-30,2.0,1,Omni Channel,True,True,True
VT-F-99-010203,2025-05-30,2.0,1,Omni Channel,True,True,True
VT-F-99-010820,2025-05-30,7.0,1,Omni Channel,False,False,False
CT-F-99-020524,2025-05-30,3.0,1,Omni Channel,True,True,True
VT-F-99-010721,2025-05-30,1.0,1,Omni Channel,True,True,True
CT-F-99-020504,2025-05-30,3.0,1,Omni Channel,True,True,True
VT-F-99-010721,2025-05-30,1.0,1,Omni Channel,True,True,True
CT-F-99-020511,2025-05-30,2.0,1,Omni Channel,True,True,True
CT-F-99-020525,2025-06-02,3.0,1,Omni Channel,True,True,True
VT-F-99-010721,2025-06-02,1.0,1,Omni Channel,True,True,True
CT-F-99-020513,2025-06-02,9.0,1,Omni Channel,True,True,True
CT-F-99-020532,2025-06-02,3.0,1,Omni Channel,True,True,True
VT-F-99-010721,2025-06-02,1.0,1,Omni Channel,True,True,True
CT-F-99-020528,2025-06-02,3.0,1,Omni Channel,True,True,True
VT-F-99-010721,2025-06-02,1.0,1,Omni Channel,True,True,True
VT-F-99-010302,2025-06-02,9.0,1,Tendering,False,False,False
CT-F-99-020702,2025-06-04,2.0,1,Omni Channel,True,True,True
VT-F-99-010303,2025-06-04,2.0,1,Omni Channel,True,True,True
CT-F-99-020506,2025-06-04,3.0,1,Omni Channel,True,True,True
VT-F-99-010715,2025-06-04,1.0,1,Omni Channel,True,True,True
CT-F-99-020525,2025-06-04,3.0,1,Omni Channel,True,True,True
CT-F-99-020506,2025-06-04,3.0,1,Omni Channel,True,True,True
CT-F-99-020508,2025-06-04,3.0,1,Omni Channel,True,True,True
VT-F-99-010721,2025-06-04,1.0,1,Omni Channel,True,True,True
VT-F-99-010303,2025-06-05,2.0,1,Omni Channel,True,True,True
CT-F-99-020502,2025-06-05,9.0,1,Omni Channel,True,True,True
VT-F-99-010721,2025-06-05,3.0,1,Omni Channel,True,True,True
CT-F-99-020502,2025-06-05,6.0,1,Omni Channel,True,True,True
CT-F-99-020702,2025-06-05,3.0,1,Omni Channel,True,True,True
VT-F-99-010721,2025-06-05,2.0,1,Omni Channel,True,True,True
VT-F-99-010819,2025-06-05,1.0,1,Omni Channel,True,True,True
CT-F-99-020702,2025-06-05,6.0,1,Omni Channel,True,True,True
VT-F-99-010819,2025-06-05,2.0,1,Omni Channel,True,True,True
VT-F-99-010202,2025-06-05,17.0,1,Tendering,True,True,True
VT-F-99-010302,2025-06-05,9.0,1,Tendering,True,True,True
RS-F-99-070006,2025-06-05,300.0,1,Omni Channel,True,True,True
CT-F-99-020504,2025-06-05,3.0,1,Omni Channel,True,True,True
VT-F-99-010715,2025-06-05,1.0,1,Omni Channel,True,True,True
CT-F-99-020504,2025-06-06,4.0,1,Omni Channel,False,False,False
CT-F-99-020505,2025-06-06,4.0,1,Omni Channel,False,False,False
RS-F-99-070006,2025-06-06,300.0,1,Omni Channel,False,False,False
CT-F-99-020706,2025-06-06,3.0,1,Omni Channel,True,True,True
VT-F-99-010819,2025-06-06,1.0,1,Omni Channel,True,True,True
CT-F-99-020503,2025-06-09,3.0,1,Omni Channel,True,True,True
VT-F-99-010715,2025-06-09,1.0,1,Omni Channel,True,True,True
CT-F-99-020709,2025-06-09,3.0,1,Omni Channel,True,True,True
CT-F-99-020508,2025-06-09,3.0,1,Omni Channel,True,True,True
CT-F-99-020510,2025-06-09,3.0,1,Omni Channel,False,False,False
VT-F-99-010721,2025-06-09,1.0,1,Omni Channel,False,False,False
CT-F-99-020507,2025-06-09,3.0,1,Omni Channel,True,True,True
VT-F-99-010721,2025-06-09,1.0,1,Omni Channel,True,True,True
CT-F-99-020508,2025-06-09,3.0,1,Omni Channel,True,True,True
VT-F-99-010721,2025-06-09,1.0,1,Omni Channel,True,True,True
CT-F-99-020506,2025-06-09,1.0,1,Omni Channel,True,True,True
VT-F-99-010722,2025-06-10,1.0,1,Omni Channel,True,True,True
CT-F-99-020506,2025-06-10,3.0,1,Omni Channel,True,True,True
VT-F-99-010721,2025-06-10,1.0,1,Omni Channel,True,True,True
CT-F-99-020527,2025-06-10,2.0,1,Omni Channel,True,True,True
CT-F-99-020527,2025-06-10,3.0,1,Omni Channel,True,True,True
RS-F-99-010129,2025-06-10,2.0,1,Omni Channel,True,True,True
CT-F-99-020506,2025-06-10,2.0,1,Omni Channel,True,True,True
VT-F-99-010209,2025-06-10,2.0,1,Omni Channel,True,True,True
CT-F-99-020505,2025-06-10,3.0,1,Omni Channel,True,True,True
VT-F-99-010721,2025-06-10,1.0,1,Omni Channel,True,True,True
RS-F-99-041010,2025-06-11,6.0,1,Omni Channel,True,True,True
RS-F-99-070002,2025-06-11,60.0,1,Omni Channel,True,True,True
RS-F-99-070003,2025-06-11,60.0,1,Omni Channel,True,True,True
RS-F-99-070005,2025-06-11,30.0,1,Omni Channel,True,True,True
CT-F-99-020504,2025-06-11,4.0,1,Omni Channel,True,True,True
CT-F-99-020505,2025-06-11,4.0,1,Omni Channel,True,True,True
RS-F-99-070006,2025-06-11,300.0,1,Omni Channel,True,True,True
VT-F-99-010721,2025-06-11,1.0,1,Omni Channel,True,True,True
VT-F-99-010722,2025-06-11,1.0,1,Omni Channel,True,True,True
CT-F-99-020506,2025-06-12,3.0,1,Omni Channel,True,True,True
CT-F-99-020530,2025-06-12,3.0,1,Omni Channel,True,True,True
VT-F-99-010721,2025-06-12,1.0,1,Omni Channel,True,True,True
CT-F-99-020722,2025-06-12,3.0,1,Omni Channel,True,True,True
VT-F-99-010819,2025-06-12,1.0,1,Omni Channel,True,True,True
VT-F-99-010819,2025-06-12,1.0,1,Omni Channel,True,True,True
CT-F-99-020526,2025-06-13,6.0,1,Omni Channel,True,True,True
VT-F-99-010721,2025-06-13,2.0,1,Omni Channel,True,True,True
RS-F-99-100001,2025-06-16,6.0,1,Omni Channel,True,True,True
VT-F-99-010721,2025-06-16,1.0,1,Omni Channel,True,True,True
CT-F-99-020504,2025-06-16,3.0,1,Omni Channel,True,True,True
VT-F-99-010721,2025-06-16,1.0,1,Omni Channel,True,True,True
CT-F-99-020507,2025-06-16,3.0,1,Omni Channel,True,True,True
VT-F-99-010721,2025-06-16,1.0,1,Omni Channel,True,True,True
CT-F-99-020503,2025-06-16,3.0,1,Omni Channel,True,True,True
VT-F-99-010721,2025-06-16,1.0,1,Omni Channel,True,True,True
CT-F-99-020506,2025-06-16,2.0,1,Omni Channel,True,True,True
CT-F-99-020510,2025-06-17,3.0,1,Omni Channel,True,True,True
VT-F-99-010721,2025-06-17,1.0,1,Omni Channel,True,True,True
CT-F-99-020524,2025-06-17,3.0,1,Omni Channel,True,True,True
VT-F-99-010721,2025-06-17,1.0,1,Omni Channel,True,True,True
CT-F-99-020504,2025-06-18,3.0,1,Omni Channel,True,True,True
CT-F-99-020504,2025-06-18,3.0,1,Omni Channel,True,True,True
VT-F-99-010721,2025-06-18,1.0,1,Omni Channel,True,True,True
CT-F-99-020725,2025-06-18,3.0,1,Omni Channel,True,True,True
VT-F-99-010819,2025-06-18,1.0,1,Omni Channel,True,True,True
CT-F-99-020505,2025-06-20,3.0,1,Omni Channel,True,True,True
VT-F-99-010721,2025-06-20,1.0,1,Omni Channel,True,True,True
CT-F-99-020527,2025-06-20,3.0,1,Omni Channel,True,True,True
CT-F-99-020511,2025-06-23,2.0,1,Omni Channel,True,True,True
VT-F-99-010203,2025-06-23,2.0,1,Omni Channel,True,True,True
CT-F-99-020511,2025-06-23,2.0,1,Omni Channel,True,True,True
VT-F-99-010203,2025-06-23,2.0,1,Omni Channel,True,True,True
CT-F-99-020506,2025-06-24,3.0,1,Omni Channel,True,True,True
VT-F-99-010715,2025-06-24,1.0,1,Omni Channel,True,True,True
CT-F-99-020508,2025-06-24,2.0,1,Omni Channel,True,True,True
VT-F-99-010203,2025-06-24,2.0,1,Omni Channel,True,True,True
RS-F-99-041006,2025-06-25,2.0,1,Omni Channel,True,True,True
RS-F-99-120006,2025-06-25,2.0,1,Omni Channel,True,True,True
CT-F-99-020505,2025-06-25,2.0,1,Omni Channel,True,True,True
CT-F-99-020511,2025-06-25,3.0,1,Omni Channel,True,True,True
VT-F-99-010721,2025-06-25,1.0,1,Omni Channel,True,True,True
CT-F-99-020709,2025-06-25,3.0,1,Omni Channel,True,True,True
VT-F-99-010819,2025-06-25,1.0,1,Omni Channel,True,True,True
VT-F-99-010721,2025-06-25,1.0,1,Omni Channel,True,True,True
CT-F-99-020506,2025-06-25,2.0,1,Omni Channel,True,True,True
VT-F-99-010203,2025-06-25,2.0,1,Omni Channel,True,True,True
VT-F-99-010203,2025-06-26,1.0,1,Omni Channel,True,True,True
RS-F-99-090026,2025-06-26,12.0,1,Omni Channel,True,True,True
CT-F-99-020528,2025-06-27,3.0,1,Omni Channel,True,True,True
VT-F-99-010721,2025-06-27,1.0,1,Omni Channel,True,True,True
CT-F-99-020527,2025-06-27,3.0,1,Omni Channel,True,True,True
CT-F-99-020504,2025-06-30,2.0,1,Omni Channel,True,True,True
VT-F-99-010203,2025-06-30,2.0,1,Omni Channel,True,True,True
VT-F-99-010715,2025-06-30,1.0,1,Omni Channel,True,True,True
VT-F-99-010721,2025-07-01,1.0,1,Omni Channel,True,True,True
VT-F-99-010701,2025-07-01,1.0,1,Omni Channel,True,True,True
CT-F-99-020508,2025-07-01,3.0,1,Omni Channel,True,True,True
VT-F-99-010721,2025-07-01,1.0,1,Omni Channel,True,True,True
CT-F-99-020502,2025-07-01,3.0,1,Omni Channel,True,True,True
VT-F-99-010721,2025-07-01,1.0,1,Omni Channel,True,True,True
VT-F-99-010203,2025-07-02,2.0,1,Omni Channel,True,True,True
CT-F-99-020507,2025-07-02,3.0,1,Omni Channel,True,True,True
CT-F-99-020509,2025-07-02,3.0,1,Omni Channel,True,True,True
VT-F-99-010721,2025-07-02,2.0,1,Omni Channel,True,True,True
CT-F-99-020528,2025-07-03,3.0,1,Omni Channel,True,True,True
VT-F-99-010721,2025-07-03,1.0,1,Omni Channel,True,True,True
CT-F-99-020524,2025-07-03,3.0,1,Omni Channel,True,True,True
VT-F-99-010721,2025-07-03,1.0,1,Omni Channel,True,True,True
CT-F-99-020506,2025-07-03,3.0,1,Omni Channel,True,True,True
VT-F-99-010721,2025-07-03,1.0,1,Omni Channel,True,True,True
CT-F-99-020526,2025-07-03,1.0,1,Omni Channel,True,True,True
CT-F-99-020508,2025-07-04,3.0,1,Omni Channel,True,True,True
VT-F-99-010721,2025-07-04,1.0,1,Omni Channel,True,True,True
CT-F-99-020528,2025-07-04,2.0,1,Omni Channel,True,True,True
CT-F-99-020527,2025-07-04,3.0,1,Omni Channel,True,True,True
CT-F-99-020506,2025-07-04,3.0,1,Omni Channel,True,True,True
VT-F-99-010721,2025-07-04,1.0,1,Omni Channel,True,True,True
CT-F-99-020506,2025-07-04,3.0,1,Omni Channel,True,True,True
VT-F-99-010721,2025-07-04,1.0,1,Omni Channel,True,True,True
RS-F-99-100001,2025-07-07,3.0,1,Omni Channel,True,True,True
CT-F-99-020507,2025-07-07,3.0,1,Omni Channel,True,True,True
VT-F-99-010721,2025-07-07,1.0,1,Omni Channel,True,True,True
CT-F-99-020530,2025-07-07,3.0,1,Omni Channel,True,True,True
VT-F-99-010721,2025-07-07,1.0,1,Omni Channel,True,True,True
CT-F-99-020505,2025-07-07,3.0,1,Omni Channel,True,True,True
VT-F-99-010721,2025-07-07,1.0,1,Omni Channel,True,True,True
VT-F-99-010701,2025-07-07,1.0,1,Omni Channel,True,True,True
CT-F-99-020506,2025-07-08,3.0,1,Omni Channel,True,True,True
VT-F-99-010715,2025-07-08,1.0,1,Omni Channel,True,True,True
RS-F-99-070004,2025-07-08,6.0,1,Omni Channel,False,False,False
VT-F-99-010203,2025-07-08,16.0,1,Omni Channel,True,True,True
CT-F-99-020531,2025-07-09,3.0,1,Omni Channel,True,True,True
CT-F-99-020722,2025-07-14,3.0,1,Omni Channel,True,True,True
VT-F-99-010819,2025-07-14,1.0,1,Omni Channel,True,True,True
CT-F-99-020508,2025-06-24,2.0,1,Omni Channel,True,True,True
VT-F-99-010209,2025-06-24,2.0,1,Omni Channel,True,True,True
CT-F-99-020703,2025-07-14,3.0,1,Omni Channel,True,True,True
VT-F-99-010819,2025-07-14,1.0,1,Omni Channel,True,True,True
CT-F-99-020504,2025-07-14,3.0,1,Omni Channel,True,True,True
VT-F-99-010721,2025-07-14,1.0,1,Omni Channel,True,True,True
CT-F-99-020507,2025-07-14,3.0,1,Omni Channel,True,True,True
VT-F-99-010721,2025-07-14,1.0,1,Omni Channel,True,True,True
CT-F-99-020504,2025-07-14,4.0,2,Omni Channel,True,True,True
VT-F-99-010203,2025-07-14,4.0,2,Omni Channel,True,True,True
CT-F-99-020507,2025-07-14,3.0,1,Omni Channel,True,True,True
VT-F-99-010721,2025-07-14,1.0,1,Omni Channel,True,True,True
CT-F-99-020526,2025-07-15,3.0,1,Omni Channel,True,True,True
VT-F-99-010721,2025-07-15,1.0,1,Omni Channel,True,True,True
CT-F-99-020528,2025-07-15,3.0,1,Omni Channel,True,True,True
VT-F-99-010721,2025-07-15,1.0,1,Omni Channel,True,True,True
CT-F-99-020506,2025-07-15,3.0,1,Omni Channel,True,True,True
CT-F-99-020507,2025-07-15,3.0,1,Omni Channel,True,True,True
VT-F-99-010721,2025-07-15,1.0,1,Omni Channel,True,True,True
CT-F-99-020503,2025-07-15,2.0,1,Omni Channel,True,True,True
VT-F-99-010203,2025-07-15,2.0,1,Omni Channel,True,True,True
CT-F-99-020506,2025-07-15,3.0,1,Omni Channel,True,True,True
VT-F-99-010721,2025-07-15,1.0,1,Omni Channel,True,True,True
VT-F-99-010820,2025-07-15,24.0,1,Omni Channel,True,True,True
CT-F-99-020505,2025-07-16,3.0,1,Omni Channel,True,True,True
VT-F-99-010721,2025-07-16,1.0,1,Omni Channel,True,True,True
CT-F-99-020505,2025-07-16,3.0,1,Omni Channel,True,True,True
VT-F-99-010721,2025-07-16,1.0,1,Omni Channel,True,True,True
CT-F-99-020508,2025-07-16,3.0,1,Omni Channel,True,True,True
CT-F-99-020506,2025-07-16,3.0,1,Omni Channel,True,True,True
CT-F-99-020507,2025-07-17,4.0,1,Omni Channel,True,True,True
RS-F-99-070002,2025-07-17,240.0,2,Omni Channel,True,True,True
RS-F-99-070007,2025-07-17,300.0,2,Omni Channel,True,True,True
CT-F-99-020507,2025-07-17,3.0,1,Omni Channel,True,True,True
VT-F-99-010721,2025-07-17,1.0,1,Omni Channel,True,True,True
RS-F-99-010123,2025-07-17,2.0,1,Omni Channel,True,True,True
CT-F-99-020504,2025-07-17,3.0,1,Omni Channel,True,True,True
VT-F-99-010721,2025-07-17,1.0,1,Omni Channel,True,True,True
CT-F-99-020504,2025-07-17,4.0,1,Omni Channel,True,True,True
VT-F-99-010203,2025-07-17,4.0,1,Omni Channel,True,True,True
CT-F-99-020531,2025-07-18,3.0,1,Omni Channel,True,True,True
VT-F-99-010721,2025-07-18,1.0,1,Omni Channel,True,True,True
VT-F-99-010722,2025-07-18,12.0,1,Omni Channel,False,False,False
CT-F-99-020527,2025-07-18,3.0,1,Omni Channel,True,True,True
VT-F-99-010721,2025-07-21,1.0,1,Omni Channel,True,True,True
CT-F-99-020510,2025-07-21,4.0,1,Omni Channel,True,True,True
CT-F-99-020505,2025-07-21,3.0,1,Omni Channel,True,True,True
VT-F-99-010721,2025-07-21,1.0,1,Omni Channel,True,True,True
CT-F-99-020506,2025-07-21,3.0,1,Omni Channel,True,True,True
CT-F-99-020505,2025-07-22,3.0,1,Omni Channel,True,True,True
VT-F-99-010721,2025-07-22,1.0,1,Omni Channel,True,True,True
VT-F-99-010701,2025-07-22,1.0,1,Omni Channel,True,True,True
CT-F-99-020705,2025-07-22,3.0,1,Omni Channel,True,True,True
VT-F-99-010818,2025-07-22,1.0,1,Omni Channel,True,True,True
CT-F-99-020510,2025-07-22,1.0,1,Omni Channel,True,True,True
VT-F-99-010721,2025-07-22,1.0,1,Omni Channel,True,True,True
CT-F-99-020707,2025-07-22,3.0,1,Omni Channel,True,True,True
VT-F-99-010819,2025-07-22,1.0,1,Omni Channel,True,True,True
CT-F-99-020504,2025-07-22,3.0,1,Omni Channel,True,True,True
VT-F-99-010721,2025-07-22,1.0,1,Omni Channel,True,True,True
CT-F-99-020505,2025-07-22,3.0,1,Omni Channel,True,True,True
VT-F-99-010721,2025-07-22,1.0,1,Omni Channel,True,True,True
CT-F-99-020532,2025-07-22,3.0,1,Omni Channel,True,True,True
CT-F-99-020503,2025-07-23,3.0,1,Omni Channel,True,True,True
VT-F-99-010721,2025-07-23,1.0,1,Omni Channel,True,True,True
CT-F-99-020510,2025-07-23,3.0,1,Omni Channel,True,True,True
CT-F-99-020527,2025-07-24,3.0,1,Omni Channel,True,True,True
VT-F-99-010721,2025-07-24,1.0,1,Omni Channel,True,True,True
CT-F-99-020524,2025-07-24,3.0,1,Omni Channel,True,True,True
VT-F-99-010203,2025-07-24,1.0,1,Omni Channel,True,True,True
CT-F-99-020705,2025-07-25,3.0,1,Omni Channel,True,True,True
VT-F-99-010819,2025-07-25,1.0,1,Omni Channel,True,True,True
CT-F-99-020507,2025-07-29,4.0,1,Tendering,False,False,False
CT-F-99-020508,2025-07-29,2.0,1,Tendering,False,False,False
CT-F-99-020510,2025-07-29,4.0,1,Tendering,False,False,False
CT-F-99-020512,2025-07-29,30.0,1,Tendering,False,False,False
VT-F-99-010203,2025-07-29,148.0,1,Tendering,False,False,False
CT-F-99-020528,2025-07-29,3.0,1,Omni Channel,True,True,True
VT-F-99-010721,2025-07-29,1.0,1,Omni Channel,True,True,True
CT-F-99-020530,2025-07-29,3.0,1,Omni Channel,True,True,True
VT-F-99-010721,2025-07-29,1.0,1,Omni Channel,True,True,True
CT-F-99-020530,2025-07-29,3.0,1,Omni Channel,True,True,True
VT-F-99-010721,2025-07-29,1.0,1,Omni Channel,True,True,True
CT-F-99-020507,2025-07-29,3.0,1,Omni Channel,True,True,True
VT-F-99-010721,2025-07-29,1.0,1,Omni Channel,True,True,True
VT-F-99-010721,2025-07-29,1.0,1,Omni Channel,True,True,True
CT-F-99-020505,2025-07-29,2.0,1,Omni Channel,True,True,True
VT-F-99-010203,2025-07-29,2.0,1,Omni Channel,True,True,True
CT-F-99-020503,2025-07-30,2.0,1,Omni Channel,True,True,True
VT-F-99-010203,2025-07-30,2.0,1,Omni Channel,True,True,True
CT-F-99-020528,2025-07-30,3.0,1,Omni Channel,True,True,True
VT-F-99-010721,2025-07-30,1.0,1,Omni Channel,True,True,True
VT-F-99-010722,2025-07-30,2.0,1,Omni Channel,False,False,False
VT-F-99-010701,2025-07-31,1.0,1,Omni Channel,True,True,True
CT-F-99-020507,2025-07-31,2.0,1,Omni Channel,True,True,True
CT-F-99-020505,2025-07-31,2.0,1,Omni Channel,True,True,True
VT-F-99-010203,2025-07-31,2.0,1,Omni Channel,True,True,True
CT-F-99-020501,2025-08-01,8.0,1,Omni Channel,True,True,True
CT-F-99-020502,2025-08-01,6.0,1,Omni Channel,True,True,True
VT-F-99-010203,2025-08-01,14.0,2,Omni Channel,True,True,True
CT-F-99-020504,2025-08-01,3.0,1,Omni Channel,True,True,True
VT-F-99-010715,2025-08-01,1.0,1,Omni Channel,True,True,True
CT-F-99-020506,2025-08-01,3.0,1,Omni Channel,True,True,True
CT-F-99-020730,2025-08-04,3.0,1,Omni Channel,True,True,True
VT-F-99-010819,2025-08-04,1.0,1,Omni Channel,True,True,True
CT-F-99-020505,2025-08-04,3.0,1,Omni Channel,True,True,True
VT-F-99-010721,2025-08-04,1.0,1,Omni Channel,True,True,True
VT-F-99-010303,2025-08-04,1.0,1,Omni Channel,True,True,True
VT-F-99-010202,2025-08-04,1.0,1,Omni Channel,True,True,True
VT-F-99-010721,2025-08-04,1.0,1,Omni Channel,True,True,True
CT-F-99-020504,2025-08-04,3.0,1,Omni Channel,True,True,True
VT-F-99-010721,2025-08-04,1.0,1,Omni Channel,True,True,True
CT-F-99-020504,2025-08-04,3.0,1,Omni Channel,True,True,True
VT-F-99-010721,2025-08-04,1.0,1,Omni Channel,True,True,True
CT-F-99-020503,2025-08-04,3.0,1,Omni Channel,True,True,True
VT-F-99-010721,2025-08-04,1.0,1,Omni Channel,True,True,True
CT-F-99-020504,2025-08-05,3.0,1,Omni Channel,True,True,True
VT-F-99-010721,2025-08-05,1.0,1,Omni Channel,True,True,True
CT-F-99-020502,2025-08-05,3.0,1,Omni Channel,True,True,True
VT-F-99-010721,2025-08-05,1.0,1,Omni Channel,True,True,True
CT-F-99-020503,2025-08-05,3.0,1,Omni Channel,True,True,True
VT-F-99-010721,2025-08-05,1.0,1,Omni Channel,True,True,True
CT-F-99-020503,2025-08-05,3.0,1,Omni Channel,True,True,True
VT-F-99-010721,2025-08-05,1.0,1,Omni Channel,True,True,True
CT-F-99-020501,2025-08-05,3.0,1,Omni Channel,True,True,True
VT-F-99-010721,2025-08-05,1.0,1,Omni Channel,True,True,True
CT-F-99-020502,2025-08-05,3.0,1,Omni Channel,True,True,True
VT-F-99-010721,2025-08-05,1.0,1,Omni Channel,True,True,True
CT-F-99-020502,2025-08-05,3.0,1,Omni Channel,True,True,True
VT-F-99-010721,2025-08-05,1.0,1,Omni Channel,True,True,True
CT-F-99-020502,2025-08-05,3.0,1,Omni Channel,True,True,True
VT-F-99-010721,2025-08-05,1.0,1,Omni Channel,True,True,True
CT-F-99-020505,2025-08-05,3.0,1,Omni Channel,True,True,True
VT-F-99-010721,2025-08-05,1.0,1,Omni Channel,True,True,True
CT-F-99-020501,2025-08-05,3.0,1,Omni Channel,True,True,True
VT-F-99-010721,2025-08-05,1.0,1,Omni Channel,True,True,True
CT-F-99-020504,2025-08-05,3.0,1,Omni Channel,True,True,True
VT-F-99-010721,2025-08-05,1.0,1,Omni Channel,True,True,True
CT-F-99-020503,2025-08-05,3.0,1,Omni Channel,True,True,True
VT-F-99-010721,2025-08-05,1.0,1,Omni Channel,True,True,True
CT-F-99-020502,2025-08-05,3.0,1,Omni Channel,True,True,True
VT-F-99-010721,2025-08-05,1.0,1,Omni Channel,True,True,True
CT-F-99-020502,2025-08-05,3.0,1,Omni Channel,True,True,True
CT-F-99-020504,2025-08-05,3.0,1,Omni Channel,True,True,True
VT-F-99-010721,2025-08-05,2.0,1,Omni Channel,True,True,True
CT-F-99-020502,2025-08-05,9.0,1,Omni Channel,True,True,True
CT-F-99-020503,2025-08-05,6.0,1,Omni Channel,True,True,True
VT-F-99-010721,2025-08-05,5.0,1,Omni Channel,True,True,True
CT-F-99-020502,2025-08-06,2.0,1,Omni Channel,True,True,True
VT-F-99-010203,2025-08-06,2.0,1,Omni Channel,True,True,True
CT-F-99-020504,2025-08-06,9.0,1,Omni Channel,True,True,True
VT-F-99-010721,2025-08-06,3.0,1,Omni Channel,True,True,True
RS-F-99-070002,2025-08-06,60.0,1,Omni Channel,True,True,True
RS-F-99-070003,2025-08-06,60.0,1,Omni Channel,True,True,True
RS-F-99-070004,2025-08-06,60.0,1,Omni Channel,True,True,True
RS-F-99-070005,2025-08-06,30.0,1,Omni Channel,True,True,True
RS-F-99-070006,2025-08-06,30.0,1,Omni Channel,True,True,True
RS-F-99-070007,2025-08-06,60.0,1,Omni Channel,True,True,True
VT-F-99-010202,2025-08-06,15.0,1,Omni Channel,True,True,True
VT-F-99-010721,2025-08-06,5.0,1,Omni Channel,True,True,True
CT-F-99-020506,2025-08-06,3.0,1,Omni Channel,True,True,True
VT-F-99-010721,2025-08-06,1.0,1,Omni Channel,True,True,True
CT-F-99-020510,2025-08-07,3.0,1,Omni Channel,True,True,True
CT-F-99-020504,2025-08-07,3.0,1,Omni Channel,True,True,True
VT-F-99-010721,2025-08-07,1.0,1,Omni Channel,True,True,True
CT-F-99-020506,2025-08-07,3.0,1,Omni Channel,True,True,True
VT-F-99-010721,2025-08-07,1.0,1,Omni Channel,True,True,True
CT-F-99-020502,2025-08-07,20.0,1,Omni Channel,True,True,True
CT-F-99-020503,2025-08-07,20.0,1,Omni Channel,True,True,True
CT-F-99-020504,2025-08-07,10.0,1,Omni Channel,True,True,True
CT-F-99-020505,2025-08-07,10.0,1,Omni Channel,True,True,True
CT-F-99-020506,2025-08-07,8.0,1,Omni Channel,True,True,True
CT-F-99-020514,2025-08-07,20.0,1,Omni Channel,True,True,True
CT-F-99-020503,2025-08-07,3.0,1,Omni Channel,True,True,True
VT-F-99-010721,2025-08-07,1.0,1,Omni Channel,True,True,True
CT-F-99-020507,2025-08-08,3.0,1,Omni Channel,True,True,True
CT-F-99-020504,2025-08-08,3.0,1,Omni Channel,True,True,True
VT-F-99-010721,2025-08-08,1.0,1,Omni Channel,True,True,True
CT-F-99-020510,2025-08-08,3.0,1,Omni Channel,True,True,True
CT-F-99-020507,2025-08-11,4.0,1,Omni Channel,True,True,True
CT-F-99-020508,2025-08-11,2.0,1,Omni Channel,True,True,True
CT-F-99-020510,2025-08-11,4.0,1,Omni Channel,True,True,True
CT-F-99-020512,2025-08-11,30.0,1,Omni Channel,True,True,True
VT-F-99-010203,2025-08-11,148.0,1,Omni Channel,True,True,True
CT-F-99-020510,2025-08-11,3.0,1,Omni Channel,True,True,True
VT-F-99-010721,2025-08-11,1.0,1,Omni Channel,True,True,True
CT-F-99-020527,2025-08-11,1.0,1,Omni Channel,True,True,True
CT-F-99-020506,2025-08-13,3.0,1,Omni Channel,True,True,True
VT-F-99-010721,2025-08-13,1.0,1,Omni Channel,True,True,True
CT-F-99-020703,2025-08-14,3.0,1,Omni Channel,True,True,True
VT-F-99-010818,2025-08-14,1.0,1,Omni Channel,True,True,True
CT-F-99-020506,2025-08-14,3.0,1,Omni Channel,True,True,True
CT-F-99-020703,2025-08-14,3.0,1,Omni Channel,True,True,True
VT-F-99-010819,2025-08-14,1.0,1,Omni Channel,True,True,True
CT-F-99-020507,2025-08-14,3.0,1,Omni Channel,True,True,True
VT-F-99-010721,2025-08-14,1.0,1,Omni Channel,True,True,True
CT-F-99-020504,2025-08-15,2.0,1,Omni Channel,True,True,True
VT-F-99-010203,2025-08-15,2.0,1,Omni Channel,True,True,True
CT-F-99-020525,2025-08-15,3.0,1,Omni Channel,True,True,True
VT-F-99-010721,2025-08-15,1.0,1,Omni Channel,True,True,True
CT-F-99-020531,2025-08-15,3.0,1,Omni Channel,True,True,True
VT-F-99-010721,2025-08-15,1.0,1,Omni Channel,True,True,True
RS-F-99-100013,2025-08-15,3.0,1,Omni Channel,True,True,True
CT-F-99-020504,2025-08-15,3.0,1,Omni Channel,True,True,True
CT-F-99-020502,2025-08-18,9.0,3,Omni Channel,True,True,True
VT-F-99-010721,2025-08-18,3.0,3,Omni Channel,True,True,True
CT-F-99-020506,2025-08-18,3.0,1,Omni Channel,True,True,True
CT-F-99-020503,2025-08-18,2.0,1,Omni Channel,True,True,True
VT-F-99-010203,2025-08-18,2.0,1,Omni Channel,True,True,True
CT-F-99-020502,2025-08-18,6.0,2,Omni Channel,True,True,True
CT-F-99-020503,2025-08-18,3.0,1,Omni Channel,True,True,True
VT-F-99-010721,2025-08-18,3.0,3,Omni Channel,True,True,True
CT-F-99-020502,2025-08-18,3.0,1,Omni Channel,True,True,True
CT-F-99-020503,2025-08-18,6.0,2,Omni Channel,True,True,True
VT-F-99-010721,2025-08-18,3.0,3,Omni Channel,True,True,True
CT-F-99-020504,2025-08-18,2.0,1,Omni Channel,True,True,True
CT-F-99-020504,2025-08-18,3.0,1,Omni Channel,True,True,True
CT-F-99-020505,2025-08-18,3.0,1,Omni Channel,True,True,True
CT-F-99-020506,2025-08-18,3.0,1,Omni Channel,True,True,True
VT-F-99-010721,2025-08-18,4.0,4,Omni Channel,True,True,True
CT-F-99-020503,2025-08-18,6.0,1,Omni Channel,True,True,True
VT-F-99-010203,2025-08-18,6.0,1,Omni Channel,True,True,True
CT-F-99-020508,2025-08-19,3.0,1,Omni Channel,True,True,True
VT-F-99-010721,2025-08-19,1.0,1,Omni Channel,True,True,True
VT-F-99-010615,2025-08-19,9.0,1,Tendering,True,True,True
VT-F-99-010722,2025-08-19,12.0,1,Tendering,False,False,False
CT-F-99-020531,2025-08-19,3.0,1,Omni Channel,True,True,True
VT-F-99-010721,2025-08-19,1.0,1,Omni Channel,True,True,True
VT-F-99-010616,2025-08-20,3.0,1,Omni Channel,True,True,True
CT-F-99-020529,2025-08-20,3.0,1,Omni Channel,True,True,True
VT-F-99-010721,2025-08-20,1.0,1,Omni Channel,True,True,True
CT-F-99-020510,2025-08-20,3.0,1,Omni Channel,True,True,True
VT-F-99-010721,2025-08-20,1.0,1,Omni Channel,True,True,True
CT-F-99-020502,2025-08-20,3.0,1,Omni Channel,True,True,True
CT-F-99-020504,2025-08-20,3.0,1,Omni Channel,True,True,True
VT-F-99-010721,2025-08-20,2.0,1,Omni Channel,True,True,True
CT-F-99-020503,2025-08-20,3.0,1,Omni Channel,True,True,True
CT-F-99-020505,2025-08-20,3.0,1,Omni Channel,True,True,True
CT-F-99-020506,2025-08-20,3.0,1,Omni Channel,True,True,True
VT-F-99-010721,2025-08-20,3.0,1,Omni Channel,True,True,True
CT-F-99-020527,2025-08-20,3.0,1,Omni Channel,True,True,True
VT-F-99-010721,2025-08-20,1.0,1,Omni Channel,True,True,True
RS-F-99-041006,2025-08-20,6.0,1,Omni Channel,True,True,True
RS-F-99-041007,2025-08-20,3.0,1,Omni Channel,True,True,True
RS-F-99-041008,2025-08-20,6.0,1,Omni Channel,True,True,True
RS-F-99-041010,2025-08-20,6.0,1,Omni Channel,True,True,True
CT-F-99-020502,2025-08-21,7.0,1,Omni Channel,True,True,True
CT-F-99-020503,2025-08-21,7.0,1,Omni Channel,True,True,True
CT-F-99-020504,2025-08-21,8.0,1,Omni Channel,True,True,True
CT-F-99-020709,2025-08-21,1.0,1,Omni Channel,True,True,True
VT-F-99-010303,2025-08-21,1.0,1,Omni Channel,True,True,True
VT-F-99-010203,2025-08-21,16.0,1,Omni Channel,True,True,True
CT-F-99-020507,2025-08-21,3.0,1,Omni Channel,True,True,True
VT-F-99-010721,2025-08-21,1.0,1,Omni Channel,True,True,True
VT-F-99-010203,2025-08-21,2.0,1,Omni Channel,True,True,True
CT-F-99-020502,2025-08-21,2.0,1,Omni Channel,True,True,True
VT-F-99-010203,2025-08-21,2.0,1,Omni Channel,True,True,True
CT-F-99-020503,2025-08-21,3.0,1,Omni Channel,True,True,True
VT-F-99-010721,2025-08-21,1.0,1,Omni Channel,True,True,True
CT-F-99-020506,2025-08-21,3.0,1,Omni Channel,True,True,True
VT-F-99-010721,2025-08-21,1.0,1,Omni Channel,True,True,True
CT-F-99-020505,2025-08-21,3.0,1,Omni Channel,True,True,True
VT-F-99-010721,2025-08-21,1.0,1,Omni Channel,True,True,True
RS-F-99-010123,2025-08-22,2.0,1,Omni Channel,True,True,True
RS-F-99-010127,2025-08-22,2.0,1,Omni Channel,True,True,True
RS-F-99-010128,2025-08-22,4.0,1,Omni Channel,True,True,True
VT-F-99-010722,2025-08-22,2.0,1,Omni Channel,True,True,True
CT-F-99-020507,2025-08-25,3.0,1,Omni Channel,True,True,True
CT-F-99-020508,2025-08-25,6.0,2,Omni Channel,True,True,True
VT-F-99-010721,2025-08-25,3.0,3,Omni Channel,True,True,True
CT-F-99-020507,2025-08-25,3.0,1,Omni Channel,True,True,True
CT-F-99-020508,2025-08-25,3.0,1,Omni Channel,True,True,True
CT-F-99-020708,2025-08-25,3.0,1,Omni Channel,True,True,True
VT-F-99-010721,2025-08-25,1.0,1,Omni Channel,True,True,True
VT-F-99-010819,2025-08-25,1.0,1,Omni Channel,True,True,True
CT-F-99-020507,2025-08-25,9.0,3,Omni Channel,True,True,True
CT-F-99-020507,2025-08-25,6.0,2,Omni Channel,True,True,True
CT-F-99-020508,2025-08-25,3.0,1,Omni Channel,True,True,True
CT-F-99-020507,2025-08-25,3.0,1,Omni Channel,True,True,True
CT-F-99-020508,2025-08-25,6.0,2,Omni Channel,True,True,True
CT-F-99-020506,2025-08-25,3.0,1,Omni Channel,True,True,True
VT-F-99-010721,2025-08-25,1.0,1,Omni Channel,True,True,True
CT-F-99-020528,2025-08-25,3.0,1,Omni Channel,True,True,True
VT-F-99-010721,2025-08-25,1.0,1,Omni Channel,True,True,True
CT-F-99-020502,2025-08-26,3.0,1,Omni Channel,True,True,True
VT-F-99-010721,2025-08-26,1.0,1,Omni Channel,True,True,True
CT-F-99-020530,2025-08-26,3.0,1,Omni Channel,True,True,True
CT-F-99-020504,2025-08-26,3.0,1,Omni Channel,True,True,True
VT-F-99-010721,2025-08-26,1.0,1,Omni Channel,True,True,True
CT-F-99-020528,2025-08-26,3.0,1,Omni Channel,True,True,True
VT-F-99-010721,2025-08-26,1.0,1,Omni Channel,True,True,True
CT-F-99-020530,2025-08-27,3.0,1,Omni Channel,True,True,True
VT-F-99-010721,2025-08-27,1.0,1,Omni Channel,True,True,True
CT-F-99-020506,2025-08-28,3.0,1,Omni Channel,True,True,True
VT-F-99-010721,2025-08-28,1.0,1,Omni Channel,True,True,True
CT-F-99-020506,2025-08-28,3.0,1,Omni Channel,True,True,True
VT-F-99-010721,2025-08-28,1.0,1,Omni Channel,True,True,True
CT-F-99-020507,2025-08-28,3.0,1,Omni Channel,True,True,True
VT-F-99-010715,2025-08-28,1.0,1,Omni Channel,True,True,True
CT-F-99-020508,2025-08-29,3.0,1,Omni Channel,True,True,True
CT-F-99-020506,2025-08-29,3.0,1,Omni Channel,True,True,True
VT-F-99-010721,2025-08-29,1.0,1,Omni Channel,True,True,True
CT-F-99-020508,2025-08-29,3.0,1,Omni Channel,True,True,True
VT-F-99-010721,2025-08-29,1.0,1,Omni Channel,True,True,True
CT-F-99-020504,2025-08-29,3.0,1,Omni Channel,True,True,True
CT-F-99-020507,2025-08-29,3.0,1,Omni Channel,True,True,True
VT-F-99-010721,2025-08-29,1.0,1,Omni Channel,True,True,True
CT-F-99-020510,2025-08-29,3.0,1,Omni Channel,True,True,True
CT-F-99-020504,2025-09-01,2.0,1,Omni Channel,True,True,True
VT-F-99-010203,2025-09-01,2.0,1,Omni Channel,True,True,True
CT-F-99-020504,2025-09-01,3.0,1,Omni Channel,True,True,True
VT-F-99-010721,2025-09-01,1.0,1,Omni Channel,True,True,True
CT-F-99-020504,2025-09-01,3.0,1,Omni Channel,True,True,True
VT-F-99-010721,2025-09-01,1.0,1,Omni Channel,True,True,True
CT-F-99-020528,2025-09-02,1.0,1,Omni Channel,True,True,True
VT-F-99-010721,2025-09-02,1.0,1,Omni Channel,True,True,True
CT-F-99-020508,2025-09-02,3.0,1,Omni Channel,True,True,True
VT-F-99-010721,2025-09-02,1.0,1,Omni Channel,True,True,True
CT-F-99-020504,2025-09-02,3.0,1,Omni Channel,True,True,True
VT-F-99-010721,2025-09-02,1.0,1,Omni Channel,True,True,True
CT-F-99-020504,2025-09-02,3.0,1,Omni Channel,True,True,True
VT-F-99-010721,2025-09-02,1.0,1,Omni Channel,True,True,True
CT-F-99-020504,2025-09-02,3.0,1,Omni Channel,True,True,True
VT-F-99-010721,2025-09-02,1.0,1,Omni Channel,True,True,True
CT-F-99-020530,2025-09-02,3.0,1,Omni Channel,True,True,True
VT-F-99-010701,2025-09-02,1.0,1,Omni Channel,True,True,True
CT-F-99-020527,2025-09-02,3.0,1,Omni Channel,True,True,True
CT-F-99-020527,2025-09-03,3.0,1,Omni Channel,True,True,True
VT-F-99-010721,2025-09-03,1.0,1,Omni Channel,True,True,True
CT-F-99-020505,2025-09-03,6.0,1,Omni Channel,True,True,True
VT-F-99-010721,2025-09-03,2.0,1,Omni Channel,True,True,True
CT-F-99-020510,2025-09-03,3.0,1,Omni Channel,True,True,True
VT-F-99-010721,2025-09-03,1.0,1,Omni Channel,True,True,True
CT-F-99-020508,2025-09-03,3.0,1,Omni Channel,True,True,True
CT-F-99-020506,2025-09-03,3.0,1,Omni Channel,True,True,True
CT-F-99-020507,2025-09-03,3.0,1,Omni Channel,True,True,True
VT-F-99-010721,2025-09-03,1.0,1,Omni Channel,True,True,True
CT-F-99-020506,2025-09-05,3.0,1,Omni Channel,True,True,True
VT-F-99-010721,2025-09-05,1.0,1,Omni Channel,True,True,True
CT-F-99-020528,2025-09-05,3.0,1,Omni Channel,True,True,True
CT-F-99-020506,2025-09-08,2.0,1,Omni Channel,True,True,True
CT-F-99-020503,2025-09-08,2.0,1,Omni Channel,True,True,True
VT-F-99-010203,2025-09-08,2.0,1,Omni Channel,True,True,True
VT-F-99-010701,2025-09-08,1.0,1,Omni Channel,True,True,True
CT-F-99-020510,2025-09-08,4.0,1,Omni Channel,True,True,True
VT-F-99-010203,2025-09-08,4.0,1,Omni Channel,True,True,True
CT-F-99-020706,2025-09-09,3.0,1,Omni Channel,True,True,True
VT-F-99-010819,2025-09-09,1.0,1,Omni Channel,True,True,True
CT-F-99-020510,2025-09-09,2.0,1,Omni Channel,True,True,True
CT-F-99-020511,2025-09-09,2.0,1,Omni Channel,True,True,True
VT-F-99-010203,2025-09-09,4.0,1,Omni Channel,True,True,True
VT-F-99-010721,2025-09-10,1.0,1,Omni Channel,True,True,True
CT-F-99-020508,2025-09-10,3.0,1,Omni Channel,True,True,True
CT-F-99-020510,2025-09-10,3.0,1,Omni Channel,True,True,True
VT-F-99-010721,2025-09-10,2.0,1,Omni Channel,True,True,True
CT-F-99-020504,2025-09-10,3.0,1,Omni Channel,True,True,True
VT-F-99-010721,2025-09-10,1.0,1,Omni Channel,True,True,True
CT-F-99-020504,2025-09-11,2.0,1,Omni Channel,True,True,True
CT-F-99-020506,2025-09-11,6.0,1,Omni Channel,True,True,True
VT-F-99-010209,2025-09-11,8.0,1,Omni Channel,True,True,True
CT-F-99-020702,2025-09-11,2.0,1,Omni Channel,True,True,True
CT-F-99-020703,2025-09-11,2.0,1,Omni Channel,True,True,True
VT-F-99-010303,2025-09-11,4.0,1,Omni Channel,True,True,True
CT-F-99-020506,2025-09-11,3.0,1,Omni Channel,True,True,True
CT-F-99-020508,2025-09-11,2.0,1,Omni Channel,True,True,True
CT-F-99-020510,2025-09-11,2.0,1,Omni Channel,True,True,True
CT-F-99-020511,2025-09-11,10.0,1,Omni Channel,True,True,True
VT-F-99-010203,2025-09-11,14.0,1,Omni Channel,True,True,True
CT-F-99-020505,2025-09-12,3.0,1,Omni Channel,True,True,True
VT-F-99-010715,2025-09-12,1.0,1,Omni Channel,True,True,True
CT-F-99-020508,2025-09-12,10.0,1,Omni Channel,True,True,True
CT-F-99-020510,2025-09-12,4.0,1,Omni Channel,True,True,True
CT-F-99-020511,2025-09-12,4.0,1,Omni Channel,True,True,True
VT-F-99-010203,2025-09-12,18.0,1,Omni Channel,True,True,True
CT-F-99-020508,2025-09-12,2.0,1,Omni Channel,True,True,True
CT-F-99-020510,2025-09-12,4.0,1,Omni Channel,True,True,True
CT-F-99-020511,2025-09-12,6.0,1,Omni Channel,True,True,True
VT-F-99-010203,2025-09-12,12.0,1,Omni Channel,True,True,True
CT-F-99-020703,2025-09-12,2.0,1,Omni Channel,True,True,True
VT-F-99-010303,2025-09-12,2.0,1,Omni Channel,True,True,True
CT-F-99-020508,2025-09-12,6.0,1,Omni Channel,True,True,True
CT-F-99-020510,2025-09-12,4.0,1,Omni Channel,True,True,True
CT-F-99-020511,2025-09-12,6.0,1,Omni Channel,True,True,True
VT-F-99-010203,2025-09-12,16.0,1,Omni Channel,True,True,True
CT-F-99-020503,2025-09-12,3.0,1,Omni Channel,True,True,True
VT-F-99-010721,2025-09-12,1.0,1,Omni Channel,True,True,True
CT-F-99-020508,2025-09-15,2.0,1,Omni Channel,True,True,True
RS-F-99-010122,2025-09-15,4.0,1,Omni Channel,True,True,True
RS-F-99-010124,2025-09-15,2.0,1,Omni Channel,True,True,True
RS-F-99-010128,2025-09-15,2.0,1,Omni Channel,True,True,True
CT-F-99-020508,2025-09-15,2.0,1,Omni Channel,True,True,True
CT-F-99-020510,2025-09-15,8.0,1,Omni Channel,True,True,True
CT-F-99-020511,2025-09-15,6.0,1,Omni Channel,True,True,True
VT-F-99-010203,2025-09-15,16.0,1,Omni Channel,True,True,True
CT-F-99-020506,2025-09-15,3.0,1,Omni Channel,True,True,True
VT-F-99-010721,2025-09-15,1.0,1,Omni Channel,True,True,True
CT-F-99-020505,2025-09-15,3.0,1,Omni Channel,True,True,True
VT-F-99-010721,2025-09-15,1.0,1,Omni Channel,True,True,True
CT-F-99-020503,2025-09-15,3.0,1,Omni Channel,True,True,True
RS-F-99-090028,2025-09-15,5.0,1,Omni Channel,True,True,True
CT-F-99-020505,2025-09-16,3.0,1,Omni Channel,True,True,True
VT-F-99-010721,2025-09-16,1.0,1,Omni Channel,True,True,True
CT-F-99-020504,2025-09-16,3.0,1,Omni Channel,True,True,True
CT-F-99-020505,2025-09-16,3.0,1,Omni Channel,True,True,True
VT-F-99-010721,2025-09-16,2.0,1,Omni Channel,True,True,True
CT-F-99-020508,2025-09-16,3.0,1,Omni Channel,True,True,True
CT-F-99-020502,2025-09-16,2.0,1,Omni Channel,True,True,True
VT-F-99-010203,2025-09-16,2.0,1,Omni Channel,True,True,True
CT-F-99-020504,2025-09-16,2.0,1,Omni Channel,True,True,True
VT-F-99-010203,2025-09-16,2.0,1,Omni Channel,True,True,True
CT-F-99-020530,2025-09-16,3.0,1,Omni Channel,True,True,True
VT-F-99-010721,2025-09-16,1.0,1,Omni Channel,True,True,True
CT-F-99-020506,2025-09-17,4.0,1,Omni Channel,True,True,True
VT-F-99-010203,2025-09-17,4.0,1,Omni Channel,False,False,False
CT-F-99-020508,2025-09-18,4.0,1,Omni Channel,True,True,True
VT-F-99-010203,2025-09-18,4.0,1,Omni Channel,True,True,True
VT-F-99-010202,2025-09-18,1.0,1,Omni Channel,True,True,True
CT-F-99-020503,2025-09-18,2.0,1,Omni Channel,True,True,True
VT-F-99-010203,2025-09-18,2.0,1,Omni Channel,True,True,True
CT-F-99-020503,2025-09-19,4.0,1,Omni Channel,True,True,True
VT-F-99-010203,2025-09-19,4.0,1,Omni Channel,True,True,True
CT-F-99-020510,2025-09-19,2.0,1,Omni Channel,True,True,True
CT-F-99-020511,2025-09-19,4.0,1,Omni Channel,True,True,True
VT-F-99-010203,2025-09-19,6.0,1,Omni Channel,True,True,True
CT-F-99-020508,2025-09-19,3.0,1,Omni Channel,True,True,True
CT-F-99-020507,2025-09-23,3.0,1,Omni Channel,True,True,True
VT-F-99-010715,2025-09-23,1.0,1,Omni Channel,True,True,True
CT-F-99-020703,2025-09-23,3.0,1,Omni Channel,True,True,True
VT-F-99-010819,2025-09-23,1.0,1,Omni Channel,True,True,True
VT-F-99-010721,2025-09-23,1.0,1,Omni Channel,True,True,True
CT-F-99-020504,2025-09-23,2.0,1,Omni Channel,True,True,True
VT-F-99-010203,2025-09-23,2.0,1,Omni Channel,True,True,True
VT-F-99-010722,2025-09-23,1.0,1,Omni Channel,False,False,False
VT-F-99-010722,2025-09-24,1.0,1,Tendering,False,False,False
VT-F-99-010203,2025-09-24,1.0,1,Omni Channel,True,True,True
CT-F-99-020511,2025-09-25,8.0,1,Omni Channel,True,True,True
VT-F-99-010203,2025-09-25,8.0,1,Omni Channel,True,True,True
VT-F-99-010701,2025-09-26,1.0,1,Omni Channel,True,True,True
CT-F-99-020531,2025-09-26,3.0,1,Omni Channel,True,True,True
VT-F-99-010721,2025-09-26,1.0,1,Omni Channel,True,True,True
CT-F-99-020701,2025-09-26,2.0,1,Omni Channel,True,True,True
VT-F-99-010303,2025-09-26,2.0,1,Omni Channel,True,True,True
CT-F-99-020510,2025-09-26,3.0,1,Omni Channel,True,True,True
CT-F-99-020508,2025-09-26,10.0,1,Omni Channel,True,True,True
CT-F-99-020510,2025-09-26,28.0,1,Omni Channel,True,True,True
CT-F-99-020508,2025-09-29,10.0,1,Omni Channel,False,False,False
CT-F-99-020510,2025-09-29,28.0,1,Omni Channel,False,False,False
CT-F-99-020528,2025-09-26,3.0,1,Omni Channel,True,True,True
VT-F-99-010721,2025-09-26,1.0,1,Omni Channel,True,True,True
CT-F-99-020504,2025-09-29,3.0,1,Omni Channel,True,True,True
VT-F-99-010721,2025-09-29,1.0,1,Omni Channel,True,True,True
CT-F-99-020524,2025-09-29,3.0,1,Omni Channel,True,True,True
VT-F-99-010721,2025-09-29,1.0,1,Omni Channel,True,True,True
CT-F-99-020726,2025-09-29,3.0,1,Omni Channel,False,False,False
VT-F-99-010819,2025-09-29,1.0,1,Omni Channel,False,False,False
CT-F-99-020530,2025-09-29,3.0,1,Omni Channel,True,True,True
VT-F-99-010721,2025-09-29,1.0,1,Omni Channel,True,True,True
CT-F-99-020506,2025-09-29,3.0,1,Omni Channel,True,True,True
VT-F-99-010721,2025-09-29,1.0,1,Omni Channel,True,True,True
CT-F-99-020506,2025-09-29,2.0,1,Omni Channel,True,True,True
CT-F-99-020504,2025-09-29,3.0,1,Omni Channel,True,True,True
VT-F-99-010721,2025-09-29,1.0,1,Omni Channel,True,True,True
CT-F-99-020508,2025-09-30,1.0,1,Omni Channel,True,True,True
RS-F-99-070003,2025-09-30,300.0,2,Omni Channel,True,True,True
RS-F-99-070006,2025-09-30,450.0,2,Omni Channel,True,True,True
RS-F-99-070007,2025-09-30,300.0,2,Omni Channel,True,True,True
VT-F-99-010701,2025-09-30,1.0,1,Omni Channel,True,True,True
CT-F-99-020504,2025-09-30,3.0,1,Omni Channel,True,True,True
CT-F-99-020703,2025-09-30,3.0,1,Omni Channel,True,True,True
CT-F-99-020717,2025-09-30,3.0,1,Omni Channel,True,True,True
VT-F-99-010819,2025-09-30,1.0,1,Omni Channel,True,True,True
CT-F-99-020505,2025-09-30,3.0,1,Omni Channel,True,True,True
VT-F-99-010721,2025-09-30,1.0,1,Omni Channel,True,True,True
CT-F-99-020502,2025-10-02,2.0,1,Omni Channel,True,True,True
VT-F-99-010203,2025-10-02,2.0,1,Omni Channel,True,True,True
CT-F-99-020504,2025-10-02,3.0,1,Omni Channel,True,True,True
VT-F-99-010721,2025-10-02,1.0,1,Omni Channel,True,True,True
CT-F-99-020504,2025-10-02,3.0,1,Omni Channel,True,True,True
VT-F-99-010721,2025-10-02,1.0,1,Omni Channel,True,True,True
CT-F-99-020508,2025-10-03,3.0,1,Omni Channel,True,True,True
CT-F-99-020506,2025-10-03,3.0,1,Omni Channel,True,True,True
VT-F-99-010715,2025-10-03,1.0,1,Omni Channel,True,True,True
CT-F-99-020705,2025-10-03,3.0,1,Omni Channel,True,True,True
VT-F-99-010818,2025-10-03,1.0,1,Omni Channel,True,True,True
VT-F-99-010722,2025-10-03,21.0,1,Tendering,False,False,False
CT-F-99-020506,2025-10-06,3.0,1,Omni Channel,True,True,True
VT-F-99-010715,2025-10-06,1.0,1,Omni Channel,True,True,True
VT-F-99-010722,2025-10-15,40.0,1,Tendering,False,False,False
CT-F-99-020508,2025-10-06,3.0,1,Omni Channel,True,True,True
VT-F-99-010721,2025-10-06,1.0,1,Omni Channel,True,True,True
CT-F-99-020507,2025-10-06,3.0,1,Omni Channel,True,True,True
VT-F-99-010721,2025-10-06,1.0,1,Omni Channel,True,True,True
CT-F-99-020508,2025-10-06,3.0,1,Omni Channel,True,True,True
VT-F-99-010721,2025-10-06,1.0,1,Omni Channel,True,True,True
CT-F-99-020530,2025-10-06,3.0,1,Omni Channel,True,True,True
VT-F-99-010721,2025-10-06,1.0,1,Omni Channel,True,True,True
CT-F-99-020501,2025-10-06,6.0,1,Omni Channel,True,True,True
VT-F-99-010721,2025-10-06,2.0,1,Omni Channel,True,True,True
CT-F-99-020717,2025-10-06,3.0,1,Omni Channel,True,True,True
VT-F-99-010819,2025-10-06,1.0,1,Omni Channel,True,True,True
CT-F-99-020508,2025-10-06,2.0,1,Omni Channel,True,True,True
VT-F-99-010203,2025-10-06,2.0,1,Omni Channel,True,True,True
CT-F-99-020728,2025-10-06,3.0,1,Omni Channel,True,True,True
VT-F-99-010819,2025-10-06,1.0,1,Omni Channel,True,True,True
CT-F-99-020524,2025-10-07,3.0,1,Omni Channel,True,True,True
VT-F-99-010721,2025-10-07,1.0,1,Omni Channel,True,True,True
CT-F-99-020524,2025-10-07,3.0,1,Omni Channel,True,True,True
VT-F-99-010721,2025-10-07,1.0,1,Omni Channel,True,True,True
CT-F-99-020530,2025-10-07,3.0,1,Omni Channel,True,True,True
CT-F-99-020507,2025-09-29,3.0,1,Omni Channel,True,True,True
VT-F-99-010721,2025-09-29,1.0,1,Omni Channel,True,True,True
CT-F-99-020501,2025-10-08,2.0,1,Omni Channel,True,True,True
VT-F-99-010203,2025-10-08,2.0,1,Omni Channel,True,True,True
CT-F-99-020527,2025-10-09,3.0,1,Omni Channel,True,True,True
RS-F-99-041008,2025-10-10,2.0,1,Omni Channel,True,True,True
CT-F-99-020706,2025-10-14,3.0,1,Omni Channel,True,True,True
VT-F-99-010819,2025-10-14,1.0,1,Omni Channel,True,True,True
CT-F-99-020506,2025-10-14,3.0,1,Omni Channel,True,True,True
VT-F-99-010715,2025-10-14,1.0,1,Omni Channel,True,True,True
CT-F-99-020726,2025-10-14,3.0,1,Omni Channel,True,True,True
VT-F-99-010819,2025-10-14,1.0,1,Omni Channel,True,True,True
CT-F-99-020507,2025-10-14,2.0,1,Omni Channel,True,True,True
VT-F-99-010203,2025-10-14,2.0,1,Omni Channel,True,True,True
CT-F-99-020527,2025-10-15,3.0,1,Omni Channel,True,True,True
VT-F-99-010721,2025-10-15,1.0,1,Omni Channel,True,True,True
CT-F-99-020505,2025-10-16,3.0,1,Omni Channel,True,True,True
VT-F-99-010721,2025-10-16,1.0,1,Omni Channel,True,True,True
CT-F-99-020524,2025-10-16,3.0,1,Omni Channel,True,True,True
CT-F-99-020524,2025-10-16,3.0,1,Omni Channel,True,True,True
CT-F-99-020530,2025-10-16,3.0,1,Omni Channel,True,True,True
VT-F-99-010721,2025-10-16,1.0,1,Omni Channel,True,True,True
CT-F-99-020528,2025-10-16,3.0,1,Omni Channel,True,True,True
VT-F-99-010721,2025-10-16,1.0,1,Omni Channel,True,True,True
CT-F-99-020527,2025-10-16,3.0,1,Omni Channel,True,True,True
VT-F-99-010202,2025-10-16,1.0,1,Omni Channel,True,True,True
VT-F-99-010721,2025-10-16,1.0,1,Omni Channel,True,True,True
RS-F-99-090028,2025-10-16,12.0,1,Omni Channel,True,True,True
CT-F-99-020530,2025-10-16,3.0,1,Omni Channel,True,True,True
VT-F-99-010721,2025-10-16,1.0,1,Omni Channel,True,True,True
CT-F-99-020508,2025-10-16,3.0,1,Omni Channel,True,True,True
VT-F-99-010721,2025-10-16,1.0,1,Omni Channel,True,True,True
VT-F-99-010721,2025-10-16,1.0,1,Omni Channel,True,True,True
CT-F-99-020506,2025-10-17,3.0,1,Omni Channel,True,True,True
VT-F-99-010721,2025-10-17,1.0,1,Omni Channel,True,True,True
CT-F-99-020506,2025-10-17,3.0,1,Omni Channel,True,True,True
VT-F-99-010721,2025-10-17,1.0,1,Omni Channel,True,True,True
CT-F-99-020505,2025-10-17,3.0,1,Omni Channel,True,True,True
VT-F-99-010721,2025-10-17,1.0,1,Omni Channel,True,True,True
CT-F-99-020504,2025-10-17,3.0,1,Omni Channel,True,True,True
VT-F-99-010721,2025-10-17,1.0,1,Omni Channel,True,True,True
CT-F-99-020504,2025-10-17,3.0,1,Omni Channel,True,True,True
VT-F-99-010721,2025-10-17,1.0,1,Omni Channel,True,True,True
CT-F-99-020506,2025-10-17,3.0,1,Omni Channel,True,True,True
CT-F-99-020506,2025-10-17,3.0,1,Omni Channel,True,True,True
CT-F-99-020505,2025-10-17,3.0,1,Omni Channel,True,True,True
VT-F-99-010721,2025-10-17,1.0,1,Omni Channel,True,True,True
CT-F-99-020508,2025-10-17,3.0,1,Omni Channel,True,True,True
VT-F-99-010721,2025-10-17,1.0,1,Omni Channel,True,True,True
CT-F-99-020508,2025-10-20,2.0,1,Omni Channel,True,True,True
CT-F-99-020507,2025-10-20,3.0,1,Omni Channel,True,True,True
VT-F-99-010721,2025-10-20,1.0,1,Omni Channel,True,True,True
CT-F-99-020510,2025-10-20,3.0,1,Omni Channel,True,True,True
VT-F-99-010721,2025-10-20,1.0,1,Omni Channel,True,True,True
CT-F-99-020511,2025-10-20,3.0,1,Omni Channel,True,True,True
VT-F-99-010721,2025-10-20,1.0,1,Omni Channel,True,True,True
CT-F-99-020506,2025-10-20,1.0,1,Omni Channel,True,True,True
VT-F-99-010722,2025-10-20,1.0,1,Omni Channel,False,False,False
CT-F-99-020504,2025-10-20,3.0,1,Omni Channel,True,True,True
VT-F-99-010721,2025-10-20,1.0,1,Omni Channel,True,True,True
VT-F-99-010203,2025-10-20,2.0,1,Omni Channel,True,True,True
VT-F-99-010203,2025-10-20,1.0,1,Omni Channel,True,True,True
VT-F-99-010203,2025-10-20,1.0,1,Omni Channel,True,True,True
RS-F-99-010122,2025-10-20,4.0,1,Omni Channel,True,True,True
RS-F-99-010123,2025-10-20,2.0,1,Omni Channel,False,False,False
RS-F-99-010127,2025-10-20,2.0,1,Omni Channel,True,True,True
RS-F-99-010128,2025-10-20,2.0,1,Omni Channel,True,True,True
CT-F-99-020504,2025-10-21,3.0,1,Omni Channel,True,True,True
VT-F-99-010721,2025-10-21,1.0,1,Omni Channel,True,True,True
VT-F-99-010202,2025-10-21,10.0,1,Omni Channel,True,True,True
CT-F-99-020506,2025-10-21,3.0,1,Omni Channel,True,True,True
VT-F-99-010721,2025-10-21,1.0,1,Omni Channel,True,True,True
CT-F-99-020508,2025-10-21,2.0,1,Omni Channel,True,True,True
VT-F-99-010203,2025-10-21,2.0,1,Omni Channel,True,True,True
RS-F-99-090003,2025-10-21,3.0,1,Omni Channel,True,True,True
VT-F-99-010722,2025-10-21,1.0,1,Tendering,False,False,False
VT-F-99-010722,2025-10-22,1.0,1,Omni Channel,True,True,True
RS-F-99-090027,2025-10-22,3.0,1,Omni Channel,True,True,True
CT-F-99-020524,2025-10-24,1.0,1,Omni Channel,True,True,True
CT-F-99-020526,2025-10-24,3.0,1,Omni Channel,True,True,True
CT-F-99-020508,2025-10-24,3.0,1,Omni Channel,True,True,True
VT-F-99-010721,2025-10-24,1.0,1,Omni Channel,True,True,True
CT-F-99-020511,2025-10-24,3.0,1,Omni Channel,True,True,True
VT-F-99-010721,2025-10-24,1.0,1,Omni Channel,True,True,True
CT-F-99-020506,2025-10-27,3.0,1,Omni Channel,True,True,True
VT-F-99-010715,2025-10-27,1.0,1,Omni Channel,True,True,True
CT-F-99-020505,2025-10-27,6.0,1,Omni Channel,True,True,True
VT-F-99-010715,2025-10-27,2.0,1,Omni Channel,True,True,True
CT-F-99-020506,2025-10-27,3.0,1,Omni Channel,True,True,True
VT-F-99-010721,2025-10-27,1.0,1,Omni Channel,True,True,True
CT-F-99-020506,2025-10-27,3.0,1,Omni Channel,True,True,True
VT-F-99-010721,2025-10-27,1.0,1,Omni Channel,True,True,True
VT-F-99-010722,2025-10-28,40.0,1,Omni Channel,False,False,False
CT-F-99-020507,2025-10-28,3.0,1,Omni Channel,True,True,True
VT-F-99-010721,2025-10-28,1.0,1,Omni Channel,True,True,True
CT-F-99-020506,2025-10-28,3.0,1,Omni Channel,True,True,True
VT-F-99-010715,2025-10-28,1.0,1,Omni Channel,True,True,True
CT-F-99-020530,2025-10-28,3.0,1,Omni Channel,True,True,True
VT-F-99-010721,2025-10-28,1.0,1,Omni Channel,True,True,True
CT-F-99-020505,2025-10-28,3.0,1,Omni Channel,True,True,True
VT-F-99-010721,2025-10-28,1.0,1,Omni Channel,True,True,True
CT-F-99-020506,2025-10-29,3.0,1,Omni Channel,True,True,True
VT-F-99-010721,2025-10-29,1.0,1,Omni Channel,True,True,True
RS-F-99-090027,2025-10-29,3.0,1,Omni Channel,True,True,True
CT-F-99-020526,2025-10-29,3.0,1,Omni Channel,True,True,True
VT-F-99-010721,2025-10-29,1.0,1,Omni Channel,True,True,True
CT-F-99-020501,2025-10-29,1.0,1,Omni Channel,True,True,True
CT-F-99-020502,2025-10-29,3.0,1,Omni Channel,True,True,True
VT-F-99-010721,2025-10-29,1.0,1,Omni Channel,True,True,True
CT-F-99-020505,2025-10-29,3.0,1,Omni Channel,True,True,True
VT-F-99-010721,2025-10-29,1.0,1,Omni Channel,True,True,True
CT-F-99-020505,2025-10-29,3.0,1,Omni Channel,True,True,True
VT-F-99-010721,2025-10-29,1.0,1,Omni Channel,True,True,True
CT-F-99-020502,2025-10-29,3.0,1,Omni Channel,True,True,True
VT-F-99-010721,2025-10-29,1.0,1,Omni Channel,True,True,True
CT-F-99-020505,2025-10-29,3.0,1,Omni Channel,True,True,True
VT-F-99-010721,2025-10-29,1.0,1,Omni Channel,True,True,True
CT-F-99-020505,2025-10-29,3.0,1,Omni Channel,True,True,True
VT-F-99-010721,2025-10-29,1.0,1,Omni Channel,True,True,True
CT-F-99-020503,2025-10-29,3.0,1,Omni Channel,True,True,True
VT-F-99-010721,2025-10-29,1.0,1,Omni Channel,True,True,True
CT-F-99-020503,2025-10-29,3.0,1,Omni Channel,True,True,True
VT-F-99-010721,2025-10-29,1.0,1,Omni Channel,True,True,True
CT-F-99-020503,2025-10-29,3.0,1,Omni Channel,True,True,True
VT-F-99-010721,2025-10-29,1.0,1,Omni Channel,True,True,True
CT-F-99-020503,2025-10-29,3.0,1,Omni Channel,True,True,True
VT-F-99-010721,2025-10-29,1.0,1,Omni Channel,True,True,True
CT-F-99-020503,2025-10-29,3.0,1,Omni Channel,True,True,True
VT-F-99-010721,2025-10-29,1.0,1,Omni Channel,True,True,True
CT-F-99-020502,2025-10-29,3.0,1,Omni Channel,True,True,True
VT-F-99-010721,2025-10-29,1.0,1,Omni Channel,True,True,True
VT-F-99-010722,2025-10-30,21.0,1,Omni Channel,False,False,False
CT-F-99-020503,2025-10-31,3.0,1,Omni Channel,True,True,True
VT-F-99-010715,2025-10-31,1.0,1,Omni Channel,True,True,True
CT-F-99-020505,2025-11-03,3.0,1,Omni Channel,True,True,True
CT-F-99-020706,2025-11-03,3.0,1,Omni Channel,True,True,True
VT-F-99-010819,2025-11-03,1.0,1,Omni Channel,True,True,True
CT-F-99-020529,2025-11-03,3.0,1,Omni Channel,True,True,True
VT-F-99-010721,2025-11-03,1.0,1,Omni Channel,True,True,True
CT-F-99-020530,2025-11-03,3.0,1,Omni Channel,True,True,True
VT-F-99-010721,2025-11-03,1.0,1,Omni Channel,True,True,True
CT-F-99-020506,2025-11-03,6.0,1,Omni Channel,True,True,True
CT-F-99-020508,2025-11-03,3.0,1,Omni Channel,False,False,False
VT-F-99-010721,2025-11-03,3.0,1,Omni Channel,True,True,True
CT-F-99-020530,2025-11-03,3.0,1,Omni Channel,True,True,True
VT-F-99-010721,2025-11-03,1.0,1,Omni Channel,True,True,True
CT-F-99-020524,2025-11-03,3.0,1,Omni Channel,True,True,True
VT-F-99-010721,2025-11-03,1.0,1,Omni Channel,True,True,True
CT-F-99-020508,2025-11-03,2.0,1,Omni Channel,True,True,True
CT-F-99-020513,2025-11-04,3.0,1,Omni Channel,True,True,True
VT-F-99-010721,2025-11-04,1.0,1,Omni Channel,True,True,True
CT-F-99-020510,2025-11-04,2.0,1,Omni Channel,True,True,True
VT-F-99-010203,2025-11-04,2.0,1,Omni Channel,True,True,True
CT-F-99-020530,2025-11-04,2.0,1,Omni Channel,True,True,True
CT-F-99-020504,2025-11-05,3.0,1,Omni Channel,True,True,True
VT-F-99-010721,2025-11-05,1.0,1,Omni Channel,True,True,True
CT-F-99-020528,2025-11-05,1.0,1,Omni Channel,True,True,True
CT-F-99-020501,2025-11-05,3.0,1,Omni Channel,True,True,True
VT-F-99-010721,2025-11-05,1.0,1,Omni Channel,True,True,True
CT-F-99-020504,2025-11-05,3.0,1,Omni Channel,True,True,True
VT-F-99-010721,2025-11-05,1.0,1,Omni Channel,True,True,True
CT-F-99-020503,2025-11-05,3.0,1,Omni Channel,True,True,True
VT-F-99-010721,2025-11-05,1.0,1,Omni Channel,True,True,True
CT-F-99-020510,2025-11-05,3.0,1,Omni Channel,True,True,True
VT-F-99-010721,2025-11-05,1.0,1,Omni Channel,True,True,True
CT-F-99-020505,2025-11-05,3.0,1,Omni Channel,True,True,True
VT-F-99-010721,2025-11-05,1.0,1,Omni Channel,True,True,True
CT-F-99-020505,2025-11-05,3.0,1,Omni Channel,True,True,True
VT-F-99-010721,2025-11-05,1.0,1,Omni Channel,True,True,True
CT-F-99-020502,2025-11-05,3.0,1,Omni Channel,True,True,True
VT-F-99-010721,2025-11-05,1.0,1,Omni Channel,True,True,True
CT-F-99-020706,2025-11-06,3.0,1,Omni Channel,True,True,True
VT-F-99-010819,2025-11-06,1.0,1,Omni Channel,True,True,True
CT-F-99-020508,2025-11-06,3.0,1,Omni Channel,True,True,True
VT-F-99-010721,2025-11-06,1.0,1,Omni Channel,True,True,True
VT-F-99-010721,2025-11-06,1.0,1,Omni Channel,True,True,True
CT-F-99-020524,2025-11-06,3.0,1,Omni Channel,True,True,True
VT-F-99-010721,2025-11-06,1.0,1,Omni Channel,True,True,True
CT-F-99-020529,2025-11-06,3.0,1,Omni Channel,True,True,True
VT-F-99-010721,2025-11-06,1.0,1,Omni Channel,True,True,True
CT-F-99-020511,2025-11-06,3.0,1,Omni Channel,True,True,True
VT-F-99-010721,2025-11-06,1.0,1,Omni Channel,True,True,True
CT-F-99-020510,2025-11-06,3.0,1,Omni Channel,True,True,True
VT-F-99-010721,2025-11-06,1.0,1,Omni Channel,True,True,True
VT-F-99-010701,2025-11-07,1.0,1,Omni Channel,True,True,True
CT-F-99-020508,2025-11-07,3.0,1,Omni Channel,True,True,True
VT-F-99-010701,2025-11-07,1.0,1,Omni Channel,True,True,True
CT-F-99-020504,2025-11-07,2.0,1,Omni Channel,True,True,True
CT-F-99-020505,2025-11-07,2.0,1,Omni Channel,True,True,True
VT-F-99-010203,2025-11-07,4.0,1,Omni Channel,True,True,True
CT-F-99-020506,2025-11-10,3.0,1,Omni Channel,True,True,True
CT-F-99-020502,2025-11-10,3.0,1,Omni Channel,True,True,True
VT-F-99-010721,2025-11-10,1.0,1,Omni Channel,True,True,True
CT-F-99-020528,2025-11-10,3.0,1,Omni Channel,True,True,True
VT-F-99-010202,2025-11-10,1.0,1,Omni Channel,True,True,True
VT-F-99-010721,2025-11-10,1.0,1,Omni Channel,True,True,True
CT-F-99-020504,2025-11-10,2.0,1,Omni Channel,True,True,True
CT-F-99-020506,2025-11-10,3.0,1,Omni Channel,True,True,True
VT-F-99-010721,2025-11-10,1.0,1,Omni Channel,True,True,True
CT-F-99-020503,2025-11-10,3.0,1,Omni Channel,True,True,True
CT-F-99-020504,2025-11-10,12.0,1,Omni Channel,True,True,True
VT-F-99-010721,2025-11-10,5.0,1,Omni Channel,True,True,True
CT-F-99-020510,2025-11-10,3.0,1,Omni Channel,True,True,True
CT-F-99-020510,2025-11-10,3.0,1,Omni Channel,True,True,True
CT-F-99-020510,2025-11-11,3.0,1,Omni Channel,True,True,True
VT-F-99-010202,2025-11-11,1.0,1,Omni Channel,True,True,True
VT-F-99-010721,2025-11-11,1.0,1,Omni Channel,True,True,True
CT-F-99-020703,2025-11-11,3.0,1,Omni Channel,True,True,True
VT-F-99-010818,2025-11-11,1.0,1,Omni Channel,True,True,True
CT-F-99-020506,2025-11-11,3.0,1,Omni Channel,True,True,True
CT-F-99-020507,2025-11-11,3.0,1,Omni Channel,True,True,True
CT-F-99-020510,2025-11-11,3.0,1,Omni Channel,True,True,True
VT-F-99-010721,2025-11-11,3.0,1,Omni Channel,True,True,True
CT-F-99-020506,2025-11-11,3.0,1,Omni Channel,True,True,True
VT-F-99-010721,2025-11-11,1.0,1,Omni Channel,True,True,True
CT-F-99-020503,2025-11-11,52.0,1,Tendering,False,False,False
CT-F-99-020507,2025-11-11,6.0,1,Tendering,False,False,False
CT-F-99-020508,2025-11-11,5.0,1,Tendering,False,False,False
CT-F-99-020511,2025-11-11,1.0,1,Tendering,False,False,False
RS-F-99-070004,2025-11-11,826.0,1,Tendering,False,False,False
CT-F-99-020511,2025-11-11,3.0,1,Omni Channel,True,True,True
CT-F-99-020506,2025-11-11,3.0,1,Omni Channel,True,True,True
CT-F-99-020506,2025-11-11,3.0,1,Omni Channel,True,True,True
VT-F-99-010721,2025-11-11,1.0,1,Omni Channel,True,True,True
CT-F-99-020528,2025-11-11,3.0,1,Omni Channel,True,True,True
CT-F-99-020528,2025-11-12,3.0,1,Omni Channel,True,True,True
VT-F-99-010721,2025-11-12,1.0,1,Omni Channel,True,True,True
CT-F-99-020528,2025-11-12,3.0,1,Omni Channel,True,True,True
VT-F-99-010721,2025-11-12,1.0,1,Omni Channel,True,True,True
CT-F-99-020507,2025-11-12,2.0,1,Omni Channel,True,True,True
VT-F-99-010203,2025-11-12,2.0,1,Omni Channel,True,True,True
CT-F-99-020526,2025-11-12,3.0,1,Omni Channel,True,True,True
VT-F-99-010721,2025-11-12,1.0,1,Omni Channel,True,True,True
CT-F-99-020503,2025-11-12,2.0,1,Omni Channel,True,True,True
VT-F-99-010203,2025-11-12,2.0,1,Omni Channel,True,True,True
CT-F-99-020528,2025-11-10,3.0,1,Omni Channel,True,True,True
VT-F-99-010202,2025-11-10,1.0,1,Omni Channel,True,True,True
VT-F-99-010721,2025-11-10,1.0,1,Omni Channel,True,True,True
CT-F-99-020501,2025-11-13,8.0,1,Omni Channel,True,True,True
CT-F-99-020502,2025-11-13,12.0,1,Omni Channel,True,True,True
CT-F-99-020503,2025-11-13,4.0,1,Omni Channel,True,True,True
CT-F-99-020504,2025-11-13,6.0,1,Omni Channel,True,True,True
CT-F-99-020505,2025-11-13,12.0,1,Omni Channel,True,True,True
VT-F-99-010203,2025-11-13,42.0,1,Omni Channel,True,True,True
VT-F-99-010722,2025-11-13,110.0,1,Omni Channel,False,False,False
CT-F-99-020704,2025-11-13,2.0,1,Omni Channel,True,True,True
CT-F-99-020527,2025-11-13,3.0,1,Omni Channel,True,True,True
VT-F-99-010721,2025-11-13,1.0,1,Omni Channel,True,True,True
CT-F-99-020504,2025-11-13,2.0,1,Omni Channel,True,True,True
CT-F-99-020506,2025-11-13,3.0,1,Omni Channel,True,True,True
VT-F-99-010721,2025-11-13,1.0,1,Omni Channel,True,True,True
CT-F-99-020524,2025-11-13,3.0,1,Omni Channel,True,True,True
VT-F-99-010721,2025-11-13,1.0,1,Omni Channel,True,True,True
CT-F-99-020506,2025-11-14,3.0,1,Omni Channel,True,True,True
VT-F-99-010715,2025-11-14,1.0,1,Omni Channel,True,True,True
CT-F-99-020717,2025-11-14,3.0,1,Omni Channel,True,True,True
VT-F-99-010819,2025-11-14,1.0,1,Omni Channel,True,True,True
CT-F-99-020503,2025-11-14,2.0,1,Omni Channel,True,True,True
CT-F-99-020504,2025-11-14,2.0,1,Omni Channel,True,True,True
CT-F-99-020704,2025-11-14,2.0,1,Omni Channel,True,True,True
VT-F-99-010203,2025-11-14,4.0,2,Omni Channel,True,True,True
VT-F-99-010303,2025-11-14,2.0,1,Omni Channel,True,True,True
CT-F-99-020504,2025-11-14,3.0,1,Omni Channel,True,True,True
VT-F-99-010721,2025-11-14,1.0,1,Omni Channel,True,True,True
CT-F-99-020504,2025-11-14,2.0,1,Omni Channel,True,True,True
CT-F-99-020507,2025-11-14,2.0,1,Omni Channel,True,True,True
CT-F-99-020705,2025-11-14,2.0,1,Omni Channel,True,True,True
VT-F-99-010203,2025-11-14,2.0,1,Omni Channel,True,True,True
VT-F-99-010209,2025-11-14,2.0,1,Omni Channel,True,True,True
VT-F-99-010303,2025-11-14,2.0,1,Omni Channel,True,True,True
CT-F-99-020503,2025-11-14,2.0,1,Omni Channel,True,True,True
CT-F-99-020506,2025-11-14,2.0,1,Omni Channel,True,True,True
CT-F-99-020703,2025-11-14,3.0,1,Omni Channel,True,True,True
VT-F-99-010203,2025-11-14,4.0,2,Omni Channel,True,True,True
VT-F-99-010819,2025-11-14,1.0,1,Omni Channel,True,True,True
CT-F-99-020503,2025-11-14,4.0,2,Omni Channel,True,True,True
CT-F-99-020704,2025-11-14,2.0,1,Omni Channel,True,True,True
VT-F-99-010203,2025-11-14,4.0,2,Omni Channel,True,True,True
VT-F-99-010303,2025-11-14,2.0,1,Omni Channel,True,True,True
CT-F-99-020507,2025-11-14,3.0,1,Omni Channel,True,True,True
CT-F-99-020705,2025-11-14,2.0,1,Omni Channel,True,True,True
VT-F-99-010303,2025-11-14,2.0,1,Omni Channel,True,True,True
VT-F-99-010721,2025-11-14,1.0,1,Omni Channel,True,True,True
CT-F-99-020504,2025-11-14,3.0,1,Omni Channel,True,True,True
CT-F-99-020705,2025-11-14,2.0,1,Omni Channel,True,True,True
VT-F-99-010303,2025-11-14,2.0,1,Omni Channel,True,True,True
VT-F-99-010721,2025-11-14,1.0,1,Omni Channel,True,True,True
CT-F-99-020506,2025-11-17,2.0,1,Omni Channel,True,True,True
VT-F-99-010203,2025-11-17,2.0,1,Omni Channel,True,True,True
CT-F-99-020531,2025-11-17,3.0,1,Omni Channel,True,True,True
VT-F-99-010721,2025-11-17,1.0,1,Omni Channel,True,True,True
CT-F-99-020504,2025-11-17,2.0,1,Omni Channel,True,True,True
VT-F-99-010203,2025-11-17,2.0,1,Omni Channel,True,True,True
CT-F-99-020506,2025-11-18,3.0,1,Omni Channel,True,True,True
VT-F-99-010721,2025-11-18,1.0,1,Omni Channel,True,True,True
VT-F-99-010202,2025-11-18,1.0,1,Omni Channel,True,True,True
VT-F-99-010202,2025-11-18,1.0,1,Omni Channel,True,True,True
VT-F-99-010202,2025-11-18,1.0,1,Omni Channel,True,True,True
CT-F-99-020505,2025-11-18,3.0,1,Omni Channel,True,True,True
CT-F-99-020507,2025-11-18,3.0,1,Omni Channel,True,True,True
CT-F-99-020514,2025-11-18,2.0,1,Omni Channel,True,True,True
VT-F-99-010202,2025-11-18,2.0,2,Omni Channel,True,True,True
VT-F-99-010203,2025-11-18,2.0,1,Omni Channel,True,True,True
VT-F-99-010721,2025-11-18,2.0,2,Omni Channel,True,True,True
CT-F-99-020505,2025-11-18,2.0,1,Omni Channel,True,True,True
CT-F-99-020528,2025-11-18,3.0,1,Omni Channel,True,True,True
CT-F-99-020530,2025-11-18,3.0,1,Omni Channel,True,True,True
VT-F-99-010202,2025-11-18,2.0,2,Omni Channel,True,True,True
VT-F-99-010203,2025-11-18,4.0,2,Omni Channel,True,True,True
VT-F-99-010721,2025-11-18,2.0,2,Omni Channel,True,True,True
CT-F-99-020502,2025-11-18,2.0,1,Omni Channel,True,True,True
CT-F-99-020503,2025-11-18,2.0,1,Omni Channel,True,True,True
CT-F-99-020506,2025-11-18,6.0,2,Omni Channel,True,True,True
VT-F-99-010202,2025-11-18,2.0,2,Omni Channel,True,True,True
VT-F-99-010203,2025-11-18,4.0,2,Omni Channel,True,True,True
VT-F-99-010721,2025-11-18,2.0,2,Omni Channel,True,True,True
CT-F-99-020508,2025-11-19,3.0,1,Omni Channel,True,True,True
VT-F-99-010721,2025-11-19,1.0,1,Omni Channel,True,True,True
CT-F-99-020530,2025-11-19,3.0,1,Omni Channel,True,True,True
VT-F-99-010202,2025-11-19,1.0,1,Omni Channel,True,True,True
VT-F-99-010721,2025-11-19,1.0,1,Omni Channel,True,True,True
CT-F-99-020530,2025-11-19,3.0,1,Omni Channel,True,True,True
VT-F-99-010202,2025-11-19,1.0,1,Omni Channel,True,True,True
VT-F-99-010721,2025-11-19,1.0,1,Omni Channel,True,True,True
RS-F-99-041001,2025-11-20,30.0,2,Omni Channel,True,True,True
RS-F-99-041002,2025-11-20,30.0,2,Omni Channel,True,True,True
RS-F-99-041006,2025-11-20,12.0,1,Omni Channel,True,True,True
RS-F-99-041007,2025-11-20,12.0,1,Omni Channel,True,True,True
RS-F-99-041008,2025-11-20,18.0,2,Omni Channel,True,True,True
RS-F-99-041010,2025-11-20,30.0,1,Omni Channel,True,True,True
RS-F-99-041033,2025-11-20,30.0,2,Omni Channel,True,True,True
RS-F-99-041034,2025-11-20,30.0,2,Omni Channel,True,True,True
RS-F-99-041035,2025-11-20,18.0,2,Omni Channel,True,True,True
CT-F-99-020528,2025-11-20,3.0,1,Omni Channel,True,True,True
VT-F-99-010721,2025-11-20,1.0,1,Omni Channel,True,True,True
CT-F-99-020527,2025-11-20,3.0,1,Omni Channel,True,True,True
VT-F-99-010721,2025-11-20,1.0,1,Omni Channel,True,True,True
CT-F-99-020529,2025-11-20,3.0,1,Omni Channel,True,True,True
CT-F-99-020506,2025-11-20,3.0,1,Omni Channel,True,True,True
CT-F-99-020504,2025-11-20,3.0,1,Omni Channel,True,True,True
VT-F-99-010721,2025-11-20,1.0,1,Omni Channel,True,True,True
CT-F-99-020506,2025-11-20,3.0,1,Omni Channel,True,True,True
VT-F-99-010721,2025-11-20,1.0,1,Omni Channel,True,True,True
CT-F-99-020507,2025-11-20,3.0,1,Omni Channel,True,True,True
VT-F-99-010721,2025-11-20,1.0,1,Omni Channel,True,True,True
CT-F-99-020508,2025-11-20,3.0,1,Omni Channel,True,True,True
VT-F-99-010721,2025-11-20,1.0,1,Omni Channel,True,True,True
CT-F-99-020530,2025-11-20,3.0,1,Omni Channel,True,True,True
CT-F-99-020504,2025-11-21,3.0,1,Omni Channel,True,True,True
VT-F-99-010721,2025-11-21,1.0,1,Omni Channel,True,True,True
CT-F-99-020506,2025-11-21,3.0,1,Omni Channel,True,True,True
CT-F-99-020505,2025-11-21,3.0,1,Omni Channel,True,True,True
VT-F-99-010715,2025-11-21,1.0,1,Omni Channel,True,True,True
CT-F-99-020505,2025-11-21,3.0,1,Omni Channel,True,True,True
VT-F-99-010721,2025-11-21,1.0,1,Omni Channel,True,True,True
CT-F-99-020528,2025-11-21,3.0,1,Omni Channel,True,True,True
VT-F-99-010721,2025-11-21,1.0,1,Omni Channel,True,True,True
VT-F-99-010202,2025-11-21,1.0,1,Omni Channel,True,True,True
CT-F-99-020504,2025-11-21,3.0,1,Omni Channel,True,True,True
CT-F-99-020504,2025-11-21,3.0,1,Omni Channel,True,True,True
VT-F-99-010721,2025-11-21,1.0,1,Omni Channel,True,True,True
CT-F-99-020504,2025-11-21,3.0,1,Omni Channel,True,True,True
CT-F-99-020505,2025-11-21,3.0,1,Omni Channel,True,True,True
VT-F-99-010721,2025-11-21,1.0,1,Omni Channel,True,True,True
CT-F-99-020505,2025-11-21,3.0,1,Omni Channel,True,True,True
VT-F-99-010715,2025-11-21,1.0,1,Omni Channel,True,True,True
CT-F-99-020506,2025-11-24,3.0,1,Omni Channel,True,True,True
VT-F-99-010721,2025-11-24,1.0,1,Omni Channel,True,True,True
CT-F-99-020508,2025-11-24,3.0,1,Omni Channel,True,True,True
VT-F-99-010721,2025-11-24,1.0,1,Omni Channel,True,True,True
CT-F-99-020527,2025-11-24,3.0,1,Omni Channel,True,True,True
VT-F-99-010701,2025-11-24,1.0,1,Omni Channel,True,True,True
CT-F-99-020708,2025-11-24,3.0,1,Omni Channel,True,True,True
VT-F-99-010819,2025-11-24,1.0,1,Omni Channel,True,True,True
CT-F-99-020528,2025-11-24,5.0,1,Omni Channel,True,True,True
CT-F-99-020522,2025-11-24,3.0,1,Omni Channel,True,True,True
VT-F-99-010721,2025-11-24,1.0,1,Omni Channel,True,True,True
CT-F-99-020504,2025-11-24,3.0,1,Omni Channel,True,True,True
CT-F-99-020504,2025-11-25,3.0,1,Omni Channel,True,True,True
VT-F-99-010721,2025-11-25,1.0,1,Omni Channel,True,True,True
VT-F-99-010203,2025-11-25,1.0,1,Omni Channel,True,True,True
CT-F-99-020530,2025-11-25,3.0,1,Omni Channel,True,True,True
VT-F-99-010202,2025-11-25,1.0,1,Omni Channel,True,True,True
VT-F-99-010721,2025-11-25,1.0,1,Omni Channel,True,True,True
CT-F-99-020527,2025-11-26,3.0,1,Omni Channel,True,True,True
CT-F-99-020523,2025-11-26,3.0,1,Omni Channel,True,True,True
VT-F-99-010721,2025-11-26,1.0,1,Omni Channel,True,True,True
CT-F-99-020523,2025-11-26,3.0,1,Omni Channel,True,True,True
VT-F-99-010721,2025-11-26,1.0,1,Omni Channel,True,True,True
CT-F-99-020507,2025-11-26,3.0,1,Omni Channel,True,True,True
VT-F-99-010721,2025-11-26,1.0,1,Omni Channel,True,True,True
CT-F-99-020505,2025-11-26,3.0,1,Omni Channel,True,True,True
VT-F-99-010721,2025-11-26,1.0,1,Omni Channel,True,True,True
CT-F-99-020506,2025-11-26,3.0,1,Omni Channel,True,True,True
VT-F-99-010721,2025-11-26,1.0,1,Omni Channel,True,True,True
CT-F-99-020528,2025-11-26,3.0,1,Omni Channel,True,True,True
VT-F-99-010721,2025-11-26,1.0,1,Omni Channel,True,True,True
CT-F-99-020511,2025-11-27,3.0,1,Omni Channel,True,True,True
VT-F-99-010721,2025-11-27,1.0,1,Omni Channel,True,True,True
VT-F-99-010203,2025-11-27,1.0,1,Omni Channel,True,True,True
CT-F-99-020508,2025-11-27,3.0,1,Omni Channel,True,True,True
VT-F-99-010721,2025-11-27,1.0,1,Omni Channel,True,True,True
CT-F-99-020503,2025-11-27,3.0,1,Omni Channel,True,True,True
CT-F-99-020508,2025-11-27,3.0,1,Omni Channel,True,True,True
VT-F-99-010721,2025-11-27,1.0,1,Omni Channel,True,True,True
CT-F-99-020505,2025-11-27,3.0,1,Omni Channel,True,True,True
VT-F-99-010721,2025-11-27,1.0,1,Omni Channel,True,True,True
CT-F-99-020504,2025-11-27,3.0,1,Omni Channel,True,True,True
CT-F-99-020505,2025-11-27,3.0,1,Omni Channel,True,True,True
VT-F-99-010721,2025-11-27,1.0,1,Omni Channel,True,True,True
CT-F-99-020505,2025-11-27,2.0,1,Omni Channel,True,True,True
VT-F-99-010203,2025-11-27,2.0,1,Omni Channel,True,True,True
CT-F-99-020530,2025-11-28,3.0,1,Omni Channel,True,True,True
VT-F-99-010721,2025-11-28,1.0,1,Omni Channel,True,True,True
CT-F-99-020507,2025-11-28,3.0,1,Omni Channel,True,True,True
VT-F-99-010721,2025-11-28,1.0,1,Omni Channel,True,True,True
CT-F-99-020524,2025-11-28,1.0,1,Omni Channel,True,True,True
CT-F-99-020526,2025-11-28,1.0,1,Omni Channel,True,True,True
CT-F-99-020528,2025-11-28,1.0,1,Omni Channel,True,True,True
CT-F-99-020530,2025-11-28,1.0,1,Omni Channel,True,True,True
CT-F-99-020531,2025-11-28,1.0,1,Omni Channel,True,True,True
VT-F-99-010721,2025-11-28,1.0,1,Omni Channel,True,True,True
CT-F-99-020503,2025-11-28,52.0,1,Omni Channel,True,True,True
CT-F-99-020507,2025-11-28,6.0,1,Omni Channel,True,True,True
CT-F-99-020508,2025-11-28,5.0,1,Omni Channel,True,True,True
CT-F-99-020511,2025-11-28,1.0,1,Omni Channel,True,True,True
RS-F-99-070004,2025-11-28,826.0,1,Omni Channel,True,True,True
CT-F-99-020506,2025-11-28,3.0,1,Omni Channel,True,True,True
VT-F-99-010721,2025-11-28,1.0,1,Omni Channel,True,True,True
CT-F-99-020502,2025-11-28,3.0,1,Omni Channel,True,True,True
VT-F-99-010202,2025-11-28,1.0,1,Omni Channel,True,True,True
VT-F-99-010721,2025-11-28,1.0,1,Omni Channel,True,True,True
CT-F-99-020506,2025-11-28,3.0,1,Omni Channel,True,True,True
VT-F-99-010202,2025-11-28,1.0,1,Omni Channel,True,True,True
VT-F-99-010721,2025-11-28,1.0,1,Omni Channel,True,True,True
CT-F-99-020504,2025-11-28,3.0,1,Omni Channel,True,True,True
VT-F-99-010202,2025-11-28,1.0,1,Omni Channel,True,True,True
VT-F-99-010721,2025-11-28,1.0,1,Omni Channel,True,True,True
CT-F-99-020502,2025-11-28,2.0,1,Omni Channel,True,True,True
CT-F-99-020510,2025-11-28,4.0,1,Omni Channel,True,True,True
VT-F-99-010203,2025-11-28,6.0,1,Omni Channel,True,True,True
CT-F-99-020508,2025-11-28,3.0,1,Omni Channel,True,True,True
VT-F-99-010721,2025-11-28,1.0,1,Omni Channel,True,True,True
CT-F-99-020503,2025-12-01,2.0,1,Omni Channel,True,True,True
VT-F-99-010203,2025-12-01,2.0,1,Omni Channel,True,True,True
CT-F-99-020704,2025-12-01,3.0,1,Omni Channel,True,True,True
VT-F-99-010819,2025-12-01,1.0,1,Omni Channel,True,True,True
RS-F-99-070005,2025-12-01,3.0,1,Omni Channel,False,False,False
CT-F-99-020506,2025-12-02,6.0,1,Omni Channel,True,True,True
CT-F-99-020508,2025-12-02,6.0,1,Omni Channel,True,True,True
CT-F-99-020510,2025-12-02,3.0,1,Omni Channel,True,True,True
CT-F-99-020527,2025-12-02,3.0,1,Omni Channel,True,True,True
CT-F-99-020528,2025-12-02,6.0,1,Omni Channel,True,True,True
CT-F-99-020530,2025-12-02,3.0,1,Omni Channel,True,True,True
VT-F-99-010202,2025-12-02,1.0,1,Omni Channel,True,True,True
VT-F-99-010721,2025-12-02,8.0,1,Omni Channel,True,True,True
CT-F-99-020510,2025-12-02,3.0,1,Omni Channel,True,True,True
CT-F-99-020507,2025-12-02,3.0,1,Omni Channel,True,True,True
VT-F-99-010721,2025-12-02,1.0,1,Omni Channel,True,True,True
CT-F-99-020505,2025-12-02,3.0,1,Omni Channel,True,True,True
VT-F-99-010721,2025-12-02,1.0,1,Omni Channel,True,True,True
VT-F-99-010203,2025-12-03,1.0,1,Omni Channel,True,True,True
CT-F-99-020506,2025-12-03,3.0,1,Omni Channel,True,True,True
CT-F-99-020507,2025-12-04,3.0,1,Omni Channel,True,True,True
VT-F-99-010721,2025-12-04,1.0,1,Omni Channel,True,True,True
CT-F-99-020504,2025-12-04,3.0,1,Omni Channel,True,True,True
VT-F-99-010302,2025-12-04,1.0,1,Omni Channel,True,True,True
VT-F-99-010302,2025-12-04,1.0,1,Total Customer Solution,False,False,False
CT-F-99-020524,2025-12-08,3.0,1,Omni Channel,True,True,True
VT-F-99-010721,2025-12-08,1.0,1,Omni Channel,True,True,True
VT-F-99-010203,2025-12-08,1.0,1,Omni Channel,True,True,True
VT-F-99-010721,2025-12-08,1.0,1,Omni Channel,True,True,True
CT-F-99-020525,2025-12-09,3.0,1,Omni Channel,True,True,True
VT-F-99-010721,2025-12-09,1.0,1,Omni Channel,True,True,True
CT-F-99-020510,2025-12-09,3.0,1,Omni Channel,True,True,True
VT-F-99-010721,2025-12-09,1.0,1,Omni Channel,True,True,True
VT-F-99-010701,2025-12-09,1.0,1,Omni Channel,True,True,True
CT-F-99-020530,2025-12-10,3.0,1,Omni Channel,True,True,True
VT-F-99-010721,2025-12-10,1.0,1,Omni Channel,True,True,True
CT-F-99-020530,2025-12-10,3.0,1,Omni Channel,True,True,True
VT-F-99-010721,2025-12-10,1.0,1,Omni Channel,True,True,True
CT-F-99-020507,2025-12-10,3.0,1,Omni Channel,True,True,True
VT-F-99-010721,2025-12-10,1.0,1,Omni Channel,True,True,True
VT-F-99-010701,2025-12-10,1.0,1,Omni Channel,True,True,True
RS-F-99-090030,2025-12-11,1.0,1,Omni Channel,True,True,True
CT-F-99-020503,2025-12-11,3.0,1,Omni Channel,True,True,True
VT-F-99-010721,2025-12-11,1.0,1,Omni Channel,True,True,True
CT-F-99-020510,2025-12-11,3.0,1,Omni Channel,True,True,True
VT-F-99-010721,2025-12-11,1.0,1,Omni Channel,True,True,True
CT-F-99-020502,2025-12-12,3.0,1,Omni Channel,True,True,True
VT-F-99-010721,2025-12-12,1.0,1,Omni Channel,True,True,True
CT-F-99-020530,2025-12-12,3.0,1,Omni Channel,True,True,True
VT-F-99-010202,2025-12-12,1.0,1,Omni Channel,True,True,True
VT-F-99-010721,2025-12-12,1.0,1,Omni Channel,True,True,True
CT-F-99-020528,2025-12-12,3.0,1,Omni Channel,True,True,True
VT-F-99-010202,2025-12-12,1.0,1,Omni Channel,True,True,True
VT-F-99-010721,2025-12-12,1.0,1,Omni Channel,True,True,True
VT-F-99-010722,2025-12-12,1.0,1,Omni Channel,False,False,False
CT-F-99-020502,2025-12-12,3.0,1,Omni Channel,True,True,True
VT-F-99-010721,2025-12-12,1.0,1,Omni Channel,True,True,True
RS-F-99-090003,2025-12-15,3.0,1,Omni Channel,True,True,True
CT-F-99-020506,2025-12-16,3.0,1,Omni Channel,True,True,True
VT-F-99-010721,2025-12-16,1.0,1,Omni Channel,True,True,True
CT-F-99-020506,2025-12-16,3.0,1,Omni Channel,True,True,True
VT-F-99-010721,2025-12-16,1.0,1,Omni Channel,True,True,True
CT-F-99-020501,2025-12-16,2.0,1,Omni Channel,True,True,True
CT-F-99-020506,2025-12-16,3.0,1,Omni Channel,True,True,True
VT-F-99-010202,2025-12-16,1.0,1,Omni Channel,True,True,True
VT-F-99-010203,2025-12-16,2.0,1,Omni Channel,True,True,True
VT-F-99-010721,2025-12-16,1.0,1,Omni Channel,True,True,True
CT-F-99-020510,2025-12-17,3.0,1,Omni Channel,True,True,True
VT-F-99-010721,2025-12-17,1.0,1,Omni Channel,True,True,True
CT-F-99-020504,2025-12-17,3.0,1,Omni Channel,True,True,True
VT-F-99-010721,2025-12-17,1.0,1,Omni Channel,True,True,True
CT-F-99-020504,2025-12-17,3.0,1,Omni Channel,True,True,True
VT-F-99-010721,2025-12-17,1.0,1,Omni Channel,True,True,True
CT-F-99-020505,2025-12-17,3.0,1,Omni Channel,True,True,True
VT-F-99-010721,2025-12-17,1.0,1,Omni Channel,True,True,True
VT-F-99-010722,2025-12-19,1.0,1,Omni Channel,True,True,True
CT-F-99-020508,2025-12-19,3.0,1,Omni Channel,True,True,True
VT-F-99-010721,2025-12-19,1.0,1,Omni Channel,True,True,True
CT-F-99-020510,2025-12-19,2.0,1,Omni Channel,True,True,True
VT-F-99-010203,2025-12-19,2.0,1,Omni Channel,True,True,True
CT-F-99-020505,2025-12-19,2.0,1,Omni Channel,True,True,True
VT-F-99-010203,2025-12-19,2.0,1,Omni Channel,True,True,True
CT-F-99-020505,2025-12-19,2.0,1,Omni Channel,True,True,True
VT-F-99-010203,2025-12-19,2.0,1,Omni Channel,True,True,True
CT-F-99-020503,2025-12-19,2.0,1,Omni Channel,True,True,True
VT-F-99-010203,2025-12-19,2.0,1,Omni Channel,True,True,True
CT-F-99-020524,2025-12-22,3.0,1,Omni Channel,True,True,True
VT-F-99-010721,2025-12-22,1.0,1,Omni Channel,True,True,True
CT-F-99-020506,2025-12-23,4.0,1,Omni Channel,True,True,True
VT-F-99-010203,2025-12-23,4.0,1,Omni Channel,True,True,True
CT-F-99-020506,2025-12-23,4.0,1,Omni Channel,True,True,True
CT-F-99-020506,2025-12-24,6.0,1,Omni Channel,True,True,True
CT-F-99-020511,2025-12-24,6.0,1,Omni Channel,True,True,True
VT-F-99-010203,2025-12-24,12.0,1,Omni Channel,True,True,True
VT-F-99-010203,2025-12-24,2.0,1,Omni Channel,True,True,True
CT-F-99-020504,2025-12-24,3.0,1,Omni Channel,True,True,True
VT-F-99-010721,2025-12-24,1.0,1,Omni Channel,True,True,True
RS-F-99-070005,2025-12-24,60.0,1,Omni Channel,True,True,True
VT-F-99-010203,2025-12-25,2.0,1,Omni Channel,True,True,True
CT-F-99-020507,2025-12-26,3.0,1,Omni Channel,True,True,True
VT-F-99-010721,2025-12-26,1.0,1,Omni Channel,True,True,True
CT-F-99-020504,2025-12-26,3.0,1,Omni Channel,True,True,True
CT-F-99-020505,2026-01-05,3.0,1,Omni Channel,True,True,True
CT-F-99-020508,2026-01-05,3.0,1,Omni Channel,True,True,True
VT-F-99-010721,2026-01-05,2.0,1,Omni Channel,True,True,True
CT-F-99-020506,2026-01-06,3.0,1,Omni Channel,True,True,True
VT-F-99-010721,2026-01-06,1.0,1,Omni Channel,True,True,True
CT-F-99-020504,2026-01-06,3.0,1,Omni Channel,True,True,True
VT-F-99-010721,2026-01-06,1.0,1,Omni Channel,True,True,True
CT-F-99-020504,2026-01-06,2.0,1,Omni Channel,True,True,True
VT-F-99-010203,2026-01-06,2.0,1,Omni Channel,True,True,True
CT-F-99-020504,2026-01-06,18.0,1,Omni Channel,True,True,True
CT-F-99-020506,2026-01-06,3.0,1,Omni Channel,True,True,True
VT-F-99-010721,2026-01-06,1.0,1,Omni Channel,True,True,True
RS-F-99-120002,2026-01-06,2400.0,4,Tendering,False,False,False
CT-F-99-020528,2026-01-07,3.0,1,Omni Channel,True,True,True
CT-F-99-020504,2026-01-07,3.0,1,Omni Channel,True,True,True
VT-F-99-010721,2026-01-07,1.0,1,Omni Channel,True,True,True
CT-F-99-020504,2026-01-07,2.0,1,Omni Channel,True,True,True
VT-F-99-010203,2026-01-07,2.0,1,Omni Channel,True,True,True
CT-F-99-020504,2026-01-07,6.0,1,Omni Channel,True,True,True
VT-F-99-010616,2026-01-07,21.0,2,Omni Channel,True,True,True
RS-F-99-070003,2026-01-07,300.0,1,Omni Channel,True,True,True
RS-F-99-070006,2026-01-07,300.0,1,Omni Channel,True,True,True
CT-F-99-020510,2026-01-07,3.0,1,Omni Channel,True,True,True
VT-F-99-010721,2026-01-07,2.0,1,Omni Channel,True,True,True
CT-F-99-020505,2026-01-07,3.0,1,Omni Channel,True,True,True
VT-F-99-010721,2026-01-07,1.0,1,Omni Channel,True,True,True
CT-F-99-020524,2026-01-07,3.0,1,Omni Channel,True,True,True
VT-F-99-010721,2026-01-07,1.0,1,Omni Channel,True,True,True
CT-F-99-020706,2026-01-07,3.0,1,Omni Channel,True,True,True
VT-F-99-010819,2026-01-07,1.0,1,Omni Channel,True,True,True
CT-F-99-020506,2026-01-08,2.0,1,Omni Channel,True,True,True
VT-F-99-010203,2026-01-08,2.0,1,Omni Channel,True,True,True
CT-F-99-020528,2026-01-08,3.0,1,Omni Channel,True,True,True
VT-F-99-010721,2026-01-08,1.0,1,Omni Channel,True,True,True
CT-F-99-020503,2026-01-08,3.0,1,Omni Channel,True,True,True
CT-F-99-020502,2026-01-08,3.0,1,Omni Channel,True,True,True
CT-F-99-020530,2026-01-08,3.0,1,Omni Channel,True,True,True
CT-F-99-020530,2026-01-08,3.0,1,Omni Channel,True,True,True
VT-F-99-010721,2026-01-08,1.0,1,Omni Channel,True,True,True
CT-F-99-020528,2026-01-08,3.0,1,Omni Channel,True,True,True
VT-F-99-010721,2026-01-08,1.0,1,Omni Channel,True,True,True
CT-F-99-020523,2026-01-09,3.0,1,Omni Channel,True,True,True
VT-F-99-010721,2026-01-09,1.0,1,Omni Channel,True,True,True
CT-F-99-020504,2026-01-09,3.0,1,Omni Channel,True,True,True
CT-F-99-020705,2026-01-09,3.0,1,Omni Channel,True,True,True
VT-F-99-010818,2026-01-09,1.0,1,Omni Channel,True,True,True
CT-F-99-020504,2026-01-09,3.0,1,Omni Channel,True,True,True
VT-F-99-010715,2026-01-09,1.0,1,Omni Channel,True,True,True
CT-F-99-020704,2026-01-09,3.0,1,Omni Channel,True,True,True
VT-F-99-010818,2026-01-09,1.0,1,Omni Channel,True,True,True
CT-F-99-020508,2026-01-22,299.0,2,Tendering,False,False,False
VT-F-99-010721,2026-01-09,1.0,1,Omni Channel,True,True,True
RS-F-99-120002,2026-01-09,2400.0,4,Tendering,True,True,True
CT-F-99-020504,2026-01-09,3.0,1,Omni Channel,True,True,True
VT-F-99-010721,2026-01-09,1.0,1,Omni Channel,True,True,True
CT-F-99-020504,2026-01-12,10.0,1,Omni Channel,True,True,True
CT-F-99-020506,2026-01-12,3.0,1,Omni Channel,False,False,False
CT-F-99-020506,2026-01-13,3.0,1,Omni Channel,True,True,True
CT-F-99-020508,2026-01-13,3.0,1,Omni Channel,True,True,True
VT-F-99-010721,2026-01-13,1.0,1,Omni Channel,True,True,True
CT-F-99-020506,2026-01-13,9.0,1,Omni Channel,True,True,True
VT-F-99-010715,2026-01-13,3.0,1,Omni Channel,True,True,True
CT-F-99-020706,2026-01-13,3.0,1,Omni Channel,True,True,True
VT-F-99-010818,2026-01-13,1.0,1,Omni Channel,True,True,True
CT-F-99-020706,2026-01-13,3.0,1,Omni Channel,True,True,True
VT-F-99-010818,2026-01-13,1.0,1,Omni Channel,True,True,True
CT-F-99-020503,2026-01-13,3.0,1,Omni Channel,True,True,True
CT-F-99-020704,2026-01-14,3.0,1,Omni Channel,True,True,True
VT-F-99-010819,2026-01-14,1.0,1,Omni Channel,True,True,True
CT-F-99-020506,2026-01-13,3.0,1,Omni Channel,True,True,True
VT-F-99-010715,2026-01-13,1.0,1,Omni Channel,True,True,True
CT-F-99-020506,2026-01-15,27.0,1,Omni Channel,True,True,True
CT-F-99-020524,2026-01-15,3.0,1,Omni Channel,True,True,True
VT-F-99-010721,2026-01-15,10.0,1,Omni Channel,True,True,True
CT-F-99-020717,2026-01-16,3.0,1,Omni Channel,True,True,True
VT-F-99-010819,2026-01-16,1.0,1,Omni Channel,True,True,True
CT-F-99-020504,2026-01-16,3.0,1,Omni Channel,True,True,True
CT-F-99-020527,2026-01-16,3.0,1,Omni Channel,True,True,True
VT-F-99-010721,2026-01-16,2.0,1,Omni Channel,True,True,True
VT-F-99-010701,2026-01-16,1.0,1,Omni Channel,True,True,True
CT-F-99-020708,2026-01-16,3.0,1,Omni Channel,True,True,True
VT-F-99-010819,2026-01-16,1.0,1,Omni Channel,True,True,True
RS-F-99-041005,2026-01-16,2.0,1,Omni Channel,True,True,True
RS-F-99-120006,2026-01-16,2.0,1,Omni Channel,True,True,True
CT-F-99-020508,2026-01-19,3.0,1,Omni Channel,True,True,True
CT-F-99-020506,2026-01-19,4.0,1,Omni Channel,True,True,True
CT-F-99-020514,2026-01-19,10.0,1,Omni Channel,True,True,True
RS-F-99-050128,2026-01-19,3.0,1,Omni Channel,True,True,True
CT-F-99-020704,2026-01-19,3.0,1,Omni Channel,True,True,True
VT-F-99-010819,2026-01-19,1.0,1,Omni Channel,True,True,True
CT-F-99-020502,2026-01-19,2.0,1,Omni Channel,True,True,True
VT-F-99-010203,2026-01-19,2.0,1,Omni Channel,True,True,True
CT-F-99-020504,2026-01-19,3.0,1,Omni Channel,True,True,True
CT-F-99-020507,2026-01-20,3.0,1,Omni Channel,True,True,True
VT-F-99-010721,2026-01-20,1.0,1,Omni Channel,True,True,True
CT-F-99-020506,2026-01-20,3.0,1,Omni Channel,True,True,True
VT-F-99-010721,2026-01-20,1.0,1,Omni Channel,True,True,True
CT-F-99-020506,2026-01-13,3.0,1,Omni Channel,True,True,True
VT-F-99-010721,2026-01-13,1.0,1,Omni Channel,True,True,True
RS-F-99-070004,2026-01-21,6.0,1,Omni Channel,False,False,False
VT-F-99-010701,2026-01-21,1.0,1,Omni Channel,True,True,True
CT-F-99-020504,2026-01-21,3.0,1,Omni Channel,True,True,True
VT-F-99-010715,2026-01-21,1.0,1,Omni Channel,True,True,True
CT-F-99-020704,2026-01-21,3.0,1,Omni Channel,True,True,True
VT-F-99-010819,2026-01-21,1.0,1,Omni Channel,True,True,True
CT-F-99-020529,2026-01-22,3.0,1,Omni Channel,True,True,True
VT-F-99-010721,2026-01-22,1.0,1,Omni Channel,True,True,True
CT-F-99-020506,2026-01-22,3.0,1,Omni Channel,True,True,True
VT-F-99-010721,2026-01-22,1.0,1,Omni Channel,True,True,True
CT-F-99-020728,2026-01-22,3.0,1,Omni Channel,True,True,True
VT-F-99-010819,2026-01-22,1.0,1,Omni Channel,True,True,True
CT-F-99-020527,2026-01-22,3.0,1,Omni Channel,True,True,True
VT-F-99-010721,2026-01-22,1.0,1,Omni Channel,True,True,True
CT-F-99-020506,2026-01-23,3.0,1,Omni Channel,True,True,True
VT-F-99-010721,2026-01-23,1.0,1,Omni Channel,True,True,True
CT-F-99-020504,2026-01-23,3.0,1,Omni Channel,True,True,True
CT-F-99-020510,2026-01-23,3.0,1,Omni Channel,True,True,True
CT-F-99-020504,2026-01-23,3.0,1,Omni Channel,True,True,True
VT-F-99-010721,2026-01-23,1.0,1,Omni Channel,True,True,True
CT-F-99-020504,2026-01-23,3.0,1,Omni Channel,True,True,True
VT-F-99-010721,2026-01-23,1.0,1,Omni Channel,True,True,True
VT-F-99-010303,2026-01-23,3.0,1,Omni Channel,True,True,True
CT-F-99-020524,2026-01-26,1.0,1,Omni Channel,True,True,True
CT-F-99-020530,2026-01-26,1.0,1,Omni Channel,True,True,True
CT-F-99-020710,2026-01-26,3.0,1,Omni Channel,True,True,True
VT-F-99-010818,2026-01-26,1.0,1,Omni Channel,True,True,True
CT-F-99-020507,2026-01-27,3.0,1,Omni Channel,True,True,True
VT-F-99-010721,2026-01-27,1.0,1,Omni Channel,True,True,True
CT-F-99-020507,2026-01-27,3.0,1,Omni Channel,True,True,True
VT-F-99-010721,2026-01-27,1.0,1,Omni Channel,True,True,True
CT-F-99-020506,2026-01-27,3.0,1,Omni Channel,True,True,True
VT-F-99-010721,2026-01-27,1.0,1,Omni Channel,True,True,True
CT-F-99-020503,2026-01-27,3.0,1,Omni Channel,True,True,True
VT-F-99-010721,2026-01-27,1.0,1,Omni Channel,True,True,True
CT-F-99-020505,2026-01-27,3.0,1,Omni Channel,True,True,True
VT-F-99-010721,2026-01-27,1.0,1,Omni Channel,True,True,True
CT-F-99-020503,2026-01-27,3.0,1,Omni Channel,True,True,True
VT-F-99-010721,2026-01-27,1.0,1,Omni Channel,True,True,True
CT-F-99-020503,2026-01-27,3.0,1,Omni Channel,True,True,True
VT-F-99-010721,2026-01-27,1.0,1,Omni Channel,True,True,True
CT-F-99-020524,2026-01-27,3.0,1,Omni Channel,True,True,True
VT-F-99-010721,2026-01-27,1.0,1,Omni Channel,True,True,True
VT-F-99-010203,2026-01-28,10.0,1,Omni Channel,True,True,True
VT-F-99-010701,2026-01-28,1.0,1,Omni Channel,True,True,True
CT-F-99-020504,2026-01-28,3.0,1,Omni Channel,True,True,True
VT-F-99-010721,2026-01-28,1.0,1,Omni Channel,True,True,True
CT-F-99-020506,2026-01-29,3.0,1,Omni Channel,True,True,True
VT-F-99-010721,2026-01-29,1.0,1,Omni Channel,True,True,True
CT-F-99-020508,2026-01-29,3.0,1,Omni Channel,True,True,True
VT-F-99-010721,2026-01-29,1.0,1,Omni Channel,True,True,True
CT-F-99-020704,2026-01-29,3.0,1,Omni Channel,True,True,True
VT-F-99-010819,2026-01-29,1.0,1,Omni Channel,True,True,True
CT-F-99-020704,2026-01-29,3.0,1,Omni Channel,True,True,True
VT-F-99-010819,2026-01-29,1.0,1,Omni Channel,True,True,True
CT-F-99-020528,2026-01-30,3.0,1,Omni Channel,True,True,True
VT-F-99-010721,2026-01-30,1.0,1,Omni Channel,True,True,True
CT-F-99-020506,2026-01-30,3.0,1,Omni Channel,True,True,True
VT-F-99-010721,2026-01-30,1.0,1,Omni Channel,True,True,True
CT-F-99-020508,2026-01-30,299.0,2,Tendering,True,True,True
CT-F-99-020535,2026-01-30,3.0,1,Omni Channel,True,True,True
VT-F-99-010721,2026-01-30,1.0,1,Omni Channel,True,True,True
CT-F-99-020505,2026-01-30,3.0,1,Omni Channel,True,True,True
VT-F-99-010721,2026-01-30,1.0,1,Omni Channel,True,True,True
VT-F-99-010303,2026-01-30,1.0,1,Omni Channel,True,True,True
CT-F-99-020507,2026-02-03,6.0,1,Omni Channel,True,True,True
VT-F-99-010615,2026-02-04,9.0,1,Omni Channel,False,False,False
CT-F-99-020705,2026-02-04,1.0,1,Omni Channel,False,False,False
VT-F-99-010203,2026-02-04,3.0,1,Omni Channel,False,False,False
RS-F-99-070004,2026-02-04,3.0,1,Omni Channel,False,False,False
CT-F-99-020706,2026-02-05,3.0,1,Omni Channel,True,True,True
VT-F-99-010819,2026-02-05,1.0,1,Omni Channel,True,True,True
VT-F-99-010302,2026-02-05,1.0,1,Omni Channel,True,True,True
CT-F-99-020503,2026-01-21,3.0,1,Omni Channel,True,True,True
VT-F-99-010721,2026-01-21,1.0,1,Omni Channel,True,True,True
CT-F-99-020502,2026-02-06,3.0,1,Omni Channel,True,True,True
VT-F-99-010715,2026-02-06,1.0,1,Omni Channel,True,True,True
VT-F-99-010302,2026-02-09,1.0,1,Total Customer Solution,False,False,False
CT-F-99-020507,2026-02-09,6.0,1,Omni Channel,True,True,True
CT-F-99-020503,2026-02-09,3.0,1,Omni Channel,True,True,True
VT-F-99-010721,2026-02-09,1.0,1,Omni Channel,True,True,True
CT-F-99-020504,2026-02-09,3.0,1,Omni Channel,True,True,True
VT-F-99-010721,2026-02-09,1.0,1,Omni Channel,True,True,True
CT-F-99-020725,2026-02-09,1.0,1,Omni Channel,True,True,True
CT-F-99-020507,2026-02-09,3.0,1,Omni Channel,True,True,True
CT-F-99-020510,2026-01-21,3.0,1,Omni Channel,True,True,True
VT-F-99-010721,2026-01-21,1.0,1,Omni Channel,True,True,True
CT-F-99-020506,2026-02-10,3.0,1,Omni Channel,True,True,True
VT-F-99-010715,2026-02-10,1.0,1,Omni Channel,True,True,True
CT-F-99-020506,2026-02-10,3.0,1,Omni Channel,True,True,True
VT-F-99-010721,2026-02-10,1.0,1,Omni Channel,True,True,True
CT-F-99-020508,2026-02-10,3.0,1,Omni Channel,True,True,True
CT-F-99-020504,2026-02-11,3.0,1,Omni Channel,True,True,True
VT-F-99-010721,2026-02-11,1.0,1,Omni Channel,True,True,True
CT-F-99-020505,2026-02-11,3.0,1,Omni Channel,True,True,True
VT-F-99-010721,2026-02-11,1.0,1,Omni Channel,True,True,True
CT-F-99-020506,2026-02-12,3.0,1,Omni Channel,True,True,True
VT-F-99-010721,2026-02-12,1.0,1,Omni Channel,True,True,True
CT-F-99-020709,2026-02-12,2.0,1,Omni Channel,True,True,True
CT-F-99-020507,2026-02-12,3.0,1,Omni Channel,True,True,True
VT-F-99-010721,2026-02-12,1.0,1,Omni Channel,True,True,True
CT-F-99-020705,2026-02-12,3.0,1,Omni Channel,True,True,True
VT-F-99-010819,2026-02-12,1.0,1,Omni Channel,True,True,True
CT-F-99-020504,2026-02-12,3.0,1,Omni Channel,True,True,True
VT-F-99-010721,2026-02-12,1.0,1,Omni Channel,True,True,True
CT-F-99-020508,2026-02-12,3.0,1,Omni Channel,True,True,True
VT-F-99-010721,2026-02-12,1.0,1,Omni Channel,True,True,True
CT-F-99-020504,2026-02-12,3.0,1,Omni Channel,True,True,True
VT-F-99-010721,2026-02-12,1.0,1,Omni Channel,True,True,True
CT-F-99-020504,2026-02-12,3.0,1,Omni Channel,True,True,True
VT-F-99-010721,2026-02-12,1.0,1,Omni Channel,True,True,True
CT-F-99-020503,2026-02-12,2.0,1,Omni Channel,True,True,True
VT-F-99-010203,2026-02-12,2.0,1,Omni Channel,True,True,True
CT-F-99-020524,2026-02-12,3.0,1,Omni Channel,True,True,True
CT-F-99-020506,2026-02-13,3.0,1,Omni Channel,True,True,True
VT-F-99-010721,2026-02-13,1.0,1,Omni Channel,True,True,True
CT-F-99-020725,2026-02-16,3.0,1,Omni Channel,True,True,True
VT-F-99-010819,2026-02-16,1.0,1,Omni Channel,True,True,True
VT-F-99-010203,2026-02-16,2.0,1,Omni Channel,True,True,True
CT-F-99-020502,2026-02-16,10.0,1,Omni Channel,True,True,True
CT-F-99-020504,2026-02-16,4.0,1,Omni Channel,True,True,True
CT-F-99-020508,2026-02-16,4.0,1,Omni Channel,True,True,True
CT-F-99-020514,2026-02-16,20.0,1,Omni Channel,True,True,True
RS-F-99-010114,2026-02-16,3.0,1,Omni Channel,True,True,True
VT-F-99-010203,2026-02-17,1.0,1,Omni Channel,True,True,True
CT-F-99-020506,2026-01-13,6.0,1,Omni Channel,True,True,True
CT-F-99-020527,2026-02-17,3.0,1,Omni Channel,True,True,True
VT-F-99-010721,2026-02-17,1.0,1,Omni Channel,True,True,True
CT-F-99-020504,2026-02-17,3.0,1,Omni Channel,True,True,True
VT-F-99-010715,2026-02-17,1.0,1,Omni Channel,True,True,True
CT-F-99-020531,2026-02-17,3.0,1,Omni Channel,True,True,True
VT-F-99-010721,2026-02-17,1.0,1,Omni Channel,True,True,True
CT-F-99-020505,2026-02-18,3.0,1,Omni Channel,True,True,True
CT-F-99-020505,2026-02-18,3.0,1,Omni Channel,True,True,True
VT-F-99-010715,2026-02-18,1.0,1,Omni Channel,True,True,True
CT-F-99-020504,2026-02-18,3.0,1,Omni Channel,True,True,True
VT-F-99-010203,2026-02-18,2.0,1,Omni Channel,True,True,True
RS-F-99-041006,2026-02-18,18.0,2,Omni Channel,True,True,True
RS-F-99-041007,2026-02-18,12.0,1,Omni Channel,True,True,True
RS-F-99-041008,2026-02-18,18.0,2,Omni Channel,True,True,True
RS-F-99-041035,2026-02-18,12.0,2,Omni Channel,True,True,True
VT-F-99-010202,2026-02-18,10.0,1,Omni Channel,True,True,True
CT-F-99-020508,2026-02-19,3.0,1,Omni Channel,True,True,True
VT-F-99-010721,2026-02-19,1.0,1,Omni Channel,True,True,True
CT-F-99-020503,2026-02-20,3.0,1,Omni Channel,True,True,True
VT-F-99-010721,2026-02-20,1.0,1,Omni Channel,True,True,True
CT-F-99-020530,2026-02-20,3.0,1,Omni Channel,True,True,True
VT-F-99-010721,2026-02-20,1.0,1,Omni Channel,True,True,True
CT-F-99-020505,2026-02-20,3.0,1,Omni Channel,True,True,True
VT-F-99-010721,2026-02-20,1.0,1,Omni Channel,True,True,True
CT-F-99-020511,2026-02-20,3.0,1,Omni Channel,True,True,True
VT-F-99-010721,2026-02-20,1.0,1,Omni Channel,True,True,True
VT-F-99-010820,2026-02-20,1.0,1,Omni Channel,False,False,False
VT-F-99-010820,2026-02-20,1.0,1,Omni Channel,True,True,True
CT-F-99-020510,2026-02-24,3.0,1,Omni Channel,True,True,True
VT-F-99-010721,2026-02-24,1.0,1,Omni Channel,True,True,True
CT-F-99-020508,2026-02-24,3.0,1,Omni Channel,True,True,True
VT-F-99-010721,2026-02-24,1.0,1,Omni Channel,True,True,True
CT-F-99-020505,2026-02-25,3.0,1,Omni Channel,True,True,True
VT-F-99-010715,2026-02-25,1.0,1,Omni Channel,True,True,True
CT-F-99-020528,2026-02-25,3.0,1,Omni Channel,True,True,True
VT-F-99-010721,2026-02-25,1.0,1,Omni Channel,True,True,True
CT-F-99-020528,2026-02-25,3.0,1,Omni Channel,True,True,True
VT-F-99-010721,2026-02-25,1.0,1,Omni Channel,True,True,True
CT-F-99-020505,2026-02-25,3.0,1,Omni Channel,True,True,True
VT-F-99-010715,2026-02-25,1.0,1,Omni Channel,True,True,True
CT-F-99-020505,2026-02-25,2.0,1,Omni Channel,True,True,True
VT-F-99-010203,2026-02-25,2.0,1,Omni Channel,True,True,True
CT-F-99-020508,2026-02-26,3.0,1,Omni Channel,True,True,True
VT-F-99-010721,2026-02-26,1.0,1,Omni Channel,True,True,True
CT-F-99-020506,2026-02-26,6.0,2,Omni Channel,True,True,True
CT-F-99-020705,2026-02-26,3.0,1,Omni Channel,True,True,True
VT-F-99-010721,2026-02-26,2.0,2,Omni Channel,True,True,True
VT-F-99-010819,2026-02-26,1.0,1,Omni Channel,True,True,True
CT-F-99-020507,2026-02-26,9.0,3,Omni Channel,True,True,True
VT-F-99-010721,2026-02-26,3.0,3,Omni Channel,True,True,True
CT-F-99-020505,2026-02-26,6.0,2,Omni Channel,True,True,True
CT-F-99-020507,2026-02-26,3.0,1,Omni Channel,True,True,True
VT-F-99-010721,2026-02-26,3.0,3,Omni Channel,True,True,True
CT-F-99-020706,2026-02-26,3.0,1,Omni Channel,True,True,True
VT-F-99-010819,2026-02-26,1.0,1,Omni Channel,True,True,True
CT-F-99-020502,2026-03-02,2.0,1,Omni Channel,True,True,True
VT-F-99-010203,2026-03-02,2.0,1,Omni Channel,True,True,True
CT-F-99-020506,2026-03-02,3.0,1,Omni Channel,True,True,True
VT-F-99-010721,2026-03-02,1.0,1,Omni Channel,True,True,True
CT-F-99-020535,2026-03-04,3.0,1,Omni Channel,True,True,True
VT-F-99-010721,2026-03-04,1.0,1,Omni Channel,True,True,True
CT-F-99-020507,2026-03-04,6.0,1,Omni Channel,True,True,True
RS-F-99-070004,2026-03-04,150.0,1,Omni Channel,True,True,True
VT-F-99-010721,2026-03-04,1.0,1,Omni Channel,True,True,True
CT-F-99-020506,2026-03-04,3.0,1,Omni Channel,True,True,True
CT-F-99-020507,2026-03-04,6.0,2,Omni Channel,True,True,True
VT-F-99-010721,2026-03-04,2.0,2,Omni Channel,True,True,True
CT-F-99-020705,2026-03-04,3.0,1,Omni Channel,True,True,True
CT-F-99-020706,2026-03-04,3.0,1,Omni Channel,True,True,True
VT-F-99-010819,2026-03-04,2.0,2,Omni Channel,True,True,True
CT-F-99-020504,2026-03-04,3.0,1,Omni Channel,True,True,True
VT-F-99-010721,2026-03-04,1.0,1,Omni Channel,True,True,True
CT-F-99-020528,2026-03-04,3.0,1,Omni Channel,True,True,True
VT-F-99-010721,2026-03-04,1.0,1,Omni Channel,True,True,True
CT-F-99-020504,2026-03-04,1.0,1,Omni Channel,True,True,True
CT-F-99-020530,2026-03-05,3.0,1,Omni Channel,True,True,True
VT-F-99-010721,2026-03-05,1.0,1,Omni Channel,True,True,True
CT-F-99-020502,2026-03-06,2.0,1,Omni Channel,True,True,True
VT-F-99-010203,2026-03-06,2.0,1,Omni Channel,True,True,True
VT-F-99-010721,2026-03-06,1.0,1,Omni Channel,True,True,True
VT-F-99-010721,2026-03-09,1.0,1,Omni Channel,True,True,True
CT-F-99-020503,2026-03-09,3.0,1,Omni Channel,True,True,True
VT-F-99-010721,2026-03-09,1.0,1,Omni Channel,True,True,True
VT-F-99-010203,2026-03-09,16.0,1,Omni Channel,True,True,True
CT-F-99-020502,2026-03-09,4.0,1,Omni Channel,True,True,True
CT-F-99-020504,2026-03-09,4.0,1,Omni Channel,True,True,True
CT-F-99-020506,2026-03-09,4.0,1,Omni Channel,True,True,True
RS-F-99-090010,2026-03-09,3.0,1,Omni Channel,True,True,True
CT-F-99-020527,2026-03-09,3.0,1,Omni Channel,True,True,True
VT-F-99-010721,2026-03-09,1.0,1,Omni Channel,True,True,True
CT-F-99-020504,2026-03-10,3.0,1,Omni Channel,True,True,True
VT-F-99-010715,2026-03-10,1.0,1,Omni Channel,True,True,True
CT-F-99-020504,2026-03-10,3.0,1,Omni Channel,True,True,True
CT-F-99-020535,2026-03-10,3.0,1,Omni Channel,True,True,True
VT-F-99-010721,2026-03-10,1.0,1,Omni Channel,True,True,True
CT-F-99-020504,2026-03-10,3.0,1,Omni Channel,True,True,True
CT-F-99-020501,2026-03-11,2.0,1,Omni Channel,True,True,True
CT-F-99-020507,2026-03-11,3.0,1,Omni Channel,True,True,True
VT-F-99-010721,2026-03-11,1.0,1,Omni Channel,True,True,True
VT-F-99-010701,2026-03-11,1.0,1,Omni Channel,True,True,True
CT-F-99-020508,2026-03-12,3.0,1,Omni Channel,True,True,True
VT-F-99-010721,2026-03-12,1.0,1,Omni Channel,True,True,True
CT-F-99-020508,2026-03-12,3.0,1,Omni Channel,True,True,True
VT-F-99-010721,2026-03-12,1.0,1,Omni Channel,True,True,True
CT-F-99-020504,2026-03-12,2.0,1,Omni Channel,True,True,True
VT-F-99-010203,2026-03-12,2.0,1,Omni Channel,True,True,True
CT-F-99-020510,2026-03-12,2.0,1,Omni Channel,True,True,True
VT-F-99-010820,2026-03-12,1.0,1,Total Customer Solution,False,False,False
CT-F-99-020501,2026-03-13,150.0,3,Omni Channel,True,True,True
CT-F-99-020502,2026-03-13,20.0,1,Omni Channel,True,True,True
CT-F-99-020507,2026-03-13,10.0,1,Omni Channel,True,True,True
CT-F-99-020514,2026-03-13,20.0,1,Omni Channel,True,True,True
RS-F-99-070003,2026-03-13,450.0,3,Omni Channel,True,True,True
RS-F-99-070006,2026-03-13,600.0,3,Omni Channel,True,True,True
RS-F-99-070007,2026-03-13,150.0,1,Omni Channel,False,False,False
VT-F-99-010203,2026-03-13,100.0,4,Omni Channel,True,True,True
VT-F-99-010616,2026-03-13,24.0,1,Omni Channel,True,True,True
CT-F-99-020505,2026-03-16,3.0,1,Omni Channel,True,True,True
VT-F-99-010721,2026-03-16,1.0,1,Omni Channel,True,True,True
VT-F-99-010820,2026-03-16,1.0,1,Omni Channel,False,False,False
CT-F-99-020506,2026-03-16,3.0,1,Omni Channel,True,True,True
CT-F-99-020507,2026-03-16,3.0,1,Omni Channel,True,True,True
VT-F-99-010721,2026-03-16,2.0,1,Omni Channel,True,True,True
CT-F-99-020508,2026-03-17,3.0,1,Omni Channel,True,True,True
VT-F-99-010721,2026-03-17,1.0,1,Omni Channel,True,True,True
CT-F-99-020504,2026-03-17,3.0,1,Omni Channel,True,True,True
VT-F-99-010715,2026-03-17,1.0,1,Omni Channel,True,True,True
CT-F-99-020505,2026-03-17,3.0,1,Omni Channel,True,True,True
VT-F-99-010721,2026-03-17,1.0,1,Omni Channel,True,True,True
VT-F-99-010203,2026-03-17,2.0,1,Omni Channel,True,True,True
CT-F-99-020506,2026-03-18,3.0,1,Omni Channel,True,True,True
VT-F-99-010721,2026-03-18,1.0,1,Omni Channel,True,True,True
CT-F-99-020508,2026-03-18,1.0,1,Omni Channel,True,True,True
VT-F-99-010203,2026-03-18,1.0,1,Omni Channel,True,True,True
CT-F-99-020510,2026-03-18,3.0,1,Omni Channel,True,True,True
VT-F-99-010721,2026-03-18,1.0,1,Omni Channel,True,True,True
CT-F-99-020504,2026-03-18,3.0,1,Omni Channel,True,True,True
CT-F-99-020530,2026-03-18,3.0,1,Omni Channel,True,True,True
VT-F-99-010721,2026-03-18,1.0,1,Omni Channel,True,True,True
CT-F-99-020501,2026-03-18,2.0,1,Omni Channel,True,True,True
VT-F-99-010203,2026-03-18,2.0,1,Omni Channel,True,True,True
CT-F-99-020502,2026-03-18,3.0,1,Omni Channel,True,True,True
VT-F-99-010721,2026-03-18,1.0,1,Omni Channel,True,True,True
CT-F-99-020502,2026-03-18,2.0,1,Omni Channel,True,True,True
VT-F-99-010203,2026-03-18,2.0,1,Omni Channel,True,True,True
RS-F-99-070002,2026-03-18,3.0,1,Omni Channel,False,False,False
RS-F-99-070004,2026-03-18,3.0,1,Omni Channel,False,False,False
CT-F-99-020506,2026-03-18,3.0,1,Omni Channel,True,True,True
VT-F-99-010721,2026-03-18,1.0,1,Omni Channel,True,True,True
CT-F-99-020528,2026-03-19,3.0,1,Omni Channel,True,True,True
VT-F-99-010721,2026-03-19,1.0,1,Omni Channel,True,True,True
RS-F-99-070006,2026-03-13,3.0,1,Omni Channel,False,False,False
CT-F-99-020511,2026-03-19,3.0,1,Omni Channel,True,True,True
VT-F-99-010721,2026-03-19,1.0,1,Omni Channel,True,True,True
CT-F-99-020506,2026-03-20,3.0,1,Omni Channel,True,True,True
VT-F-99-010721,2026-03-20,1.0,1,Omni Channel,True,True,True
RS-F-99-070002,2026-03-20,6.0,1,Omni Channel,False,False,False
CT-F-99-020508,2026-03-20,3.0,1,Omni Channel,True,True,True
VT-F-99-010721,2026-03-20,1.0,1,Omni Channel,True,True,True
CT-F-99-020504,2026-03-20,2.0,1,Omni Channel,True,True,True
VT-F-99-010203,2026-03-20,2.0,1,Omni Channel,True,True,True
CT-F-99-020507,2026-03-23,3.0,1,Omni Channel,True,True,True
VT-F-99-010721,2026-03-23,1.0,1,Omni Channel,True,True,True
CT-F-99-020507,2026-03-23,3.0,1,Omni Channel,True,True,True
VT-F-99-010721,2026-03-23,1.0,1,Omni Channel,True,True,True
CT-F-99-020525,2026-03-23,3.0,1,Omni Channel,True,True,True
CT-F-99-020527,2026-03-23,3.0,1,Omni Channel,True,True,True
VT-F-99-010721,2026-03-23,1.0,1,Omni Channel,True,True,True
CT-F-99-020530,2026-03-23,3.0,1,Omni Channel,True,True,True
VT-F-99-010202,2026-03-23,1.0,1,Omni Channel,True,True,True
VT-F-99-010721,2026-03-23,1.0,1,Omni Channel,True,True,True
CT-F-99-020507,2026-03-23,3.0,1,Omni Channel,True,True,True
VT-F-99-010202,2026-03-23,1.0,1,Omni Channel,True,True,True
VT-F-99-010721,2026-03-23,1.0,1,Omni Channel,True,True,True
CT-F-99-020704,2026-03-23,3.0,1,Omni Channel,True,True,True
CT-F-99-020705,2026-03-23,3.0,1,Omni Channel,True,True,True
VT-F-99-010819,2026-03-23,2.0,1,Omni Channel,True,True,True
CT-F-99-020506,2026-03-23,3.0,1,Omni Channel,True,True,True
VT-F-99-010721,2026-03-23,1.0,1,Omni Channel,True,True,True
CT-F-99-020503,2026-03-23,3.0,1,Omni Channel,True,True,True
CT-F-99-020503,2026-03-24,3.0,1,Omni Channel,True,True,True
VT-F-99-010721,2026-03-24,1.0,1,Omni Channel,True,True,True
CT-F-99-020528,2026-03-24,3.0,1,Omni Channel,True,True,True
CT-F-99-020506,2026-03-26,3.0,1,Omni Channel,True,True,True
VT-F-99-010721,2026-03-26,1.0,1,Omni Channel,True,True,True
CT-F-99-020507,2026-03-26,3.0,1,Omni Channel,True,True,True
VT-F-99-010721,2026-03-26,1.0,1,Omni Channel,True,True,True
CT-F-99-020506,2026-03-26,3.0,1,Omni Channel,True,True,True
VT-F-99-010721,2026-03-26,1.0,1,Omni Channel,True,True,True
CT-F-99-020504,2026-03-26,3.0,1,Omni Channel,True,True,True
VT-F-99-010715,2026-03-26,1.0,1,Omni Channel,True,True,True
CT-F-99-020506,2026-03-26,3.0,1,Omni Channel,True,True,True
CT-F-99-020531,2026-03-27,3.0,1,Omni Channel,True,True,True
VT-F-99-010721,2026-03-27,1.0,1,Omni Channel,True,True,True
CT-F-99-020505,2026-03-27,2.0,1,Omni Channel,True,True,True
VT-F-99-010203,2026-03-27,2.0,1,Omni Channel,True,True,True
CT-F-99-020526,2026-03-30,3.0,1,Omni Channel,True,True,True
VT-F-99-010721,2026-03-30,1.0,1,Omni Channel,True,True,True
CT-F-99-020503,2026-03-30,3.0,1,Omni Channel,True,True,True
VT-F-99-010721,2026-03-30,1.0,1,Omni Channel,True,True,True
VT-F-99-010721,2026-03-30,1.0,1,Omni Channel,True,True,True
CT-F-99-020507,2026-03-30,3.0,1,Omni Channel,True,True,True
VT-F-99-010721,2026-03-30,1.0,1,Omni Channel,True,True,True
RS-F-99-010123,2026-03-31,2.0,1,Omni Channel,True,True,True
RS-F-99-070002,2026-03-31,3.0,1,Omni Channel,False,False,False
CT-F-99-020504,2026-03-20,2.0,1,Omni Channel,True,True,True
VT-F-99-010203,2026-03-20,2.0,1,Omni Channel,True,True,True
VT-F-99-010722,2026-03-31,1.0,1,Omni Channel,True,True,True
CT-F-99-020508,2026-04-01,3.0,1,Omni Channel,True,True,True
VT-F-99-010721,2026-04-01,1.0,1,Omni Channel,True,True,True
CT-F-99-020510,2026-04-01,3.0,1,Omni Channel,True,True,True
VT-F-99-010721,2026-04-01,1.0,1,Omni Channel,True,True,True
CT-F-99-020504,2026-04-01,3.0,1,Omni Channel,True,True,True
VT-F-99-010721,2026-04-01,1.0,1,Omni Channel,True,True,True
CT-F-99-020504,2026-04-01,3.0,1,Omni Channel,True,True,True
VT-F-99-010721,2026-04-01,1.0,1,Omni Channel,True,True,True
CT-F-99-020505,2026-04-01,3.0,1,Omni Channel,True,True,True
VT-F-99-010721,2026-04-01,1.0,1,Omni Channel,True,True,True
CT-F-99-020505,2026-04-01,3.0,1,Omni Channel,True,True,True
VT-F-99-010721,2026-04-01,1.0,1,Omni Channel,True,True,True
CT-F-99-020526,2026-04-01,3.0,1,Omni Channel,True,True,True
VT-F-99-010721,2026-04-01,1.0,1,Omni Channel,True,True,True
CT-F-99-020527,2026-04-01,3.0,1,Omni Channel,True,True,True
VT-F-99-010721,2026-04-01,1.0,1,Omni Channel,True,True,True
CT-F-99-020526,2026-04-01,3.0,1,Omni Channel,True,True,True
VT-F-99-010721,2026-04-01,1.0,1,Omni Channel,True,True,True
CT-F-99-020528,2026-04-01,3.0,1,Omni Channel,True,True,True
VT-F-99-010721,2026-04-01,1.0,1,Omni Channel,True,True,True
CT-F-99-020530,2026-04-02,3.0,1,Omni Channel,True,True,True
VT-F-99-010721,2026-04-02,1.0,1,Omni Channel,True,True,True
CT-F-99-020528,2026-04-02,3.0,1,Omni Channel,True,True,True
VT-F-99-010721,2026-04-02,1.0,1,Omni Channel,True,True,True
CT-F-99-020506,2026-04-02,3.0,1,Omni Channel,True,True,True
VT-F-99-010721,2026-04-02,1.0,1,Omni Channel,True,True,True
CT-F-99-020506,2026-04-02,3.0,1,Omni Channel,True,True,True
VT-F-99-010721,2026-04-02,1.0,1,Omni Channel,True,True,True
CT-F-99-020530,2026-04-02,3.0,1,Omni Channel,True,True,True
VT-F-99-010721,2026-04-02,1.0,1,Omni Channel,True,True,True
CT-F-99-020525,2026-04-02,3.0,1,Omni Channel,True,True,True
VT-F-99-010721,2026-04-02,1.0,1,Omni Channel,True,True,True
CT-F-99-020506,2026-04-02,3.0,1,Omni Channel,True,True,True
VT-F-99-010721,2026-04-02,1.0,1,Omni Channel,True,True,True
CT-F-99-020506,2026-04-02,3.0,1,Omni Channel,True,True,True
CT-F-99-020510,2026-04-02,3.0,1,Omni Channel,True,True,True
VT-F-99-010721,2026-04-02,1.0,1,Omni Channel,True,True,True
CT-F-99-020510,2026-04-02,3.0,1,Omni Channel,True,True,True
VT-F-99-010721,2026-04-02,1.0,1,Omni Channel,True,True,True
CT-F-99-020504,2026-04-03,2.0,1,Omni Channel,True,True,True
VT-F-99-010203,2026-04-03,2.0,1,Omni Channel,True,True,True
CT-F-99-020503,2026-04-03,3.0,1,Omni Channel,True,True,True
VT-F-99-010721,2026-04-03,1.0,1,Omni Channel,True,True,True
CT-F-99-020513,2026-04-03,6.0,1,Omni Channel,True,True,True
VT-F-99-010721,2026-04-03,1.0,1,Omni Channel,True,True,True
CT-F-99-020508,2026-04-03,3.0,1,Omni Channel,True,True,True
VT-F-99-010721,2026-04-03,1.0,1,Omni Channel,True,True,True
CT-F-99-020504,2026-04-03,3.0,1,Omni Channel,True,True,True
CT-F-99-020532,2026-04-03,3.0,1,Omni Channel,True,True,True
CT-F-99-020504,2026-04-03,3.0,1,Omni Channel,True,True,True
VT-F-99-010721,2026-04-03,1.0,1,Omni Channel,True,True,True
CT-F-99-020504,2026-04-03,3.0,1,Omni Channel,True,True,True
VT-F-99-010721,2026-04-03,1.0,1,Omni Channel,True,True,True
VT-F-99-010820,2026-04-03,1.0,1,Total Customer Solution,False,False,False
CT-F-99-020504,2026-04-03,3.0,1,Omni Channel,True,True,True
VT-F-99-010721,2026-04-03,1.0,1,Omni Channel,True,True,True
CT-F-99-020505,2026-04-06,4.0,1,Omni Channel,True,True,True
RS-F-99-070002,2026-04-06,100.0,1,Omni Channel,True,True,True
CT-F-99-020507,2026-04-06,10.0,1,Omni Channel,True,True,True
VT-F-99-010616,2026-04-06,12.0,1,Omni Channel,True,True,True
CT-F-99-020504,2026-04-06,3.0,1,Omni Channel,True,True,True
VT-F-99-010721,2026-04-06,1.0,1,Omni Channel,True,True,True
CT-F-99-020504,2026-04-06,4.0,1,Omni Channel,True,True,True
VT-F-99-010820,2026-04-07,1.0,1,Omni Channel,False,False,False
VT-F-99-010820,2026-04-07,1.0,1,Omni Channel,False,False,False
CT-F-99-020504,2026-04-07,3.0,1,Omni Channel,True,True,True
CT-F-99-020505,2026-04-07,3.0,1,Omni Channel,True,True,True
VT-F-99-010721,2026-04-07,1.0,1,Omni Channel,True,True,True
CT-F-99-020527,2026-04-07,3.0,1,Omni Channel,True,True,True
VT-F-99-010721,2026-04-07,1.0,1,Omni Channel,True,True,True
CT-F-99-020506,2026-04-07,3.0,1,Omni Channel,True,True,True
CT-F-99-020506,2026-04-07,3.0,1,Omni Channel,True,True,True
CT-F-99-020525,2026-04-07,3.0,1,Omni Channel,True,True,True
VT-F-99-010721,2026-04-07,1.0,1,Omni Channel,True,True,True
CT-F-99-020503,2026-04-07,3.0,1,Omni Channel,True,True,True
VT-F-99-010715,2026-04-07,1.0,1,Omni Channel,True,True,True
VT-F-99-010722,2026-04-08,1.0,1,Omni Channel,True,True,True
CT-F-99-020530,2026-04-08,3.0,1,Omni Channel,False,False,False
CT-F-99-020505,2026-04-08,3.0,1,Omni Channel,True,True,True
VT-F-99-010721,2026-04-08,1.0,1,Omni Channel,True,True,True
CT-F-99-020508,2026-04-08,3.0,1,Omni Channel,True,True,True
CT-F-99-020501,2026-04-08,8.0,1,Omni Channel,True,True,True
CT-F-99-020502,2026-04-08,4.0,1,Omni Channel,True,True,True
VT-F-99-010203,2026-04-08,12.0,1,Omni Channel,True,True,True
CT-F-99-020506,2026-04-08,3.0,1,Omni Channel,True,True,True
CT-F-99-020504,2026-04-08,3.0,1,Omni Channel,True,True,True
CT-F-99-020530,2026-04-09,3.0,1,Omni Channel,True,True,True
VT-F-99-010721,2026-04-09,1.0,1,Omni Channel,True,True,True
CT-F-99-020528,2026-04-09,6.0,1,Omni Channel,True,True,True
VT-F-99-010721,2026-04-09,2.0,1,Omni Channel,True,True,True
CT-F-99-020525,2026-04-09,3.0,1,Omni Channel,True,True,True
VT-F-99-010721,2026-04-09,1.0,1,Omni Channel,True,True,True
CT-F-99-020503,2026-04-09,3.0,1,Omni Channel,True,True,True
VT-F-99-010721,2026-04-09,1.0,1,Omni Channel,True,True,True
CT-F-99-020504,2026-04-09,3.0,1,Omni Channel,True,True,True
VT-F-99-010721,2026-04-09,1.0,1,Omni Channel,True,True,True
CT-F-99-020504,2026-04-09,3.0,1,Omni Channel,True,True,True
VT-F-99-010721,2026-04-09,1.0,1,Omni Channel,True,True,True
CT-F-99-020504,2026-04-09,3.0,1,Omni Channel,True,True,True
VT-F-99-010721,2026-04-09,1.0,1,Omni Channel,True,True,True
RS-F-99-070002,2026-04-10,12.0,1,Omni Channel,False,False,False
RS-F-99-070004,2026-04-10,6.0,1,Omni Channel,False,False,False
CT-F-99-020528,2026-04-10,3.0,1,Omni Channel,True,True,True
CT-F-99-020528,2026-04-10,3.0,1,Omni Channel,True,True,True
CT-F-99-020524,2026-04-16,3.0,1,Omni Channel,True,True,True
CT-F-99-020524,2026-04-16,3.0,1,Omni Channel,True,True,True
VT-F-99-010202,2026-04-16,1.0,1,Omni Channel,True,True,True
VT-F-99-010721,2026-04-16,1.0,1,Omni Channel,True,True,True
CT-F-99-020526,2026-04-17,3.0,1,Omni Channel,True,True,True
CT-F-99-020504,2026-04-20,3.0,1,Omni Channel,True,True,True
VT-F-99-010715,2026-04-20,1.0,1,Omni Channel,True,True,True
CT-F-99-020504,2026-04-20,3.0,1,Omni Channel,True,True,True
VT-F-99-010715,2026-04-20,1.0,1,Omni Channel,True,True,True
CT-F-99-020504,2026-04-20,3.0,1,Omni Channel,True,True,True
VT-F-99-010715,2026-04-20,1.0,1,Omni Channel,True,True,True
CT-F-99-020528,2026-04-20,3.0,1,Omni Channel,True,True,True
CT-F-99-020510,2026-04-20,3.0,1,Omni Channel,True,True,True
CT-F-99-020503,2026-04-20,3.0,1,Omni Channel,True,True,True
VT-F-99-010721,2026-04-20,1.0,1,Omni Channel,True,True,True
CT-F-99-020504,2026-04-20,3.0,1,Omni Channel,True,True,True
CT-F-99-020511,2026-04-20,3.0,1,Omni Channel,True,True,True
CT-F-99-020508,2026-04-21,3.0,1,Omni Channel,True,True,True
VT-F-99-010820,2026-04-21,1.0,1,Total Customer Solution,False,False,False
RS-F-99-041034,2026-04-22,2.0,1,Omni Channel,True,True,True
RS-F-99-120006,2026-04-22,2.0,1,Omni Channel,True,True,True
CT-F-99-020506,2026-04-22,3.0,1,Omni Channel,True,True,True
VT-F-99-010721,2026-04-22,1.0,1,Omni Channel,True,True,True
CT-F-99-020506,2026-04-22,3.0,1,Omni Channel,True,True,True
VT-F-99-010721,2026-04-22,1.0,1,Omni Channel,True,True,True
CT-F-99-020530,2026-04-22,3.0,1,Omni Channel,True,True,True
VT-F-99-010721,2026-04-22,1.0,1,Omni Channel,True,True,True
CT-F-99-020505,2026-04-22,3.0,1,Omni Channel,True,True,True
VT-F-99-010721,2026-04-22,1.0,1,Omni Channel,True,True,True
CT-F-99-020504,2026-04-22,3.0,1,Omni Channel,True,True,True
VT-F-99-010721,2026-04-22,1.0,1,Omni Channel,True,True,True
CT-F-99-020506,2026-04-22,3.0,1,Omni Channel,True,True,True
CT-F-99-020524,2026-04-22,3.0,1,Omni Channel,True,True,True
VT-F-99-010721,2026-04-22,1.0,1,Omni Channel,True,True,True
CT-F-99-020506,2026-04-22,3.0,1,Omni Channel,True,True,True
CT-F-99-020504,2026-04-22,3.0,1,Omni Channel,True,True,True
CT-F-99-020504,2026-04-22,3.0,1,Omni Channel,True,True,True
CT-F-99-020502,2026-04-23,3.0,1,Omni Channel,True,True,True
VT-F-99-010721,2026-04-23,1.0,1,Omni Channel,True,True,True
CT-F-99-020505,2026-04-23,3.0,1,Omni Channel,True,True,True
VT-F-99-010721,2026-04-23,1.0,1,Omni Channel,True,True,True
CT-F-99-020506,2026-04-24,3.0,1,Omni Channel,True,True,True
VT-F-99-010721,2026-04-24,1.0,1,Omni Channel,True,True,True
RS-F-99-100001,2026-04-24,3.0,1,Omni Channel,True,True,True
CT-F-99-020530,2026-04-24,3.0,1,Omni Channel,True,True,True
VT-F-99-010303,2026-04-24,1.0,1,Omni Channel,True,True,True
VT-F-99-010820,2026-04-24,10.0,1,Omni Channel,False,False,False
CT-F-99-020505,2026-04-27,4.0,1,Omni Channel,True,True,True
CT-F-99-020507,2026-04-27,3.0,1,Omni Channel,True,True,True
VT-F-99-010721,2026-04-27,1.0,1,Omni Channel,True,True,True
CT-F-99-020506,2026-04-27,3.0,1,Omni Channel,True,True,True
CT-F-99-020505,2026-04-27,3.0,1,Omni Channel,True,True,True
CT-F-99-020532,2026-04-27,3.0,1,Omni Channel,True,True,True
VT-F-99-010721,2026-04-27,1.0,1,Omni Channel,True,True,True
RS-F-99-090026,2026-04-27,8.0,1,Omni Channel,True,True,True
CT-F-99-020505,2026-04-28,14.0,1,Omni Channel,True,True,True
VT-F-99-010616,2026-04-28,15.0,3,Omni Channel,True,True,True
CT-F-99-020528,2026-04-28,3.0,1,Omni Channel,True,True,True
CT-F-99-020506,2026-04-28,3.0,1,Omni Channel,True,True,True
VT-F-99-010721,2026-04-28,1.0,1,Omni Channel,True,True,True
CT-F-99-020506,2026-04-29,3.0,1,Omni Channel,True,True,True
VT-F-99-010721,2026-04-29,1.0,1,Omni Channel,True,True,True
VT-F-99-010820,2026-04-29,1.0,1,Omni Channel,False,False,False
CT-F-99-020512,2026-04-29,6.0,1,Omni Channel,True,True,True
VT-F-99-010721,2026-04-29,2.0,1,Omni Channel,True,True,True
CT-F-99-020501,2026-04-29,2.0,1,Omni Channel,True,True,True
VT-F-99-010203,2026-04-29,2.0,1,Omni Channel,True,True,True
VT-F-99-010820,2026-04-29,1.0,1,Omni Channel,True,True,True
CT-F-99-020707,2026-04-29,3.0,1,Omni Channel,True,True,True
CT-F-99-020505,2026-04-29,3.0,1,Omni Channel,True,True,True
VT-F-99-010721,2026-04-29,1.0,1,Omni Channel,True,True,True
CT-F-99-020527,2026-04-29,3.0,1,Omni Channel,True,True,True
CT-F-99-020504,2026-04-29,1.0,1,Omni Channel,True,True,True
CT-F-99-020503,2026-04-30,3.0,1,Omni Channel,True,True,True
VT-F-99-010820,2026-04-30,10.0,1,Omni Channel,False,False,False
CT-F-99-020505,2026-04-30,3.0,1,Omni Channel,True,True,True
VT-F-99-010721,2026-04-30,1.0,1,Omni Channel,True,True,True
CT-F-99-020506,2026-04-30,3.0,1,Omni Channel,True,True,True
VT-F-99-010721,2026-04-30,1.0,1,Omni Channel,True,True,True
CT-F-99-020511,2026-04-30,3.0,1,Omni Channel,True,True,True
CT-F-99-020502,2026-04-30,3.0,1,Omni Channel,True,True,True
VT-F-99-010721,2026-04-30,1.0,1,Omni Channel,True,True,True
CT-F-99-020506,2026-05-04,3.0,1,Omni Channel,True,True,True
VT-F-99-010721,2026-05-04,1.0,1,Omni Channel,True,True,True
CT-F-99-020506,2026-05-04,3.0,1,Omni Channel,True,True,True
VT-F-99-010721,2026-05-04,1.0,1,Omni Channel,True,True,True
VT-F-99-010819,2026-05-04,1.0,1,Omni Channel,True,True,True
CT-F-99-020706,2026-05-04,3.0,1,Omni Channel,True,True,True
VT-F-99-010819,2026-05-04,1.0,1,Omni Channel,True,True,True
CT-F-99-020508,2026-05-05,3.0,1,Omni Channel,True,True,True
CT-F-99-020506,2026-05-05,3.0,1,Omni Channel,True,True,True
VT-F-99-010721,2026-05-05,1.0,1,Omni Channel,True,True,True
CT-F-99-020506,2026-05-05,3.0,1,Omni Channel,True,True,True
VT-F-99-010721,2026-05-05,1.0,1,Omni Channel,True,True,True
CT-F-99-020511,2026-05-05,3.0,1,Omni Channel,True,True,True
VT-F-99-010721,2026-05-05,1.0,1,Omni Channel,True,True,True
CT-F-99-020510,2026-05-05,3.0,1,Omni Channel,True,True,True
VT-F-99-010721,2026-05-05,1.0,1,Omni Channel,True,True,True
CT-F-99-020504,2026-05-05,3.0,1,Omni Channel,True,True,True
VT-F-99-010721,2026-05-05,1.0,1,Omni Channel,False,False,False
CT-F-99-020504,2026-05-06,3.0,1,Omni Channel,True,True,True
VT-F-99-010721,2026-05-06,1.0,1,Omni Channel,True,True,True
CT-F-99-020524,2026-05-06,1.0,1,Omni Channel,True,True,True
CT-F-99-020508,2026-05-06,3.0,1,Omni Channel,True,True,True
CT-F-99-020702,2026-05-06,2.0,1,Omni Channel,True,True,True
VT-F-99-010303,2026-05-06,2.0,1,Omni Channel,True,True,True
CT-F-99-020504,2026-05-06,2.0,1,Omni Channel,True,True,True
VT-F-99-010203,2026-05-06,2.0,1,Omni Channel,True,True,True
CT-F-99-020701,2026-05-07,4.0,1,Omni Channel,True,True,True
VT-F-99-010303,2026-05-07,4.0,1,Omni Channel,True,True,True
CT-F-99-020704,2026-05-08,3.0,1,Omni Channel,True,True,True
VT-F-99-010819,2026-05-08,1.0,1,Omni Channel,True,True,True
VT-F-99-010203,2026-05-11,1.0,1,Omni Channel,True,True,True
CT-F-99-020502,2026-05-12,3.0,1,Omni Channel,True,True,True
VT-F-99-010721,2026-05-12,1.0,1,Omni Channel,True,True,True
CT-F-99-020506,2026-05-12,3.0,1,Omni Channel,True,True,True
CT-F-99-020704,2026-05-12,3.0,1,Omni Channel,True,True,True
VT-F-99-010818,2026-05-12,1.0,1,Omni Channel,True,True,True
CT-F-99-020706,2026-05-12,3.0,1,Omni Channel,True,True,True
VT-F-99-010818,2026-05-12,1.0,1,Omni Channel,True,True,True
CT-F-99-020504,2026-05-12,3.0,1,Omni Channel,True,True,True
VT-F-99-010721,2026-05-12,1.0,1,Omni Channel,True,True,True
RS-F-99-100001,2026-05-12,3.0,1,Omni Channel,True,True,True
CT-F-99-020504,2026-05-13,3.0,1,Omni Channel,True,True,True
VT-F-99-010721,2026-05-13,1.0,1,Omni Channel,True,True,True
CT-F-99-020503,2026-05-13,2.0,1,Omni Channel,True,True,True
CT-F-99-020504,2026-05-14,1228.0,3,Tendering,False,False,False
RS-F-99-070005,2026-05-14,8082.0,4,Tendering,False,False,False
CT-F-99-020506,2026-05-14,2.0,1,Omni Channel,True,True,True
VT-F-99-010721,2026-05-14,1.0,1,Omni Channel,True,True,True
CT-F-99-020530,2026-05-15,3.0,1,Omni Channel,True,True,True
VT-F-99-010721,2026-05-15,1.0,1,Omni Channel,True,True,True
CT-F-99-020531,2026-05-15,3.0,1,Omni Channel,True,True,True
VT-F-99-010721,2026-05-15,1.0,1,Omni Channel,True,True,True
CT-F-99-020505,2026-05-15,3.0,1,Omni Channel,True,True,True
VT-F-99-010721,2026-05-15,1.0,1,Omni Channel,True,True,True
VT-F-99-010721,2026-05-15,1.0,1,Omni Channel,True,True,True
CT-F-99-020504,2026-05-18,3.0,1,Omni Channel,True,True,True
CT-F-99-020501,2026-05-18,150.0,2,Omni Channel,False,False,False
CT-F-99-020502,2026-05-18,40.0,2,Omni Channel,True,True,True
CT-F-99-020505,2026-05-18,6.0,1,Omni Channel,False,False,False
CT-F-99-020506,2026-05-18,4.0,1,Omni Channel,True,True,True
CT-F-99-020514,2026-05-18,40.0,2,Omni Channel,True,True,True
VT-F-99-010203,2026-05-18,200.0,2,Omni Channel,False,False,False
VT-F-99-010616,2026-05-18,30.0,2,Omni Channel,False,False,False
RS-F-99-041001,2026-05-18,60.0,3,Omni Channel,True,True,True
RS-F-99-041002,2026-05-18,90.0,3,Omni Channel,True,True,True
RS-F-99-041004,2026-05-18,30.0,1,Omni Channel,False,False,False
RS-F-99-041006,2026-05-18,18.0,1,Omni Channel,True,True,True
RS-F-99-041007,2026-05-18,12.0,1,Omni Channel,False,False,False
RS-F-99-041008,2026-05-18,18.0,1,Omni Channel,False,False,False
RS-F-99-041033,2026-05-18,60.0,3,Omni Channel,True,True,True
RS-F-99-041035,2026-05-18,12.0,1,Omni Channel,False,False,False
VT-F-99-010202,2026-05-18,10.0,1,Omni Channel,True,True,True
CT-F-99-020508,2026-05-19,3.0,1,Omni Channel,True,True,True
VT-F-99-010721,2026-05-19,1.0,1,Omni Channel,True,True,True
RS-F-99-070007,2026-05-20,6.0,1,Omni Channel,True,True,True
CT-F-99-020504,2026-05-20,3.0,1,Omni Channel,True,True,True
VT-F-99-010721,2026-05-20,1.0,1,Omni Channel,True,True,True
CT-F-99-020502,2026-05-20,3.0,1,Omni Channel,True,True,True
VT-F-99-010721,2026-05-20,1.0,1,Omni Channel,True,True,True
CT-F-99-020506,2026-05-20,3.0,1,Omni Channel,True,True,True
CT-F-99-020527,2026-05-20,3.0,1,Omni Channel,True,True,True
VT-F-99-010721,2026-05-20,1.0,1,Omni Channel,True,True,True
CT-F-99-020706,2026-05-20,3.0,1,Omni Channel,True,True,True
CT-F-99-020506,2026-05-20,3.0,1,Omni Channel,True,True,True
VT-F-99-010721,2026-05-20,1.0,1,Omni Channel,True,True,True
CT-F-99-020507,2026-05-20,3.0,1,Omni Channel,True,True,True
VT-F-99-010721,2026-05-20,1.0,1,Omni Channel,True,True,True
CT-F-99-020506,2026-05-21,3.0,1,Omni Channel,True,True,True
VT-F-99-010721,2026-05-21,1.0,1,Omni Channel,True,True,True
CT-F-99-020705,2026-05-21,3.0,1,Omni Channel,True,True,True
VT-F-99-010818,2026-05-21,1.0,1,Omni Channel,True,True,True
VT-F-99-010203,2026-05-21,2.0,1,Omni Channel,True,True,True
CT-F-99-020526,2026-05-22,6.0,1,Omni Channel,True,True,True
VT-F-99-010721,2026-05-22,2.0,1,Omni Channel,True,True,True
CT-F-99-020524,2026-05-22,3.0,1,Omni Channel,True,True,True
VT-F-99-010721,2026-05-22,1.0,1,Omni Channel,True,True,True
VT-F-99-010721,2026-05-22,1.0,1,Omni Channel,True,True,True
CT-F-99-020506,2026-05-22,2.0,1,Omni Channel,True,True,True
VT-F-99-010203,2026-05-22,2.0,1,Omni Channel,True,True,True
CT-F-99-020508,2026-05-25,3.0,1,Omni Channel,True,True,True
VT-F-99-010721,2026-05-25,1.0,1,Omni Channel,True,True,True
CT-F-99-020504,2026-05-25,3.0,1,Omni Channel,True,True,True
VT-F-99-010721,2026-05-25,1.0,1,Omni Channel,True,True,True
CT-F-99-020506,2026-05-25,3.0,1,Omni Channel,True,True,True
VT-F-99-010721,2026-05-26,1.0,1,Omni Channel,True,True,True
CT-F-99-020530,2026-05-26,3.0,1,Omni Channel,True,True,True
VT-F-99-010721,2026-05-26,1.0,1,Omni Channel,True,True,True
CT-F-99-020506,2026-05-26,3.0,1,Omni Channel,True,True,True
VT-F-99-010203,2026-05-26,1.0,1,Omni Channel,True,True,True
CT-F-99-020504,2026-05-26,3.0,1,Omni Channel,True,True,True
VT-F-99-010715,2026-05-26,1.0,1,Omni Channel,True,True,True
CT-F-99-020504,2026-05-26,3.0,1,Omni Channel,True,True,True
VT-F-99-010721,2026-05-26,1.0,1,Omni Channel,True,True,True
CT-F-99-020504,2026-05-26,3.0,1,Omni Channel,True,True,True
VT-F-99-010721,2026-05-26,1.0,1,Omni Channel,True,True,True
CT-F-99-020503,2026-05-26,3.0,1,Omni Channel,True,True,True
VT-F-99-010721,2026-05-26,1.0,1,Omni Channel,True,True,True
CT-F-99-020506,2026-05-26,3.0,1,Omni Channel,True,True,True
CT-F-99-020508,2026-05-27,3.0,1,Omni Channel,True,True,True
VT-F-99-010721,2026-05-27,1.0,1,Omni Channel,True,True,True
CT-F-99-020510,2026-05-27,3.0,1,Omni Channel,True,True,True
VT-F-99-010721,2026-05-27,1.0,1,Omni Channel,True,True,True
VT-F-99-010721,2026-04-24,1.0,1,Omni Channel,True,True,True
CT-F-99-020527,2026-05-27,6.0,1,Omni Channel,True,True,True
CT-F-99-020531,2026-05-27,3.0,1,Omni Channel,True,True,True
VT-F-99-010721,2026-05-27,3.0,1,Omni Channel,True,True,True
CT-F-99-020504,2026-05-27,1228.0,3,Tendering,True,True,True
RS-F-99-070005,2026-05-27,8082.0,4,Tendering,True,True,True
CT-F-99-020505,2026-05-28,3.0,1,Omni Channel,True,True,True
VT-F-99-010721,2026-05-28,1.0,1,Omni Channel,True,True,True
CT-F-99-020508,2026-05-28,3.0,1,Omni Channel,True,True,True
VT-F-99-010721,2026-05-28,1.0,1,Omni Channel,True,True,True
VT-F-99-010721,2026-05-28,1.0,1,Omni Channel,True,True,True
CT-F-99-020528,2026-05-28,3.0,1,Omni Channel,True,True,True
VT-F-99-010721,2026-05-28,1.0,1,Omni Channel,True,True,True
RS-F-99-090033,2026-05-28,3.0,1,Omni Channel,True,True,True
VT-F-99-010203,2026-05-29,6.0,1,Omni Channel,True,True,True
CT-F-99-020524,2026-05-29,3.0,1,Omni Channel,True,True,True
VT-F-99-010820,2026-05-29,1.0,1,Total Customer Solution,False,False,False
CT-F-99-020508,2026-05-29,3.0,1,Omni Channel,True,True,True
CT-F-99-020706,2026-05-29,3.0,1,Omni Channel,True,True,True
VT-F-99-010818,2026-05-29,1.0,1,Omni Channel,True,True,True
VT-F-99-010820,2026-05-29,1.0,1,Omni Channel,False,False,False
CT-F-99-020504,2026-05-29,3.0,1,Omni Channel,True,True,True
VT-F-99-010721,2026-05-29,1.0,1,Omni Channel,True,True,True
CT-F-99-020508,2026-05-29,3.0,1,Omni Channel,True,True,True
VT-F-99-010721,2026-05-29,1.0,1,Omni Channel,True,True,True
CT-F-99-020530,2026-06-04,2.0,1,Omni Channel,True,True,True
CT-F-99-020528,2026-06-04,3.0,1,Omni Channel,True,True,True
VT-F-99-010721,2026-06-04,1.0,1,Omni Channel,True,True,True
RS-F-99-090026,2026-06-04,3.0,1,Omni Channel,True,True,True
CT-F-99-020505,2026-06-04,3.0,1,Omni Channel,True,True,True
CT-F-99-020508,2026-06-04,1.0,1,Omni Channel,True,True,True
CT-F-99-020504,2026-06-05,3.0,1,Omni Channel,True,True,True
VT-F-99-010721,2026-06-05,1.0,1,Omni Channel,True,True,True
CT-F-99-020508,2026-06-05,3.0,1,Omni Channel,True,True,True
VT-F-99-010721,2026-06-05,1.0,1,Omni Channel,True,True,True
RS-F-99-100001,2026-06-08,3.0,1,Omni Channel,True,True,True
CT-F-99-020504,2026-06-08,3.0,1,Omni Channel,True,True,True
CT-F-99-020506,2026-06-08,3.0,1,Omni Channel,True,True,True
VT-F-99-010721,2026-06-08,1.0,1,Omni Channel,True,True,True
VT-F-99-010721,2026-06-08,1.0,1,Omni Channel,True,True,True
CT-F-99-020530,2026-06-08,3.0,1,Omni Channel,True,True,True
VT-F-99-010721,2026-06-08,1.0,1,Omni Channel,True,True,True
CT-F-99-020714,2026-06-09,3.0,1,Omni Channel,True,True,True
VT-F-99-010819,2026-06-09,1.0,1,Omni Channel,True,True,True
CT-F-99-020504,2026-06-09,2.0,1,Omni Channel,True,True,True
VT-F-99-010203,2026-06-09,2.0,1,Omni Channel,True,True,True
VT-F-99-010701,2026-06-10,1.0,1,Omni Channel,True,True,True
CT-F-99-020506,2026-06-10,3.0,1,Omni Channel,True,True,True
VT-F-99-010721,2026-06-10,1.0,1,Omni Channel,True,True,True
CT-F-99-020508,2026-06-11,2.0,1,Omni Channel,True,True,True
VT-F-99-010203,2026-06-11,2.0,1,Omni Channel,True,True,True
CT-F-99-020507,2026-06-12,3.0,1,Omni Channel,False,False,False
CT-F-99-020506,2026-06-12,1.0,1,Omni Channel,True,True,True
VT-F-99-010721,2026-06-12,1.0,1,Omni Channel,True,True,True
CT-F-99-020502,2026-06-12,2.0,1,Omni Channel,True,True,True
VT-F-99-010203,2026-06-12,2.0,1,Omni Channel,True,True,True
CT-F-99-020504,2026-06-12,3.0,1,Omni Channel,True,True,True
CT-F-99-020504,2026-06-12,6.0,1,Omni Channel,True,True,True
VT-F-99-010721,2026-06-12,2.0,1,Omni Channel,True,True,True
CT-F-99-020526,2026-06-12,3.0,1,Omni Channel,False,False,False
VT-F-99-010721,2026-06-12,1.0,1,Omni Channel,True,True,True
CT-F-99-020527,2026-06-15,3.0,1,Omni Channel,True,True,True
VT-F-99-010721,2026-06-15,1.0,1,Omni Channel,True,True,True
CT-F-99-020502,2026-06-15,3.0,1,Omni Channel,True,True,True
VT-F-99-010721,2026-06-15,1.0,1,Omni Channel,True,True,True
CT-F-99-020527,2026-06-16,3.0,1,Omni Channel,True,True,True
VT-F-99-010721,2026-06-16,1.0,1,Omni Channel,True,True,True
CT-F-99-020506,2026-06-17,3.0,1,Omni Channel,True,True,True
VT-F-99-010721,2026-06-17,1.0,1,Omni Channel,True,True,True
CT-F-99-020506,2026-06-17,2.0,1,Omni Channel,True,True,True
CT-F-99-020505,2026-06-17,3.0,1,Omni Channel,True,True,True
VT-F-99-010715,2026-06-17,1.0,1,Omni Channel,True,True,True
CT-F-99-020506,2026-06-17,2.0,1,Omni Channel,True,True,True
VT-F-99-010203,2026-06-17,2.0,1,Omni Channel,True,True,True
VT-F-99-010203,2026-06-18,2.0,1,Omni Channel,True,True,True
VT-F-99-010303,2026-06-18,1.0,1,Omni Channel,True,True,True
CT-F-99-020505,2026-06-18,3.0,1,Omni Channel,True,True,True
VT-F-99-010721,2026-06-18,1.0,1,Omni Channel,True,True,True
CT-F-99-020704,2026-06-18,3.0,1,Omni Channel,True,True,True
VT-F-99-010819,2026-06-18,1.0,1,Omni Channel,True,True,True
VT-F-99-010616,2026-06-19,45.0,3,Omni Channel,False,False,False
VT-F-99-010819,2026-06-19,1.0,1,Omni Channel,True,True,True
CT-F-99-020502,2026-06-19,2.0,1,Omni Channel,True,True,True
VT-F-99-010203,2026-06-19,2.0,1,Omni Channel,True,True,True
CT-F-99-020507,2026-06-22,3.0,1,Omni Channel,True,True,True
VT-F-99-010721,2026-06-22,1.0,1,Omni Channel,True,True,True
CT-F-99-020524,2026-06-22,3.0,1,Omni Channel,True,True,True
CT-F-99-020504,2026-06-22,3.0,1,Omni Channel,True,True,True
VT-F-99-010721,2026-06-22,1.0,1,Omni Channel,True,True,True
CT-F-99-020502,2026-06-22,2.0,1,Omni Channel,True,True,True
VT-F-99-010203,2026-06-22,2.0,1,Omni Channel,True,True,True
CT-F-99-020510,2026-06-22,3.0,1,Omni Channel,True,True,True
VT-F-99-010721,2026-06-22,1.0,1,Omni Channel,True,True,True
CT-F-99-020524,2026-06-22,3.0,1,Omni Channel,True,True,True
VT-F-99-010721,2026-06-22,1.0,1,Omni Channel,True,True,True
CT-F-99-020508,2026-06-22,3.0,1,Omni Channel,True,True,True
VT-F-99-010721,2026-06-22,1.0,1,Omni Channel,True,True,True
CT-F-99-020506,2026-06-22,3.0,1,Omni Channel,True,True,True
VT-F-99-010721,2026-06-22,1.0,1,Omni Channel,True,True,True
CT-F-99-020503,2026-06-23,3.0,1,Omni Channel,True,True,True
CT-F-99-020505,2026-06-23,3.0,1,Omni Channel,True,True,True
RS-F-99-041006,2026-06-23,15.0,1,Omni Channel,True,True,True
RS-F-99-041035,2026-06-23,12.0,1,Omni Channel,False,False,False
VT-F-99-010202,2026-06-23,10.0,1,Omni Channel,True,True,True
CT-F-99-020506,2026-06-23,2.0,1,Omni Channel,True,True,True
CT-F-99-020528,2026-06-23,3.0,1,Omni Channel,True,True,True
CT-F-99-020504,2026-06-23,3.0,1,Omni Channel,True,True,True
CT-F-99-020506,2026-06-24,3.0,1,Omni Channel,True,True,True
VT-F-99-010721,2026-06-24,1.0,1,Omni Channel,True,True,True
CT-F-99-020506,2026-06-24,3.0,1,Omni Channel,True,True,True
VT-F-99-010721,2026-06-24,1.0,1,Omni Channel,True,True,True
CT-F-99-020503,2026-06-24,3.0,1,Omni Channel,True,True,True
VT-F-99-010721,2026-06-24,1.0,1,Omni Channel,True,True,True
CT-F-99-020508,2026-06-24,3.0,1,Omni Channel,True,True,True
VT-F-99-010721,2026-06-24,1.0,1,Omni Channel,True,True,True
CT-F-99-020508,2026-06-24,3.0,1,Omni Channel,True,True,True
CT-F-99-020726,2026-06-24,3.0,1,Omni Channel,True,True,True
VT-F-99-010819,2026-06-24,1.0,1,Omni Channel,True,True,True
CT-F-99-020504,2026-06-24,3.0,1,Omni Channel,True,True,True
VT-F-99-010721,2026-06-24,1.0,1,Omni Channel,True,True,True
CT-F-99-020503,2026-06-24,2.0,1,Omni Channel,True,True,True
VT-F-99-010203,2026-06-24,2.0,1,Omni Channel,True,True,True
VT-F-99-010721,2026-06-25,1.0,1,Omni Channel,True,True,True
CT-F-99-020530,2026-06-25,3.0,1,Omni Channel,True,True,True
VT-F-99-010721,2026-06-25,1.0,1,Omni Channel,True,True,True
CT-F-99-020704,2026-06-26,3.0,1,Omni Channel,True,True,True
VT-F-99-010819,2026-06-26,1.0,1,Omni Channel,True,True,True
CT-F-99-020504,2026-06-26,3.0,1,Omni Channel,True,True,True
VT-F-99-010721,2026-06-26,1.0,1,Omni Channel,True,True,True
CT-F-99-020506,2026-06-29,12.0,1,Omni Channel,True,True,True
CT-F-99-020508,2026-06-29,4.0,1,Omni Channel,True,True,True
RS-F-99-070002,2026-06-29,120.0,2,Omni Channel,True,True,True
RS-F-99-070003,2026-06-29,300.0,2,Omni Channel,False,False,False
RS-F-99-070005,2026-06-29,30.0,1,Omni Channel,True,True,True
RS-F-99-070006,2026-06-29,150.0,1,Omni Channel,False,False,False
RS-F-99-070002,2026-06-29,3.0,1,Omni Channel,False,False,False
RS-F-99-070004,2026-06-29,3.0,1,Omni Channel,False,False,False
VT-F-99-010615,2025-06-27,6.0,1,Omni Channel,False,False,False
CT-F-99-020503,2026-06-30,3.0,1,Omni Channel,True,True,True
VT-F-99-010721,2026-06-30,1.0,1,Omni Channel,True,True,True
CT-F-99-020504,2026-06-30,3.0,1,Omni Channel,True,True,True
VT-F-99-010721,2026-06-30,1.0,1,Omni Channel,True,True,True
CT-F-99-020502,2026-06-30,2.0,1,Omni Channel,True,True,True
CT-F-99-020530,2026-07-01,3.0,1,Omni Channel,True,True,True
VT-F-99-010721,2026-07-01,1.0,1,Omni Channel,True,True,True
CT-F-99-020504,2026-07-01,3.0,1,Omni Channel,True,True,True
VT-F-99-010721,2026-07-01,1.0,1,Omni Channel,True,True,True
CT-F-99-020502,2026-07-01,3.0,1,Omni Channel,True,True,True
CT-F-99-020504,2026-07-01,3.0,1,Omni Channel,True,True,True
VT-F-99-010722,2026-07-01,1.0,1,Omni Channel,False,False,False
CT-F-99-020505,2026-07-01,3.0,1,Omni Channel,True,True,True
RS-F-99-130011,2026-07-01,2.0,1,Omni Channel,True,True,True
CT-F-99-020524,2026-07-01,3.0,1,Omni Channel,True,True,True
CT-F-99-020510,2026-07-02,3.0,1,Omni Channel,True,True,True
VT-F-99-010721,2026-07-02,1.0,1,Omni Channel,True,True,True
CT-F-99-020506,2026-07-02,3.0,1,Omni Channel,True,True,True
VT-F-99-010721,2026-07-02,1.0,1,Omni Channel,True,True,True
CT-F-99-020530,2026-07-02,3.0,1,Omni Channel,True,True,True
VT-F-99-010721,2026-07-02,1.0,1,Omni Channel,True,True,True
CT-F-99-020503,2026-07-02,3.0,1,Omni Channel,True,True,True
CT-F-99-020524,2026-07-02,3.0,1,Omni Channel,True,True,True
VT-F-99-010721,2026-07-02,1.0,1,Omni Channel,True,True,True
CT-F-99-020503,2026-07-02,6.0,1,Omni Channel,True,True,True
CT-F-99-020506,2026-07-02,3.0,1,Omni Channel,True,True,True
VT-F-99-010203,2026-07-02,5.0,1,Omni Channel,True,True,True
CT-F-99-020504,2026-07-03,3.0,1,Omni Channel,True,True,True
VT-F-99-010721,2026-07-03,1.0,1,Omni Channel,True,True,True
CT-F-99-020508,2026-07-03,3.0,1,Omni Channel,True,True,True
CT-F-99-020506,2026-07-03,3.0,1,Omni Channel,True,True,True
VT-F-99-010721,2026-07-03,1.0,1,Omni Channel,True,True,True
CT-F-99-020504,2026-07-06,3.0,1,Omni Channel,True,True,True
VT-F-99-010721,2026-07-06,1.0,1,Omni Channel,True,True,True
CT-F-99-020504,2026-07-06,3.0,1,Omni Channel,True,True,True
VT-F-99-010721,2026-07-06,1.0,1,Omni Channel,True,True,True
CT-F-99-020501,2026-07-06,3.0,1,Omni Channel,True,True,True
VT-F-99-010721,2026-07-06,1.0,1,Omni Channel,True,True,True
CT-F-99-020502,2026-07-06,3.0,1,Omni Channel,True,True,True
VT-F-99-010721,2026-07-06,1.0,1,Omni Channel,True,True,True
CT-F-99-020502,2026-07-06,3.0,1,Omni Channel,True,True,True
VT-F-99-010721,2026-07-06,1.0,1,Omni Channel,True,True,True
CT-F-99-020503,2026-07-06,3.0,1,Omni Channel,True,True,True
VT-F-99-010721,2026-07-06,1.0,1,Omni Channel,True,True,True
CT-F-99-020502,2026-07-06,3.0,1,Omni Channel,True,True,True
VT-F-99-010721,2026-07-06,1.0,1,Omni Channel,True,True,True
CT-F-99-020503,2026-07-06,3.0,1,Omni Channel,True,True,True
VT-F-99-010721,2026-07-06,1.0,1,Omni Channel,True,True,True
CT-F-99-020526,2026-07-06,3.0,1,Omni Channel,True,True,True
VT-F-99-010721,2026-07-06,1.0,1,Omni Channel,True,True,True
CT-F-99-020502,2026-07-06,3.0,1,Omni Channel,True,True,True
VT-F-99-010721,2026-07-06,1.0,1,Omni Channel,True,True,True
CT-F-99-020505,2026-07-06,3.0,1,Omni Channel,True,True,True
VT-F-99-010721,2026-07-06,1.0,1,Omni Channel,True,True,True
CT-F-99-020504,2026-07-06,3.0,1,Omni Channel,True,True,True
VT-F-99-010721,2026-07-06,1.0,1,Omni Channel,True,True,True
RS-F-99-100001,2026-07-06,3.0,1,Omni Channel,True,True,True
RS-F-99-100001,2026-07-06,6.0,1,Omni Channel,True,True,True
CT-F-99-020505,2026-07-06,3.0,1,Omni Channel,True,True,True
VT-F-99-010721,2026-07-06,1.0,1,Omni Channel,True,True,True
CT-F-99-020502,2026-07-06,3.0,1,Omni Channel,True,True,True
VT-F-99-010721,2026-07-06,1.0,1,Omni Channel,True,True,True
CT-F-99-020528,2026-07-07,3.0,1,Omni Channel,True,True,True
VT-F-99-010721,2026-07-07,1.0,1,Omni Channel,True,True,True
CT-F-99-020528,2026-07-07,3.0,1,Omni Channel,True,True,True
VT-F-99-010721,2026-07-07,1.0,1,Omni Channel,True,True,True
CT-F-99-020527,2026-07-07,3.0,1,Omni Channel,True,True,True
CT-F-99-020526,2026-07-07,3.0,1,Omni Channel,True,True,True
VT-F-99-010721,2026-07-07,1.0,1,Omni Channel,True,True,True
RS-F-99-040006,2026-07-07,300.0,2,Tendering,False,False,False
CT-F-99-020507,2026-07-08,3.0,1,Omni Channel,True,True,True
VT-F-99-010721,2026-07-08,1.0,1,Omni Channel,True,True,True
CT-F-99-020504,2026-07-08,3.0,1,Omni Channel,True,True,True
VT-F-99-010721,2026-07-08,1.0,1,Omni Channel,True,True,True
CT-F-99-020505,2026-06-18,2.0,1,Omni Channel,False,False,False
VT-F-99-010203,2026-06-18,2.0,1,Omni Channel,True,True,True
CT-F-99-020728,2026-07-08,3.0,1,Omni Channel,True,True,True
VT-F-99-010819,2026-07-08,1.0,1,Omni Channel,True,True,True
CT-F-99-020505,2026-07-09,2.0,1,Omni Channel,True,True,True
VT-F-99-010721,2026-07-09,1.0,1,Omni Channel,True,True,True
CT-F-99-020530,2026-07-10,3.0,1,Omni Channel,True,True,True
VT-F-99-010722,2026-07-10,5.0,1,Omni Channel,False,False,False
RS-F-99-040006,2026-07-13,300.0,2,Tendering,True,True,True
CT-F-99-020502,2026-07-13,6.0,1,Omni Channel,True,True,True
VT-F-99-010203,2026-07-13,6.0,1,Omni Channel,True,True,True
CT-F-99-020505,2026-07-13,3.0,1,Omni Channel,True,True,True
CT-F-99-020502,2026-07-13,9.0,1,Omni Channel,True,True,True
VT-F-99-010721,2026-07-13,3.0,1,Omni Channel,True,True,True
VT-F-99-010722,2026-07-13,2.0,1,Omni Channel,False,False,False
VT-F-99-010722,2026-07-13,5.0,1,Omni Channel,False,False,False
CT-F-99-020531,2026-07-14,3.0,1,Omni Channel,True,True,True
VT-F-99-010721,2026-07-14,1.0,1,Omni Channel,True,True,True
CT-F-99-020507,2026-07-14,3.0,1,Omni Channel,True,True,True
VT-F-99-010721,2026-07-14,1.0,1,Omni Channel,True,True,True
CT-F-99-020530,2026-07-14,3.0,1,Omni Channel,True,True,True
VT-F-99-010721,2026-07-14,1.0,1,Omni Channel,True,True,True
CT-F-99-020530,2026-07-14,3.0,1,Omni Channel,True,True,True
CT-F-99-020506,2026-07-14,3.0,1,Omni Channel,True,True,True
VT-F-99-010722,2026-07-14,11.0,1,Omni Channel,False,False,False
CT-F-99-020506,2026-07-14,3.0,1,Omni Channel,True,True,True
VT-F-99-010721,2026-07-14,1.0,1,Omni Channel,True,True,True
VT-F-99-010616,2026-07-15,3.0,1,Omni Channel,True,True,True
CT-F-99-020504,2026-07-15,3.0,1,Omni Channel,True,True,True
VT-F-99-010721,2026-07-15,1.0,1,Omni Channel,True,True,True
VT-F-99-010722,2026-07-15,2.0,1,Omni Channel,False,False,False
VT-F-99-010722,2026-07-15,1.0,1,Omni Channel,False,False,False
CT-F-99-020507,2026-07-16,3.0,1,Omni Channel,True,True,True
VT-F-99-010715,2026-07-16,1.0,1,Omni Channel,True,True,True
CT-F-99-020504,2026-07-16,3.0,1,Omni Channel,True,True,True
CT-F-99-020510,2026-07-16,3.0,1,Omni Channel,True,True,True
VT-F-99-010721,2026-07-16,2.0,1,Omni Channel,True,True,True
CT-F-99-020506,2026-07-16,3.0,1,Omni Channel,True,True,True
VT-F-99-010721,2026-07-16,1.0,1,Omni Channel,True,True,True
CT-F-99-020507,2026-07-16,3.0,1,Omni Channel,True,True,True
VT-F-99-010721,2026-07-16,1.0,1,Omni Channel,True,True,True
CT-F-99-020530,2026-07-16,3.0,1,Omni Channel,True,True,True
VT-F-99-010202,2026-07-16,1.0,1,Omni Channel,True,True,True
VT-F-99-010721,2026-07-16,1.0,1,Omni Channel,True,True,True
VT-F-99-010722,2026-07-16,5.0,1,Tendering,False,False,False
VT-F-99-010722,2026-07-16,5.0,1,Tendering,False,False,False
CT-F-99-020505,2026-07-16,3.0,1,Omni Channel,True,True,True
VT-F-99-010721,2026-07-16,1.0,1,Omni Channel,True,True,True
CT-F-99-020505,2026-07-16,3.0,1,Omni Channel,True,True,True
VT-F-99-010721,2026-07-16,1.0,1,Omni Channel,True,True,True
CT-F-99-020504,2026-07-16,3.0,1,Omni Channel,True,True,True
VT-F-99-010721,2026-07-16,1.0,1,Omni Channel,True,True,True
CT-F-99-020505,2026-07-16,3.0,1,Omni Channel,True,True,True
CT-F-99-020524,2026-07-16,3.0,1,Omni Channel,True,True,True
VT-F-99-010721,2026-07-16,1.0,1,Omni Channel,True,True,True
CT-F-99-020506,2026-07-16,1.0,1,Omni Channel,True,True,True
CT-F-99-020526,2026-07-17,1.0,1,Omni Channel,True,True,True
VT-F-99-010202,2026-07-17,20.0,1,Omni Channel,True,True,True
CT-F-99-020717,2026-07-17,3.0,1,Omni Channel,True,True,True
CT-F-99-020506,2026-07-17,3.0,1,Omni Channel,True,True,True
CT-F-99-020504,2026-07-20,3.0,1,Omni Channel,True,True,True
VT-F-99-010721,2026-07-20,1.0,1,Omni Channel,True,True,True
CT-F-99-020505,2026-07-20,3.0,1,Omni Channel,True,True,True
VT-F-99-010715,2026-07-20,1.0,1,Omni Channel,True,True,True
RS-F-99-090003,2026-07-20,4000.0,2,Tendering,False,False,False
CT-F-99-020530,2026-07-21,3.0,1,Omni Channel,True,True,True
VT-F-99-010721,2026-07-21,1.0,1,Omni Channel,True,True,True
CT-F-99-020528,2026-07-21,3.0,1,Omni Channel,True,True,True
VT-F-99-010721,2026-07-21,1.0,1,Omni Channel,True,True,True
CT-F-99-020510,2026-07-21,3.0,1,Omni Channel,True,True,True
CT-F-99-020702,2026-07-22,3.0,1,Omni Channel,True,True,True
VT-F-99-010819,2026-07-22,1.0,1,Omni Channel,True,True,True
CT-F-99-020505,2026-01-21,3.0,1,Omni Channel,True,True,True
VT-F-99-010721,2026-01-21,1.0,1,Omni Channel,True,True,True
CT-F-99-020506,2026-01-21,3.0,1,Omni Channel,True,True,True
VT-F-99-010721,2026-01-21,1.0,1,Omni Channel,True,True,True
CT-F-99-020528,2026-07-02,3.0,1,Omni Channel,True,True,True
VT-F-99-010721,2026-07-02,1.0,1,Omni Channel,True,True,True
VT-F-99-010302,2026-07-23,1.0,1,Omni Channel,False,False,False
VT-F-99-010721,2026-07-23,1.0,1,Omni Channel,True,True,True
CT-F-99-020528,2026-07-23,3.0,1,Omni Channel,True,True,True
VT-F-99-010721,2026-07-23,1.0,1,Omni Channel,True,True,True
CT-F-99-020504,2026-07-24,3.0,1,Omni Channel,True,True,True
VT-F-99-010721,2026-07-24,1.0,1,Omni Channel,True,True,True
VT-F-99-010302,2026-07-24,1.0,1,Omni Channel,True,True,True
CT-F-99-020507,2026-07-30,3.0,1,Omni Channel,True,True,True
VT-F-99-010721,2026-07-30,1.0,1,Omni Channel,True,True,True
CT-F-99-020530,2026-07-30,3.0,1,Omni Channel,True,True,True
VT-F-99-010721,2026-07-30,1.0,1,Omni Channel,True,True,True
CT-F-99-020503,2026-07-30,6.0,1,Omni Channel,True,True,True
CT-F-99-020504,2026-07-30,6.0,1,Omni Channel,True,True,True
CT-F-99-020505,2026-07-30,3.0,1,Omni Channel,True,True,True
CT-F-99-020506,2026-07-30,3.0,1,Omni Channel,True,True,True
VT-F-99-010721,2026-07-30,6.0,1,Omni Channel,True,True,True
CT-F-99-020504,2026-07-30,3.0,1,Omni Channel,True,True,True
VT-F-99-010721,2026-07-30,1.0,1,Omni Channel,True,True,True
CT-F-99-020504,2026-07-31,3.0,1,Omni Channel,True,True,True
VT-F-99-010721,2026-07-31,1.0,1,Omni Channel,True,True,True
CT-F-99-020510,2026-07-31,3.0,1,Omni Channel,True,True,True
VT-F-99-010721,2026-07-31,1.0,1,Omni Channel,True,True,True
CT-F-99-020505,2026-07-31,3.0,1,Omni Channel,True,True,True
CT-F-99-020506,2026-07-31,3.0,1,Omni Channel,True,True,True
VT-F-99-010105,2026-08-03,2.0,1,Omni Channel,True,True,True
CT-F-99-020508,2026-08-03,3.0,1,Omni Channel,True,True,True
VT-F-99-010721,2026-08-03,1.0,1,Omni Channel,True,True,True
CT-F-99-020527,2026-05-19,1.0,1,Omni Channel,True,True,True
CT-F-99-020503,2026-08-03,3.0,1,Omni Channel,True,True,True
VT-F-99-010721,2026-08-03,1.0,1,Omni Channel,True,True,True
CT-F-99-020504,2026-08-03,3.0,1,Omni Channel,True,True,True
VT-F-99-010721,2026-08-03,1.0,1,Omni Channel,True,True,True
CT-F-99-020503,2026-08-03,3.0,1,Omni Channel,True,True,True
CT-F-99-020505,2026-08-03,3.0,1,Omni Channel,True,True,True
VT-F-99-010721,2026-08-03,2.0,1,Omni Channel,True,True,True
CT-F-99-020506,2026-08-03,3.0,1,Omni Channel,True,True,True
VT-F-99-010721,2026-08-03,1.0,1,Omni Channel,True,True,True
CT-F-99-020503,2026-08-03,3.0,1,Omni Channel,True,True,True
VT-F-99-010721,2026-08-03,1.0,1,Omni Channel,True,True,True
CT-F-99-020505,2026-08-04,3.0,1,Omni Channel,True,True,True
VT-F-99-010721,2026-08-04,1.0,1,Omni Channel,True,True,True
CT-F-99-020506,2026-08-04,3.0,1,Omni Channel,True,True,True
VT-F-99-010721,2026-08-04,1.0,1,Omni Channel,True,True,True
CT-F-99-020504,2026-08-04,3.0,1,Omni Channel,True,True,True
CT-F-99-020504,2026-08-04,3.0,1,Omni Channel,True,True,True
VT-F-99-010721,2026-08-04,1.0,1,Omni Channel,True,True,True
CT-F-99-020508,2026-08-05,3.0,1,Omni Channel,True,True,True
VT-F-99-010721,2026-08-05,1.0,1,Omni Channel,True,True,True
CT-F-99-020528,2026-08-05,3.0,1,Omni Channel,True,True,True
VT-F-99-010721,2026-08-05,1.0,1,Omni Channel,True,True,True
CT-F-99-020530,2026-08-05,3.0,1,Omni Channel,True,True,True
VT-F-99-010721,2026-08-05,1.0,1,Omni Channel,True,True,True
CT-F-99-020530,2026-08-05,3.0,1,Omni Channel,True,True,True
CT-F-99-020530,2026-08-05,1.0,1,Omni Channel,True,True,True
CT-F-99-020504,2026-08-05,3.0,1,Omni Channel,True,True,True
VT-F-99-010721,2026-08-05,1.0,1,Omni Channel,True,True,True
CT-F-99-020526,2026-08-06,3.0,1,Omni Channel,True,True,True
VT-F-99-010721,2026-08-06,1.0,1,Omni Channel,True,True,True
CT-F-99-020522,2026-08-06,3.0,1,Omni Channel,True,True,True
CT-F-99-020525,2026-08-06,3.0,1,Omni Channel,True,True,True
VT-F-99-010721,2026-08-06,2.0,1,Omni Channel,True,True,True
CT-F-99-020703,2026-08-06,112.0,1,Tendering,False,False,False
CT-F-99-020704,2026-08-06,68.0,1,Tendering,False,False,False
CT-F-99-020705,2026-08-06,68.0,1,Tendering,False,False,False
VT-F-99-010303,2026-08-06,1257.0,3,Tendering,False,False,False
CT-F-99-020528,2026-08-06,3.0,1,Omni Channel,True,True,True
CT-F-99-020526,2026-08-06,3.0,1,Omni Channel,True,True,True
CT-F-99-020508,2026-08-06,3.0,1,Omni Channel,True,True,True
VT-F-99-010721,2026-08-06,1.0,1,Omni Channel,True,True,True
CT-F-99-020525,2026-08-04,3.0,1,Omni Channel,True,True,True
RS-F-99-090003,2026-08-07,4000.0,2,Tendering,True,True,True
CT-F-99-020524,2026-08-10,3.0,1,Omni Channel,True,True,True
VT-F-99-010721,2026-08-10,1.0,1,Omni Channel,True,True,True
CT-F-99-020505,2026-08-10,3.0,1,Omni Channel,True,True,True
VT-F-99-010721,2026-08-10,1.0,1,Omni Channel,True,True,True
CT-F-99-020504,2026-08-10,3.0,1,Omni Channel,True,True,True
CT-F-99-020507,2026-08-10,3.0,1,Omni Channel,True,True,True
VT-F-99-010721,2026-08-10,2.0,1,Omni Channel,True,True,True
CT-F-99-020502,2026-08-10,6.0,1,Omni Channel,True,True,True
CT-F-99-020503,2026-08-10,3.0,1,Omni Channel,True,True,True
VT-F-99-010721,2026-08-10,3.0,1,Omni Channel,True,True,True
CT-F-99-020502,2026-08-10,6.0,1,Omni Channel,True,True,True
VT-F-99-010721,2026-08-10,2.0,1,Omni Channel,True,True,True
CT-F-99-020506,2026-08-10,3.0,1,Omni Channel,True,True,True
VT-F-99-010721,2026-08-10,1.0,1,Omni Channel,True,True,True
CT-F-99-020504,2026-08-10,3.0,1,Omni Channel,True,True,True
VT-F-99-010715,2026-08-10,1.0,1,Omni Channel,True,True,True
CT-F-99-020504,2026-08-10,3.0,1,Omni Channel,True,True,True
VT-F-99-010715,2026-08-10,1.0,1,Omni Channel,True,True,True
CT-F-99-020507,2026-08-11,3.0,1,Omni Channel,True,True,True
VT-F-99-010721,2026-08-11,1.0,1,Omni Channel,True,True,True
CT-F-99-020503,2026-08-11,3.0,1,Omni Channel,True,True,True
VT-F-99-010721,2026-08-11,1.0,1,Omni Channel,True,True,True
CT-F-99-020504,2026-08-11,3.0,1,Omni Channel,True,True,True
VT-F-99-010721,2026-08-11,1.0,1,Omni Channel,True,True,True
CT-F-99-020504,2026-08-11,3.0,1,Omni Channel,True,True,True
VT-F-99-010721,2026-08-11,1.0,1,Omni Channel,True,True,True
CT-F-99-020504,2026-08-11,3.0,1,Omni Channel,True,True,True
VT-F-99-010721,2026-08-11,1.0,1,Omni Channel,True,True,True
RS-F-99-010122,2026-08-11,2.0,1,Omni Channel,True,True,True
RS-F-99-010124,2026-08-11,2.0,1,Omni Channel,True,True,True
RS-F-99-010127,2026-08-11,6.0,1,Omni Channel,True,True,True
RS-F-99-010128,2026-08-11,2.0,1,Omni Channel,True,True,True
VT-F-99-010820,2026-08-11,1.0,1,Omni Channel,False,False,False
CT-F-99-020504,2026-08-11,3.0,1,Omni Channel,True,True,True
VT-F-99-010721,2026-08-11,1.0,1,Omni Channel,True,True,True
CT-F-99-020526,2026-08-11,1.0,1,Omni Channel,True,True,True
CT-F-99-020707,2026-08-11,3.0,1,Omni Channel,True,True,True
VT-F-99-010203,2026-08-11,1.0,1,Omni Channel,True,True,True
CT-F-99-020504,2026-08-11,3.0,1,Omni Channel,True,True,True
VT-F-99-010721,2026-08-11,1.0,1,Omni Channel,True,True,True
CT-F-99-020527,2026-08-11,3.0,1,Omni Channel,True,True,True
VT-F-99-010721,2026-08-11,1.0,1,Omni Channel,True,True,True
CT-F-99-020506,2026-08-11,3.0,1,Omni Channel,True,True,True
VT-F-99-010721,2026-08-11,1.0,1,Omni Channel,True,True,True
CT-F-99-020507,2026-08-11,3.0,1,Omni Channel,True,True,True
VT-F-99-010721,2026-08-11,1.0,1,Omni Channel,True,True,True
VT-F-99-010722,2026-08-13,17.0,1,Tendering,False,False,False
VT-F-99-010820,2026-08-13,1.0,1,Omni Channel,False,False,False
CT-F-99-020703,2026-08-14,3.0,1,Omni Channel,True,True,True
VT-F-99-010819,2026-08-14,1.0,1,Omni Channel,True,True,True
VT-F-99-010722,2026-08-14,17.0,1,Omni Channel,False,False,False
CT-F-99-020511,2026-08-14,3.0,1,Omni Channel,True,True,True
VT-F-99-010721,2026-08-14,1.0,1,Omni Channel,True,True,True
CT-F-99-020703,2026-08-14,112.0,1,Tendering,True,True,True
CT-F-99-020704,2026-08-14,68.0,1,Tendering,True,True,True
CT-F-99-020705,2026-08-14,68.0,1,Tendering,True,True,True
VT-F-99-010303,2026-08-14,1257.0,3,Tendering,True,True,True
CT-F-99-020501,2026-08-17,3.0,1,Omni Channel,True,True,True
VT-F-99-010721,2026-08-17,1.0,1,Omni Channel,True,True,True
CT-F-99-020504,2026-08-17,3.0,1,Omni Channel,True,True,True
VT-F-99-010721,2026-08-17,1.0,1,Omni Channel,True,True,True
CT-F-99-020505,2026-08-17,3.0,1,Omni Channel,True,True,True
VT-F-99-010715,2026-08-17,1.0,1,Omni Channel,True,True,True
CT-F-99-020505,2026-08-17,2.0,1,Omni Channel,True,True,True
VT-F-99-010203,2026-08-17,2.0,1,Omni Channel,True,True,True
CT-F-99-020510,2026-08-17,3.0,1,Omni Channel,True,True,True
VT-F-99-010721,2026-08-17,1.0,1,Omni Channel,True,True,True
CT-F-99-020508,2026-08-17,3.0,1,Omni Channel,True,True,True
VT-F-99-010721,2026-08-17,1.0,1,Omni Channel,True,True,True
CT-F-99-020503,2026-08-17,3.0,1,Omni Channel,True,True,True
VT-F-99-010721,2026-08-17,1.0,1,Omni Channel,True,True,True
CT-F-99-020503,2026-08-17,3.0,1,Omni Channel,True,True,True
VT-F-99-010721,2026-08-17,1.0,1,Omni Channel,True,True,True
CT-F-99-020502,2026-08-17,3.0,1,Omni Channel,True,True,True
VT-F-99-010721,2026-08-17,1.0,1,Omni Channel,True,True,True
CT-F-99-020503,2026-08-17,3.0,1,Omni Channel,True,True,True
VT-F-99-010721,2026-08-17,1.0,1,Omni Channel,True,True,True
CT-F-99-020502,2026-08-17,3.0,1,Omni Channel,True,True,True
VT-F-99-010721,2026-08-17,1.0,1,Omni Channel,True,True,True
CT-F-99-020510,2026-08-18,3.0,1,Omni Channel,True,True,True
CT-F-99-020506,2026-08-18,3.0,1,Omni Channel,True,True,True
CT-F-99-020506,2026-08-18,3.0,1,Omni Channel,True,True,True
VT-F-99-010722,2026-08-18,8.0,1,Omni Channel,False,False,False
CT-F-99-020508,2026-08-18,3.0,1,Omni Channel,True,True,True
CT-F-99-020506,2026-08-19,3.0,1,Omni Channel,True,True,True
VT-F-99-010721,2026-08-19,1.0,1,Omni Channel,True,True,True
CT-F-99-020507,2026-08-19,3.0,1,Omni Channel,True,True,True
VT-F-99-010721,2026-08-19,1.0,1,Omni Channel,True,True,True
CT-F-99-020507,2026-07-20,3.0,1,Omni Channel,True,True,True
VT-F-99-010721,2026-07-20,1.0,1,Omni Channel,True,True,True
CT-F-99-020510,2026-08-19,3.0,1,Omni Channel,True,True,True
VT-F-99-010721,2026-08-19,1.0,1,Omni Channel,True,True,True
CT-F-99-020704,2026-08-20,3.0,1,Omni Channel,True,True,True
VT-F-99-010819,2026-08-20,1.0,1,Omni Channel,True,True,True
VT-F-99-010203,2026-08-20,4.0,1,Omni Channel,True,True,True
CT-F-99-020510,2026-08-20,2.0,1,Omni Channel,True,True,True
VT-F-99-010203,2026-08-20,2.0,1,Omni Channel,True,True,True
CT-F-99-020505,2026-08-20,3.0,1,Omni Channel,True,True,True
VT-F-99-010721,2026-08-20,1.0,1,Omni Channel,True,True,True
CT-F-99-020527,2026-08-20,3.0,1,Omni Channel,True,True,True
VT-F-99-010721,2026-08-20,1.0,1,Omni Channel,True,True,True
CT-F-99-020511,2026-08-20,3.0,1,Omni Channel,True,True,True
VT-F-99-010721,2026-08-20,1.0,1,Omni Channel,True,True,True
CT-F-99-020504,2026-08-20,3.0,1,Omni Channel,True,True,True
CT-F-99-020507,2026-08-21,3.0,1,Omni Channel,False,False,False
VT-F-99-010721,2026-08-21,1.0,1,Omni Channel,True,True,True
CT-F-99-020525,2026-08-21,3.0,1,Omni Channel,True,True,True
VT-F-99-010721,2026-08-21,1.0,1,Omni Channel,True,True,True
VT-F-99-010721,2026-08-21,1.0,1,Omni Channel,True,True,True
CT-F-99-020526,2026-08-21,3.0,1,Omni Channel,True,True,True
VT-F-99-010721,2026-08-21,1.0,1,Omni Channel,True,True,True
CT-F-99-020530,2026-08-21,1.0,1,Omni Channel,True,True,True
CT-F-99-020530,2026-08-21,3.0,1,Omni Channel,True,True,True
VT-F-99-010721,2026-08-21,1.0,1,Omni Channel,True,True,True
CT-F-99-020505,2026-08-24,3.0,1,Omni Channel,True,True,True
VT-F-99-010721,2026-08-24,1.0,1,Omni Channel,True,True,True
CT-F-99-020504,2026-07-20,3.0,1,Omni Channel,True,True,True
VT-F-99-010721,2026-07-20,1.0,1,Omni Channel,True,True,True
CT-F-99-020504,2026-08-24,3.0,1,Omni Channel,True,True,True
VT-F-99-010721,2026-08-24,1.0,1,Omni Channel,True,True,True
CT-F-99-020508,2026-08-24,2.0,1,Omni Channel,True,True,True
CT-F-99-020508,2026-07-20,3.0,1,Omni Channel,True,True,True
VT-F-99-010721,2026-07-20,1.0,1,Omni Channel,True,True,True
CT-F-99-020506,2026-08-24,3.0,1,Omni Channel,True,True,True
CT-F-99-020504,2026-08-25,3.0,1,Omni Channel,True,True,True
CT-F-99-020504,2026-08-26,3.0,1,Omni Channel,True,True,True
VT-F-99-010721,2026-08-26,1.0,1,Omni Channel,True,True,True
CT-F-99-020505,2026-08-26,3.0,1,Omni Channel,True,True,True
VT-F-99-010721,2026-08-26,1.0,1,Omni Channel,True,True,True
CT-F-99-020505,2026-08-26,3.0,1,Omni Channel,True,True,True
VT-F-99-010721,2026-08-26,1.0,1,Omni Channel,True,True,True
CT-F-99-020506,2026-08-26,3.0,1,Omni Channel,True,True,True
VT-F-99-010721,2026-08-26,1.0,1,Omni Channel,True,True,True
CT-F-99-020504,2026-08-26,3.0,1,Omni Channel,True,True,True
CT-F-99-020508,2026-08-26,3.0,1,Omni Channel,True,True,True
VT-F-99-010721,2026-08-26,1.0,1,Omni Channel,True,True,True
CT-F-99-020505,2026-08-27,3.0,1,Omni Channel,True,True,True
VT-F-99-010721,2026-08-27,1.0,1,Omni Channel,True,True,True
CT-F-99-020524,2026-08-28,3.0,1,Omni Channel,True,True,True
VT-F-99-010721,2026-08-28,1.0,1,Omni Channel,True,True,True
CT-F-99-020501,2026-08-28,3.0,1,Omni Channel,True,True,True
CT-F-99-020502,2026-08-28,6.0,2,Omni Channel,True,True,True
CT-F-99-020504,2026-08-28,6.0,2,Omni Channel,True,True,True
VT-F-99-010721,2026-08-28,5.0,1,Omni Channel,True,True,True
CT-F-99-020702,2026-08-28,3.0,1,Omni Channel,True,True,True
CT-F-99-020703,2026-08-28,9.0,3,Omni Channel,True,True,True
CT-F-99-020704,2026-08-28,3.0,1,Omni Channel,True,True,True
VT-F-99-010819,2026-08-28,5.0,1,Omni Channel,True,True,True
VT-F-99-010721,2026-08-28,1.0,1,Omni Channel,True,True,True
CT-F-99-020506,2026-08-28,3.0,1,Omni Channel,True,True,True
VT-F-99-010721,2026-08-28,1.0,1,Omni Channel,True,True,True
CT-F-99-020510,2026-08-31,3.0,1,Omni Channel,True,True,True
VT-F-99-010715,2026-08-31,1.0,1,Omni Channel,True,True,True
CT-F-99-020505,2026-08-31,3.0,1,Omni Channel,True,True,True
VT-F-99-010715,2026-08-31,1.0,1,Omni Channel,True,True,True
CT-F-99-020501,2026-08-31,2.0,1,Omni Channel,True,True,True
VT-F-99-010203,2026-08-31,2.0,1,Omni Channel,True,True,True
CT-F-99-020504,2026-08-31,3.0,1,Omni Channel,True,True,True
VT-F-99-010721,2026-08-31,1.0,1,Omni Channel,True,True,True
CT-F-99-020508,2026-08-31,3.0,1,Omni Channel,True,True,True
VT-F-99-010721,2026-08-31,1.0,1,Omni Channel,True,True,True
CT-F-99-020510,2026-09-01,3.0,1,Omni Channel,True,True,True
VT-F-99-010721,2026-09-01,1.0,1,Omni Channel,True,True,True
CT-F-99-020506,2026-09-01,3.0,1,Omni Channel,True,True,True
VT-F-99-010721,2026-09-01,1.0,1,Omni Channel,True,True,True
CT-F-99-020709,2026-09-02,3.0,1,Omni Channel,True,True,True
RS-F-99-010129,2026-09-02,2.0,1,Omni Channel,False,False,False
CT-F-99-020504,2026-09-02,10.0,1,Omni Channel,False,False,False
CT-F-99-020506,2026-09-02,6.0,1,Omni Channel,False,False,False
CT-F-99-020527,2026-09-03,3.0,1,Omni Channel,True,True,True
VT-F-99-010721,2026-09-03,1.0,1,Omni Channel,True,True,True
CT-F-99-020504,2026-09-03,3.0,1,Omni Channel,True,True,True
VT-F-99-010721,2026-09-03,1.0,1,Omni Channel,True,True,True
CT-F-99-020717,2026-09-04,3.0,1,Omni Channel,False,False,False
VT-F-99-010819,2026-09-04,1.0,1,Omni Channel,True,True,True
VT-F-99-010721,2026-09-04,1.0,1,Omni Channel,True,True,True
VT-F-99-010820,2026-09-04,28.0,1,Omni Channel,False,False,False
CT-F-99-020501,2026-09-07,2.0,1,Omni Channel,True,True,True
VT-F-99-010203,2026-09-07,2.0,1,Omni Channel,True,True,True
CT-F-99-020505,2026-09-07,3.0,1,Omni Channel,True,True,True
VT-F-99-010715,2026-09-07,1.0,1,Omni Channel,True,True,True
VT-F-99-010721,2026-09-07,1.0,1,Omni Channel,True,True,True
CT-F-99-020511,2026-09-07,2.0,1,Omni Channel,True,True,True
CT-F-99-020504,2026-09-07,3.0,1,Omni Channel,True,True,True
VT-F-99-010721,2026-09-07,1.0,1,Omni Channel,True,True,True
CT-F-99-020503,2026-09-07,2.0,1,Omni Channel,True,True,True
VT-F-99-010203,2026-09-07,2.0,1,Omni Channel,True,True,True
CT-F-99-020505,2026-09-08,1.0,1,Omni Channel,True,True,True
CT-F-99-020505,2026-09-09,3.0,1,Omni Channel,True,True,True
VT-F-99-010715,2026-09-09,1.0,1,Omni Channel,True,True,True
CT-F-99-020529,2026-09-09,3.0,1,Omni Channel,False,False,False
VT-F-99-010721,2026-09-09,1.0,1,Omni Channel,True,True,True
CT-F-99-020504,2026-09-09,3.0,1,Omni Channel,True,True,True
VT-F-99-010721,2026-09-09,1.0,1,Omni Channel,True,True,True
CT-F-99-020503,2026-09-10,2.0,1,Omni Channel,True,True,True
VT-F-99-010209,2026-09-10,2.0,1,Omni Channel,True,True,True
CT-F-99-020504,2026-09-10,3.0,1,Omni Channel,True,True,True
CT-F-99-020503,2026-09-10,3.0,1,Omni Channel,True,True,True
VT-F-99-010721,2026-09-10,1.0,1,Omni Channel,True,True,True
CT-F-99-020527,2026-09-10,2.0,1,Omni Channel,True,True,True
CT-F-99-020503,2026-09-14,3.0,1,Omni Channel,True,True,True
CT-F-99-020511,2026-09-14,4.0,1,Omni Channel,True,True,True
VT-F-99-010202,2026-09-14,1.0,1,Omni Channel,True,True,True
VT-F-99-010203,2026-09-14,4.0,1,Omni Channel,True,True,True
CT-F-99-020502,2026-09-14,2.0,1,Omni Channel,True,True,True
VT-F-99-010203,2026-09-14,2.0,1,Omni Channel,True,True,True
CT-F-99-020508,2026-09-14,1.0,1,Omni Channel,True,True,True
CT-F-99-020506,2026-09-14,3.0,1,Omni Channel,True,True,True
VT-F-99-010721,2026-09-14,1.0,1,Omni Channel,True,True,True
CT-F-99-020530,2026-09-14,3.0,1,Omni Channel,True,True,True
VT-F-99-010721,2026-09-14,1.0,1,Omni Channel,True,True,True
CT-F-99-020504,2026-09-15,3.0,1,Omni Channel,True,True,True
VT-F-99-010721,2026-09-15,1.0,1,Omni Channel,True,True,True
CT-F-99-020504,2026-09-15,3.0,1,Omni Channel,True,True,True
VT-F-99-010721,2026-09-15,1.0,1,Omni Channel,True,True,True
CT-F-99-020508,2026-09-15,3.0,1,Omni Channel,True,True,True
CT-F-99-020506,2026-09-15,3.0,1,Omni Channel,True,True,True
VT-F-99-010721,2026-09-15,1.0,1,Omni Channel,True,True,True
CT-F-99-020507,2026-09-17,3.0,1,Omni Channel,False,False,False
VT-F-99-010721,2026-09-17,1.0,1,Omni Channel,True,True,True
CT-F-99-020510,2026-09-17,3.0,1,Omni Channel,True,True,True
VT-F-99-010721,2026-09-17,1.0,1,Omni Channel,True,True,True
CT-F-99-020703,2026-09-17,3.0,1,Omni Channel,False,False,False
VT-F-99-010819,2026-09-17,1.0,1,Omni Channel,True,True,True
VT-F-99-010820,2026-09-18,2.0,1,Omni Channel,False,False,False
VT-F-99-010820,2026-09-18,2.0,1,Omni Channel,False,False,False
CT-F-99-020527,2026-09-14,1.0,1,Omni Channel,False,False,False
CT-F-99-020526,2026-09-21,3.0,1,Omni Channel,True,True,True
VT-F-99-010202,2026-09-21,1.0,1,Omni Channel,True,True,True
VT-F-99-010721,2026-09-21,1.0,1,Omni Channel,True,True,True
CT-F-99-020506,2026-09-21,3.0,1,Omni Channel,True,True,True
VT-F-99-010715,2026-09-21,1.0,1,Omni Channel,True,True,True
CT-F-99-020705,2026-09-21,3.0,1,Omni Channel,False,False,False
VT-F-99-010818,2026-09-21,1.0,1,Omni Channel,False,False,False
CT-F-99-020524,2026-09-21,3.0,1,Omni Channel,True,True,True
CT-F-99-020510,2026-09-22,3.0,1,Omni Channel,True,True,True
CT-F-99-020530,2026-09-22,3.0,1,Omni Channel,True,True,True
CT-F-99-020506,2026-09-22,3.0,1,Omni Channel,True,True,True
VT-F-99-010721,2026-09-22,1.0,1,Omni Channel,True,True,True
CT-F-99-020504,2026-09-22,3.0,1,Omni Channel,True,True,True
CT-F-99-020506,2026-09-22,3.0,1,Omni Channel,True,True,True
VT-F-99-010721,2026-09-22,1.0,1,Omni Channel,True,True,True
CT-F-99-020504,2026-09-23,3.0,1,Omni Channel,True,True,True
VT-F-99-010721,2026-09-23,1.0,1,Omni Channel,True,True,True
