itemcode,division,revenue_type,status,jobcode,customer_segment,manufacturing_type,productID,typeOfSale,forecast_date,createDate,PODate,cost,qty
VT-F-99-010721,PEM102-OLD,Omni Channel,Actual,VT230231,Contractor,MTS,P15311,Sale,2024-01-19,2024-01-03,2024-01-03,20249.17,1.0
CT-F-99-020505,PEM102-OLD,Omni Channel,Actual,CT230368,Contractor,MTS,P1747,Sale,2024-01-19,2024-01-03,2024-01-03,20554.65,3.0
VT-F-99-010721,PEM102-OLD,Omni Channel,Actual,VT230231,Contractor,MTS,P15311,Sale,2024-01-15,2024-01-03,2024-01-03,20249.17,1.0
CT-F-99-020507,PEM102-OLD,Omni Channel,Actual,CT230386,Contractor,MTS,P1749,Sale,2024-01-15,2024-01-03,2024-01-03,21757.5,3.0
VT-F-99-010721,PEM102-OLD,Omni Channel,Actual,VT230231,Contractor,MTS,P15311,Sale,2024-01-17,2024-01-04,2024-01-04,20249.17,1.0
CT-F-99-020506,PEM102-OLD,Omni Channel,Actual,CT230385,Contractor,MTS,P1748,Sale,2024-01-17,2024-01-04,2024-01-04,21344.01,3.0
VT-F-99-010722,PEM102-OLD,Omni Channel,Actual,VT240001,Local Industry,MTO,P13054,Sale,2024-04-19,2024-01-04,2024-01-04,3067018.0,100.0
VT-F-99-010722,PEM102-OLD,Omni Channel,Actual,VT240002,Local Industry,MTO,P13054,Sale,2024-05-30,2024-01-04,2024-01-04,3067018.0,100.0
VT-F-99-010722,PEM102-OLD,Omni Channel,Actual,VT240003,Local Industry,MTO,P13054,Sale,2024-06-14,2024-01-04,2024-01-04,3067018.0,100.0
VT-F-99-010722,PEM102-OLD,Omni Channel,Actual,VT240004,Local Industry,MTO,P13054,Sale,2024-06-17,2024-01-04,2024-01-04,3067018.0,100.0
VT-F-99-010722,PEM102-OLD,Omni Channel,Actual,VT240005,Local Industry,MTO,P13054,Sale,2024-06-28,2024-01-04,2024-01-04,3067018.0,100.0
VT-F-99-010722,PEM102-OLD,Omni Channel,Actual,VT240006,Local Industry,MTO,P13054,Sale,2024-10-31,2024-01-04,2024-01-04,1625616.0,53.0
VT-F-99-010820,PEM102-OLD,Omni Channel,Actual,VT240007,Local Industry,MTO,P15684,Sale,2024-04-19,2024-01-04,2024-01-04,3749108.0,100.0
VT-F-99-010820,PEM102-OLD,Omni Channel,Actual,VT240008,Local Industry,MTO,P15684,Sale,2024-05-30,2024-01-04,2024-01-04,1424661.04,38.0
VT-F-99-010205,PEM102-OLD,Omni Channel,Actual,VT230237,Inside Group,MTS,P1016,Sale,2024-02-29,2024-01-04,2024-01-04,29544.27,3.0
CT-F-99-020502,PEM102-OLD,Omni Channel,Actual,CT230389,Inside Group,MTS,P1744,Sale,2024-02-29,2024-01-04,2024-01-04,148562.0,20.0
CT-F-99-020503,PEM102-OLD,Omni Channel,Actual,CT230390,Inside Group,MTS,P1745,Sale,2024-02-29,2024-01-04,2024-01-04,76325.8,10.0
CT-F-99-020504,PEM102-OLD,Omni Channel,Actual,CT230392,Inside Group,MTS,P1746,Sale,2024-02-15,2024-01-04,2024-01-04,42075.24,6.0
CT-F-99-020506,PEM102-OLD,Omni Channel,Actual,CT230393,Inside Group,MTS,P1748,Sale,2024-02-29,2024-01-04,2024-01-04,42688.02,6.0
CT-F-99-020507,PEM102-OLD,Omni Channel,Actual,CT230394,Inside Group,MTS,P1749,Sale,2024-02-29,2024-01-04,2024-01-04,43515.0,6.0
CT-F-99-020501,PEM102-OLD,Omni Channel,Actual,CT230366,Inside Group,MTS,P2063,Sale,2024-02-29,2024-01-04,2024-01-04,335823.5,50.0
VT-F-99-010203,PEM102-OLD,Omni Channel,Actual,VT230236,Inside Group,MTS,P3555,Sale,2024-02-29,2024-01-04,2024-01-04,854631.0,100.0
CT-F-99-020514,PEM102-OLD,Omni Channel,Actual,CT230388,Inside Group,MTO,P8916,Sale,2024-02-29,2024-01-04,2024-01-04,133483.8,20.0
VT-F-99-010715,PEM102-OLD,Omni Channel,Actual,VT240020,Contractor,MTS,P15837,Sale,2024-01-25,2024-01-04,2024-01-04,19507.37,1.0
CT-F-99-020505,PEM102-OLD,Omni Channel,Actual,CT230368,Contractor,MTS,P1747,Sale,2024-01-25,2024-01-04,2024-01-04,20554.65,3.0
VT-F-99-010203,PEM102-OLD,Omni Channel,Actual,VT230194,Smart Shop,MTS,P3555,Sale,2024-01-10,2024-01-04,2024-01-04,34187.52,4.0
CT-F-99-020502,PEM102-OLD,Omni Channel,Actual,"CT230311,CT230359",Smart Shop,MTS,P1744,Sale,2024-01-10,2024-01-04,2024-01-04,29712.4,4.0
RS-F-99-070005,PEM102-OLD,Omni Channel,Actual,RS240019,Inside Group,MTS,P1796,Sale,2024-02-29,2024-01-04,2024-01-04,19347.0,60.0
RS-F-99-070003,PEM102-OLD,Omni Channel,Actual,RS240023,Inside Group,MTS,P0752,Sale,2024-02-29,2024-01-04,2024-01-04,168210.0,450.0
RS-F-99-070006,PEM102-OLD,Omni Channel,Actual,RS240024,Inside Group,MTS,P1089,Sale,2024-02-29,2024-01-04,2024-01-04,106635.0,300.0
CT-F-99-020506,PEM102-OLD,Omni Channel,Actual,CT240013,Inside Group,MTS,P1748,Sale,2024-03-20,2024-01-04,2024-01-04,42688.02,6.0
CT-F-99-020507,PEM102-OLD,Omni Channel,Actual,CT240014,Inside Group,MTS,P1749,Sale,2024-03-20,2024-01-04,2024-01-04,43515.0,6.0
RS-F-99-070002,PEM102-OLD,Omni Channel,Actual,RS240022,Inside Group,MTS,P1799,Sale,2024-02-29,2024-01-04,2024-01-04,38880.0,90.0
CT-F-99-020501,PEM102-OLD,Omni Channel,Actual,CT240011,Inside Group,MTS,P2063,Sale,2024-03-20,2024-01-04,2024-01-04,268658.8,40.0
RS-F-99-070007,PEM102-OLD,Omni Channel,Actual,RS240021,Inside Group,MTS,P32412,Sale,2024-02-29,2024-01-04,2024-01-04,187881.0,300.0
VT-F-99-010820,PEM102-OLD,Tendering,Actual,VT240022,Inside Group,MTO,P15684,Sale,2024-03-22,2024-01-04,2024-01-04,5698644.16,152.0
VT-F-99-010203,PEM102-OLD,Omni Channel,Actual,VT230236,Inside Group,MTS,P3555,Sale,2024-06-28,2024-01-04,2024-01-04,854688.0,100.0
CT-F-99-020506,PEM102-OLD,Omni Channel,Actual,CT230385,Contractor,MTS,P1748,Sale,2024-01-10,2024-01-05,2023-11-22,21344.01,3.0
VT-F-99-010615,PEM102-OLD,Tendering,Actual,"VT240025,VT240097",Local Utility,MTO,P7550,Sale,2024-10-11,2024-01-08,2024-01-08,309190.8,12.0
CT-F-99-020509,PEM102-OLD,Omni Channel,Actual,CT240017,Inside Group,MTO,P7172,Sale,2024-02-15,2024-01-08,2024-01-08,26906.04,3.0
VT-F-99-010616,PEM102-OLD,Omni Channel,Actual,VT240026,Inside Group,MTO,P7428,Sale,2024-02-15,2024-01-08,2024-01-08,25131.72,3.0
CT-F-99-020524,PEM102-OLD,Omni Channel,Actual,CT230356,Smart Shop,MTS,P15310,Sale,2024-01-13,2024-01-08,2024-01-08,39135.93,3.0
CT-F-99-020702,PEM102-OLD,Omni Channel,Actual,CT240018,Contractor,MTO,P1767,Sale,2024-02-05,2024-01-08,2024-01-08,7559.64,1.0
CT-F-99-020524,PEM102-OLD,Omni Channel,Actual,CT230375,Contractor,MTS,P15310,Sale,2024-03-31,2024-01-08,2024-01-08,39135.93,3.0
VT-F-99-010721,PEM102-OLD,Omni Channel,Actual,VT230231,,MTS,P15311,Sale,2024-01-19,2024-01-09,2024-01-09,20249.17,1.0
CT-F-99-020508,PEM102-OLD,Omni Channel,Actual,CT230361,,MTS,P1750,Sale,2024-01-19,2024-01-09,2024-01-09,24895.92,3.0
CT-F-99-020506,PEM102-OLD,Omni Channel,Actual,CT230385,Contractor,MTS,P1748,Sale,2024-01-29,2024-01-09,2024-01-09,21344.01,3.0
VT-F-99-010721,PEM102-OLD,Omni Channel,Actual,VT230231,Contractor,MTS,P15311,Sale,2024-03-22,2024-01-09,2024-01-09,20249.17,1.0
CT-F-99-020530,PEM102-OLD,Omni Channel,Actual,CT230404,Contractor,MTS,P15585,Sale,2024-03-22,2024-01-09,2024-01-09,45395.19,3.0
CT-F-99-020522,PEM102-OLD,Omni Channel,Actual,CT240020,Smart Shop,MTO,P15309,Sale,2024-03-15,2024-01-10,2024-01-10,40376.16,3.0
CT-F-99-020527,PEM102-OLD,Omni Channel,Actual,CT230217,Smart Shop,MTS,P15384,Sale,2024-02-29,2024-01-10,2024-01-10,40048.05,3.0
VT-F-99-010721,PEM102-OLD,Omni Channel,Actual,VT230231,Smart Shop,MTS,P15311,Sale,2024-03-15,2024-01-10,2024-01-10,20249.17,1.0
VT-F-99-010721,PEM102-OLD,Omni Channel,Actual,VT230231,Contractor,MTS,P15311,Sale,2024-01-29,2024-01-09,2024-01-09,20249.17,1.0
VT-F-99-010715,PEM102-OLD,Omni Channel,Actual,VT240020,Contractor,MTS,P15837,Sale,2024-03-01,2024-01-11,2024-01-11,18916.8,1.0
CT-F-99-020507,PEM102-OLD,Omni Channel,Actual,CT230386,Contractor,MTS,P1749,Sale,2024-03-01,2024-01-11,2024-01-11,21757.5,3.0
CT-F-99-020510,PEM102-OLD,Omni Channel,Actual,CT230407,Contractor,MTS,P1751,Sale,2024-01-19,2024-01-11,2024-01-11,26371.23,3.0
VT-F-99-010203,PEM102-OLD,Omni Channel,Actual,VT230194,Dealer,MTS,P3555,Sale,2024-01-17,2024-01-12,2024-01-12,17093.76,2.0
CT-F-99-020506,PEM102-OLD,Omni Channel,Actual,CT230385,Dealer,MTS,P1748,Sale,2024-01-17,2024-01-12,2024-01-12,14229.34,2.0
CT-F-99-020506,PEM102-OLD,Omni Channel,Actual,CT230406,Contractor,MTS,P1748,Sale,2024-01-24,2024-01-12,2024-01-12,21344.01,3.0
CT-F-99-020706,PEM102-OLD,Omni Channel,Actual,CT240025,Contractor,MTO,P1771,Sale,2024-02-13,2024-01-15,2024-01-15,24149.79,3.0
VT-F-99-010818,PEM102-OLD,Omni Channel,Actual,VT240030,Contractor,MTO,P6126,Sale,2024-02-13,2024-01-15,2024-01-15,25023.89,1.0
CT-F-99-020501,PPD101,Omni Channel,Actual,,Foreign Industry,MTO,P2063,Sale,2024-03-21,2024-01-15,2024-01-15,372000.0,40.0
RS-F-99-070007,PPD101,Omni Channel,Actual,,Foreign Industry,MTO,P32412,Sale,2024-03-21,2024-01-15,2024-01-15,210000.0,300.0
RS-F-99-070003,PPD101,Omni Channel,Actual,,Foreign Industry,MTO,P0752,Sale,2024-03-21,2024-01-15,2024-01-15,229500.0,450.0
RS-F-99-070006,PPD101,Omni Channel,Actual,,Foreign Industry,MTO,P1089,Sale,2024-03-21,2024-01-15,2024-01-15,153000.0,300.0
VT-F-99-010721,PEM102-OLD,Omni Channel,Actual,VT230231,End User,MTS,P15311,Sale,2024-01-23,2024-01-15,2024-01-15,20249.17,1.0
CT-F-99-020506,PEM102-OLD,Omni Channel,Actual,CT230406,End User,MTS,P1748,Sale,2024-01-23,2024-01-15,2024-01-15,21345.6,3.0
VT-F-99-010721,PEM102-OLD,Omni Channel,Actual,VT230231,Contractor,MTS,P15311,Sale,2024-01-22,2024-01-16,2024-01-16,20249.17,1.0
CT-F-99-020506,PEM102-OLD,Omni Channel,Actual,CT230406,Contractor,MTS,P1748,Sale,2024-01-22,2024-01-16,2024-01-16,21344.01,3.0
RS-F-99-070003,PEM102-OLD,Omni Channel,Actual,RS240046,Inside Group,MTS,P0752,Sale,2024-03-20,2024-01-17,2024-01-17,168210.0,450.0
RS-F-99-070006,PEM102-OLD,Omni Channel,Actual,RS240047,Inside Group,MTS,P1089,Sale,2024-03-20,2024-01-17,2024-01-17,106635.0,300.0
CT-F-99-020501,PEM102-OLD,Omni Channel,Actual,CT240026,Inside Group,MTS,P2063,Sale,2024-02-29,2024-01-17,2024-01-17,335823.5,50.0
RS-F-99-070007,PEM102-OLD,Omni Channel,Actual,RS240045,Inside Group,MTS,P32412,Sale,2024-03-20,2024-01-17,2024-01-17,187881.0,300.0
CT-F-99-020504,PEM102-OLD,Omni Channel,Actual,CT230392,Inside Group,MTS,P1746,Sale,2024-02-29,2024-01-04,2024-01-04,28050.16,4.0
VT-F-99-010721,PEM102-OLD,Omni Channel,Actual,VT230231,Contractor,MTS,P15311,Sale,2024-01-20,2024-01-18,2024-01-18,20249.17,1.0
CT-F-99-020504,PEM102-OLD,Omni Channel,Actual,CT230384,Contractor,MTS,P1746,Sale,2024-01-20,2024-01-18,2024-01-18,21036.48,3.0
VT-F-99-010302,PEM102-OLD,Omni Channel,Actual,VT230215,Inside Group,MTO,P3225,Sale,2024-07-17,2024-01-18,2024-01-18,543323.25,45.0
CT-F-99-020507,PEM102-OLD,Omni Channel,Actual,CT230386,Contractor,MTS,P1749,Sale,2024-01-19,2024-01-18,2024-01-18,7252.5,1.0
CT-F-99-020504,PPD101,Omni Channel,Actual,,Foreign Industry,MTO,P1746,Sale,2024-04-25,2024-01-18,2024-01-18,93000.0,10.0
VT-F-99-010616,PPD101,Omni Channel,Actual,,Foreign Industry,MTO,P7428,Sale,2024-03-21,2024-01-18,2024-01-18,24000.0,2.0
RS-F-99-010123,PEM102-OLD,Omni Channel,Actual,RS240049,Contractor,MTO,P34058,Sale,2024-02-12,2024-01-18,2024-01-18,43457.04,4.0
RS-F-99-010114,PEM102-OLD,Omni Channel,Actual,RS240050,Contractor,MTO,P6131,Sale,2024-02-12,2024-01-18,2024-01-18,18609.3,2.0
VT-F-99-010721,PEM102-OLD,Omni Channel,Actual,VT230231,Contractor,MTS,P15311,Sale,2024-02-23,2024-01-19,2024-01-19,20249.17,1.0
CT-F-99-020504,PEM102-OLD,Omni Channel,Actual,CT240008,Contractor,MTS,P1746,Sale,2024-02-23,2024-01-19,2024-01-19,21036.48,3.0
VT-F-99-010721,PEM102-OLD,Omni Channel,Actual,VT230231,Contractor,MTS,P15311,Sale,2024-02-23,2024-01-19,2024-01-19,20249.17,1.0
CT-F-99-020503,PEM102-OLD,Omni Channel,Actual,CT230295,Contractor,MTS,P1745,Sale,2024-02-23,2024-01-19,2024-01-19,22897.74,3.0
VT-F-99-010203,PEM102-OLD,Omni Channel,Actual,VT230234,Smart Shop,MTS,P3555,Sale,2024-01-25,2024-01-19,2024-01-19,17093.76,2.0
CT-F-99-020510,PEM102-OLD,Omni Channel,Actual,CT230407,Smart Shop,MTS,P1751,Sale,2024-01-25,2024-01-19,2024-01-19,17580.82,2.0
VT-F-99-010203,PEM102-OLD,Omni Channel,Actual,VT230194,Smart Shop,MTS,P3555,Sale,2024-01-25,2024-01-19,2024-01-19,17093.76,2.0
CT-F-99-020507,PEM102-OLD,Omni Channel,Actual,CT230386,Smart Shop,MTS,P1749,Sale,2024-01-25,2024-01-19,2024-01-19,14505.0,2.0
CT-F-99-020504,PEM102-OLD,Omni Channel,Actual,CT240030,Inside Group,MTS,P1746,Sale,2024-03-29,2024-01-19,2024-01-19,70121.6,10.0
VT-F-99-010616,PEM102-OLD,Omni Channel,Actual,VT240032,Inside Group,MTO,P7428,Sale,2024-03-29,2024-01-19,2024-01-19,100526.88,12.0
VT-F-99-010203,PEM102-OLD,Omni Channel,Actual,VT230234,Smart Shop,MTS,P3555,Sale,2024-01-24,2024-01-22,2024-01-22,17093.76,2.0
CT-F-99-020502,PEM102-OLD,Omni Channel,Actual,CT230359,Smart Shop,MTS,P1744,Sale,2024-01-24,2024-01-22,2024-01-22,14856.2,2.0
RS-F-99-070005,PEM102-OLD,Omni Channel,Actual,RS230043,Contractor,MTS,P1796,Sale,2024-02-18,2024-01-22,2024-01-22,967.35,3.0
VT-F-99-010721,PEM102-OLD,Omni Channel,Actual,VT230231,End User,MTS,P15311,Sale,2024-01-25,2024-01-22,2024-01-22,20249.17,1.0
CT-F-99-020504,PEM102-OLD,Omni Channel,Actual,CT230384,End User,MTS,P1746,Sale,2024-01-25,2024-01-22,2024-01-22,21036.48,3.0
VT-F-99-010203,PEM102-OLD,Omni Channel,Actual,VT230234,Smart Shop,MTS,P3555,Sale,2024-01-24,2024-01-22,2024-01-22,17093.76,2.0
CT-F-99-020501,PEM102-OLD,Omni Channel,Actual,CT230331,Smart Shop,MTS,P2063,Sale,2024-01-24,2024-01-22,2024-01-22,13432.94,2.0
CT-F-99-020528,PEM102-OLD,Omni Channel,Actual,CT230400,Contractor,MTS,P15568,Sale,2024-01-29,2024-01-22,2024-01-22,42746.46,3.0
CT-F-99-020510,PEM102-OLD,Omni Channel,Actual,CT230407,Contractor,MTS,P1751,Sale,2024-02-01,2024-01-22,2024-01-22,26371.23,3.0
VT-F-99-010715,PEM102-OLD,Omni Channel,Actual,VT240020,End User,MTS,P15837,Sale,2024-01-31,2024-01-22,2024-01-22,19507.37,1.0
CT-F-99-020505,PEM102-OLD,Omni Channel,Actual,CT230387,End User,MTS,P1747,Sale,2024-01-31,2024-01-22,2024-01-22,20554.65,3.0
CT-F-99-020508,PEM102-OLD,Omni Channel,Actual,CT230395,Contractor,MTS,P1750,Sale,2024-02-02,2024-01-23,2024-01-23,24895.92,3.0
RS-F-99-070003,PEM102-OLD,Omni Channel,Actual,RS240054,Cambodia,MTS,P0752,Sale,2024-03-29,2024-01-23,2024-01-23,37380.0,100.0
RS-F-99-070004,PEM102-OLD,Omni Channel,Actual,RS240055,Cambodia,MTS,P1794,Sale,2024-03-29,2024-01-23,2024-01-23,16122.5,50.0
RS-F-99-070005,PEM102-OLD,Omni Channel,Actual,RS240056,Cambodia,MTS,P1796,Sale,2024-03-29,2024-01-23,2024-01-23,3869.4,12.0
RS-F-99-070002,PEM102-OLD,Omni Channel,Actual,RS240053,Cambodia,MTS,P1799,Sale,2024-03-29,2024-01-23,2024-01-23,47952.0,111.0
RS-F-99-070007,PEM102-OLD,Omni Channel,Actual,RS240052,Cambodia,MTS,P32412,Sale,2024-03-29,2024-01-23,2024-01-23,58123.68,102.0
RS-F-99-041015,PEM102-OLD,Omni Channel,Actual,RS240059,Cambodia,MTS,P3375,Sale,2024-03-29,2024-01-23,2024-01-23,182204.1,18.0
RS-F-99-041001,PEM102-OLD,Omni Channel,Actual,RS240058,Cambodia,MTS,P5013,Sale,2024-03-29,2024-01-23,2024-01-23,265256.4,30.0
CT-F-99-020505,PEM102-OLD,Omni Channel,Actual,CT230387,Contractor,MTS,P1747,Sale,2024-02-16,2024-01-23,2024-01-23,20554.65,3.0
VT-F-99-010721,PEM102-OLD,Omni Channel,Actual,VT230231,,MTS,P15311,Sale,2024-02-28,2024-01-24,2024-01-24,20249.17,1.0
CT-F-99-020506,PEM102-OLD,Omni Channel,Actual,"CT230385,CT230406",,MTS,P1748,Sale,2024-02-28,2024-01-24,2024-01-24,21344.01,3.0
VT-F-99-010721,PEM102-OLD,Omni Channel,Actual,VT230200,Contractor,MTS,P15311,Sale,2024-02-08,2024-01-24,2024-01-24,20249.17,1.0
CT-F-99-020527,PEM102-OLD,Omni Channel,Actual,CT230383,Contractor,MTS,P15384,Sale,2024-02-08,2024-01-24,2024-01-24,38653.71,3.0
VT-F-99-010721,PEM102-OLD,Omni Channel,Actual,VT230231,Factory,MTS,P15311,Sale,2024-01-26,2024-01-24,2024-01-24,20249.17,1.0
CT-F-99-020530,PEM102-OLD,Omni Channel,Actual,CT230404,Factory,MTS,P15585,Sale,2024-01-26,2024-01-24,2024-01-24,45395.19,3.0
VT-F-99-010721,PEM102-OLD,Omni Channel,Actual,VT230231,Factory,MTS,P15311,Sale,2024-02-16,2024-01-24,2024-01-24,20249.17,1.0
CT-F-99-020508,PEM102-OLD,Omni Channel,Actual,CT230395,Factory,MTS,P1750,Sale,2024-02-16,2024-01-24,2024-01-24,24895.92,3.0
VT-F-99-010209,PEM102-OLD,Omni Channel,Actual,VT240036,Contractor,MTO,P10113,Sale,2024-03-06,2024-01-24,2024-01-24,17753.52,2.0
CT-F-99-020506,PEM102-OLD,Omni Channel,Actual,CT240022,Contractor,MTS,P1748,Sale,2024-03-06,2024-01-24,2024-01-24,14229.34,2.0
VT-F-99-010721,PEM102-OLD,Omni Channel,Actual,VT230231,Contractor,MTS,P15311,Sale,2024-01-25,2024-01-24,2024-01-24,20249.17,1.0
VT-F-99-010819,PEM102-OLD,Omni Channel,Actual,VT230203,Contractor,MTS,P15865,Sale,2024-02-23,2024-01-25,2024-01-25,26813.47,1.0
CT-F-99-020714,PEM102-OLD,Omni Channel,Actual,CT240033,Contractor,MTO,P30289,Sale,2024-02-23,2024-01-25,2024-01-25,42789.69,3.0
VT-F-99-010721,PEM102-OLD,Omni Channel,Actual,VT230231,Contractor,MTS,P15311,Sale,2024-02-01,2024-01-26,2024-01-26,20249.17,1.0
VT-F-99-010721,PEM102-OLD,Omni Channel,Actual,VT230231,Contractor,MTS,P15311,Sale,2024-02-02,2024-01-26,2024-01-26,20249.17,1.0
CT-F-99-020506,PEM102-OLD,Omni Channel,Actual,CT240022,Contractor,MTS,P1748,Sale,2024-02-02,2024-01-26,2024-01-26,21344.01,3.0
CT-F-99-020504,PEM102-OLD,Omni Channel,Actual,CT240008,Contractor,MTS,P1746,Sale,2024-02-01,2024-01-26,2024-01-26,21036.48,3.0
VT-F-99-010203,PEM102-OLD,Omni Channel,Actual,CT240004,Smart Shop,MTS,P3555,Sale,2024-01-31,2024-01-26,2024-01-26,17093.76,2.0
CT-F-99-020510,PEM102-OLD,Omni Channel,Actual,VT230234,Smart Shop,MTS,P1751,Sale,2024-01-31,2024-01-26,2024-01-26,17580.82,2.0
VT-F-99-010722,PEM102-OLD,Omni Channel,Actual,VT230124,Dealer,MTS,P13054,Sale,2024-02-23,2024-01-29,2024-01-29,28525.17,1.0
VT-F-99-010721,PEM102-OLD,Omni Channel,Actual,VT230231,Contractor,MTS,P15311,Sale,2024-02-16,2024-01-29,2024-01-29,18994.23,1.0
CT-F-99-020504,PEM102-OLD,Omni Channel,Actual,CT240008,Contractor,MTS,P1746,Sale,2024-02-16,2024-01-29,2024-01-29,22373.49,3.0
CT-F-99-020505,PEM102-OLD,Omni Channel,Actual,CT230387,Contractor,MTS,P1747,Sale,2024-02-09,2024-01-29,2024-01-29,13869.12,2.0
VT-F-99-010203,PEM102-OLD,Omni Channel,Actual,VT230234,Contractor,MTS,P3555,Sale,2024-02-09,2024-01-29,2024-01-29,17694.08,2.0
CT-F-99-020501,PEM102-OLD,Omni Channel,Actual,CT230331,Contractor,MTS,P2063,Sale,2024-02-09,2024-01-29,2024-01-29,13560.98,2.0
VT-F-99-010203,PEM102-OLD,Omni Channel,Actual,VT230234,Contractor,MTS,P3555,Sale,2024-02-09,2024-01-29,2024-01-29,17694.08,2.0
CT-F-99-020508,PEM102-OLD,Omni Channel,Actual,"CT230361,CT230395",Contractor,MTS,P1750,Sale,2024-02-16,2024-01-29,2024-01-29,24874.2,3.0
CT-F-99-020501,PEM102-OLD,Omni Channel,Actual,CT230331,,MTS,P2063,Sale,2024-02-07,2024-01-29,2024-01-29,13560.98,2.0
VT-F-99-010203,PEM102-OLD,Omni Channel,Actual,VT230234,,MTS,P3555,Sale,2024-02-07,2024-01-29,2024-01-29,17694.08,2.0
VT-F-99-010721,PEM102-OLD,Omni Channel,Actual,VT230231,Contractor,MTS,P15311,Sale,2024-02-07,2024-01-29,2024-01-29,18994.23,1.0
CT-F-99-020504,PEM102-OLD,Omni Channel,Actual,CT240008,Contractor,MTS,P1746,Sale,2024-02-07,2024-01-29,2024-01-29,22373.49,3.0
VT-F-99-010721,PEM102-OLD,Omni Channel,Actual,VT230231,Contractor,MTS,P15311,Sale,2024-02-01,2024-01-29,2024-01-29,18994.23,1.0
CT-F-99-020506,PEM102-OLD,Omni Channel,Actual,CT230406,Contractor,MTS,P1748,Sale,2024-02-01,2024-01-29,2024-01-29,22784.67,3.0
CT-F-99-020507,PEM102-OLD,Omni Channel,Actual,CT230386,,MTS,P1749,Sale,2024-06-30,2024-01-29,2024-01-29,7642.95,1.0
CT-F-99-020514,PEM102-OLD,Omni Channel,Actual,CT240049,Contractor,MTO,P8916,Sale,2024-02-16,2024-01-30,2024-01-30,20811.0,3.0
CT-F-99-020510,PEM102-OLD,Omni Channel,Actual,CT240004,Factory,MTS,P1751,Sale,2024-02-14,2024-01-30,2024-01-30,26986.41,3.0
VT-F-99-010819,PEM102-OLD,Omni Channel,Actual,VT230216,Contractor,MTS,P15865,Sale,2024-03-29,2024-01-31,2024-01-31,26813.47,1.0
CT-F-99-020723,PEM102-OLD,Omni Channel,Actual,CT240050,Contractor,MTO,P30883,Sale,2024-03-29,2024-01-31,2024-01-31,46969.32,3.0
CT-F-99-020507,PEM102-OLD,Omni Channel,Actual,CT230386,Contractor,MTS,P1749,Sale,2024-02-23,2024-01-31,2024-01-31,22928.85,3.0
CT-F-99-020504,PEM102-OLD,Omni Channel,Actual,CT240008,Contractor,MTS,P1746,Sale,2024-02-07,2024-01-31,2024-01-31,22373.49,3.0
VT-F-99-010203,PEM102-OLD,Omni Channel,Actual,VT230234,Smart Shop,MTS,P3555,Sale,2024-02-13,2024-01-31,2024-01-31,17694.08,2.0
CT-F-99-020507,PEM102-OLD,Omni Channel,Actual,CT240003,Smart Shop,MTS,P1749,Sale,2024-02-13,2024-01-31,2024-01-31,15285.9,2.0
VT-F-99-010721,PEM102-OLD,Omni Channel,Actual,VT230231,Contractor,MTS,P15311,Sale,2024-02-09,2024-02-01,2024-02-01,18994.23,1.0
CT-F-99-020511,PEM102-OLD,Omni Channel,Actual,"CT230319,CT230237",Contractor,MTS,P1752,Sale,2024-02-09,2024-02-01,2024-02-01,27521.31,3.0
VT-F-99-010203,PEM102-OLD,Omni Channel,Actual,VT230194,Smart Shop,MTS,P3555,Sale,2024-02-29,2024-02-01,2024-02-01,8847.04,1.0
VT-F-99-010721,PEM102-OLD,Omni Channel,Actual,VT230231,Contractor,MTS,P15311,Sale,2024-02-13,2024-02-01,2024-02-01,37988.46,2.0
CT-F-99-020504,PEM102-OLD,Omni Channel,Actual,CT240008,Contractor,MTS,P1746,Sale,2024-02-13,2024-02-01,2024-02-01,22373.49,3.0
CT-F-99-020510,PEM102-OLD,Omni Channel,Actual,CT240004,Contractor,MTS,P1751,Sale,2024-02-13,2024-02-01,2024-02-01,26986.41,3.0
VT-F-99-010721,PEM102-OLD,Omni Channel,Actual,VT240042,Contractor,MTS,P15311,Sale,2024-04-11,2024-02-02,2024-02-02,18994.23,1.0
CT-F-99-020528,PEM102-OLD,Omni Channel,Actual,CT230400,Contractor,MTS,P15568,Sale,2024-04-11,2024-02-02,2024-02-02,43840.17,3.0
VT-F-99-010203,PEM102-OLD,Omni Channel,Actual,VT230234,Contractor,MTS,P3555,Sale,2024-02-07,2024-02-02,2024-02-02,8847.04,1.0
CT-F-99-020505,PEM102-OLD,Omni Channel,Actual,CT230387,Contractor,MTS,P1747,Sale,2024-02-06,2024-02-02,2024-02-02,20803.68,3.0
CT-F-99-020503,PEM102-OLD,Omni Channel,Actual,CT240007,Contractor,MTS,P1745,Sale,2024-02-27,2024-02-02,2024-02-02,128974.41,17.0
CT-F-99-020504,PEM102-OLD,Omni Channel,Actual,CT240034,Contractor,MTS,P1746,Sale,2024-02-27,2024-02-02,2024-02-02,126783.11,17.0
VT-F-99-010203,PEM102-OLD,Omni Channel,Actual,VT230194,Cambodia,MTS,P3555,Sale,2024-02-07,2024-02-02,2024-02-02,8847.04,1.0
RS-F-99-041015,PEM102-OLD,Omni Channel,Actual,RS240083,Cambodia,MTS,P3375,Sale,2024-04-19,2024-02-05,2024-02-05,120700.8,12.0
CT-F-99-020505,PEM102-OLD,Omni Channel,Actual,CT240021,Contractor,MTS,P1747,Sale,2024-02-15,2024-02-05,2024-02-05,20803.68,3.0
RS-F-99-041033,PEM102-OLD,Omni Channel,Actual,"RS240008,RS240081",Cambodia,MTS,P4244,Sale,2024-03-29,2024-02-05,2024-02-05,227410.8,24.0
RS-F-99-041034,PEM102-OLD,Omni Channel,Actual,RS240009,Cambodia,MTS,P4245,Sale,2024-04-19,2024-02-05,2024-02-05,114365.16,12.0
RS-F-99-041001,PEM102-OLD,Omni Channel,Actual,RS220291,Cambodia,MTS,P5013,Sale,2024-03-29,2024-02-05,2024-02-05,112904.76,12.0
RS-F-99-041002,PEM102-OLD,Omni Channel,Actual,RS240007,Cambodia,MTO,P5014,Sale,2024-03-29,2024-02-05,2024-02-05,114715.32,12.0
RS-F-99-041003,PEM102-OLD,Omni Channel,Actual,RS240082,Cambodia,MTO,P5015,Sale,2024-03-29,2024-02-05,2024-02-05,210831.36,24.0
RS-F-99-041004,PEM102-OLD,Omni Channel,Actual,RS240011,Cambodia,MTS,P5016,Sale,2024-04-19,2024-02-05,2024-02-05,118202.76,12.0
CT-F-99-020506,PEM102-OLD,Omni Channel,Actual,CT240022,Contractor,MTS,P1748,Sale,2024-02-15,2024-02-05,2024-02-05,22784.67,3.0
CT-F-99-020503,PEM102-OLD,Omni Channel,Actual,CT230349,Smart Shop,MTS,P1745,Sale,2024-02-15,2024-02-05,2024-02-05,22760.19,3.0
VT-F-99-010715,PEM102-OLD,Omni Channel,Actual,VT240020,Smart Shop,MTS,P15837,Sale,2024-02-15,2024-02-05,2024-02-05,18522.81,1.0
CT-F-99-020505,PEM102-OLD,Omni Channel,Actual,CT240021,Smart Shop,MTS,P1747,Sale,2024-02-15,2024-02-05,2024-02-05,20803.68,3.0
VT-F-99-010715,PEM102-OLD,Omni Channel,Actual,VT240020,Smart Shop,MTS,P15837,Sale,2024-02-15,2024-02-05,2024-02-05,18522.81,1.0
CT-F-99-020506,PEM102-OLD,Omni Channel,Actual,CT240028,Contractor,MTS,P1748,Sale,2024-02-09,2024-02-05,2024-02-05,22784.67,3.0
VT-F-99-010715,PEM102-OLD,Omni Channel,Actual,VT240020,Contractor,MTS,P15837,Sale,2024-02-23,2024-02-06,2024-02-06,18522.81,1.0
CT-F-99-020505,PEM102-OLD,Omni Channel,Actual,CT230387,Contractor,MTS,P1747,Sale,2024-02-23,2024-02-06,2024-02-06,20803.68,3.0
CT-F-99-020506,PEM102-OLD,Omni Channel,Actual,CT240028,Smart Shop,MTS,P1748,Sale,2024-04-18,2024-02-06,2024-02-06,22784.67,3.0
CT-F-99-020524,PEM102-OLD,Omni Channel,Actual,CT230396,Contractor,MTS,P15310,Sale,2024-02-07,2024-02-06,2024-02-06,39135.93,3.0
VT-F-99-010721,PEM102-OLD,Omni Channel,Actual,VT230231,Contractor,MTS,P15311,Sale,2024-02-07,2024-02-06,2024-02-06,20249.17,1.0
VT-F-99-010203,PEM102-OLD,Omni Channel,Actual,VT230234,Smart Shop,MTS,P3555,Sale,2024-02-13,2024-02-06,2024-02-06,123858.56,14.0
CT-F-99-020502,PEM102-OLD,Omni Channel,Actual,CT230359,Smart Shop,MTS,P1744,Sale,2024-02-13,2024-02-06,2024-02-06,43289.22,6.0
CT-F-99-020501,PEM102-OLD,Omni Channel,Actual,CT230331,Smart Shop,MTS,P15555,Sale,2024-02-13,2024-02-06,2024-02-06,54243.92,8.0
CT-F-99-020504,PEM102-OLD,Omni Channel,Actual,CT240008,Contractor,MTS,P1746,Sale,2024-02-12,2024-02-07,2024-02-07,22373.49,3.0
VT-F-99-010721,PEM102-OLD,Omni Channel,Actual,VT230231,Contractor,MTS,P15311,Sale,2024-02-12,2024-02-07,2024-02-07,18994.23,1.0
CT-F-99-020504,PEM102-OLD,Omni Channel,Actual,CT240008,Contractor,MTS,P1746,Sale,2024-02-12,2024-02-07,2024-02-07,22373.49,3.0
VT-F-99-010721,PEM102-OLD,Omni Channel,Actual,VT230231,Contractor,MTS,P15311,Sale,2024-02-12,2024-02-07,2024-02-07,18994.23,1.0
CT-F-99-020505,PEM102-OLD,Omni Channel,Actual,CT240021,Contractor,MTS,P1747,Sale,2024-02-12,2024-02-07,2024-02-07,20803.68,3.0
VT-F-99-010721,PEM102-OLD,Omni Channel,Actual,VT230231,Contractor,MTS,P15311,Sale,2024-02-12,2024-02-07,2024-02-07,18994.23,1.0
CT-F-99-020505,PEM102-OLD,Omni Channel,Actual,CT240021,Contractor,MTS,P1747,Sale,2024-02-15,2024-02-07,2024-02-07,20803.68,3.0
CT-F-99-020504,PEM102-OLD,Omni Channel,Actual,CT240008,Contractor,MTS,P1746,Sale,2024-02-15,2024-02-07,2024-02-07,22373.49,3.0
VT-F-99-010721,PEM102-OLD,Omni Channel,Actual,VT230231,Contractor,MTS,P15311,Sale,2024-02-15,2024-02-07,2024-02-07,18994.23,1.0
CT-F-99-020505,PEM102-OLD,Omni Channel,Actual,CT240021,Contractor,MTS,P1747,Sale,2024-02-15,2024-02-07,2024-02-07,20803.68,3.0
VT-F-99-010721,PEM102-OLD,Omni Channel,Actual,VT230231,Contractor,MTS,P15311,Sale,2024-02-15,2024-02-07,2024-02-07,18994.23,1.0
CT-F-99-020506,PEM102-OLD,Omni Channel,Actual,CT240022,Contractor,MTS,P1748,Sale,2024-02-16,2024-02-07,2024-02-07,22784.67,3.0
CT-F-99-020507,PEM102-OLD,Omni Channel,Actual,CT240003,Contractor,MTS,P1749,Sale,2024-02-16,2024-02-07,2024-02-07,22928.85,3.0
VT-F-99-010721,PEM102-OLD,Omni Channel,Actual,VT230231,Contractor,MTS,P15311,Sale,2024-02-16,2024-02-07,2024-02-07,18994.23,1.0
CT-F-99-020507,PEM102-OLD,Omni Channel,Actual,CT240003,Contractor,MTS,P1749,Sale,2024-02-19,2024-02-07,2024-02-07,22928.85,3.0
VT-F-99-010721,PEM102-OLD,Omni Channel,Actual,VT240028,Contractor,MTS,P15311,Sale,2024-02-19,2024-02-07,2024-02-07,18994.23,1.0
CT-F-99-020508,PEM102-OLD,Omni Channel,Actual,CT230395,Contractor,MTS,P1750,Sale,2024-02-20,2024-02-07,2024-02-07,24874.2,3.0
CT-F-99-020506,PEM102-OLD,Omni Channel,Actual,CT240022,Contractor,MTS,P1748,Sale,2024-02-20,2024-02-08,2024-02-08,22784.67,3.0
VT-F-99-010721,PEM102-OLD,Omni Channel,Actual,VT240028,Contractor,MTS,P15311,Sale,2024-02-20,2024-02-08,2024-02-08,18994.23,1.0
VT-F-99-010721,PEM102-OLD,Omni Channel,Actual,VT240028,Contractor,MTS,P15311,Sale,2024-02-20,2024-02-08,2024-02-08,18994.23,1.0
CT-F-99-020502,PEM102-OLD,Omni Channel,Actual,CT230359,Contractor,MTS,P1744,Sale,2024-02-20,2024-02-08,2024-02-08,21644.61,3.0
CT-F-99-020504,PEM102-OLD,Omni Channel,Actual,CT240008,,MTS,P1746,Sale,2024-02-22,2024-02-08,2024-02-08,22373.49,3.0
VT-F-99-010721,PEM102-OLD,Omni Channel,Actual,VT240028,,MTS,P15311,Sale,2024-02-22,2024-02-08,2024-02-08,18994.23,1.0
VT-F-99-010819,PEM102-OLD,Omni Channel,Actual,VT230216,Contractor,MTS,P15865,Sale,2024-02-22,2024-02-08,2024-02-08,26813.47,1.0
CT-F-99-020507,PEM102-OLD,Omni Channel,Actual,CT240003,Contractor,MTS,P1749,Sale,2024-02-21,2024-02-08,2024-02-08,22928.85,3.0
VT-F-99-010721,PEM102-OLD,Omni Channel,Actual,VT240028,Contractor,MTS,P15311,Sale,2024-02-21,2024-02-08,2024-02-08,18994.23,1.0
VT-F-99-010819,PEM102-OLD,Omni Channel,Actual,VT230216,Contractor,MTS,P15865,Sale,2024-02-22,2024-02-08,2024-02-08,26813.47,1.0
CT-F-99-020505,PEM102-OLD,Omni Channel,Actual,CT240021,Contractor,MTS,P1747,Sale,2024-02-22,2024-02-08,2024-02-08,20803.68,3.0
VT-F-99-010721,PEM102-OLD,Omni Channel,Actual,VT240028,Contractor,MTS,P15311,Sale,2024-02-22,2024-02-08,2024-02-08,18994.23,1.0
VT-F-99-010721,PEM102-OLD,Omni Channel,Actual,VT230231,Contractor,MTS,P15311,Sale,2024-02-15,2024-02-09,2024-02-09,21764.77,1.0
CT-F-99-020527,PEM102-OLD,Omni Channel,Actual,CT230402,Contractor,MTS,P15384,Sale,2024-02-15,2024-02-09,2024-02-09,38653.71,3.0
VT-F-99-010203,PEM102-OLD,Omni Channel,Actual,VT230234,Dealer,MTS,P3555,Sale,2024-03-08,2024-02-09,2024-02-09,17694.08,2.0
VT-F-99-010819,PEM102-OLD,Omni Channel,Actual,VT230233,Contractor,MTS,P15865,Sale,2024-03-28,2024-02-09,2024-02-09,26813.47,1.0
CT-F-99-020504,PEM102-OLD,Omni Channel,Actual,CT240008,Contractor,MTS,P1746,Sale,2024-03-28,2024-02-09,2024-02-09,22373.49,3.0
VT-F-99-010721,PEM102-OLD,Omni Channel,Actual,VT230231,Contractor,MTS,P15311,Sale,2024-02-27,2024-02-09,2024-02-09,18994.23,1.0
CT-F-99-020506,PEM102-OLD,Omni Channel,Actual,CT240028,Contractor,MTS,P1748,Sale,2024-02-27,2024-02-09,2024-02-09,22784.67,3.0
VT-F-99-010721,PEM102-OLD,Omni Channel,Actual,VT230231,Contractor,MTS,P15311,Sale,2024-02-27,2024-02-09,2024-02-09,18994.23,1.0
CT-F-99-020510,PEM102-OLD,Omni Channel,Actual,"CT240004,CT240032",Contractor,MTS,P1751,Sale,2024-02-27,2024-02-09,2024-02-09,26986.41,3.0
CT-F-99-020704,PEM102-OLD,Omni Channel,Actual,CT240061,Contractor,MTO,P1769,Sale,2024-03-28,2024-02-09,2024-02-09,23750.46,3.0
CT-F-99-020702,PEM102-OLD,Omni Channel,Actual,CT240055,Contractor,MTO,P1767,Sale,2024-03-09,2024-02-09,2024-02-09,16200.26,2.0
VT-F-99-010303,PEM102-OLD,Omni Channel,Actual,VT230027,Contractor,MTO,P7218,Sale,2024-03-06,2024-02-09,2024-02-09,23001.6,2.0
VT-F-99-010819,PEM102-OLD,Omni Channel,Actual,VT230216,Factory,MTS,P15865,Sale,2024-04-05,2024-02-12,2024-02-12,26813.47,1.0
CT-F-99-020710,PEM102-OLD,Omni Channel,Actual,CT240057,Factory,MTO,P7618,Sale,2024-04-05,2024-02-12,2024-02-12,29146.65,3.0
CT-F-99-020705,PEM102-OLD,Omni Channel,Actual,CT240051,Contractor,MTO,P1770,Sale,2024-02-21,2024-02-08,2024-02-08,23182.26,3.0
CT-F-99-020705,PEM102-OLD,Omni Channel,Actual,CT240051,Contractor,MTO,P1770,Sale,2024-02-22,2024-02-08,2024-02-08,23182.26,3.0
VT-F-99-010819,PEM102-OLD,Omni Channel,Actual,VT230216,private company,MTS,P15865,Sale,2024-03-08,2024-02-12,2024-02-12,26813.47,1.0
VT-F-99-010721,PEM102-OLD,Omni Channel,Actual,VT240028,Contractor,MTS,P15311,Sale,2024-02-20,2024-02-12,2024-02-12,18994.23,1.0
CT-F-99-020523,PEM102-OLD,Omni Channel,Actual,CT240006,Contractor,MTO,P15277,Sale,2024-02-20,2024-02-12,2024-02-12,47709.3,3.0
VT-F-99-010203,PEM102-OLD,Omni Channel,Actual,VT230234,End User,MTS,P3555,Sale,2024-02-23,2024-02-12,2024-02-12,106164.48,12.0
CT-F-99-020507,PEM102-OLD,Omni Channel,Actual,CT240003,End User,MTS,P1749,Sale,2024-02-23,2024-02-12,2024-02-12,30571.8,4.0
VT-F-99-010721,PEM102-OLD,Omni Channel,Actual,VT240028,Contractor,MTS,P15311,Sale,2024-03-29,2024-02-12,2024-02-12,18994.23,1.0
CT-F-99-020502,PEM102-OLD,Omni Channel,Actual,CT240006,Contractor,MTS,P1744,Sale,2024-03-29,2024-02-12,2024-02-12,21644.61,3.0
CT-F-99-020506,PEM102-OLD,Omni Channel,Actual,CT240028,Contractor,MTS,P1748,Sale,2024-02-27,2024-02-12,2024-02-12,22784.67,3.0
CT-F-99-020506,PEM102-OLD,Omni Channel,Actual,CT240028,Contractor,MTS,P1748,Sale,2024-03-05,2024-02-13,2024-02-13,22784.67,3.0
VT-F-99-010302,PPS,Tendering,Actual,CTR-2024-00890,Local Utility,MTO,P3225,Sale,2024-04-12,2024-02-13,2024-02-13,5230320.0,152.0
CT-F-99-020508,PEM102-OLD,Omni Channel,Actual,CT230395,private company,MTS,P11018,Sale,2024-02-16,2024-02-13,2024-02-13,24874.2,3.0
VT-F-99-010721,PEM102-OLD,Omni Channel,Actual,VT230231,private company,MTS,P15311,Sale,2024-02-16,2024-02-13,2024-02-13,18994.23,1.0
VT-F-99-010819,PEM102-OLD,Omni Channel,Actual,VT230233,Contractor,MTS,P15865,Sale,2024-03-03,2024-02-13,2024-02-13,26813.47,1.0
CT-F-99-020728,PEM102-OLD,Omni Channel,Actual,CT240059,Contractor,MTO,P29884,Sale,2024-03-03,2024-02-13,2024-02-13,52104.33,3.0
VT-F-99-010203,PEM102-OLD,Omni Channel,Actual,VT230234,End User,MTS,P3555,Sale,2024-02-23,2024-02-13,2024-02-13,8847.04,1.0
VT-F-99-010721,PEM102-OLD,Omni Channel,Actual,VT240028,Contractor,MTS,P15311,Sale,2024-02-23,2024-02-14,2024-02-14,37988.46,2.0
CT-F-99-020528,PEM102-OLD,Omni Channel,Actual,CT230403,Contractor,MTS,P15568,Sale,2024-02-23,2024-02-14,2024-02-14,43840.17,3.0
CT-F-99-020530,PEM102-OLD,Omni Channel,Actual,CT240001,Contractor,MTS,P15585,Sale,2024-02-23,2024-02-14,2024-02-14,43828.08,3.0
CT-F-99-020501,PEM102-OLD,Omni Channel,Actual,CT240005,Smart Shop,MTS,P2063,Sale,2024-02-16,2024-02-14,2024-02-14,40682.94,6.0
CT-F-99-020502,PEM102-OLD,Omni Channel,Actual,CT240006,Smart Shop,MTS,P1744,Sale,2024-02-16,2024-02-14,2024-02-14,43289.22,6.0
VT-F-99-010203,PEM102-OLD,Omni Channel,Actual,VT240038,Smart Shop,MTS,P3555,Sale,2024-03-06,2024-02-14,2024-02-14,106164.48,12.0
CT-F-99-020528,PEM102-OLD,Omni Channel,Actual,CT230400,Smart Shop,MTS,P15568,Sale,2024-02-17,2024-02-14,2024-02-14,43840.17,3.0
VT-F-99-010721,PEM102-OLD,Omni Channel,Actual,VT240028,Smart Shop,MTS,P15311,Sale,2024-02-17,2024-02-14,2024-02-14,18994.23,1.0
VT-F-99-010721,PEM102-OLD,Omni Channel,Actual,VT240028,Contractor,MTS,P15311,Sale,2024-02-16,2024-02-14,2024-02-14,18994.23,1.0
CT-F-99-020505,PEM102-OLD,Omni Channel,Actual,CT240052,Contractor,MTS,P1747,Sale,2024-02-16,2024-02-14,2024-02-14,20803.68,3.0
CT-F-99-020707,PEM102-OLD,Omni Channel,Actual,CT240002,private company,MTO,P6644,Sale,2024-03-08,2024-02-14,2024-02-12,24244.62,3.0
VT-F-99-010721,PEM102-OLD,Omni Channel,Actual,VT240028,End User,MTS,P15311,Sale,2024-03-01,2024-02-14,2024-02-14,18994.23,1.0
CT-F-99-020504,PEM102-OLD,Omni Channel,Actual,CT240008,End User,MTS,P1746,Sale,2024-03-01,2024-02-14,2024-02-14,22373.49,3.0
CT-F-99-020507,PEM102-OLD,Omni Channel,Actual,"CT240003,CT240031",Contractor,MTS,P1749,Sale,2024-03-06,2024-02-15,2024-02-15,22928.85,3.0
CT-F-99-020507,PEM102-OLD,Omni Channel,Actual,CT240031,Contractor,MTS,P1749,Sale,2024-03-01,2024-02-15,2024-02-15,15285.9,2.0
VT-F-99-010721,PEM102-OLD,Omni Channel,Actual,VT240028,Contractor,MTS,P15311,Sale,2024-03-29,2024-02-15,2024-02-15,18994.23,1.0
CT-F-99-020505,PEM102-OLD,Omni Channel,Actual,CT240052,Contractor,MTS,P1747,Sale,2024-03-29,2024-02-15,2024-02-15,20803.68,3.0
VT-F-99-010819,PEM102-OLD,Omni Channel,Actual,VT230233,Contractor,MTS,P15865,Sale,2024-04-02,2024-02-15,2024-02-15,26813.47,1.0
CT-F-99-020506,PEM102-OLD,Omni Channel,Actual,CT240028,Contractor,MTS,P1748,Sale,2024-03-29,2024-02-15,2024-02-15,22784.67,3.0
VT-F-99-010203,PEM102-OLD,Omni Channel,Actual,VT230234,Contractor,MTS,P3555,Sale,2024-03-01,2024-02-15,2024-02-15,17694.08,2.0
VT-F-99-010209,PEM102-OLD,Omni Channel,Actual,VT240047,Contractor,MTO,P10113,Sale,2024-03-28,2024-02-15,2024-02-15,17082.62,2.0
CT-F-99-020505,PEM102-OLD,Omni Channel,Actual,CT240052,Contractor,MTS,P1747,Sale,2024-03-28,2024-02-15,2024-02-15,13869.12,2.0
CT-F-99-020504,PEM102-OLD,Omni Channel,Actual,CT240008,Contractor,MTS,P1746,Sale,2024-03-13,2024-02-15,2024-02-15,14915.66,2.0
VT-F-99-010203,PEM102-OLD,Omni Channel,Actual,VT240038,Contractor,MTS,P3555,Sale,2024-03-13,2024-02-15,2024-02-15,17694.08,2.0
VT-F-99-010721,PEM102-OLD,Omni Channel,Actual,VT240028,Contractor,MTS,P15311,Sale,2024-02-19,2024-02-15,2024-02-15,18994.23,1.0
CT-F-99-020506,PEM102-OLD,Omni Channel,Actual,CT240028,Contractor,MTS,P1748,Sale,2024-02-19,2024-02-15,2024-02-15,22784.67,3.0
CT-F-99-020527,PEM102-OLD,Omni Channel,Actual,CT240300,Contractor,MTS,P15384,Sale,2024-03-29,2024-02-16,2024-02-16,39057.09,3.0
VT-F-99-010721,PEM102-OLD,Omni Channel,Actual,VT240028,,MTS,P15311,Sale,2024-02-23,2024-02-16,2024-02-16,18994.23,1.0
CT-F-99-020510,PEM102-OLD,Omni Channel,Actual,CT240032,,MTS,P1751,Sale,2024-02-23,2024-02-16,2024-02-16,26986.41,3.0
VT-F-99-010721,PEM102-OLD,Omni Channel,Actual,VT240037,End User,MTS,P15311,Sale,2024-03-19,2024-02-19,2024-02-19,37988.46,2.0
CT-F-99-020524,PEM102-OLD,Omni Channel,Actual,CT230396,End User,MTS,P15310,Sale,2024-03-19,2024-02-19,2024-02-19,39131.37,3.0
CT-F-99-020528,PEM102-OLD,Omni Channel,Actual,CT230403,End User,MTS,P15568,Sale,2024-03-19,2024-02-19,2024-02-19,43840.17,3.0
VT-F-99-010721,PEM102-OLD,Omni Channel,Actual,VT240028,Contractor,MTS,P15311,Sale,2024-03-08,2024-02-20,2024-02-20,18994.23,1.0
CT-F-99-020528,PEM102-OLD,Omni Channel,Actual,CT230403,Contractor,MTS,P15568,Sale,2024-03-08,2024-02-20,2024-02-20,43840.17,3.0
VT-F-99-010721,PEM102-OLD,Omni Channel,Actual,"VT240037,VT240042",Factory,MTS,P15311,Sale,2024-03-15,2024-02-20,2024-02-20,37988.46,2.0
CT-F-99-020504,PEM102-OLD,Omni Channel,Actual,CT240034,Factory,MTS,P1746,Sale,2024-03-15,2024-02-20,2024-02-20,22373.49,3.0
CT-F-99-020510,PEM102-OLD,Omni Channel,Actual,"CT240032,CT240065",Factory,MTS,P1751,Sale,2024-03-15,2024-02-20,2024-02-20,26986.41,3.0
CT-F-99-020506,PEM102-OLD,Omni Channel,Actual,CT240028,,MTS,P1748,Sale,2024-02-23,2024-02-20,2024-02-20,22784.67,3.0
RS-F-99-070007,PEM102-OLD,Omni Channel,Actual,RS240052,Cambodia,MTS,P32412,Sale,2024-02-29,2024-01-23,2024-01-23,27352.32,48.0
RS-F-99-070002,PEM102-OLD,Omni Channel,Actual,RS240053,Cambodia,MTS,P1799,Sale,2024-02-29,2024-01-23,2024-01-23,16848.0,39.0
CT-F-99-020508,PEM102-OLD,Omni Channel,Actual,CT240029,Contractor,MTS,P1750,Sale,2024-02-22,2024-02-21,2024-02-21,24874.2,3.0
CT-F-99-020530,PEM102-OLD,Omni Channel,Actual,CT240001,Contractor,MTS,P15585,Sale,2024-02-23,2024-02-21,2024-02-21,43828.08,3.0
CT-F-99-020507,PEM102-OLD,Omni Channel,Actual,"CT240003,CT240031",End User,MTS,P1749,Sale,2024-03-15,2024-02-21,2024-02-21,22928.85,3.0
CT-F-99-020510,PEM102-OLD,Omni Channel,Actual,CT240032,End User,MTS,P1751,Sale,2024-03-15,2024-02-21,2024-02-21,26986.41,3.0
VT-F-99-010819,PEM102-OLD,Omni Channel,Actual,VT230233,Contractor,MTS,P15865,Sale,2024-03-18,2024-02-21,2024-02-21,26813.47,1.0
VT-F-99-010721,PEM102-OLD,Omni Channel,Actual,VT240053,Contractor,MTS,P15311,Sale,2024-03-29,2024-02-21,2024-02-21,18994.23,1.0
CT-F-99-020526,PEM102-OLD,Omni Channel,Actual,CT230405,Contractor,MTS,P15464,Sale,2024-03-29,2024-02-21,2024-02-21,46387.32,3.0
VT-F-99-010721,PEM102-OLD,Omni Channel,Actual,VT240042,Contractor,MTS,P15311,Sale,2024-03-29,2024-02-21,2024-02-21,18994.23,1.0
CT-F-99-020530,PEM102-OLD,Omni Channel,Actual,CT230404,Contractor,MTS,P15585,Sale,2024-03-29,2024-02-21,2024-02-21,43828.08,3.0
VT-F-99-010722,PEM102-OLD,Omni Channel,Actual,VT230227,การไฟฟ้าส่วนภูมิภาค เขต 1 (ภาคกลาง),MTS,P13054,Sale,2024-03-25,2024-02-21,2024-02-21,28525.17,1.0
CT-F-99-020703,PEM102-OLD,Omni Channel,Actual,CT240075,Contractor,MTO,P1768,Sale,2024-03-18,2024-02-21,2024-02-21,23306.55,3.0
VT-F-99-010721,PEM102-OLD,Omni Channel,Actual,VT240037,Contractor,MTS,P15311,Sale,2024-03-06,2024-02-21,2024-02-15,18994.23,1.0
CT-F-99-020506,PEM102-OLD,Omni Channel,Actual,"CT240053,CT240072",Contractor,MTS,P1748,Sale,2024-03-20,2024-02-21,2024-02-21,22784.67,3.0
CT-F-99-020508,PEM102-OLD,Omni Channel,Actual,CT230395,Contractor,MTS,P1750,Sale,2024-03-01,2024-02-22,2024-02-22,24874.2,3.0
CT-F-99-020506,PEM102-OLD,Omni Channel,Actual,CT240053,Smart Shop,MTS,P1748,Sale,2024-04-05,2024-02-22,2024-02-22,30379.56,4.0
CT-F-99-020507,PEM102-OLD,Omni Channel,Actual,CT240064,Smart Shop,MTS,P1749,Sale,2024-04-05,2024-02-22,2024-02-22,15285.9,2.0
CT-F-99-020504,PEM102-OLD,Omni Channel,Actual,CT240070,Smart Shop,MTS,P1746,Sale,2024-03-08,2024-02-22,2024-02-22,22373.49,3.0
VT-F-99-010721,PEM102-OLD,Omni Channel,Actual,VT240028,Smart Shop,MTS,P15311,Sale,2024-03-08,2024-02-22,2024-02-22,18994.23,1.0
VT-F-99-010715,PEM102-OLD,Omni Channel,Actual,VT240020,Contractor,MTS,P15837,Sale,2024-03-15,2024-02-22,2024-02-22,18522.81,1.0
CT-F-99-020506,PEM102-OLD,Omni Channel,Actual,CT240053,Contractor,MTS,P1748,Sale,2024-03-15,2024-02-22,2024-02-22,22784.67,3.0
VT-F-99-010819,PEM102-OLD,Omni Channel,Actual,VT230233,Factory,MTS,P15865,Sale,2024-03-31,2024-02-22,2024-02-22,26813.47,1.0
CT-F-99-020730,PEM102-OLD,Omni Channel,Actual,CT240076,Factory,MTO,P30836,Sale,2024-03-31,2024-02-22,2024-02-22,50867.76,3.0
VT-F-99-010721,PEM102-OLD,Omni Channel,Actual,VT240037,Contractor,MTS,P15311,Sale,2024-03-04,2024-02-23,2024-02-23,18994.23,1.0
CT-F-99-020526,PEM102-OLD,Omni Channel,Actual,CT240010,Contractor,MTS,P15464,Sale,2024-03-04,2024-02-23,2024-02-23,46387.32,3.0
CT-F-99-020511,PEM102-OLD,Omni Channel,Actual,CT240009,Contractor,MTS,P1752,Sale,2024-02-24,2024-02-23,2024-02-23,18347.54,2.0
VT-F-99-010203,PEM102-OLD,Omni Channel,Actual,VT240038,Contractor,MTS,P3555,Sale,2024-02-24,2024-02-23,2024-02-23,17694.08,2.0
VT-F-99-010302,PEM102-OLD,Tendering,Actual,"VT230114,VT230214",Inside Group,MTO,P3225,Sale,2024-04-12,2024-02-27,2024-02-27,3040000.0,152.0
CT-F-99-020503,PEM102-OLD,Omni Channel,Actual,CT240007,Contractor,MTS,P1745,Sale,2024-02-29,2024-02-27,2024-02-27,15173.46,2.0
CT-F-99-020506,PEM102-OLD,Omni Channel,Actual,CT240072,Dealer,MTS,P1748,Sale,2024-03-25,2024-02-28,2024-02-28,22784.67,3.0
CT-F-99-020506,PEM102-OLD,Omni Channel,Actual,CT240028,Dealer,MTS,P1748,Sale,2024-02-29,2024-02-28,2024-02-28,22784.67,3.0
CT-F-99-020507,PEM102-OLD,Omni Channel,Actual,CT240031,Dealer,MTS,P1749,Sale,2024-03-25,2024-02-28,2024-02-28,22928.85,3.0
VT-F-99-010721,PEM102-OLD,Omni Channel,Actual,VT240037,Contractor,MTS,P15311,Sale,2024-03-08,2024-02-28,2024-02-28,37988.46,2.0
CT-F-99-020507,PEM102-OLD,Omni Channel,Actual,CT240031,Contractor,MTS,P1749,Sale,2024-03-08,2024-02-28,2024-02-28,45857.7,6.0
VT-F-99-010721,PEM102-OLD,Omni Channel,Actual,VT240037,Contractor,MTS,P15311,Sale,2024-03-08,2024-02-28,2024-02-28,18994.23,1.0
CT-F-99-020528,PEM102-OLD,Omni Channel,Actual,CT240067,Contractor,MTS,P15568,Sale,2024-03-08,2024-02-28,2024-02-28,43840.17,3.0
VT-F-99-010721,PEM102-OLD,Omni Channel,Actual,VT240037,,MTS,P15311,Sale,2024-03-13,2024-02-28,2024-02-28,18994.23,1.0
CT-F-99-020506,PEM102-OLD,Omni Channel,Actual,CT240053,,MTS,P1748,Sale,2024-03-13,2024-02-28,2024-02-28,22784.67,3.0
CT-F-99-020524,PEM102-OLD,Omni Channel,Actual,CT240023,Contractor,MTS,P15310,Sale,2024-03-27,2024-02-28,2024-02-28,39131.37,3.0
VT-F-99-010721,PEM102-OLD,Omni Channel,Actual,VT240037,Contractor,MTS,P15311,Sale,2024-03-27,2024-02-28,2024-02-28,18994.23,1.0
VT-F-99-010721,PEM102-OLD,Omni Channel,Actual,VT240037,Contractor,MTS,P15311,Sale,2024-03-04,2024-02-29,2024-02-29,18994.23,1.0
CT-F-99-020506,PEM102-OLD,Omni Channel,Actual,CT240053,Contractor,MTS,P1748,Sale,2024-03-04,2024-02-29,2024-02-29,22784.67,3.0
VT-F-99-010721,PEM102-OLD,Omni Channel,Actual,VT240037,End User,MTS,P15311,Sale,2024-03-15,2024-02-29,2024-02-29,18994.23,1.0
CT-F-99-020510,PEM102-OLD,Omni Channel,Actual,CT240065,End User,MTS,P1751,Sale,2024-03-15,2024-02-29,2024-02-29,26986.41,3.0
VT-F-99-010721,PEM102-OLD,Omni Channel,Actual,VT240053,End User,MTS,P15311,Sale,2024-04-11,2024-02-29,2024-02-29,18994.23,1.0
CT-F-99-020506,PEM102-OLD,Omni Channel,Actual,CT240072,End User,MTS,P1748,Sale,2024-04-11,2024-02-29,2024-02-29,22784.67,3.0
VT-F-99-010721,PEM102-OLD,Omni Channel,Actual,VT240042,End User,MTS,P15311,Sale,2024-04-11,2024-02-29,2024-02-29,18994.23,1.0
CT-F-99-020506,PEM102-OLD,Omni Channel,Actual,CT240072,End User,MTS,P1748,Sale,2024-04-11,2024-02-29,2024-02-29,22784.67,3.0
VT-F-99-010721,PEM102-OLD,Omni Channel,Actual,VT240042,private company,MTS,P15311,Sale,2024-03-09,2024-02-29,2024-02-29,18994.23,1.0
CT-F-99-020506,PEM102-OLD,Omni Channel,Actual,CT240053,private company,MTS,P1748,Sale,2024-03-09,2024-02-29,2024-02-29,22784.67,3.0
VT-F-99-010721,PEM102-OLD,Omni Channel,Actual,VT240053,Contractor,MTS,P15311,Sale,2024-03-28,2024-02-29,2024-02-29,18994.23,1.0
CT-F-99-020508,PEM102-OLD,Omni Channel,Actual,CT240029,Contractor,MTS,P1750,Sale,2024-03-28,2024-02-29,2024-02-29,24874.2,3.0
VT-F-99-010721,PEM102-OLD,Omni Channel,Actual,VT240037,End User,MTS,P15311,Sale,2024-03-13,2024-03-01,2024-03-01,18713.57,1.0
CT-F-99-020503,PEM102-OLD,Omni Channel,Actual,"CT230349,CT240007",End User,MTS,P1745,Sale,2024-03-13,2024-03-01,2024-03-01,22053.66,3.0
CT-F-99-020718,PEM102-OLD,Omni Channel,Actual,CT240080,Smart Shop,MTO,P30698,Sale,2024-04-10,2024-03-01,2024-03-01,34848.6,4.0
VT-F-99-010303,PEM102-OLD,Omni Channel,Actual,VT230027,Smart Shop,MTO,P7218,Sale,2024-04-10,2024-03-01,2024-03-01,46003.2,4.0
VT-F-99-010715,PEM102-OLD,Omni Channel,Actual,VT240020,Contractor,MTS,P15837,Sale,2024-03-15,2024-03-01,2024-03-01,18522.81,1.0
CT-F-99-020508,PEM102-OLD,Omni Channel,Actual,CT240029,Contractor,MTS,P1750,Sale,2024-03-15,2024-03-01,2024-03-01,25394.76,3.0
VT-F-99-010721,PEM102-OLD,Omni Channel,Actual,VT240037,Smart Shop,MTS,P15311,Sale,2024-03-09,2024-03-01,2024-03-01,18713.57,1.0
VT-F-99-010721,PEM102-OLD,Omni Channel,Actual,VT240037,Contractor,MTS,P15311,Sale,2024-03-08,2024-03-01,2024-03-01,18994.23,1.0
CT-F-99-020527,PEM102-OLD,Omni Channel,Actual,CT230402,Contractor,MTS,P15384,Sale,2024-03-08,2024-03-01,2024-03-01,39057.09,3.0
VT-F-99-010721,PEM102-OLD,Omni Channel,Actual,VT240042,Contractor,MTS,P15311,Sale,2024-03-27,2024-03-01,2024-03-01,18713.57,1.0
CT-F-99-020504,PEM102-OLD,Omni Channel,Actual,CT240070,Contractor,MTS,P1746,Sale,2024-03-27,2024-03-01,2024-03-01,21662.94,3.0
VT-F-99-010721,PEM102-OLD,Omni Channel,Actual,VT240042,Contractor,MTS,P15311,Sale,2024-03-18,2024-03-01,2024-03-01,18713.57,1.0
VT-F-99-010721,PEM102-OLD,Omni Channel,Actual,VT240028,End User,MTS,P15311,Sale,2024-03-08,2024-03-01,2024-03-01,18713.57,1.0
CT-F-99-020504,PEM102-OLD,Omni Channel,Actual,CT240070,End User,MTS,P1746,Sale,2024-03-08,2024-03-01,2024-03-01,21662.94,3.0
CT-F-99-020506,PEM102-OLD,Omni Channel,Actual,CT240072,Contractor,MTS,P1748,Sale,2024-03-14,2024-03-04,2024-03-04,7499.92,1.0
VT-F-99-010721,PEM102-OLD,Omni Channel,Actual,VT240042,Factory,MTS,P15311,Sale,2024-03-25,2024-03-04,2024-03-04,18713.57,1.0
CT-F-99-020528,PEM102-OLD,Omni Channel,Actual,CT240067,Factory,MTS,P15568,Sale,2024-03-25,2024-03-04,2024-03-04,44081.85,3.0
VT-F-99-010721,PEM102-OLD,Omni Channel,Actual,VT240037,,MTS,P15311,Sale,2024-03-29,2024-03-04,2024-03-04,18713.57,1.0
CT-F-99-020507,PEM102-OLD,Omni Channel,Actual,CT240064,,MTS,P1749,Sale,2024-03-29,2024-03-04,2024-03-04,22179.66,3.0
VT-F-99-010721,PEM102-OLD,Omni Channel,Actual,VT240037,VSPP/SPP,MTS,P15311,Sale,2024-03-15,2024-03-05,2024-03-05,18713.57,1.0
CT-F-99-020525,PEM102-OLD,Omni Channel,Actual,CT230333,VSPP/SPP,MTS,P15385,Sale,2024-03-15,2024-03-05,2024-03-05,38034.54,3.0
CT-F-99-020507,PEM102-OLD,Omni Channel,Actual,CT240062,Factory,MTS,P1749,Sale,2024-04-26,2024-03-05,2024-03-05,22179.66,3.0
CT-F-99-020505,PEM102-OLD,Omni Channel,Actual,CT240052,Contractor,MTS,P1747,Sale,2024-03-07,2024-03-05,2024-03-05,21978.21,3.0
VT-F-99-010721,PEM102-OLD,Omni Channel,Actual,VT240042,Contractor,MTS,P15311,Sale,2024-03-25,2024-03-05,2024-03-05,18713.57,1.0
CT-F-99-020505,PEM102-OLD,Omni Channel,Actual,CT240052,Contractor,MTS,P1747,Sale,2024-03-25,2024-03-05,2024-03-05,21978.21,3.0
CT-F-99-020508,PEM102-OLD,Omni Channel,Actual,CT240029,,MTS,P1750,Sale,2024-03-11,2024-03-05,2024-03-05,25394.76,3.0
VT-F-99-010721,PEM102-OLD,Omni Channel,Actual,VT240042,Contractor,MTS,P15311,Sale,2024-03-15,2024-03-06,2024-03-06,18713.57,1.0
CT-F-99-020506,PEM102-OLD,Omni Channel,Actual,CT240072,Contractor,MTS,P1748,Sale,2024-03-15,2024-03-06,2024-03-06,22499.76,3.0
VT-F-99-010721,PEM102-OLD,Omni Channel,Actual,VT240042,Contractor,MTS,P15311,Sale,2024-03-19,2024-03-07,2024-03-07,18713.57,1.0
CT-F-99-020507,PEM102-OLD,Omni Channel,Actual,CT240064,Contractor,MTS,P1749,Sale,2024-03-19,2024-03-07,2024-03-07,22179.66,3.0
CT-F-99-020502,PEM102-OLD,Omni Channel,Actual,CT240006,Smart Shop,MTS,P1744,Sale,2024-03-14,2024-03-07,2024-03-07,41876.04,6.0
VT-F-99-010721,PEM102-OLD,Omni Channel,Actual,VT240042,Smart Shop,MTS,P15311,Sale,2024-03-14,2024-03-07,2024-03-07,37427.14,2.0
CT-F-99-020506,PEM102-OLD,Omni Channel,Actual,CT240072,Smart Shop,MTS,P1748,Sale,2024-03-15,2024-03-07,2024-03-07,14999.84,2.0
VT-F-99-010721,PEM102-OLD,Omni Channel,Actual,VT240042,Local Industry,MTS,P15311,Sale,2024-03-16,2024-03-08,2024-03-08,18713.57,1.0
CT-F-99-020503,PEM102-OLD,Omni Channel,Actual,CT230349,Local Industry,MTS,P1745,Sale,2024-03-16,2024-03-08,2024-03-08,22053.66,3.0
VT-F-99-010721,PEM102-OLD,Omni Channel,Actual,VT240037,Contractor,MTS,P15311,Sale,2024-03-13,2024-03-08,2024-03-08,18713.57,1.0
CT-F-99-020507,PEM102-OLD,Omni Channel,Actual,CT240031,Contractor,MTS,P1749,Sale,2024-03-13,2024-03-08,2024-03-08,22179.66,3.0
VT-F-99-010721,PEM102-OLD,Omni Channel,Actual,VT240037,Contractor,MTS,P15311,Sale,2024-03-13,2024-03-08,2024-03-08,18713.57,1.0
CT-F-99-020505,PEM102-OLD,Omni Channel,Actual,CT240052,Contractor,MTS,P1747,Sale,2024-03-13,2024-03-08,2024-03-08,21978.21,3.0
VT-F-99-010721,PEM102-OLD,Omni Channel,Actual,VT240042,Contractor,MTS,P15311,Sale,2024-03-14,2024-03-08,2024-03-08,18713.57,1.0
CT-F-99-020527,PEM102-OLD,Omni Channel,Actual,CT230402,Contractor,MTS,P15384,Sale,2024-03-14,2024-03-08,2024-03-08,40048.05,3.0
CT-F-99-020528,PEM102-OLD,Omni Channel,Actual,CT240067,Smart Shop,MTS,P15568,Sale,2024-03-15,2024-03-08,2024-03-08,14693.95,1.0
VT-F-99-010819,PEM102-OLD,Omni Channel,Actual,VT230233,Contractor,MTS,P15865,Sale,2024-03-30,2024-03-11,2024-03-11,24649.49,1.0
CT-F-99-020704,PEM102-OLD,Omni Channel,Actual,CT240092,Contractor,MTO,P1769,Sale,2024-03-30,2024-03-11,2024-03-11,23270.52,3.0
CT-F-99-020505,PEM102-OLD,Omni Channel,Actual,CT240071,Contractor,MTS,P1747,Sale,2024-05-06,2024-03-12,2024-03-12,21978.21,3.0
VT-F-99-010721,PEM102-OLD,Omni Channel,Actual,VT240042,End User,MTS,P15311,Sale,2024-03-20,2024-03-12,2024-03-12,18713.57,1.0
CT-F-99-020527,PEM102-OLD,Omni Channel,Actual,CT230402,End User,MTS,P15384,Sale,2024-03-20,2024-03-12,2024-03-12,40048.05,3.0
VT-F-99-010721,PEM102-OLD,Omni Channel,Actual,VT240042,End User,MTS,P15311,Sale,2024-03-22,2024-03-12,2024-03-12,18713.57,1.0
CT-F-99-020506,PEM102-OLD,Omni Channel,Actual,CT240053,End User,MTS,P1748,Sale,2024-03-22,2024-03-12,2024-03-12,22499.76,3.0
VT-F-99-010721,PEM102-OLD,Omni Channel,Actual,VT240042,private company,MTS,P15311,Sale,2024-03-21,2024-03-13,2024-03-13,18713.57,1.0
CT-F-99-020528,PEM102-OLD,Omni Channel,Actual,"CT240067,CT240074",private company,MTS,P15568,Sale,2024-03-21,2024-03-13,2024-03-13,44081.85,3.0
VT-F-99-010722,PEM102-OLD,Omni Channel,Actual,VT230227,การไฟฟ้าส่วนภูมิภาค เขต 1 (ภาคเหนือ),MTS,P13054,Sale,2024-05-03,2024-03-13,2024-03-13,55554.5,2.0
VT-F-99-010819,PEM102-OLD,Omni Channel,Actual,VT230233,Contractor,MTS,P15865,Sale,2024-04-03,2024-03-13,2024-03-13,24649.49,1.0
CT-F-99-020705,PEM102-OLD,Omni Channel,Actual,CT240060,Contractor,MTO,P1770,Sale,2024-04-03,2024-03-13,2024-03-13,22545.09,3.0
VT-F-99-010203,PEM102-OLD,Omni Channel,Actual,VT240038,Smart Shop,MTS,P3555,Sale,2024-04-30,2024-03-14,2024-03-14,17572.86,2.0
CT-F-99-020506,PEM102-OLD,Omni Channel,Actual,CT240072,Smart Shop,MTS,P1748,Sale,2024-04-30,2024-03-14,2024-03-14,14999.84,2.0
VT-F-99-010721,PEM102-OLD,Omni Channel,Actual,VT240053,Smart Shop,MTS,P15311,Sale,2024-04-23,2024-03-14,2024-03-14,18713.57,1.0
CT-F-99-020507,PEM102-OLD,Omni Channel,Actual,CT240088,Smart Shop,MTS,P1749,Sale,2024-04-23,2024-03-14,2024-03-14,22179.66,3.0
VT-F-99-010721,PEM102-OLD,Omni Channel,Actual,VT230231,,MTS,P15311,Sale,2024-04-07,2024-03-15,2024-03-15,18713.57,1.0
CT-F-99-020503,PEM102-OLD,Omni Channel,Actual,CT230349,,MTS,P1745,Sale,2024-04-07,2024-03-15,2024-03-15,22053.66,3.0
VT-F-99-010721,PEM102-OLD,Omni Channel,Actual,VT240053,Factory,MTS,P15311,Sale,2024-04-12,2024-03-15,2024-03-15,18713.57,1.0
CT-F-99-020530,PEM102-OLD,Omni Channel,Actual,CT240037,Factory,MTS,P15585,Sale,2024-04-12,2024-03-15,2024-03-15,43538.31,3.0
CT-F-99-020524,PEM102-OLD,Omni Channel,Actual,CT240054,Contractor,MTS,P15310,Sale,2024-04-05,2024-03-15,2024-03-15,38675.1,3.0
CT-F-99-020506,PEM102-OLD,Omni Channel,Actual,"CT240072,CT240044",Contractor,MTS,P1748,Sale,2024-03-27,2024-03-15,2024-03-15,22499.76,3.0
RS-F-99-040006,PTS,Tendering,Actual,CTR-2024-01651,Local Utility,MTO,P1439,Sale,2024-05-30,2024-03-21,2024-03-21,1930680.0,100.0
VT-F-99-010721,PEM102-OLD,Omni Channel,Actual,VT240053,Local Industry,MTS,P15311,Sale,2024-04-04,2024-03-15,2024-03-15,18713.57,1.0
CT-F-99-020506,PEM102-OLD,Omni Channel,Actual,CT240044,Local Industry,MTS,P1748,Sale,2024-04-04,2024-03-15,2024-03-15,22499.76,3.0
RS-F-99-010129,PTS,Tendering,Actual,CTR-2024-01654,Local Utility,MTO,P9046,Sale,2024-05-30,2024-03-21,2024-03-21,1773324.0,80.0
CT-F-99-020511,PEM102-OLD,Omni Channel,Actual,"CT230319,CT230342",private company,MTS,P1752,Sale,2024-04-05,2024-03-18,2024-03-18,27285.6,3.0
VT-F-99-010715,PEM102-OLD,Omni Channel,Actual,VT240020,Contractor,MTS,P15837,Sale,2024-05-31,2024-03-18,2024-03-18,18522.81,1.0
CT-F-99-020507,PEM102-OLD,Omni Channel,Actual,"CT240031,CT240045",Contractor,MTS,P1749,Sale,2024-05-31,2024-03-18,2024-03-18,22179.66,3.0
CT-F-99-020506,PEM102-OLD,Omni Channel,Actual,CT240044,,MTS,P1748,Sale,2024-05-21,2024-03-18,2024-03-18,14999.84,2.0
VT-F-99-010721,PEM102-OLD,Omni Channel,Actual,VT240042,,MTS,P15311,Sale,2024-05-21,2024-03-18,2024-03-18,18713.57,1.0
CT-F-99-020526,PEM102-OLD,Omni Channel,Actual,CT230405,,MTS,P15464,Sale,2024-05-21,2024-03-18,2024-03-18,46387.32,3.0
VT-F-99-010203,PEM102-OLD,Omni Channel,Actual,VT240038,,MTS,P3555,Sale,2024-05-21,2024-03-18,2024-03-18,17572.86,2.0
CT-F-99-020508,PEM102-OLD,Omni Channel,Actual,CT230395,,MTS,P1750,Sale,2024-05-21,2024-03-18,2024-03-18,16929.84,2.0
VT-F-99-010203,PEM102-OLD,Omni Channel,Actual,VT240038,,MTS,P3555,Sale,2024-05-21,2024-03-18,2024-03-18,17572.86,2.0
VT-F-99-010721,PEM102-OLD,Omni Channel,Actual,VT240053,,MTS,P15311,Sale,2024-05-21,2024-03-18,2024-03-18,18713.57,1.0
CT-F-99-020526,PEM102-OLD,Omni Channel,Actual,CT240010,,MTS,P15464,Sale,2024-05-21,2024-03-18,2024-03-18,46387.32,3.0
VT-F-99-010721,PEM102-OLD,Omni Channel,Actual,VT240053,,MTS,P15311,Sale,2024-04-04,2024-03-18,2024-03-18,18713.57,1.0
CT-F-99-020508,PEM102-OLD,Omni Channel,Actual,CT240029,,MTS,P1750,Sale,2024-04-04,2024-03-18,2024-03-18,25394.76,3.0
VT-F-99-010209,PEM102-OLD,Omni Channel,Actual,VT240066,Contractor,MTO,P10113,Sale,2024-04-05,2024-03-18,2024-03-18,16561.7,2.0
CT-F-99-020510,PEM102-OLD,Omni Channel,Actual,CT240065,Contractor,MTS,P1751,Sale,2024-04-05,2024-03-18,2024-03-18,17458.76,2.0
CT-F-99-020511,PEM102-OLD,Omni Channel,Actual,CT240009,,MTS,P1752,Sale,2024-04-04,2024-03-18,2024-03-18,27285.6,3.0
VT-F-99-010721,PEM102-OLD,Omni Channel,Actual,VT240053,,MTS,P15311,Sale,2024-04-04,2024-03-18,2024-03-18,18713.57,1.0
VT-F-99-010819,PEM102-OLD,Omni Channel,Actual,VT230233,,MTS,P15865,Sale,2024-04-05,2024-03-18,2024-03-18,24649.49,1.0
CT-F-99-020707,PEM102-OLD,Omni Channel,Actual,CT240099,,MTO,P6644,Sale,2024-04-05,2024-03-18,2024-03-18,24244.62,3.0
VT-F-99-010721,PEM102-OLD,Omni Channel,Actual,VT240053,,MTS,P15311,Sale,2024-03-29,2024-03-18,2024-03-18,18713.57,1.0
CT-F-99-020510,PEM102-OLD,Omni Channel,Actual,CT240065,,MTS,P1751,Sale,2024-03-29,2024-03-18,2024-03-18,26188.14,3.0
VT-F-99-010203,PPD101,Omni Channel,Actual,,Foreign Industry,MTO,P3555,Sale,2024-11-28,2024-03-19,2024-03-19,437400.0,36.0
VT-F-99-010203,PPD101,Omni Channel,Actual,,Foreign Industry,MTO,P3555,Sale,2024-10-17,2024-03-19,2024-03-19,583200.0,48.0
VT-F-99-010203,PPD101,Omni Channel,Actual,,Foreign Industry,MTO,P3555,Sale,2025-01-30,2024-03-19,2024-03-19,1555200.0,128.0
CT-F-99-020705,PEM102-OLD,Omni Channel,Actual,CT240094,Dealer,MTO,P1770,Sale,2024-04-11,2024-03-19,2024-03-19,22545.09,3.0
CT-F-99-020501,PPD101,Omni Channel,Actual,,Foreign Industry,MTO,P2063,Sale,2024-06-27,2024-03-19,2024-03-19,651000.0,70.0
CT-F-99-020503,PPD101,Omni Channel,Actual,,Foreign Industry,MTO,P1745,Sale,2024-05-29,2024-03-19,2024-03-19,279000.0,30.0
CT-F-99-020505,PPD101,Omni Channel,Actual,,Foreign Industry,MTO,P1747,Sale,2024-05-29,2024-03-19,2024-03-19,96000.0,10.0
RS-F-99-070004,PPD101,Omni Channel,Actual,,Foreign Industry,MTO,P0107,Sale,2024-04-25,2024-03-19,2024-03-19,15300.0,30.0
RS-F-99-070002,PEM102-OLD,Omni Channel,Actual,RS190333,Smart Shop,MTS,P1799,Sale,2024-03-20,2024-03-19,2024-03-19,1289.52,3.0
RS-F-99-070004,PEM102-OLD,Omni Channel,Actual,RS190334,Smart Shop,MTS,P1794,Sale,2024-03-20,2024-03-19,2024-03-19,1982.34,6.0
CT-F-99-020501,PPD101,Omni Channel,Actual,,Foreign Industry,MTO,P2063,Sale,2024-05-29,2024-03-19,2024-03-19,372000.0,40.0
VT-F-99-010721,PEM102-OLD,Omni Channel,Actual,VT240053,Contractor,MTS,P15311,Sale,2024-04-09,2024-03-19,2024-03-19,18713.57,1.0
CT-F-99-020507,PEM102-OLD,Omni Channel,Actual,CT240088,Contractor,MTS,P1749,Sale,2024-04-09,2024-03-19,2024-03-19,22179.66,3.0
CT-F-99-020508,PEM102-OLD,Omni Channel,Actual,CT240046,Contractor,MTS,P1750,Sale,2024-04-05,2024-03-19,2024-03-19,25394.76,3.0
VT-F-99-010721,PEM102-OLD,Omni Channel,Actual,VT240053,Contractor,MTS,P15311,Sale,2024-03-30,2024-03-19,2024-03-19,18713.57,1.0
CT-F-99-020506,PEM102-OLD,Omni Channel,Actual,CT240044,Contractor,MTS,P1748,Sale,2024-03-30,2024-03-19,2024-03-19,22499.76,3.0
VT-F-99-010203,PEM102-OLD,Omni Channel,Actual,VT240038,Smart Shop,MTS,P3555,Sale,2024-03-22,2024-03-19,2024-03-19,17572.86,2.0
CT-F-99-020502,PEM102-OLD,Omni Channel,Actual,CT240006,Smart Shop,MTS,P1744,Sale,2024-03-22,2024-03-19,2024-03-19,13958.68,2.0
RS-F-99-010129,PEM102-OLD,Tendering,Actual,RS240069,Local Industry,MTO,P9046,Sale,2024-03-29,2024-03-19,2024-03-19,879360.0,80.0
RS-F-99-040006,PEM102-OLD,Tendering,Actual,RS240067,Local Industry,MTO,P1439,Sale,2024-03-29,2024-03-19,2024-03-19,1064483.0,100.0
CT-F-99-020503,PEM102-OLD,Omni Channel,Actual,CT230349,Factory,MTS,P1745,Sale,2024-03-21,2024-03-19,2024-03-19,22053.66,3.0
VT-F-99-010715,PEM102-OLD,Omni Channel,Actual,VT240020,Factory,MTS,P15837,Sale,2024-03-21,2024-03-19,2024-03-19,18522.81,1.0
CT-F-99-020506,PEM102-OLD,Omni Channel,Actual,CT240044,Dealer,MTS,P1748,Sale,2024-04-11,2024-03-19,2024-03-19,22499.76,3.0
CT-F-99-020524,PEM102-OLD,Omni Channel,Actual,CT240054,Contractor,MTS,P15310,Sale,2024-04-23,2024-03-20,2024-03-20,38675.1,3.0
VT-F-99-010721,PEM102-OLD,Omni Channel,Actual,VT240053,Contractor,MTS,P15311,Sale,2024-04-23,2024-03-20,2024-03-20,18713.57,1.0
VT-F-99-010721,PEM102-OLD,Omni Channel,Actual,VT240058,Smart Shop,MTS,P15311,Sale,2024-04-09,2024-03-20,2024-03-20,18713.57,1.0
CT-F-99-020530,PEM102-OLD,Omni Channel,Actual,CT240037,Smart Shop,MTS,P15585,Sale,2024-04-09,2024-03-20,2024-03-20,43538.31,3.0
CT-F-99-020510,PEM102-OLD,Omni Channel,Actual,CT240065,Contractor,MTS,P1751,Sale,2024-03-25,2024-03-21,2024-03-21,17458.76,2.0
VT-F-99-010715,PEM102-OLD,Omni Channel,Actual,VT240035,Contractor,MTS,P15837,Sale,2024-04-05,2024-03-21,2024-03-21,18522.81,1.0
CT-F-99-020507,PEM102-OLD,Omni Channel,Actual,CT240045,Contractor,MTS,P1749,Sale,2024-04-05,2024-03-21,2024-03-21,22179.66,3.0
VT-F-99-010721,PEM102-OLD,Omni Channel,Actual,VT240058,Contractor,MTS,P15311,Sale,2024-03-29,2024-03-21,2024-03-21,18713.57,1.0
CT-F-99-020526,PEM102-OLD,Omni Channel,Actual,CT240084,Contractor,MTS,P15464,Sale,2024-03-29,2024-03-21,2024-03-21,46387.32,3.0
VT-F-99-010721,PEM102-OLD,Omni Channel,Actual,VT240058,Contractor,MTS,P15311,Sale,2024-04-11,2024-03-21,2024-03-21,18713.57,1.0
CT-F-99-020528,PEM102-OLD,Omni Channel,Actual,CT240074,Contractor,MTS,P15568,Sale,2024-04-11,2024-03-21,2024-03-21,44081.85,3.0
VT-F-99-010721,PEM102-OLD,Omni Channel,Actual,VT240058,Contractor,MTS,P15311,Sale,2024-04-12,2024-03-21,2024-03-21,18713.57,1.0
CT-F-99-020506,PEM102-OLD,Omni Channel,Actual,CT240044,Contractor,MTS,P1748,Sale,2024-04-12,2024-03-21,2024-03-21,22499.76,3.0
VT-F-99-010721,PEM102-OLD,Omni Channel,Actual,VT240058,Contractor,MTS,P15311,Sale,2024-03-26,2024-03-22,2024-03-22,37427.14,2.0
CT-F-99-020504,PEM102-OLD,Omni Channel,Actual,CT240070,Contractor,MTS,P1746,Sale,2024-03-26,2024-03-22,2024-03-22,43325.88,6.0
VT-F-99-010721,PEM102-OLD,Omni Channel,Actual,VT240058,Contractor,MTS,P15311,Sale,2024-03-28,2024-03-22,2024-03-22,18713.57,1.0
CT-F-99-020506,PEM102-OLD,Omni Channel,Actual,CT240044,Contractor,MTS,P1748,Sale,2024-03-28,2024-03-22,2024-03-22,22499.76,3.0
VT-F-99-010721,PEM102-OLD,Omni Channel,Actual,VT240058,End User,MTS,P15311,Sale,2024-04-12,2024-03-22,2024-03-22,18713.57,1.0
CT-F-99-020524,PEM102-OLD,Omni Channel,Actual,CT240082,End User,MTS,P15310,Sale,2024-04-12,2024-03-22,2024-03-22,38675.1,3.0
CT-F-99-020704,PEM102-OLD,Omni Channel,Actual,CT240104,Contractor,MTO,P1769,Sale,2024-04-02,2024-03-22,2024-02-15,23270.52,3.0
CT-F-99-020506,PEM102-OLD,Omni Channel,Actual,CT240044,,MTS,P1748,Sale,2024-03-25,2024-03-22,2024-03-22,22499.76,3.0
VT-F-99-010203,PEM102-OLD,Omni Channel,Actual,VT230234,Smart Shop,MTS,P3555,Sale,2024-07-25,2024-03-22,2024-03-22,8786.43,1.0
CT-F-99-020501,PPD101,Omni Channel,Actual,,Foreign Industry,MTO,P2063,Sale,2024-04-25,2024-01-15,2024-01-15,93000.0,10.0
VT-F-99-010616,PPD101,Omni Channel,Actual,,Foreign Industry,MTO,P7428,Sale,2024-04-25,2024-01-18,2024-01-18,120000.0,10.0
VT-F-99-010721,PEM102-OLD,Omni Channel,Actual,VT240058,Contractor,MTS,P15311,Sale,2024-04-01,2024-03-25,2024-03-25,18994.23,1.0
CT-F-99-020531,PEM102-OLD,Omni Channel,Actual,CT230374,Contractor,MTS,P24362,Sale,2024-04-01,2024-03-25,2024-03-25,41415.99,3.0
CT-F-99-020508,PEM102-OLD,Omni Channel,Actual,"CT230395,CT240046",Contractor,MTS,P1750,Sale,2024-05-31,2024-03-25,2024-03-25,25394.76,3.0
CT-F-99-020526,PEM102-OLD,Omni Channel,Actual,"CT240084,CT240102",Contractor,MTS,P15464,Sale,2024-04-10,2024-03-25,2024-03-25,46387.32,3.0
VT-F-99-010721,PEM102-OLD,Omni Channel,Actual,VT240058,Contractor,MTS,P15311,Sale,2024-04-19,2024-03-25,2024-03-25,18713.57,1.0
CT-F-99-020512,PEM102-OLD,Omni Channel,Actual,CT240105,Contractor,MTS,P1753,Sale,2024-04-19,2024-03-25,2024-03-25,28775.61,3.0
CT-F-99-020505,PEM102-OLD,Omni Channel,Actual,CT240071,Smart Shop,MTS,P1747,Sale,2024-05-06,2024-03-26,2024-03-26,36630.35,5.0
VT-F-99-010721,PEM102-OLD,Omni Channel,Actual,VT240058,Contractor,MTS,P15311,Sale,2024-04-02,2024-03-26,2024-03-26,18713.57,1.0
CT-F-99-020503,PEM102-OLD,Omni Channel,Actual,"CT230349,CT240041",Contractor,MTS,P1745,Sale,2024-04-02,2024-03-26,2024-03-26,22053.66,3.0
CT-F-99-020504,PEM102-OLD,Omni Channel,Actual,CT240070,Smart Shop,MTS,P1746,Sale,2024-04-02,2024-03-26,2024-03-26,21662.94,3.0
VT-F-99-010715,PEM102-OLD,Omni Channel,Actual,VT240035,Smart Shop,MTS,P15837,Sale,2024-04-02,2024-03-26,2024-03-26,18522.81,1.0
VT-F-99-010819,PEM102-OLD,Omni Channel,Actual,VT230233,Contractor,MTS,P15865,Sale,2024-12-27,2024-03-27,2024-03-27,24649.49,1.0
CT-F-99-020703,PEM102-OLD,Omni Channel,Actual,CT240106,Contractor,MTO,P1768,Sale,2024-12-27,2024-03-27,2024-03-27,23278.32,3.0
VT-F-99-010721,PEM102-OLD,Omni Channel,Actual,VT240058,End User,MTS,P15311,Sale,2024-04-18,2024-03-28,2024-03-28,18713.57,1.0
CT-F-99-020524,PEM102-OLD,Omni Channel,Actual,CT240101,Contractor,MTS,P15310,Sale,2024-05-07,2024-03-28,2024-03-28,38675.1,3.0
VT-F-99-010721,PEM102-OLD,Omni Channel,Actual,VT240058,Contractor,MTS,P15311,Sale,2024-05-07,2024-03-28,2024-03-28,18713.57,1.0
VT-F-99-010722,PEM102-OLD,Omni Channel,Actual,VT240061,Contractor,MTS,P13054,Sale,2024-04-09,2024-03-28,2024-03-28,27777.25,1.0
VT-F-99-010820,PEM102-OLD,Omni Channel,Actual,VT240023,Contractor,MTS,P15684,Sale,2024-04-09,2024-03-28,2024-03-28,37609.77,1.0
RS-F-99-041033,PEM102-OLD,Omni Channel,Actual,RS240121,Cambodia,MTS,P4244,Sale,2024-05-03,2024-03-28,2024-03-28,56852.7,6.0
RS-F-99-041034,PEM102-OLD,Omni Channel,Actual,RS240122,Cambodia,MTS,P4245,Sale,2024-06-05,2024-03-28,2024-03-28,114365.16,12.0
RS-F-99-041001,PEM102-OLD,Omni Channel,Actual,RS240006,Cambodia,MTS,P5013,Sale,2024-04-12,2024-03-28,2024-03-28,169357.14,18.0
RS-F-99-041002,PEM102-OLD,Omni Channel,Actual,"RS240007,RS240120",Cambodia,MTO,P5014,Sale,2024-05-03,2024-03-28,2024-03-28,401503.62,42.0
VT-F-99-010722,PEM102-OLD,Omni Channel,Actual,VT240061,การไฟฟ้าส่วนภูมิภาค เขต 2 (ภาคตะวันออกเฉียงเหนือ),MTS,P13054,Sale,2024-04-30,2024-03-28,2024-03-28,55554.5,2.0
VT-F-99-010721,PEM102-OLD,Omni Channel,Actual,VT240058,Contractor,MTS,P15311,Sale,2024-04-03,2024-03-28,2024-03-28,18713.57,1.0
CT-F-99-020507,PEM102-OLD,Omni Channel,Actual,CT240045,Contractor,MTS,P1749,Sale,2024-04-03,2024-03-28,2024-03-28,22179.66,3.0
VT-F-99-010721,PEM102-OLD,Omni Channel,Actual,VT240058,Contractor,MTS,P15311,Sale,2024-04-23,2024-03-28,2024-03-28,18713.57,1.0
CT-F-99-020506,PEM102-OLD,Omni Channel,Actual,"CT240044,CT240081",Contractor,MTS,P1748,Sale,2024-04-23,2024-03-28,2024-03-28,22499.76,3.0
VT-F-99-010721,PEM102-OLD,Omni Channel,Actual,VT240058,Local Industry,MTS,P15311,Sale,2024-05-10,2024-03-29,2024-03-29,18713.57,1.0
CT-F-99-020524,PEM102-OLD,Omni Channel,Actual,CT240082,Local Industry,MTS,P15310,Sale,2024-05-10,2024-03-29,2024-03-29,38675.1,3.0
VT-F-99-010721,PEM102-OLD,Omni Channel,Actual,VT240058,Contractor,MTS,P15311,Sale,2024-04-11,2024-03-29,2024-03-29,18713.57,1.0
VT-F-99-010721,PEM102-OLD,Omni Channel,Actual,VT240058,Contractor,MTS,P15311,Sale,2024-04-10,2024-03-29,2024-03-29,18713.57,1.0
CT-F-99-020530,PEM102-OLD,Omni Channel,Actual,CT240068,Contractor,MTS,P15585,Sale,2024-04-10,2024-03-29,2024-03-29,43538.31,3.0
VT-F-99-010721,PEM102-OLD,Omni Channel,Actual,VT240062,End User,MTS,P15311,Sale,2024-04-19,2024-04-01,2024-04-01,18713.57,1.0
CT-F-99-020506,PEM102-OLD,Omni Channel,Actual,CT240081,End User,MTS,P1748,Sale,2024-04-19,2024-04-01,2024-04-01,22499.76,3.0
VT-F-99-010715,PEM102-OLD,Omni Channel,Actual,VT240035,Dealer,MTS,P15837,Sale,2024-04-03,2024-04-01,2024-04-01,18522.81,1.0
CT-F-99-020505,PEM102-OLD,Omni Channel,Actual,CT240071,Dealer,MTS,P1747,Sale,2024-04-03,2024-04-01,2024-04-01,21978.21,3.0
VT-F-99-010721,PEM102-OLD,Omni Channel,Actual,VT240062,Contractor,MTS,P15311,Sale,2024-04-18,2024-04-01,2024-04-01,18713.57,1.0
CT-F-99-020507,PEM102-OLD,Omni Channel,Actual,CT240045,Contractor,MTS,P1749,Sale,2024-04-18,2024-04-01,2024-04-01,22179.66,3.0
VT-F-99-010721,PEM102-OLD,Omni Channel,Actual,VT240062,Contractor,MTS,P15311,Sale,2024-04-12,2024-04-01,2024-04-01,18713.57,1.0
CT-F-99-020503,PEM102-OLD,Omni Channel,Actual,"CT230349,CT240041",Contractor,MTS,P1745,Sale,2024-04-12,2024-04-01,2024-04-01,22053.66,3.0
VT-F-99-010721,PEM102-OLD,Omni Channel,Actual,VT240062,Contractor,MTS,P15311,Sale,2024-04-06,2024-04-01,2024-04-01,18713.57,1.0
CT-F-99-020505,PEM102-OLD,Omni Channel,Actual,CT240071,Contractor,MTS,P1747,Sale,2024-04-06,2024-04-01,2024-04-01,21978.21,3.0
VT-F-99-010721,PEM102-OLD,Omni Channel,Actual,VT240062,Dealer,MTS,P15311,Sale,2024-04-10,2024-04-02,2024-04-02,37427.14,2.0
CT-F-99-020505,PEM102-OLD,Omni Channel,Actual,CT240071,Dealer,MTS,P1747,Sale,2024-04-10,2024-04-02,2024-04-02,21978.21,3.0
CT-F-99-020511,PEM102-OLD,Omni Channel,Actual,"CT230342,CT240009",Dealer,MTS,P1752,Sale,2024-04-10,2024-04-02,2024-04-02,27285.6,3.0
VT-F-99-010721,PEM102-OLD,Omni Channel,Actual,VT240062,Contractor,MTS,P15311,Sale,2024-06-04,2024-04-02,2024-04-02,18713.57,1.0
CT-F-99-020528,PEM102-OLD,Omni Channel,Actual,CT240074,Contractor,MTS,P15568,Sale,2024-06-04,2024-04-02,2024-04-02,44081.85,3.0
RS-F-99-041001,PEM102-OLD,Omni Channel,Actual,RS240119,Cambodia,MTS,P5013,Sale,2024-05-03,2024-03-28,2024-03-28,225809.52,24.0
CT-F-99-020527,PEM102-OLD,Omni Channel,Actual,CT230300,,MTS,P33758,Sale,2024-04-11,2024-04-03,2024-04-03,40048.05,3.0
VT-F-99-010616,PPD101,Omni Channel,Actual,,Foreign Industry,MTO,P7428,Sale,2024-05-29,2024-04-03,2024-04-03,180000.0,15.0
CT-F-99-020726,PEM102-OLD,Omni Channel,Actual,CT240109,Contractor,MTO,P15864,Sale,2024-04-30,2024-04-03,2024-04-03,49078.86,3.0
VT-F-99-010202,PEM102-OLD,Omni Channel,Actual,VT230225,Smart Shop,MTS,P1320,Sale,2024-04-05,2024-04-03,2024-04-03,9670.4,1.0
CT-F-99-020530,PEM102-OLD,Omni Channel,Actual,CT240068,Contractor,MTS,P15585,Sale,2024-04-05,2024-04-03,2024-04-03,43538.31,3.0
VT-F-99-010302,PEM102-OLD,Omni Channel,Actual,VT240072,Contractor,MTO,P3225,Sale,2024-05-10,2024-04-04,2024-04-04,48295.4,4.0
VT-F-99-010202,PEM102-OLD,Omni Channel,Actual,VT240072,Contractor,MTS,P1320,Sale,2024-05-10,2024-04-04,2024-04-04,48352.0,5.0
CT-F-99-020503,PEM102-OLD,Omni Channel,Actual,CT240111,Contractor / Private / End user,MTS,P1745,Sale,2024-05-20,2024-04-04,2024-04-04,220536.6,30.0
CT-F-99-020505,PEM102-OLD,Omni Channel,Actual,CT240113,Contractor / Private / End user,MTS,P1747,Sale,2024-05-20,2024-04-04,2024-04-04,73260.7,10.0
RS-F-99-070004,PEM102-OLD,Omni Channel,Actual,RS240134,Contractor / Private / End user,MTS,P1794,Sale,2024-05-20,2024-04-04,2024-04-04,9911.7,30.0
RS-F-99-070005,PEM102-OLD,Omni Channel,Actual,RS240136,Contractor / Private / End user,MTS,P1796,Sale,2024-05-20,2024-04-04,2024-04-04,19275.6,60.0
CT-F-99-020501,PEM102-OLD,Omni Channel,Actual,CT240110,Contractor / Private / End user,MTS,P2063,Sale,2024-05-20,2024-04-04,2024-04-04,465460.8,70.0
VT-F-99-010203,PEM102-OLD,Omni Channel,Actual,VT240073,Contractor / Private / End user,MTS,P3555,Sale,2024-08-15,2024-04-04,2024-04-04,878643.0,100.0
VT-F-99-010203,PEM107,Omni Channel,Actual,VT240073,Contractor / Private / End user,MTS,P47174,Sale,2025-01-30,2024-04-04,2024-04-04,351457.2,40.0
VT-F-99-010203,PEM107,Omni Channel,Actual,VT240073,Contractor / Private / End user,MTS,P47174,Sale,2025-01-17,2024-04-04,2024-04-04,878643.0,100.0
CT-F-99-020501,PEM102-OLD,Omni Channel,Actual,CT240110,Contractor / Private / End user,MTS,P2063,Sale,2024-06-28,2024-04-04,2024-04-04,465460.8,70.0
CT-F-99-020501,PEM102-OLD,Omni Channel,Actual,CT240110,Contractor / Private / End user,MTS,P2063,Sale,2024-08-08,2024-04-04,2024-04-04,398966.4,60.0
CT-F-99-020528,PEM102-OLD,Omni Channel,Actual,"CT240074,CT240083",End User,MTS,P15568,Sale,2024-04-18,2024-04-04,2024-04-04,44081.85,3.0
VT-F-99-010721,PEM102-OLD,Omni Channel,Actual,VT240062,Contractor,MTS,P15311,Sale,2024-04-10,2024-04-04,2024-04-04,18713.57,1.0
VT-F-99-010209,PEM102-OLD,Omni Channel,Actual,VT240075,Contractor,MTO,P10113,Sale,2024-04-22,2024-04-05,2024-04-05,16561.7,2.0
CT-F-99-020506,PEM102-OLD,Omni Channel,Actual,CT240081,Contractor,MTS,P1748,Sale,2024-04-22,2024-04-05,2024-04-05,14999.84,2.0
VT-F-99-010715,PEM102-OLD,Omni Channel,Actual,VT250035,Contractor,MTS,P15837,Sale,2024-04-18,2024-04-05,2024-04-05,18522.81,1.0
CT-F-99-020505,PEM102-OLD,Omni Channel,Actual,CT240071,Contractor,MTS,P1747,Sale,2024-04-18,2024-04-05,2024-04-05,21978.21,3.0
VT-F-99-010721,PEM102-OLD,Omni Channel,Actual,VT240062,private company,MTS,P15311,Sale,2024-04-12,2024-04-09,2024-04-09,18713.57,1.0
CT-F-99-020528,PEM102-OLD,Omni Channel,Actual,CT240083,private company,MTS,P15568,Sale,2024-04-12,2024-04-09,2024-04-09,44081.85,3.0
VT-F-99-010721,PEM102-OLD,Omni Channel,Actual,VT240028,Contractor,MTS,P15311,Sale,2024-04-09,2024-04-09,2024-04-09,18713.57,1.0
CT-F-99-020506,PEM102-OLD,Omni Channel,Actual,CT240081,Contractor,MTS,P1748,Sale,2024-04-09,2024-04-09,2024-04-09,22499.76,3.0
VT-F-99-010721,PEM102-OLD,Omni Channel,Actual,VT240062,Contractor,MTS,P15311,Sale,2024-04-10,2024-04-09,2024-04-09,18713.57,1.0
CT-F-99-020504,PEM102-OLD,Omni Channel,Actual,CT240070,Contractor,MTS,P1746,Sale,2024-04-10,2024-04-09,2024-04-09,21662.94,3.0
VT-F-99-010721,PEM102-OLD,Omni Channel,Actual,VT240062,Smart Shop,MTS,P15311,Sale,2024-04-10,2024-04-09,2024-04-09,18713.57,1.0
CT-F-99-020525,PEM102-OLD,Omni Channel,Actual,CT230333,Smart Shop,MTS,P15385,Sale,2024-04-10,2024-04-09,2024-04-09,38034.54,3.0
CT-F-99-020504,PEM102-OLD,Omni Channel,Actual,CT240070,,MTS,P1746,Sale,2024-04-11,2024-04-09,2024-04-09,21662.94,3.0
VT-F-99-010721,PEM102-OLD,Omni Channel,Actual,VT240062,,MTS,P15311,Sale,2024-04-11,2024-04-09,2024-04-09,18713.57,1.0
CT-F-99-020528,PEM102-OLD,Omni Channel,Actual,CT240083,,MTS,P15568,Sale,2024-04-11,2024-04-09,2024-04-09,44081.85,3.0
VT-F-99-010721,PEM102-OLD,Omni Channel,Actual,VT240062,private company,MTS,P15311,Sale,2024-04-26,2024-04-09,2024-04-09,18713.57,1.0
CT-F-99-020530,PEM102-OLD,Omni Channel,Actual,CT240098,private company,MTS,P15585,Sale,2024-04-26,2024-04-09,2024-04-09,43538.31,3.0
CT-F-99-020508,PEM102-OLD,Omni Channel,Actual,"CT240029,CT240046",Contractor,MTS,P1750,Sale,2024-04-30,2024-04-09,2024-04-09,25394.76,3.0
VT-F-99-010721,PEM102-OLD,Omni Channel,Actual,VT240062,Contractor,MTS,P15311,Sale,2024-04-29,2024-04-10,2024-04-10,18713.57,1.0
CT-F-99-020504,PEM102-OLD,Omni Channel,Actual,CT240070,Contractor,MTS,P1746,Sale,2024-04-29,2024-04-10,2024-04-10,21662.94,3.0
CT-F-99-020526,PEM102-OLD,Omni Channel,Actual,CT240102,Contractor,MTS,P15464,Sale,2024-04-23,2024-04-10,2024-04-10,46387.32,3.0
CT-F-99-020707,PEM102-OLD,Omni Channel,Actual,CT240118,Dealer,MTO,P6644,Sale,2024-04-30,2024-04-10,2024-04-10,24244.62,3.0
VT-F-99-010721,PEM102-OLD,Omni Channel,Actual,VT240062,Contractor,MTS,P15311,Sale,2024-04-18,2024-04-10,2024-04-10,18713.57,1.0
CT-F-99-020505,PEM102-OLD,Omni Channel,Actual,CT240071,Contractor,MTS,P1747,Sale,2024-04-18,2024-04-10,2024-04-10,21978.21,3.0
VT-F-99-010209,PEM102-OLD,Omni Channel,Actual,VT240077,Contractor,MTO,P10113,Sale,2024-05-02,2024-04-11,2024-04-11,16561.7,2.0
CT-F-99-020506,PEM102-OLD,Omni Channel,Actual,CT240081,Contractor,MTS,P1748,Sale,2024-05-02,2024-04-11,2024-04-11,14999.84,2.0
VT-F-99-010722,PEM102-OLD,Omni Channel,Actual,VT240061,Dealer,MTS,P13054,Sale,2024-05-31,2024-04-12,2024-04-12,27777.25,1.0
VT-F-99-010721,PEM102-OLD,Omni Channel,Actual,VT240062,private company,MTS,P15311,Sale,2024-05-07,2024-04-12,2024-04-12,18713.57,1.0
VT-F-99-010721,PEM102-OLD,Omni Channel,Actual,VT240062,Dealer,MTS,P15311,Sale,2024-05-06,2024-04-12,2024-04-12,18713.57,1.0
CT-F-99-020532,PEM102-OLD,Omni Channel,Actual,CT240119,Dealer,MTO,P15844,Sale,2024-05-06,2024-04-12,2024-04-12,56297.37,3.0
VT-F-99-010721,PEM102-OLD,Omni Channel,Actual,VT240062,Contractor,MTS,P15311,Sale,2024-04-23,2024-04-17,2024-04-17,18713.57,1.0
CT-F-99-020507,PEM102-OLD,Omni Channel,Actual,CT240045,Contractor,MTS,P1749,Sale,2024-04-23,2024-04-17,2024-04-17,22179.66,3.0
VT-F-99-010819,PEM102-OLD,Omni Channel,Actual,VT240048,Contractor,MTS,P15865,Sale,2024-05-03,2024-04-17,2024-04-17,24649.49,1.0
CT-F-99-020714,PEM102-OLD,Omni Channel,Actual,CT240123,Contractor,MTO,P30289,Sale,2024-05-03,2024-04-17,2024-04-17,43232.7,3.0
VT-F-99-010819,PEM102-OLD,Omni Channel,Actual,VT240048,Contractor,MTS,P15865,Sale,2024-05-03,2024-04-17,2024-04-17,24649.49,1.0
CT-F-99-020714,PEM102-OLD,Omni Channel,Actual,CT240123,Contractor,MTO,P30289,Sale,2024-05-03,2024-04-17,2024-04-17,43232.7,3.0
VT-F-99-010721,PEM102-OLD,Omni Channel,Actual,VT240062,Contractor,MTS,P15311,Sale,2024-04-19,2024-04-01,2024-04-01,18713.57,1.0
CT-F-99-020506,PEM102-OLD,Omni Channel,Actual,CT240081,Contractor,MTS,P1748,Sale,2024-04-19,2024-04-01,2024-04-01,22499.76,3.0
CT-F-99-020508,PEM102-OLD,Omni Channel,Actual,CT240046,Contractor,MTS,P1750,Sale,2024-04-24,2024-04-17,2024-04-17,25394.76,3.0
CT-F-99-020529,PEM102-OLD,Omni Channel,Actual,CT230399,private company,MTO,P29687,Sale,2024-05-07,2024-04-18,2024-04-12,47107.53,3.0
CT-F-99-020503,PEM102-OLD,Omni Channel,Actual,"CT230349,CT240041",Smart Shop,MTS,P1745,Sale,2024-04-26,2024-04-18,2024-04-18,22053.66,3.0
VT-F-99-010721,PEM102-OLD,Omni Channel,Actual,VT240062,Smart Shop,MTS,P15311,Sale,2024-04-26,2024-04-18,2024-04-18,18713.57,1.0
VT-F-99-010721,PEM102-OLD,Omni Channel,Actual,VT240062,,MTS,P15311,Sale,2024-04-19,2024-04-18,2024-04-18,18713.57,1.0
CT-F-99-020507,PEM102-OLD,Omni Channel,Actual,CT240045,,MTS,P1749,Sale,2024-04-19,2024-04-18,2024-04-18,22179.66,3.0
VT-F-99-010721,PEM102-OLD,Omni Channel,Actual,VT240062,Contractor,MTS,P15311,Sale,2024-05-17,2024-04-18,2024-04-18,18713.57,1.0
CT-F-99-020504,PEM102-OLD,Omni Channel,Actual,CT240042,Contractor,MTS,P1746,Sale,2024-05-17,2024-04-18,2024-04-18,21662.94,3.0
VT-F-99-010721,PEM102-OLD,Omni Channel,Actual,VT240062,Contractor,MTS,P15311,Sale,2024-05-17,2024-04-18,2024-04-18,18713.57,1.0
CT-F-99-020507,PEM102-OLD,Omni Channel,Actual,"CT240045,CT240088",Contractor,MTS,P1749,Sale,2024-05-17,2024-04-18,2024-04-18,22179.66,3.0
VT-F-99-010819,PEM102-OLD,Omni Channel,Actual,VT240048,Contractor,MTS,P15865,Sale,2024-06-28,2024-04-18,2024-04-18,24649.49,1.0
CT-F-99-020705,PEM102-OLD,Omni Channel,Actual,CT240103,Contractor,MTO,P1770,Sale,2024-06-28,2024-04-18,2024-04-18,22545.09,3.0
VT-F-99-010819,PEM102-OLD,Omni Channel,Actual,VT240048,Contractor,MTS,P15865,Sale,2024-05-15,2024-04-18,2024-04-18,24649.49,1.0
CT-F-99-020707,PEM102-OLD,Omni Channel,Actual,CT240121,Contractor,MTO,P6644,Sale,2024-05-15,2024-04-18,2024-04-18,24244.62,3.0
VT-F-99-010819,PEM102-OLD,Omni Channel,Actual,VT240048,Contractor,MTS,P15865,Sale,2024-06-28,2024-04-18,2024-04-18,24649.49,1.0
CT-F-99-020706,PEM102-OLD,Omni Channel,Actual,CT240122,Contractor,MTO,P1771,Sale,2024-06-28,2024-04-18,2024-04-18,23873.13,3.0
VT-F-99-010721,PEM102-OLD,Omni Channel,Actual,VT240062,Contractor,MTS,P15311,Sale,2024-06-07,2024-04-18,2024-04-18,18713.57,1.0
CT-F-99-020504,PEM102-OLD,Omni Channel,Actual,CT240042,Contractor,MTS,P1746,Sale,2024-06-07,2024-04-18,2024-04-18,21662.94,3.0
VT-F-99-010819,PEM102-OLD,Omni Channel,Actual,VT240048,Contractor,MTS,P15865,Sale,2024-05-03,2024-04-19,2024-04-19,24649.49,1.0
CT-F-99-020705,PEM102-OLD,Omni Channel,Actual,CT240100,Contractor,MTO,P1770,Sale,2024-05-03,2024-04-19,2024-04-19,22545.09,3.0
VT-F-99-010203,PEM102-OLD,Omni Channel,Actual,VT240038,Smart Shop,MTS,P3555,Sale,2024-04-24,2024-04-22,2024-04-22,17572.86,2.0
CT-F-99-020510,PEM102-OLD,Omni Channel,Actual,CT240047,Smart Shop,MTS,P1751,Sale,2024-04-24,2024-04-22,2024-04-22,17458.76,2.0
VT-F-99-010721,PEM102-OLD,Omni Channel,Actual,VT240062,Contractor,MTS,P15311,Sale,2024-04-24,2024-04-22,2024-04-22,18713.57,1.0
CT-F-99-020503,PEM102-OLD,Omni Channel,Actual,CT240041,Contractor,MTS,P1745,Sale,2024-04-24,2024-04-22,2024-04-22,22053.66,3.0
RS-F-99-070005,PEM102-OLD,Omni Channel,Actual,RS240137,Contractor / Private / End user,MTS,P1796,Sale,2024-05-15,2024-04-22,2024-04-22,48189.0,150.0
VT-F-99-010616,PEM102-OLD,Omni Channel,Actual,VT240083,Contractor / Private / End user,MTO,P7428,Sale,2024-05-20,2024-04-22,2024-04-22,110646.3,15.0
VT-F-99-010721,PEM102-OLD,Omni Channel,Actual,VT240062,Contractor,MTS,P15311,Sale,2024-04-25,2024-04-23,2024-04-23,56140.71,3.0
CT-F-99-020505,PEM102-OLD,Omni Channel,Actual,CT240043,Contractor,MTS,P1747,Sale,2024-04-25,2024-04-23,2024-04-23,43956.42,6.0
CT-F-99-020510,PEM102-OLD,Omni Channel,Actual,CT240047,Contractor,MTS,P1751,Sale,2024-04-25,2024-04-23,2024-04-23,26188.14,3.0
VT-F-99-010203,PEM102-OLD,Omni Channel,Actual,VT240038,Contractor,MTS,P3555,Sale,2024-05-03,2024-04-23,2024-04-23,17572.86,2.0
CT-F-99-020501,PEM102-OLD,Omni Channel,Actual,CT240005,Contractor,MTS,P2063,Sale,2024-05-03,2024-04-23,2024-04-23,13298.88,2.0
CT-F-99-020530,PEM102-OLD,Omni Channel,Actual,CT240098,,MTS,P15585,Sale,2024-05-03,2024-04-24,2024-04-24,43538.31,3.0
CT-F-99-020528,PEM102-OLD,Omni Channel,Actual,"CT240083,CT240108",,MTS,P15568,Sale,2024-05-03,2024-04-24,2024-04-24,44081.85,3.0
RS-F-99-041033,PEM102-OLD,Omni Channel,Actual,RS240121,Cambodia,MTS,P4244,Sale,2024-06-05,2024-03-28,2024-03-28,227410.8,24.0
VT-F-99-010721,PEM102-OLD,Omni Channel,Actual,VT240152,,MTS,P15311,Sale,2024-11-25,2024-04-24,2024-04-24,18713.57,1.0
CT-F-99-020530,PEM102-OLD,Omni Channel,Actual,CT240249,,MTS,P15585,Sale,2024-11-25,2024-04-24,2024-04-24,43538.31,3.0
VT-F-99-010721,PEM102-OLD,Omni Channel,Actual,VT240062,Factory,MTS,P15311,Sale,2024-06-11,2024-04-24,2024-04-24,18713.57,1.0
CT-F-99-020505,PEM102-OLD,Omni Channel,Actual,CT240043,Factory,MTS,P1747,Sale,2024-06-11,2024-04-24,2024-04-24,21978.21,3.0
VT-F-99-010721,PEM102-OLD,Omni Channel,Actual,VT240062,End User,MTS,P15311,Sale,2024-05-10,2024-04-24,2024-04-24,18713.57,1.0
CT-F-99-020507,PEM102-OLD,Omni Channel,Actual,"CT240045,CT240088",End User,MTS,P1749,Sale,2024-05-10,2024-04-24,2024-04-24,22179.66,3.0
VT-F-99-010721,PEM102-OLD,Omni Channel,Actual,VT240062,private company,MTS,P15311,Sale,2024-05-03,2024-04-24,2024-04-24,18713.57,1.0
CT-F-99-020506,PEM102-OLD,Omni Channel,Actual,CT240081,private company,MTS,P1748,Sale,2024-05-03,2024-04-24,2024-04-24,22499.76,3.0
VT-F-99-010715,PEM102-OLD,Omni Channel,Actual,VT240035,Contractor,MTS,P15837,Sale,2024-05-24,2024-04-26,2024-04-26,18522.81,1.0
CT-F-99-020503,PEM102-OLD,Omni Channel,Actual,CT240041,Contractor,MTS,P1745,Sale,2024-05-24,2024-04-26,2024-04-26,22053.66,3.0
VT-F-99-010721,PEM102-OLD,Omni Channel,Actual,VT240062,Contractor,MTS,P15311,Sale,2024-06-28,2024-04-26,2024-04-26,18713.57,1.0
CT-F-99-020531,PEM102-OLD,Omni Channel,Actual,CT230374,Contractor,MTS,P24362,Sale,2024-06-28,2024-04-26,2024-04-26,41415.99,3.0
VT-F-99-010721,PEM102-OLD,Omni Channel,Actual,VT240062,Contractor,MTS,P15311,Sale,2024-05-20,2024-04-26,2024-04-26,18713.57,1.0
CT-F-99-020524,PEM102-OLD,Omni Channel,Actual,CT240101,Contractor,MTS,P15310,Sale,2024-05-20,2024-04-26,2024-04-26,38675.1,3.0
VT-F-99-010203,PEM102-OLD,Omni Channel,Actual,VT240038,Smart Shop,MTS,P3555,Sale,2024-05-02,2024-04-26,2024-04-26,17572.86,2.0
CT-F-99-020503,PEM102-OLD,Omni Channel,Actual,CT240041,Smart Shop,MTS,P1745,Sale,2024-05-02,2024-04-26,2024-04-26,14702.44,2.0
VT-F-99-010722,PEM102-OLD,Omni Channel,Actual,VT240079,การไฟฟ้าส่วนภูมิภาค เขต 2 (ภาคตะวันออกเฉียงเหนือ),MTS,P13054,Sale,2024-05-24,2024-04-26,2024-04-26,27777.25,1.0
CT-F-99-020506,PEM102-OLD,Omni Channel,Actual,CT240028,,MTS,P1748,Sale,2024-05-10,2024-04-29,2024-04-29,22499.76,3.0
VT-F-99-010721,PEM102-OLD,Omni Channel,Actual,VT230202,Contractor,MTS,P15311,Sale,2024-05-23,2024-04-29,2024-04-29,18713.57,1.0
CT-F-99-020504,PEM102-OLD,Omni Channel,Actual,CT240042,Contractor,MTS,P1746,Sale,2024-05-23,2024-04-29,2024-04-29,21662.94,3.0
VT-F-99-010203,PEM102-OLD,Omni Channel,Actual,VT240038,Smart Shop,MTS,P3555,Sale,2024-04-29,2024-04-29,2024-04-29,8786.43,1.0
VT-F-99-010721,PEM102-OLD,Omni Channel,Actual,VT230223,Smart Shop,MTS,P15311,Sale,2024-07-30,2024-04-29,2024-04-29,18713.57,1.0
CT-F-99-020506,PEM102-OLD,Omni Channel,Actual,CT240081,Smart Shop,MTS,P1748,Sale,2024-07-30,2024-04-29,2024-04-29,22499.76,3.0
VT-F-99-010203,PEM102-OLD,Omni Channel,Actual,VT240038,Contractor,MTS,P3555,Sale,2024-04-30,2024-04-29,2024-04-29,17572.86,2.0
VT-F-99-010715,PEM102-OLD,Omni Channel,Actual,VT240035,Contractor,MTS,P15837,Sale,2024-05-21,2024-04-29,2024-04-29,18522.81,1.0
CT-F-99-020504,PEM102-OLD,Omni Channel,Actual,CT240042,Contractor,MTS,P1746,Sale,2024-05-21,2024-04-29,2024-04-29,21662.94,3.0
CT-F-99-020506,PEM102-OLD,Omni Channel,Actual,CT240081,Smart Shop,MTS,P1748,Sale,2024-05-03,2024-04-29,2024-04-29,22499.76,3.0
CT-F-99-020508,PEM102-OLD,Omni Channel,Actual,CT240046,Contractor,MTS,P1750,Sale,2024-05-02,2024-04-30,2024-04-30,33859.68,4.0
VT-F-99-010721,PEM102-OLD,Omni Channel,Actual,VT240062,Contractor,MTS,P15311,Sale,2024-05-06,2024-04-30,2024-04-30,37427.14,2.0
CT-F-99-020504,PEM102-OLD,Omni Channel,Actual,CT240042,Contractor,MTS,P1746,Sale,2024-05-06,2024-04-30,2024-04-30,43325.88,6.0
VT-F-99-010721,PEM102-OLD,Omni Channel,Actual,VT240062,Contractor,MTS,P15311,Sale,2024-06-28,2024-04-30,2024-04-30,18713.57,1.0
CT-F-99-020504,PEM102-OLD,Omni Channel,Actual,CT240042,Contractor,MTS,P1746,Sale,2024-06-28,2024-04-30,2024-04-30,21662.94,3.0
VT-F-99-010819,PEM102-OLD,Omni Channel,Actual,VT240048,Contractor,MTS,P15865,Sale,2024-06-28,2024-04-30,2024-04-30,24649.49,1.0
CT-F-99-020708,PEM102-OLD,Omni Channel,Actual,CT240126,Contractor,MTO,P1773,Sale,2024-06-28,2024-04-30,2024-04-30,26977.29,3.0
VT-F-99-010819,PEM102-OLD,Omni Channel,Actual,VT240048,Contractor,MTS,P15865,Sale,2024-06-28,2024-04-30,2024-04-30,24649.49,1.0
CT-F-99-020706,PEM102-OLD,Omni Channel,Actual,CT240127,Contractor,MTO,P1771,Sale,2024-06-28,2024-04-30,2024-04-30,23873.13,3.0
VT-F-99-010819,PEM102-OLD,Omni Channel,Actual,VT240048,Contractor,MTS,P15865,Sale,2024-06-28,2024-04-30,2024-04-30,24649.49,1.0
CT-F-99-020705,PEM102-OLD,Omni Channel,Actual,CT240128,Contractor,MTO,P1770,Sale,2024-06-28,2024-04-30,2024-04-30,22545.09,3.0
VT-F-99-010819,PEM102-OLD,Omni Channel,Actual,VT240048,Contractor,MTS,P15865,Sale,2024-05-09,2024-04-30,2024-04-30,24649.49,1.0
CT-F-99-020705,PEM102-OLD,Omni Channel,Actual,CT240128,Contractor,MTO,P1770,Sale,2024-05-09,2024-04-30,2024-04-30,22545.09,3.0
VT-F-99-010721,PEM102-OLD,Omni Channel,Actual,VT240062,Local Industry,MTS,P15311,Sale,2024-08-15,2024-04-30,2024-04-30,18713.57,1.0
CT-F-99-020530,PEM102-OLD,Omni Channel,Actual,CT240117,Local Industry,MTS,P15585,Sale,2024-08-15,2024-04-30,2024-04-30,43538.31,3.0
VT-F-99-010615,PEM107,Omni Channel,Actual,VT240059,End User,MTO,P51718,Sale,2025-08-18,2024-04-30,2024-04-30,134429.82,6.0
VT-F-99-010715,PEM102-OLD,Omni Channel,Actual,VT240035,Contractor,MTS,P15837,Sale,2024-05-06,2024-04-30,2024-04-30,18522.81,1.0
VT-F-99-010203,PEM102-OLD,Omni Channel,Actual,VT240038,Smart Shop,MTS,P3555,Sale,2024-05-07,2024-05-02,2024-05-02,17572.86,2.0
CT-F-99-020502,PEM102-OLD,Omni Channel,Actual,CT240006,Smart Shop,MTS,P1744,Sale,2024-05-07,2024-05-02,2024-05-02,13958.68,2.0
RS-F-99-090002,PEM102-OLD,Omni Channel,Actual,RS240165,Contractor,MTO,P1329,Sale,2024-05-09,2024-05-03,2024-05-03,11702.25,9.0
RS-F-99-090003,PEM102-OLD,Omni Channel,Actual,RS240166,Contractor,MTO,P1403,Sale,2024-05-09,2024-05-03,2024-05-03,3418.92,3.0
VT-F-99-010203,PEM102-OLD,Omni Channel,Actual,VT240038,Smart Shop,MTS,P3555,Sale,2024-05-20,2024-05-06,2024-05-06,17572.86,2.0
CT-F-99-020506,PEM102-OLD,Omni Channel,Actual,CT240081,Smart Shop,MTS,P1748,Sale,2024-05-20,2024-05-06,2024-05-06,14999.84,2.0
CT-F-99-020507,PEM102-OLD,Omni Channel,Actual,CT240088,Smart Shop,MTS,P1749,Sale,2024-05-20,2024-05-06,2024-05-06,14786.44,2.0
CT-F-99-020507,PEM102-OLD,Omni Channel,Actual,CT240003,Smart Shop,MTS,P1749,Sale,2024-05-23,2024-05-06,2024-05-06,22179.66,3.0
VT-F-99-010721,PEM102-OLD,Omni Channel,Actual,VT240062,Smart Shop,MTS,P15311,Sale,2024-05-23,2024-05-06,2024-05-06,18713.57,1.0
CT-F-99-020511,PEM102-OLD,Omni Channel,Actual,CT230342,Contractor,MTS,P1752,Sale,2024-05-10,2024-05-07,2024-05-07,18190.4,2.0
VT-F-99-010721,PEM102-OLD,Omni Channel,Actual,VT240062,Contractor,MTS,P15311,Sale,2024-05-10,2024-05-07,2024-05-07,18897.61,1.0
CT-F-99-020531,PEM102-OLD,Omni Channel,Actual,"CT240035,CT240115",Contractor,MTS,P24362,Sale,2024-05-10,2024-05-07,2024-05-07,77939.7,6.0
CT-F-99-020506,PEM102-OLD,Omni Channel,Actual,CT240081,Contractor,MTS,P1748,Sale,2024-05-13,2024-05-08,2024-05-08,23068.53,3.0
VT-F-99-010722,PEM102-OLD,Omni Channel,Actual,VT230124,Inside Group,MTS,P13054,Sale,2024-06-20,2024-05-08,2024-05-08,27372.6,1.0
VT-F-99-010721,PEM102-OLD,Omni Channel,Actual,VT240042,Smart Shop,MTS,P15311,Sale,2024-05-18,2024-05-08,2024-05-08,18897.61,1.0
CT-F-99-020529,PEM102-OLD,Omni Channel,Actual,CT230399,Smart Shop,MTO,P29687,Sale,2024-05-18,2024-05-08,2024-05-08,47107.53,3.0
VT-F-99-010721,PEM102-OLD,Omni Channel,Actual,VT240053,Contractor,MTS,P15311,Sale,2024-06-29,2024-05-09,2023-11-15,18897.61,1.0
CT-F-99-020508,PEM102-OLD,Omni Channel,Actual,CT240029,,MTS,P1750,Sale,2024-05-17,2024-05-10,2024-05-10,25954.11,3.0
CT-F-99-020506,PEM102-OLD,Omni Channel,Actual,CT240044,,MTS,P1748,Sale,2024-05-17,2024-05-10,2024-05-10,23068.53,3.0
VT-F-99-010721,PEM102-OLD,Omni Channel,Actual,VT240053,Smart Shop,MTS,P15311,Sale,2024-06-04,2024-05-10,2024-05-10,18897.61,1.0
CT-F-99-020535,PEM102-OLD,Omni Channel,Actual,CT240134,Smart Shop,MTO,P30382,Sale,2024-06-04,2024-05-10,2024-05-10,52018.26,3.0
VT-F-99-010203,PEM102-OLD,Omni Channel,Actual,VT240038,Smart Shop,MTS,P3555,Sale,2024-05-15,2024-05-13,2024-05-13,53036.7,6.0
CT-F-99-020502,PEM102-OLD,Omni Channel,Actual,CT240040,Smart Shop,MTS,P1744,Sale,2024-05-15,2024-05-13,2024-05-13,41876.04,6.0
VT-F-99-010721,PEM102-OLD,Omni Channel,Actual,VT240074,private company,MTS,P15311,Sale,2024-05-20,2024-05-13,2024-05-13,18897.61,1.0
CT-F-99-020506,PEM102-OLD,Omni Channel,Actual,"CT240081,CT240095",private company,MTS,P1748,Sale,2024-05-20,2024-05-13,2024-05-13,23068.53,3.0
CT-F-99-020527,PEM102-OLD,Omni Channel,Actual,CT230299,,MTS,P15384,Sale,2024-06-15,2024-05-13,2024-05-13,40048.05,3.0
CT-F-99-020505,PEM102-OLD,Omni Channel,Actual,CT240071,End User,MTS,P1747,Sale,2024-05-31,2024-05-14,2024-05-14,20657.67,3.0
VT-F-99-010820,PEM102-OLD,Omni Channel,Actual,VT240106,การไฟฟ้าส่วนภูมิภาค เขต 3 (ภาคใต้),MTS,P15684,Sale,2024-08-16,2024-05-07,2024-05-07,68779.32,2.0
VT-F-99-010721,PEM102-OLD,Omni Channel,Actual,VT240074,Contractor,MTS,P15311,Sale,2024-05-17,2024-05-14,2024-05-14,75590.44,4.0
CT-F-99-020504,PEM102-OLD,Omni Channel,Actual,CT240042,Contractor,MTS,P1746,Sale,2024-05-17,2024-05-14,2024-05-14,86706.72,12.0
VT-F-99-010722,PEM102-OLD,Omni Channel,Actual,VT240079,Dealer,MTS,P13054,Sale,2024-06-28,2024-05-14,2024-05-14,27372.6,1.0
VT-F-99-010721,PEM102-OLD,Omni Channel,Actual,VT240074,End User,MTS,P15311,Sale,2024-06-04,2024-05-15,2024-05-15,18897.61,1.0
CT-F-99-020529,PEM102-OLD,Omni Channel,Actual,CT240135,End User,MTO,P29687,Sale,2024-06-04,2024-05-15,2024-05-15,47107.53,3.0
CT-F-99-020508,PEM102-OLD,Omni Channel,Actual,CT240046,Smart Shop,MTS,P1750,Sale,2024-06-12,2024-05-15,2024-05-15,34605.48,4.0
CT-F-99-020506,PEM102-OLD,Omni Channel,Actual,CT240095,Contractor,MTS,P1748,Sale,2024-05-17,2024-05-15,2024-05-15,23068.53,3.0
CT-F-99-020508,PEM102-OLD,Omni Channel,Actual,CT240046,Contractor,MTS,P1750,Sale,2024-05-24,2024-05-15,2024-05-15,25954.11,3.0
VT-F-99-010203,PEM102-OLD,Omni Channel,Actual,VT240038,End User,MTS,P3555,Sale,2024-05-20,2024-05-16,2024-05-16,17678.9,2.0
CT-F-99-020524,PEM102-OLD,Omni Channel,Actual,"CT240101,CT240107",Contractor,MTS,P15310,Sale,2024-08-30,2024-05-16,2024-05-16,78184.74,6.0
VT-F-99-010721,PEM102-OLD,Omni Channel,Actual,VT240074,Contractor,MTS,P15311,Sale,2024-08-30,2024-05-16,2024-05-16,37795.22,2.0
VT-F-99-010721,PEM102-OLD,Omni Channel,Actual,VT240074,Contractor,MTS,P15311,Sale,2024-06-07,2024-05-16,2024-05-16,75590.44,4.0
CT-F-99-020504,PEM102-OLD,Omni Channel,Actual,CT240042,Contractor,MTS,P1746,Sale,2024-06-07,2024-05-16,2024-05-16,86706.72,12.0
VT-F-99-010202,PPD102,Omni Channel,Actual,,Factory,,P1320,Sale,2024-05-20,2024-05-17,2024-05-17,17300.0,1.0
RS-F-99-070024,PEM102-OLD,Omni Channel,Actual,RS240151,Cambodia,MTO,P0109,Sale,2024-06-28,2024-05-17,2024-05-17,4508.88,12.0
RS-F-99-070004,PEM102-OLD,Omni Channel,Actual,RS240144,Cambodia,MTS,P1794,Sale,2024-06-28,2024-05-17,2024-05-17,6342.0,21.0
RS-F-99-070005,PEM102-OLD,Omni Channel,Actual,RS240146,Cambodia,MTS,P1796,Sale,2024-06-28,2024-05-17,2024-05-17,5449.32,18.0
RS-F-99-041015,PEM102-OLD,Omni Channel,Actual,RS240157,Cambodia,MTS,P3375,Sale,2024-06-28,2024-05-17,2024-05-17,115805.64,12.0
RS-F-99-041034,PEM102-OLD,Omni Channel,Actual,"RS240154,RS240168",Cambodia,MTS,P4245,Sale,2024-06-07,2024-05-17,2024-05-17,110032.92,12.0
RS-F-99-041010,PEM102-OLD,Omni Channel,Actual,RS240170,Cambodia,MTS,P4246,Sale,2024-06-07,2024-05-17,2024-05-17,63376.08,6.0
RS-F-99-070019,PEM102-OLD,Omni Channel,Actual,RS240148,Cambodia,MTO,P4447,Sale,2024-06-28,2024-05-17,2024-05-17,6219.9,18.0
RS-F-99-041001,PEM102-OLD,Omni Channel,Actual,RS240152,Cambodia,MTS,P5013,Sale,2024-06-07,2024-05-17,2024-05-17,211687.68,24.0
RS-F-99-041002,PEM102-OLD,Omni Channel,Actual,RS240153,Cambodia,MTO,P5014,Sale,2024-06-07,2024-05-17,2024-05-17,215243.52,24.0
RS-F-99-041004,PEM102-OLD,Omni Channel,Actual,"RS240156,RS240169",Cambodia,MTS,P5016,Sale,2024-06-28,2024-05-17,2024-05-17,265956.21,27.0
RS-F-99-041005,PEM102-OLD,Omni Channel,Actual,RS240012,Cambodia,MTS,P5017,Sale,2024-06-07,2024-05-17,2024-05-17,59088.78,6.0
RS-F-99-041006,PEM102-OLD,Omni Channel,Actual,"RS230329,RS240171",Cambodia,MTS,P5018,Sale,2024-06-07,2024-05-17,2024-05-17,89973.63,9.0
RS-F-99-041008,PEM102-OLD,Omni Channel,Actual,RS220332,Cambodia,MTO,P5020,Sale,2024-06-07,2024-05-17,2024-05-17,56777.88,6.0
VT-F-99-010202,PEM102-OLD,Omni Channel,Actual,VT240050,Contractor / Private / End user,MTS,P1320,Sale,2024-05-20,2024-05-17,2024-05-17,9159.82,1.0
VT-F-99-010203,PEM102-OLD,Omni Channel,Actual,VT240038,Contractor,MTS,P3555,Sale,2024-05-29,2024-05-20,2024-05-20,35357.8,4.0
CT-F-99-020506,PEM102-OLD,Omni Channel,Actual,CT240095,Contractor,MTS,P1748,Sale,2024-05-29,2024-05-20,2024-05-20,15379.02,2.0
CT-F-99-020510,PEM102-OLD,Omni Channel,Actual,CT240047,Contractor,MTS,P1751,Sale,2024-05-29,2024-05-20,2024-05-20,17458.76,2.0
VT-F-99-010203,PEM102-OLD,Omni Channel,Actual,VT240038,Smart Shop,MTS,P3555,Sale,2024-05-23,2024-05-20,2024-05-20,17678.9,2.0
CT-F-99-020505,PEM102-OLD,Omni Channel,Actual,CT240043,Smart Shop,MTS,P1747,Sale,2024-05-23,2024-05-20,2024-05-20,13771.78,2.0
CT-F-99-020514,PPD101,Omni Channel,Actual,,Foreign Industry,MTO,P8916,Sale,2024-08-08,2024-05-20,2024-05-20,93000.0,10.0
CT-F-99-020507,PEM102-OLD,Omni Channel,Actual,CT240088,Contractor,MTS,P1749,Sale,2024-05-21,2024-05-20,2024-05-20,15571.34,2.0
VT-F-99-010203,PEM102-OLD,Omni Channel,Actual,VT240038,Contractor,MTS,P3555,Sale,2024-05-21,2024-05-20,2024-05-20,17678.9,2.0
CT-F-99-020502,PPD101,Omni Channel,Actual,,Foreign Industry,MTO,P1744,Sale,2024-08-08,2024-05-20,2024-05-20,93000.0,10.0
VT-F-99-010203,PEM102-OLD,Omni Channel,Actual,VT240038,Smart Shop,MTS,P3555,Sale,2024-05-28,2024-05-21,2024-05-21,17678.9,2.0
VT-F-99-010203,PEM102-OLD,Omni Channel,Actual,VT240038,Contractor,MTS,P3555,Sale,2024-05-31,2024-05-21,2024-05-21,8839.45,1.0
VT-F-99-010203,PEM102-OLD,Omni Channel,Actual,VT240038,Smart Shop,MTS,P3555,Sale,2024-05-27,2024-05-21,2024-05-21,17678.9,2.0
VT-F-99-010721,PEM102-OLD,Omni Channel,Actual,VT240074,Contractor,MTS,P15311,Sale,2024-05-24,2024-05-21,2024-05-21,18897.61,1.0
CT-F-99-020503,PEM102-OLD,Omni Channel,Actual,"CT230327,CT240041",Contractor,MTS,P1745,Sale,2024-05-24,2024-05-21,2024-05-21,20355.72,3.0
CT-F-99-020527,PEM102-OLD,Omni Channel,Actual,CT230369,Contractor,MTS,P15384,Sale,2024-05-29,2024-05-21,2024-05-21,40048.05,3.0
CT-F-99-020506,PEM102-OLD,Omni Channel,Actual,CT240095,Contractor,MTS,P1748,Sale,2024-05-29,2024-05-21,2024-05-21,15379.02,2.0
VT-F-99-010203,PEM102-OLD,Omni Channel,Actual,VT240038,Contractor,MTS,P3555,Sale,2024-05-29,2024-05-21,2024-05-21,17678.9,2.0
VT-F-99-010209,PEM102-OLD,Omni Channel,Actual,VT240095,Contractor,MTO,P10113,Sale,2024-05-23,2024-05-21,2024-05-21,16471.24,2.0
CT-F-99-020506,PEM102-OLD,Omni Channel,Actual,CT240095,Contractor,MTS,P1748,Sale,2024-05-23,2024-05-21,2024-05-21,15379.02,2.0
VT-F-99-010721,PEM102-OLD,Omni Channel,Actual,VT240074,Contractor,MTS,P15311,Sale,2024-06-17,2024-05-21,2024-05-21,18897.61,1.0
CT-F-99-020502,PEM102-OLD,Omni Channel,Actual,"CT240006,CT240040",Contractor,MTS,P1744,Sale,2024-06-17,2024-05-21,2024-05-21,20938.02,3.0
CT-F-99-020503,PEM102-OLD,Omni Channel,Actual,,Smart Shop,MTS,P1745,Sale,2024-05-27,2024-05-21,2024-05-21,13570.48,2.0
VT-F-99-010203,PEM102-OLD,Omni Channel,Actual,VT240038,Contractor,MTS,P2866,Sale,2024-05-29,2024-05-23,2024-05-23,17678.9,2.0
VT-F-99-010721,PEM102-OLD,Omni Channel,Actual,VT240074,,MTS,P15311,Sale,2024-06-10,2024-05-23,2024-05-23,18897.61,1.0
CT-F-99-020512,PEM102-OLD,Omni Channel,Actual,CT240139,,MTO,P1753,Sale,2024-06-10,2024-05-23,2024-05-23,27556.29,3.0
VT-F-99-010721,PEM102-OLD,Omni Channel,Actual,VT240074,,MTS,P15311,Sale,2024-05-31,2024-05-23,2024-05-23,18897.61,1.0
CT-F-99-020504,PEM102-OLD,Omni Channel,Actual,CT240042,,MTS,P1746,Sale,2024-05-30,2024-05-23,2024-05-23,21676.68,3.0
VT-F-99-010715,PEM102-OLD,Omni Channel,Actual,VT240035,Contractor,MTS,P15837,Sale,2024-06-25,2024-05-23,2024-05-23,18522.81,1.0
CT-F-99-020504,PEM102-OLD,Omni Channel,Actual,CT240042,Contractor,MTS,P1746,Sale,2024-06-25,2024-05-23,2024-05-23,21676.68,3.0
VT-F-99-010721,PEM102-OLD,Omni Channel,Actual,VT240074,Contractor,MTS,P15311,Sale,2024-06-05,2024-05-24,2024-05-24,18897.61,1.0
CT-F-99-020506,PEM102-OLD,Omni Channel,Actual,CT240095,Contractor,MTS,P1748,Sale,2024-06-05,2024-05-24,2024-05-24,23068.53,3.0
CT-F-99-020525,PEM102-OLD,Omni Channel,Actual,CT230382,Factory,MTS,P15385,Sale,2024-05-24,2024-05-24,2024-05-24,38197.47,3.0
VT-F-99-010721,PEM102-OLD,Omni Channel,Actual,VT240074,Factory,MTS,P15311,Sale,2024-05-24,2024-05-24,2024-05-24,18897.61,1.0
VT-F-99-010721,PEM102-OLD,Omni Channel,Actual,VT240091,Contractor,MTS,P15311,Sale,2024-06-05,2024-05-24,2024-05-24,18897.61,1.0
CT-F-99-020506,PEM102-OLD,Omni Channel,Actual,CT240095,Contractor,MTS,P1748,Sale,2024-06-05,2024-05-24,2024-05-24,23068.53,3.0
VT-F-99-010721,PEM102-OLD,Omni Channel,Actual,VT240091,Contractor,MTS,P15311,Sale,2024-05-27,2024-05-24,2024-05-24,18897.61,1.0
CT-F-99-020508,PEM102-OLD,Omni Channel,Actual,"CT240046,CT240089",Contractor,MTS,P1750,Sale,2024-05-27,2024-05-24,2024-05-24,25954.11,3.0
VT-F-99-010203,PEM102-OLD,Omni Channel,Actual,VT240038,Dealer,MTS,P3555,Sale,2024-05-28,2024-05-24,2024-05-24,17678.9,2.0
CT-F-99-020502,PEM102-OLD,Omni Channel,Actual,CT240040,Dealer,MTS,P1744,Sale,2024-05-28,2024-05-24,2024-05-24,13958.68,2.0
RS-F-99-120002,PEM102-OLD,Omni Channel,Actual,RS240179,Contractor,MTO,P3312,Sale,2024-07-05,2024-05-24,2024-05-24,21839.6,2.0
VT-F-99-010203,PEM102-OLD,Omni Channel,Actual,VT240038,Smart Shop,MTS,P3555,Sale,2024-05-29,2024-05-24,2024-05-24,17678.9,2.0
CT-F-99-020510,PEM102-OLD,Omni Channel,Actual,CT240047,Smart Shop,MTS,P1751,Sale,2024-05-29,2024-05-24,2024-05-24,17458.76,2.0
RS-F-99-010127,PEM102-OLD,Omni Channel,Actual,RS240181,Contractor,MTO,P11700,Sale,2024-06-17,2024-05-24,2024-05-24,20264.68,2.0
RS-F-99-010128,PEM102-OLD,Omni Channel,Actual,RS240182,Contractor,MTO,P10052,Sale,2024-06-17,2024-05-24,2024-05-24,43383.52,4.0
RS-F-99-010122,PEM102-OLD,Omni Channel,Actual,RS240183,Contractor,MTO,P34057,Sale,2024-06-17,2024-05-24,2024-05-24,19389.84,2.0
RS-F-99-010123,PEM102-OLD,Omni Channel,Actual,RS240184,Contractor,MTO,P34058,Sale,2024-06-17,2024-05-24,2024-05-24,21307.92,2.0
CT-F-99-020504,PEM102-OLD,Omni Channel,Actual,CT240042,Contractor,MTS,P1746,Sale,2024-05-27,2024-05-24,2024-05-24,21676.68,3.0
VT-F-99-010721,PEM102-OLD,Omni Channel,Actual,VT240091,Contractor,MTS,P15311,Sale,2024-05-27,2024-05-24,2024-05-24,18897.61,1.0
CT-F-99-020527,PEM102-OLD,Omni Channel,Actual,CT240036,private company,MTS,P15384,Sale,2024-05-27,2024-05-27,2024-05-27,40048.05,3.0
VT-F-99-010722,PPS,Tendering,Actual,CTR-2024-03052,การไฟฟ้าส่วนภูมิภาค เขต 3  (ภาคกลาง),,P13054,Sale,2024-08-30,2024-05-28,2024-05-28,145080.0,3.0
VT-F-99-010722,PPS,Tendering,Actual,CTR-2024-03053,การไฟฟ้าส่วนภูมิภาค เขต 3  (ภาคกลาง),MTO,P13054,Sale,2024-08-30,2024-05-28,2024-05-28,48360.0,1.0
VT-F-99-010721,PEM102-OLD,Omni Channel,Actual,VT240091,,MTS,P15311,Sale,2024-05-29,2024-05-28,2024-05-28,18897.61,1.0
CT-F-99-020527,PEM102-OLD,Omni Channel,Actual,"CT230269,CT240036",,MTS,P33758,Sale,2024-05-29,2024-05-28,2024-05-28,40048.05,3.0
VT-F-99-010203,PEM102-OLD,Omni Channel,Actual,VT240038,Smart Shop,MTS,P3555,Sale,2024-05-31,2024-05-28,2024-05-28,123752.3,14.0
CT-F-99-020501,PEM102-OLD,Omni Channel,Actual,CT240005,Smart Shop,MTS,P2063,Sale,2024-05-31,2024-05-28,2024-05-28,52317.76,8.0
CT-F-99-020502,PEM102-OLD,Omni Channel,Actual,CT240040,Smart Shop,MTS,P1744,Sale,2024-05-31,2024-05-28,2024-05-28,41876.04,6.0
CT-F-99-020503,PEM102-OLD,Omni Channel,Actual,CT240041,Contractor,MTS,P1745,Sale,2024-06-07,2024-05-28,2024-05-28,20355.72,3.0
VT-F-99-010721,PEM102-OLD,Omni Channel,Actual,VT240091,Contractor,MTS,P15311,Sale,2024-06-07,2024-05-28,2024-05-28,37795.22,2.0
CT-F-99-020503,PEM102-OLD,Omni Channel,Actual,CT240041,Contractor,MTS,P1745,Sale,2024-06-07,2024-05-28,2024-05-28,20355.72,3.0
CT-F-99-020506,PEM102-OLD,Omni Channel,Actual,CT240095,Contractor,MTS,P1748,Sale,2024-06-07,2024-05-28,2024-05-28,23068.53,3.0
VT-F-99-010722,PEM102-OLD,Omni Channel,Actual,VT240079,Inside Group,MTS,P13054,Sale,2024-06-28,2024-05-28,2024-05-28,82117.8,3.0
VT-F-99-010722,PEM102-OLD,Omni Channel,Actual,VT240089,Inside Group,MTS,P13054,Sale,2024-06-28,2024-05-28,2024-05-28,27372.6,1.0
VT-F-99-010203,PEM102-OLD,Omni Channel,Actual,VT240038,Smart Shop,MTS,P3555,Sale,2024-06-27,2024-05-28,2024-05-28,17678.9,2.0
CT-F-99-020507,PEM102-OLD,Omni Channel,Actual,CT240088,Smart Shop,MTS,P1749,Sale,2024-06-27,2024-05-28,2024-05-28,15571.34,2.0
RS-F-99-090028,PEM102-OLD,Omni Channel,Actual,"RS240130,RS240131,RS240132,RS2",Small Enduser,MTO,P36267,Sale,2024-09-04,2024-05-29,2024-05-29,4390631.6,2020.0
VT-F-99-010721,PEM102-OLD,Omni Channel,Actual,VT240091,Smart Shop,MTS,P15311,Sale,2024-06-20,2024-05-30,2024-05-30,18897.61,1.0
CT-F-99-020510,PEM102-OLD,Omni Channel,Actual,CT240047,Smart Shop,MTS,P1751,Sale,2024-06-20,2024-05-30,2024-05-30,26188.14,3.0
VT-F-99-010721,PEM102-OLD,Omni Channel,Actual,VT240091,Contractor,MTS,P15311,Sale,2024-06-20,2024-05-30,2024-05-30,18897.61,1.0
RS-F-99-090026,PEM102-OLD,Omni Channel,Actual,"RS240186,RS240187",Small Enduser,MTO,P36268,Sale,2024-08-08,2024-05-30,2024-05-30,1648768.12,772.0
CT-F-99-020704,PEM102-OLD,Omni Channel,Actual,CT240142,Contractor,MTO,P1769,Sale,2024-07-10,2024-05-31,2024-05-31,22448.16,3.0
VT-F-99-010818,PEM102-OLD,Omni Channel,Actual,VT240098,Contractor,MTO,P6126,Sale,2024-07-10,2024-05-31,2024-05-31,23296.44,1.0
CT-F-99-020501,PPD101,Omni Channel,Actual,,Foreign Industry,MTO,P2063,Sale,2024-08-08,2024-03-19,2024-03-19,279000.0,30.0
VT-F-99-010203,PEM102-OLD,Omni Channel,Actual,VT240038,Smart Shop,MTS,P3555,Sale,2024-06-07,2024-06-04,2024-06-04,17678.9,2.0
CT-F-99-020511,PEM102-OLD,Omni Channel,Actual,CT230342,Smart Shop,MTS,P1752,Sale,2024-06-07,2024-06-04,2024-06-04,17798.52,2.0
VT-F-99-010715,PEM102-OLD,Omni Channel,Actual,VT240035,Contractor,MTS,P15837,Sale,2024-06-14,2024-06-04,2024-06-04,18522.81,1.0
CT-F-99-020507,PEM102-OLD,Omni Channel,Actual,CT240088,Contractor,MTS,P1749,Sale,2024-06-14,2024-06-04,2024-06-04,23357.01,3.0
VT-F-99-010203,PEM102-OLD,Omni Channel,Actual,VT240038,Dealer,MTS,P3555,Sale,2024-06-06,2024-06-04,2024-06-04,17678.9,2.0
CT-F-99-020501,PEM102-OLD,Omni Channel,Actual,CT240005,Dealer,MTS,P2063,Sale,2024-06-06,2024-06-04,2024-06-04,13079.44,2.0
CT-F-99-020504,PEM102-OLD,Omni Channel,Actual,"VT240091,CT230382",Contractor,MTS,P1746,Sale,2024-06-20,2024-05-30,2024-05-30,21676.68,3.0
RS-F-99-090003,PEM102-OLD,Omni Channel,Actual,RS240190,Contractor,MTO,P1403,Sale,2024-06-07,2024-06-05,2024-06-05,3310.05,3.0
RS-F-99-041001,PEM102-OLD,Omni Channel,Actual,RS240152,Cambodia,MTS,P5013,Sale,2024-06-28,2024-05-17,2024-05-17,211687.68,24.0
RS-F-99-041002,PEM102-OLD,Omni Channel,Actual,RS240153,Cambodia,MTO,P5014,Sale,2024-06-28,2024-05-17,2024-05-17,116590.24,13.0
RS-F-99-041034,PEM102-OLD,Omni Channel,Actual,"RS240154,RS240168",Cambodia,MTS,P4245,Sale,2024-08-09,2024-05-17,2024-05-17,220065.84,24.0
VT-F-99-010721,PEM102-OLD,Omni Channel,Actual,VT240091,Contractor,MTS,P15311,Sale,2024-06-14,2024-06-06,2024-06-06,18897.61,1.0
CT-F-99-020527,PEM102-OLD,Omni Channel,Actual,CT240036,Contractor,MTS,P15384,Sale,2024-06-14,2024-06-06,2024-06-06,40048.05,3.0
VT-F-99-010721,PEM102-OLD,Omni Channel,Actual,VT240091,Smart Shop,MTS,P15311,Sale,2024-06-08,2024-06-06,2024-06-06,18897.61,1.0
CT-F-99-020508,PEM102-OLD,Omni Channel,Actual,CT240089,Smart Shop,MTS,P1750,Sale,2024-06-08,2024-06-06,2024-06-06,25954.11,3.0
RS-F-99-070004,PEM102-OLD,Omni Channel,Actual,RS190334,Smart Shop,MTS,P1794,Sale,2024-06-07,2024-06-06,2024-06-06,1812.0,6.0
VT-F-99-010202,PEM102-OLD,Omni Channel,Actual,"VT230086,VT240050,VT240084",Cambodia,MTS,P1320,Sale,2024-06-28,2024-06-06,2024-06-06,54958.92,6.0
CT-F-99-020526,PEM102-OLD,Omni Channel,Actual,CT240102,End User,MTS,P15464,Sale,2024-06-10,2024-06-07,2024-06-07,45328.56,3.0
RS-F-99-070002,PPD101,Omni Channel,Actual,,Foreign Industry,MTO,P0751,Sale,2024-08-08,2024-06-10,2024-06-10,82500.0,150.0
RS-F-99-070004,PPD101,Omni Channel,Actual,,Foreign Industry,,P0107,Sale,2024-08-08,2024-06-10,2024-06-10,38250.0,75.0
VT-F-99-010721,PEM102-OLD,Omni Channel,Actual,VT240091,End User,MTS,P15311,Sale,2024-07-12,2024-06-11,2024-06-11,38113.5,2.0
CT-F-99-020530,PEM102-OLD,Omni Channel,Actual,CT240117,End User,MTS,P15585,Sale,2024-07-12,2024-06-11,2024-06-11,43243.62,3.0
VT-F-99-010616,PEM102-OLD,Omni Channel,Actual,VT240101,Smart Shop,MTO,P7428,Sale,2024-07-05,2024-06-11,2024-06-11,63910.35,9.0
VT-F-99-010721,PEM102-OLD,Omni Channel,Actual,VT240071,Contractor,MTS,P15311,Sale,2024-06-25,2024-06-11,2024-06-11,19056.75,1.0
CT-F-99-020506,PEM102-OLD,Omni Channel,Actual,CT240095,Contractor,MTS,P1748,Sale,2024-06-25,2024-06-11,2024-06-11,22788.81,3.0
VT-F-99-010721,PEM102-OLD,Omni Channel,Actual,VT240091,Contractor,MTS,P15311,Sale,2024-06-25,2024-06-11,2024-06-11,19056.75,1.0
CT-F-99-020503,PEM102-OLD,Omni Channel,Actual,CT240041,Contractor,MTS,P1745,Sale,2024-06-25,2024-06-11,2024-06-11,20355.72,3.0
RS-F-99-090026,PEM102-OLD,Omni Channel,Actual,RS240194,Small Enduser,MTO,P36268,Sale,2024-08-08,2024-06-11,2024-06-11,8619.28,4.0
CT-F-99-020510,PEM102-OLD,Omni Channel,Actual,CT240047,Contractor,MTS,P1751,Sale,2024-06-28,2024-06-11,2024-06-11,26419.71,3.0
CT-F-99-020514,PPD101,Omni Channel,Actual,,Foreign Industry,MTO,P8916,Sale,2024-08-08,2024-06-12,2024-06-12,279000.0,30.0
VT-F-99-010203,PEM102-OLD,Omni Channel,Actual,VT240038,Contractor,MTS,P3555,Sale,2024-06-17,2024-06-12,2024-06-12,17678.9,2.0
CT-F-99-020506,PEM102-OLD,Omni Channel,Actual,CT240095,Contractor,MTS,P1748,Sale,2024-06-17,2024-06-12,2024-06-12,15192.54,2.0
RS-F-99-090003,PEM102-OLD,Omni Channel,Actual,RS240192,Contractor,MTO,P1403,Sale,2024-06-21,2024-06-12,2024-06-12,9959.67,9.0
VT-F-99-010721,PEM102-OLD,Omni Channel,Actual,VT240091,private company,MTS,P15311,Sale,2024-08-16,2024-06-12,2024-06-12,19056.75,1.0
CT-F-99-020527,PEM102-OLD,Omni Channel,Actual,CT240066,private company,MTS,P15384,Sale,2024-08-16,2024-06-12,2024-06-12,40511.46,3.0
CT-F-99-020528,PEM102-OLD,Omni Channel,Actual,CT240108,private company,MTS,P15568,Sale,2024-06-27,2024-06-12,2024-06-12,43315.95,3.0
VT-F-99-010721,PEM102-OLD,Omni Channel,Actual,VT240096,private company,MTS,P15311,Sale,2024-08-16,2024-06-12,2024-06-12,19056.75,1.0
CT-F-99-020527,PEM102-OLD,Omni Channel,Actual,CT240066,private company,MTS,P15384,Sale,2024-08-16,2024-06-12,2024-06-12,40511.46,3.0
VT-F-99-010721,PEM102-OLD,Omni Channel,Actual,VT240091,private company,MTS,P15311,Sale,2024-07-10,2024-06-12,2024-06-12,19056.75,1.0
CT-F-99-020504,PEM102-OLD,Omni Channel,Actual,CT240042,private company,MTS,P1746,Sale,2024-07-10,2024-06-12,2024-06-12,21676.68,3.0
VT-F-99-010721,PEM102-OLD,Omni Channel,Actual,VT240091,End User,MTS,P15311,Sale,2024-06-21,2024-06-12,2024-06-12,19056.75,1.0
CT-F-99-020506,PEM102-OLD,Omni Channel,Actual,CT240133,End User,MTS,P1748,Sale,2024-06-21,2024-06-12,2024-06-12,22788.81,3.0
VT-F-99-010721,PEM102-OLD,Omni Channel,Actual,VT240093,End User,MTS,P15311,Sale,2024-07-05,2024-06-13,2024-06-13,19056.75,1.0
CT-F-99-020506,PEM102-OLD,Omni Channel,Actual,CT240133,End User,MTS,P1748,Sale,2024-07-05,2024-06-13,2024-06-13,22788.81,3.0
VT-F-99-010722,PPS,Tendering,Actual,CTR-2024-03401,การไฟฟ้าส่วนภูมิภาค เขต 1 (ภาคกลาง),MTO,P13054,Sale,2024-07-26,2024-06-21,2024-06-21,1878786.0,39.0
VT-F-99-010203,PEM102-OLD,Omni Channel,Actual,VT240038,Smart Shop,MTS,P3555,Sale,2024-06-17,2024-06-13,2024-06-13,17678.9,2.0
CT-F-99-020502,PEM102-OLD,Omni Channel,Actual,CT240040,Smart Shop,MTS,P1744,Sale,2024-06-17,2024-06-13,2024-06-13,13958.68,2.0
VT-F-99-010721,PEM102-OLD,Omni Channel,Actual,VT240091,Contractor,MTS,P15311,Sale,2024-06-21,2024-06-13,2024-06-13,19056.75,1.0
CT-F-99-020504,PEM102-OLD,Omni Channel,Actual,CT240042,Contractor,MTS,P1746,Sale,2024-06-21,2024-06-13,2024-06-13,21676.68,3.0
VT-F-99-010203,PEM102-OLD,Omni Channel,Actual,VT240038,Smart Shop,MTS,P3555,Sale,2024-06-14,2024-06-14,2024-06-14,17678.9,2.0
CT-F-99-020502,PEM102-OLD,Omni Channel,Actual,CT240040,Smart Shop,MTS,P1744,Sale,2024-06-14,2024-06-14,2024-06-14,13958.68,2.0
VT-F-99-010203,PEM102-OLD,Omni Channel,Actual,VT230115,Smart Shop,MTS,P3555,Sale,2024-06-26,2024-06-14,2024-06-14,8839.45,1.0
CT-F-99-020510,PEM102-OLD,Omni Channel,Actual,CT240047,Contractor,MTS,P1751,Sale,2024-06-25,2024-06-14,2024-06-14,26188.14,3.0
VT-F-99-010203,PEM102-OLD,Omni Channel,Actual,VT240038,Smart Shop,MTS,P3555,Sale,2024-06-21,2024-06-14,2024-06-14,53036.7,6.0
RS-F-99-070004,PEM102-OLD,Omni Channel,Actual,RS240199,Contractor / Private / End user,MTS,P1794,Sale,2024-08-15,2024-06-14,2024-06-14,22410.0,75.0
RS-F-99-070002,PEM102-OLD,Omni Channel,Actual,RS240198,Contractor / Private / End user,MTS,P1799,Sale,2024-08-15,2024-06-14,2024-06-14,62403.0,150.0
CT-F-99-020505,PEM102-OLD,Omni Channel,Actual,CT240043,Smart Shop,MTS,P1747,Sale,2024-06-21,2024-06-14,2024-06-14,27543.56,4.0
CT-F-99-020503,PEM102-OLD,Omni Channel,Actual,CT240041,Smart Shop,MTS,P1745,Sale,2024-06-21,2024-06-14,2024-06-14,13570.48,2.0
CT-F-99-020514,PEM102-OLD,Omni Channel,Actual,CT240152,Contractor / Private / End user,MTO,P8916,Sale,2024-08-15,2024-06-14,2024-06-14,208511.1,30.0
VT-F-99-010721,PEM102-OLD,Omni Channel,Actual,VT240091,private company,MTS,P15311,Sale,2024-06-18,2024-06-17,2024-06-17,19056.75,1.0
VT-F-99-010202,PEM102-OLD,Omni Channel,Actual,VT240099,Cambodia,MTS,P1320,Sale,2024-07-31,2024-06-06,2024-06-06,36639.28,4.0
CT-F-99-020507,PEM102-OLD,Omni Channel,Actual,CT240088,Smart Shop,MTS,P1749,Sale,2024-06-19,2024-06-17,2024-06-17,15063.84,2.0
CT-F-99-020508,PEM102-OLD,Omni Channel,Actual,CT240089,Contractor,MTS,P1750,Sale,2024-08-30,2024-06-17,2024-06-17,25954.11,3.0
CT-F-99-020507,PEM102-OLD,Omni Channel,Actual,CT240088,Contractor,MTS,P1749,Sale,2024-08-30,2024-06-17,2024-06-17,15063.84,2.0
VT-F-99-010203,PEM102-OLD,Omni Channel,Actual,VT240038,Contractor,MTS,P3555,Sale,2024-08-30,2024-06-17,2024-06-17,17678.9,2.0
CT-F-99-020522,PEM102-OLD,Omni Channel,Actual,CT240154,Dealer,MTO,P15309,Sale,2024-08-30,2024-06-17,2024-06-17,39643.95,3.0
VT-F-99-010721,PEM102-OLD,Omni Channel,Actual,VT240096,Dealer,MTS,P15311,Sale,2024-08-30,2024-06-17,2024-06-17,19056.75,1.0
VT-F-99-010203,PEM102-OLD,Omni Channel,Actual,VT240038,End User,MTS,P3555,Sale,2024-06-25,2024-06-18,2024-06-18,53036.7,6.0
CT-F-99-020501,PEM102-OLD,Omni Channel,Actual,CT240039,End User,MTS,P15555,Sale,2024-06-25,2024-06-18,2024-06-18,26158.88,4.0
CT-F-99-020502,PEM102-OLD,Omni Channel,Actual,CT240040,End User,MTS,P1744,Sale,2024-06-25,2024-06-18,2024-06-18,27917.36,4.0
CT-F-99-020506,PEM102-OLD,Omni Channel,Actual,"CT240081,CT240095",End User,MTS,P1748,Sale,2024-06-25,2024-06-18,2024-06-18,30385.08,4.0
CT-F-99-020534,PEM102-OLD,Omni Channel,Actual,CT240155,Contractor,MTO,P29893,Sale,2024-07-18,2024-06-18,2024-06-18,44720.94,3.0
VT-F-99-010721,PEM102-OLD,Omni Channel,Actual,VT240093,Contractor,MTS,P15311,Sale,2024-06-19,2024-06-19,2024-06-19,19056.75,1.0
CT-F-99-020508,PEM102-OLD,Omni Channel,Actual,CT240089,Contractor,MTS,P1750,Sale,2024-06-19,2024-06-19,2024-06-19,25954.11,3.0
VT-F-99-010203,PEM102-OLD,Omni Channel,Actual,VT240038,Smart Shop,MTS,P3555,Sale,2024-06-21,2024-06-19,2024-06-19,17678.9,2.0
CT-F-99-020510,PEM102-OLD,Omni Channel,Actual,CT240073,Smart Shop,MTS,P1751,Sale,2024-06-21,2024-06-19,2024-06-19,17613.14,2.0
VT-F-99-010721,PEM102-OLD,Omni Channel,Actual,VT240093,Smart Shop,MTS,P15311,Sale,2024-07-02,2024-06-19,2024-06-19,19056.75,1.0
CT-F-99-020526,PEM102-OLD,Omni Channel,Actual,CT240102,Smart Shop,MTS,P15464,Sale,2024-07-02,2024-06-19,2024-06-19,45328.56,3.0
VT-F-99-010203,PEM102-OLD,Omni Channel,Actual,VT240038,Smart Shop,MTS,P3555,Sale,2024-07-02,2024-06-19,2024-06-19,17678.9,2.0
CT-F-99-020511,PEM102-OLD,Omni Channel,Actual,CT230131,Smart Shop,MTS,P1752,Sale,2024-07-02,2024-06-19,2024-06-19,17798.52,2.0
CT-F-99-020530,PEM102-OLD,Omni Channel,Actual,CT240132,Contractor,MTS,P15585,Sale,2024-07-31,2024-06-14,2024-06-14,43243.62,3.0
CT-F-99-020506,PEM102-OLD,Omni Channel,Actual,CT240133,Contractor,MTS,P1748,Sale,2024-06-21,2024-06-20,2024-06-20,22788.81,3.0
VT-F-99-010721,PEM102-OLD,Omni Channel,Actual,VT240093,Contractor,MTS,P15311,Sale,2024-06-22,2024-06-20,2024-06-20,19056.75,1.0
CT-F-99-020508,PEM102-OLD,Omni Channel,Actual,CT240089,Contractor,MTS,P1750,Sale,2024-06-22,2024-06-20,2024-06-20,25954.11,3.0
VT-F-99-010721,PEM102-OLD,Omni Channel,Actual,VT240093,Contractor,MTS,P15311,Sale,2024-06-22,2024-06-20,2024-06-20,19056.75,1.0
CT-F-99-020508,PEM102-OLD,Omni Channel,Actual,CT240089,Contractor,MTS,P1750,Sale,2024-06-22,2024-06-20,2024-06-20,25954.11,3.0
CT-F-99-020527,PEM102-OLD,Omni Channel,Actual,CT240140,Contractor,MTS,P15384,Sale,2024-07-04,2024-06-20,2024-06-20,40511.46,3.0
VT-F-99-010721,PEM102-OLD,Omni Channel,Actual,VT240093,Contractor,MTS,P15311,Sale,2024-06-21,2024-06-20,2024-06-20,19056.75,1.0
CT-F-99-020505,PEM102-OLD,Omni Channel,Actual,CT240043,Contractor,MTS,P1747,Sale,2024-06-21,2024-06-20,2024-06-20,20657.67,3.0
VT-F-99-010721,PEM102-OLD,Omni Channel,Actual,VT240093,Contractor,MTS,P15311,Sale,2024-07-04,2024-06-20,2024-06-20,19056.75,1.0
CT-F-99-020530,PEM102-OLD,Omni Channel,Actual,CT240132,Contractor,MTS,P15585,Sale,2024-07-04,2024-06-20,2024-06-20,43243.62,3.0
VT-F-99-010721,PEM102-OLD,Omni Channel,Actual,VT240093,Contractor,MTS,P15311,Sale,2024-06-25,2024-06-20,2024-06-20,19056.75,1.0
CT-F-99-020507,PEM102-OLD,Omni Channel,Actual,CT240088,Contractor,MTS,P1749,Sale,2024-06-25,2024-06-20,2024-06-20,22595.76,3.0
VT-F-99-010303,PEM102-OLD,Omni Channel,Actual,VT230027,Contractor,MTO,P7218,Sale,2024-06-27,2024-06-20,2024-06-20,9863.59,1.0
VT-F-99-010203,PEM102-OLD,Omni Channel,Actual,VT240038,Contractor,MTS,P3555,Sale,2024-06-26,2024-06-20,2024-06-20,17678.9,2.0
CT-F-99-020502,PEM102-OLD,Omni Channel,Actual,CT240040,Contractor,MTS,P1744,Sale,2024-06-26,2024-06-20,2024-06-20,13958.68,2.0
VT-F-99-010203,PEM102-OLD,Omni Channel,Actual,VT240038,Smart Shop,MTS,P3555,Sale,2024-06-26,2024-06-21,2024-06-21,17678.9,2.0
CT-F-99-020502,PEM102-OLD,Omni Channel,Actual,CT240040,Smart Shop,MTS,P1744,Sale,2024-06-26,2024-06-21,2024-06-21,13958.68,2.0
VT-F-99-010721,PEM102-OLD,Omni Channel,Actual,VT240093,Contractor,MTS,P15311,Sale,2024-07-10,2024-06-21,2024-06-21,19056.75,1.0
CT-F-99-020508,PEM102-OLD,Omni Channel,Actual,CT240089,Contractor,MTS,P1750,Sale,2024-07-10,2024-06-21,2024-06-21,25954.11,3.0
VT-F-99-010721,PEM102-OLD,Omni Channel,Actual,VT240091,Contractor,MTS,P15311,Sale,2024-06-24,2024-06-21,2024-06-21,19056.75,1.0
CT-F-99-020505,PEM102-OLD,Omni Channel,Actual,CT240043,Contractor,MTS,P1747,Sale,2024-06-24,2024-06-21,2024-06-21,20657.67,3.0
VT-F-99-010819,PEM102-OLD,Omni Channel,Actual,VT240087,Contractor,MTS,P15865,Sale,2024-08-01,2024-06-21,2024-06-21,25210.17,1.0
CT-F-99-020708,PEM102-OLD,Omni Channel,Actual,CT240151,Contractor,MTO,P1773,Sale,2024-08-01,2024-06-21,2024-06-21,27176.13,3.0
VT-F-99-010819,PEM102-OLD,Omni Channel,Actual,VT240087,Contractor,MTS,P15865,Sale,2024-07-04,2024-06-21,2024-06-21,25210.17,1.0
CT-F-99-020702,PEM102-OLD,Omni Channel,Actual,CT240146,Contractor,MTO,P1767,Sale,2024-07-04,2024-06-21,2024-06-21,22993.65,3.0
CT-F-99-020708,PEM102-OLD,Omni Channel,Actual,CT240151,Contractor,MTO,P1773,Sale,2024-07-04,2024-06-21,2024-06-21,18117.42,2.0
VT-F-99-010303,PEM102-OLD,Omni Channel,Actual,VT230027,Contractor,MTO,P7218,Sale,2024-07-04,2024-06-21,2024-06-21,19727.18,2.0
CT-F-99-020504,PEM102-OLD,Omni Channel,Actual,CT240042,Contractor,MTS,P1746,Sale,2024-07-05,2024-06-21,2024-06-21,21676.68,3.0
VT-F-99-010721,PEM102-OLD,Omni Channel,Actual,VT240093,Contractor,MTS,P15311,Sale,2024-06-22,2024-06-21,2024-06-21,19056.75,1.0
CT-F-99-020530,PEM102-OLD,Omni Channel,Actual,CT240132,Contractor,MTS,P15585,Sale,2024-06-22,2024-06-21,2024-06-21,43243.62,3.0
VT-F-99-010722,PEM102-OLD,Omni Channel,Actual,VT240109,Local Industry,MTS,P13054,Sale,2024-07-12,2024-06-21,2024-06-21,222350.4,8.0
VT-F-99-010715,PEM102-OLD,Omni Channel,Actual,VT240035,Contractor,MTS,P15837,Sale,2024-08-01,2024-06-24,2024-06-24,18122.52,1.0
CT-F-99-020506,PEM102-OLD,Omni Channel,Actual,CT240133,Contractor,MTS,P1748,Sale,2024-08-01,2024-06-24,2024-06-24,22788.81,3.0
CT-F-99-020705,PEM102-OLD,Omni Channel,Actual,CT230377,Contractor,MTO,P1770,Sale,2024-07-31,2024-06-24,2024-06-24,23585.61,3.0
VT-F-99-010818,PEM102-OLD,Omni Channel,Actual,VT240110,Contractor,MTO,P6126,Sale,2024-07-31,2024-06-24,2024-06-24,23547.91,1.0
CT-F-99-020504,PEM102-OLD,Omni Channel,Actual,CT240042,Contractor,MTS,P1746,Sale,2024-08-05,2024-06-24,2024-06-24,14451.12,2.0
VT-F-99-010203,PEM102-OLD,Omni Channel,Actual,VT240038,Contractor,MTS,P3555,Sale,2024-08-05,2024-06-24,2024-06-24,17678.9,2.0
RS-F-99-041002,PEM102-OLD,Omni Channel,Actual,RS240153,Cambodia,MTO,P5014,Sale,2024-08-09,2024-05-17,2024-05-17,44842.4,5.0
VT-F-99-010203,PEM102-OLD,Omni Channel,Actual,VT240038,Smart Shop,MTS,P3555,Sale,2024-06-26,2024-06-24,2024-06-24,17678.9,2.0
CT-F-99-020506,PEM102-OLD,Omni Channel,Actual,CT240095,Factory,MTS,P1748,Sale,2024-06-27,2024-06-25,2024-06-25,15192.54,2.0
VT-F-99-010203,PEM102-OLD,Omni Channel,Actual,VT240038,Factory,MTS,P3555,Sale,2024-06-27,2024-06-25,2024-06-25,17678.9,2.0
VT-F-99-010721,PEM102-OLD,Omni Channel,Actual,VT240091,Contractor,MTS,P15311,Sale,2024-07-01,2024-06-25,2024-06-25,19056.75,1.0
CT-F-99-020504,PEM102-OLD,Omni Channel,Actual,CT240042,Contractor,MTS,P1746,Sale,2024-07-01,2024-06-25,2024-06-25,21676.68,3.0
VT-F-99-010721,PEM102-OLD,Omni Channel,Actual,VT240093,End User,MTS,P15311,Sale,2024-07-03,2024-06-25,2024-06-25,19056.75,1.0
CT-F-99-020506,PEM102-OLD,Omni Channel,Actual,CT240133,End User,MTS,P1748,Sale,2024-07-03,2024-06-25,2024-06-25,22788.81,3.0
RS-F-99-070004,PEM102-OLD,Omni Channel,Actual,RS240207,Cambodia,MTS,P1794,Sale,2024-07-18,2024-06-25,2024-06-25,17928.0,60.0
RS-F-99-070005,PEM102-OLD,Omni Channel,Actual,RS240208,Cambodia,MTS,P1796,Sale,2024-07-18,2024-06-25,2024-06-25,12668.04,42.0
RS-F-99-041015,PEM102-OLD,Omni Channel,Actual,RS240214,Cambodia,MTS,P3375,Sale,2024-09-10,2024-06-25,2024-06-25,57902.82,6.0
RS-F-99-041033,PEM102-OLD,Omni Channel,Actual,RS240211,Cambodia,MTS,P4244,Sale,2024-08-27,2024-06-25,2024-06-25,54645.24,6.0
RS-F-99-041010,PEM102-OLD,Omni Channel,Actual,RS240216,Cambodia,MTS,P4246,Sale,2024-07-18,2024-06-25,2024-06-25,56834.82,6.0
RS-F-99-041001,PEM102-OLD,Omni Channel,Actual,RS240209,Cambodia,MTS,P5013,Sale,2024-07-18,2024-06-25,2024-06-25,252914.48,28.0
RS-F-99-041002,PEM102-OLD,Omni Channel,Actual,RS240210,Cambodia,MTO,P5014,Sale,2024-08-27,2024-06-25,2024-06-25,165402.54,18.0
RS-F-99-041004,PEM102-OLD,Omni Channel,Actual,RS240213,Cambodia,MTS,P5016,Sale,2024-08-06,2024-06-25,2024-06-25,56762.46,6.0
RS-F-99-041005,PEM102-OLD,Omni Channel,Actual,RS240215,Cambodia,MTS,P5017,Sale,2024-07-18,2024-06-25,2024-06-25,88633.17,9.0
RS-F-99-041006,PEM102-OLD,Omni Channel,Actual,RS240217,Cambodia,MTS,P5018,Sale,2024-09-10,2024-06-25,2024-06-25,57905.22,6.0
CT-F-99-020502,PEM102-OLD,Omni Channel,Actual,CT240164,Contractor / Private / End user,MTS,P1744,Sale,2024-08-15,2024-06-25,2024-06-25,69793.4,10.0
CT-F-99-020503,PEM102-OLD,Omni Channel,Actual,CT240165,Contractor / Private / End user,MTS,P1745,Sale,2024-08-15,2024-06-25,2024-06-25,67852.4,10.0
CT-F-99-020514,PEM102-OLD,Omni Channel,Actual,CT240163,Contractor / Private / End user,MTO,P8916,Sale,2024-08-15,2024-06-25,2024-06-25,69503.7,10.0
VT-F-99-010721,PEM102-OLD,Omni Channel,Actual,VT240093,Smart Shop,MTS,P15311,Sale,2024-06-28,2024-06-26,2024-06-26,19056.75,1.0
CT-F-99-020524,PEM102-OLD,Omni Channel,Actual,CT240107,Smart Shop,MTS,P15310,Sale,2024-06-28,2024-06-26,2024-06-26,39092.37,3.0
VT-F-99-010203,PEM102-OLD,Omni Channel,Actual,VT240038,Smart Shop,MTS,P3555,Sale,2024-06-28,2024-06-26,2024-06-26,17678.9,2.0
CT-F-99-020504,PEM102-OLD,Omni Channel,Actual,CT240042,Smart Shop,MTS,P1746,Sale,2024-06-28,2024-06-26,2024-06-26,14451.12,2.0
CT-F-99-020505,PEM102-OLD,Omni Channel,Actual,CT240043,Contractor,MTS,P1747,Sale,2024-07-10,2024-06-26,2024-06-26,20657.67,3.0
VT-F-99-010721,PEM102-OLD,Omni Channel,Actual,VT240093,Contractor,MTS,P15311,Sale,2024-07-10,2024-06-26,2024-06-26,19056.75,1.0
CT-F-99-020506,PEM102-OLD,Omni Channel,Actual,CT240133,Contractor,MTS,P1748,Sale,2024-11-29,2024-06-26,2024-06-26,22788.81,3.0
VT-F-99-010721,PEM102-OLD,Omni Channel,Actual,VT240093,Contractor,MTS,P15311,Sale,2024-11-29,2024-06-26,2024-06-26,19056.75,1.0
VT-F-99-010819,PEM102-OLD,Omni Channel,Actual,VT240087,Contractor,MTS,P15865,Sale,2024-07-09,2024-06-26,2024-06-26,25210.17,1.0
CT-F-99-020706,PEM102-OLD,Omni Channel,Actual,CT240166,Contractor,MTO,P1771,Sale,2024-07-09,2024-06-26,2024-06-26,23622.06,3.0
VT-F-99-010721,PEM102-OLD,Omni Channel,Actual,VT240093,End User,MTS,P15311,Sale,2024-07-12,2024-06-27,2024-06-27,19056.75,1.0
CT-F-99-020504,PEM102-OLD,Omni Channel,Actual,CT240042,End User,MTS,P1746,Sale,2024-07-12,2024-06-27,2024-06-27,21676.68,3.0
CT-F-99-020503,PEM102-OLD,Omni Channel,Actual,CT240041,Contractor,MTS,P1745,Sale,2024-07-04,2024-06-27,2024-06-27,13570.48,2.0
VT-F-99-010203,PEM102-OLD,Omni Channel,Actual,VT240038,Contractor,MTS,P3555,Sale,2024-07-04,2024-06-27,2024-06-27,17678.9,2.0
VT-F-99-010721,PEM102-OLD,Omni Channel,Actual,VT240159,Contractor,MTS,P15311,Sale,2024-11-29,2024-06-27,2024-06-27,19056.75,1.0
CT-F-99-020503,PEM102-OLD,Omni Channel,Actual,CT240235,Contractor,MTS,P1745,Sale,2024-11-29,2024-06-27,2024-06-27,20355.72,3.0
VT-F-99-010203,PPD101,Omni Channel,Actual,,Foreign Industry,MTO,P3555,Sale,2025-03-12,2024-03-19,2024-03-19,656100.0,54.0
VT-F-99-010721,PEM102-OLD,Omni Channel,Actual,VT240093,Dealer,MTS,P15311,Sale,2024-07-08,2024-06-28,2024-06-28,19056.75,1.0
CT-F-99-020526,PEM102-OLD,Omni Channel,Actual,"CT240084,CT240102",Dealer,MTS,P15464,Sale,2024-07-08,2024-06-28,2024-06-28,45328.56,3.0
VT-F-99-010721,PEM102-OLD,Omni Channel,Actual,VT240096,Dealer,MTS,P15311,Sale,2024-07-08,2024-06-28,2024-06-28,38113.5,2.0
CT-F-99-020526,PEM102-OLD,Omni Channel,Actual,CT240124,Dealer,MTS,P15464,Sale,2024-07-08,2024-06-28,2024-06-28,90657.12,6.0
VT-F-99-010209,PEM102-OLD,Omni Channel,Actual,VT240112,End User,MTO,P10113,Sale,2024-07-15,2024-06-28,2024-06-28,16862.54,2.0
CT-F-99-020505,PEM102-OLD,Omni Channel,Actual,CT240043,End User,MTS,P1747,Sale,2024-07-15,2024-06-28,2024-06-28,13771.78,2.0
VT-F-99-010721,PEM102-OLD,Omni Channel,Actual,VT240091,,MTS,P15311,Sale,2024-07-03,2024-06-28,2024-06-28,19056.75,1.0
CT-F-99-020504,PEM102-OLD,Omni Channel,Actual,"CT240042,CT240086",,MTS,P1746,Sale,2024-07-03,2024-06-28,2024-06-28,21676.68,3.0
CT-F-99-020506,PEM102-OLD,Omni Channel,Actual,CT240133,Metropolitan Electricity Authority (MEA),MTS,P1748,Sale,2024-07-28,2024-06-28,2024-06-28,22788.81,3.0
VT-F-99-010721,PEM102-OLD,Omni Channel,Actual,VT240096,Smart Shop,MTS,P15311,Sale,2024-07-04,2024-07-01,2024-07-01,19056.75,1.0
CT-F-99-020508,PEM102-OLD,Omni Channel,Actual,CT240089,Smart Shop,MTS,P1750,Sale,2024-07-04,2024-07-01,2024-07-01,25954.11,3.0
VT-F-99-010819,PEM102-OLD,Omni Channel,Actual,VT240087,Contractor,MTS,P15865,Sale,2024-07-19,2024-07-01,2024-07-01,50420.34,2.0
CT-F-99-020704,PEM102-OLD,Omni Channel,Actual,CT240167,Contractor,MTO,P1769,Sale,2024-07-19,2024-07-01,2024-07-01,22522.92,3.0
CT-F-99-020706,PEM102-OLD,Omni Channel,Actual,CT240168,Contractor,MTO,P1771,Sale,2024-07-19,2024-07-01,2024-07-01,23622.06,3.0
VT-F-99-010721,PEM102-OLD,Omni Channel,Actual,VT240093,private company,MTS,P15311,Sale,2024-07-11,2024-07-02,2024-07-02,19056.75,1.0
CT-F-99-020527,PEM102-OLD,Omni Channel,Actual,VT240093,private company,MTS,P15384,Sale,2024-07-11,2024-07-02,2024-07-02,40511.46,3.0
VT-F-99-010715,PEM102-OLD,Omni Channel,Actual,VT240090,Contractor,MTS,P15837,Sale,2024-08-30,2024-07-03,2024-07-03,18122.52,1.0
CT-F-99-020503,PEM102-OLD,Omni Channel,Actual,CT240041,Contractor,MTS,P1745,Sale,2024-08-30,2024-07-03,2024-07-03,20355.72,3.0
CT-F-99-020527,PEM102-OLD,Omni Channel,Actual,CT240140,Contractor,MTS,P15384,Sale,2024-07-17,2024-07-03,2024-07-03,40511.46,3.0
VT-F-99-010819,PEM102-OLD,Omni Channel,Actual,VT240087,Contractor,MTS,P15865,Sale,2024-07-26,2024-07-03,2024-07-03,25210.17,1.0
CT-F-99-020730,PEM102-OLD,Omni Channel,Actual,CT240170,Contractor,MTO,P30836,Sale,2024-07-26,2024-07-03,2024-07-03,49610.19,3.0
VT-F-99-010715,PEM102-OLD,Omni Channel,Actual,VT240090,VSPP/SPP,MTS,P15837,Sale,2024-07-10,2024-07-03,2024-07-03,18522.81,1.0
CT-F-99-020504,PEM102-OLD,Omni Channel,Actual,CT240086,VSPP/SPP,MTS,P1746,Sale,2024-07-10,2024-07-03,2024-07-03,21676.68,3.0
CT-F-99-020504,PEM102-OLD,Omni Channel,Actual,CT240086,Smart Shop,MTS,P1746,Sale,2024-07-18,2024-07-03,2024-07-03,14451.12,2.0
VT-F-99-010721,PEM102-OLD,Omni Channel,Actual,VT240096,Contractor,MTS,P15311,Sale,2024-10-31,2024-07-04,2024-07-04,38113.5,2.0
CT-F-99-020505,PEM102-OLD,Omni Channel,Actual,CT240043,Contractor,MTS,P1747,Sale,2024-10-31,2024-07-04,2024-07-04,20657.67,3.0
VT-F-99-010701,PEM102-OLD,Omni Channel,Actual,VT240092,End User,MTS,P2889,Sale,2024-07-10,2024-07-04,2024-07-04,19756.78,1.0
VT-F-99-010722,PEM102-OLD,Omni Channel,Actual,"VT240065,VT240094",Inside Group,MTS,P13054,Sale,2024-07-19,2024-07-05,2024-07-05,1083958.2,39.0
CT-F-99-020506,PEM102-OLD,Omni Channel,Actual,CT240133,Contractor,MTS,P1748,Sale,2024-10-31,2024-07-04,2024-07-04,22033.8,3.0
VT-F-99-010721,PEM102-OLD,Omni Channel,Actual,VT240096,Smart Shop,MTS,P15311,Sale,2024-07-18,2024-07-08,2024-07-08,19282.07,1.0
CT-F-99-020503,PEM102-OLD,Omni Channel,Actual,CT240041,Smart Shop,MTS,P1745,Sale,2024-07-18,2024-07-08,2024-07-08,20779.41,3.0
VT-F-99-010303,PEM102-OLD,Omni Channel,Actual,VT230027,Contractor,MTO,P7218,Sale,2024-07-08,2024-07-08,2024-07-08,9863.59,1.0
RS-F-99-090028,PEM102-OLD,Omni Channel,Actual,RS240245,Small Enduser,MTO,P36267,Sale,2024-07-16,2024-07-09,2024-07-09,6418.05,3.0
VT-F-99-010721,PEM102-OLD,Omni Channel,Actual,VT240096,Contractor,MTS,P15311,Sale,2024-07-12,2024-07-10,2024-07-10,38564.14,2.0
CT-F-99-020504,PEM102-OLD,Omni Channel,Actual,CT240086,Contractor,MTS,P1746,Sale,2024-07-12,2024-07-10,2024-07-10,20621.55,3.0
CT-F-99-020507,PEM102-OLD,Omni Channel,Actual,CT240088,Contractor,MTS,P1749,Sale,2024-07-12,2024-07-10,2024-07-10,22595.76,3.0
VT-F-99-010721,PEM102-OLD,Omni Channel,Actual,VT240096,,MTS,P15311,Sale,2024-07-19,2024-07-10,2024-07-10,19282.07,1.0
CT-F-99-020507,PEM102-OLD,Omni Channel,Actual,CT240096,,MTS,P1749,Sale,2024-07-19,2024-07-10,2024-07-10,22595.76,3.0
VT-F-99-010721,PEM102-OLD,Omni Channel,Actual,VT240096,,MTS,P15311,Sale,2024-07-19,2024-07-10,2024-07-10,19282.07,1.0
CT-F-99-020506,PEM102-OLD,Omni Channel,Actual,CT240138,,MTS,P1748,Sale,2024-07-19,2024-07-10,2024-07-10,22033.8,3.0
VT-F-99-010721,PEM102-OLD,Omni Channel,Actual,VT240096,Smart Shop,MTS,P15311,Sale,2024-07-11,2024-07-10,2024-07-10,19282.07,1.0
CT-F-99-020506,PEM102-OLD,Omni Channel,Actual,CT240138,Smart Shop,MTS,P1748,Sale,2024-07-11,2024-07-10,2024-07-10,22033.8,3.0
VT-F-99-010203,PEM102-OLD,Omni Channel,Actual,VT240038,Contractor,MTS,P3555,Sale,2024-07-23,2024-07-10,2024-07-10,17676.9,2.0
CT-F-99-020502,PEM102-OLD,Omni Channel,Actual,CT240040,Contractor,MTS,P1744,Sale,2024-07-23,2024-07-10,2024-07-10,14090.04,2.0
RS-F-99-120002,PEM102-OLD,Omni Channel,Actual,RS240235,Smart Shop,MTO,P3312,Sale,2024-09-20,2024-07-10,2024-07-10,152877.2,14.0
RS-F-99-040004,PEM102-OLD,Omni Channel,Actual,RS240240,Smart Shop,MTO,P1437,Sale,2024-09-20,2024-07-10,2024-07-10,58367.1,6.0
RS-F-99-040006,PEM107,Omni Channel,Actual,RS240243,Smart Shop,MTO,P45877,Sale,2024-12-25,2024-07-10,2024-07-10,85158.64,8.0
VT-F-99-010203,PEM102-OLD,Omni Channel,Actual,VT240038,Smart Shop,MTS,P3555,Sale,2024-07-12,2024-07-10,2024-07-10,17676.9,2.0
CT-F-99-020502,PEM102-OLD,Omni Channel,Actual,CT240040,Smart Shop,MTS,P1744,Sale,2024-07-12,2024-07-10,2024-07-10,14090.04,2.0
VT-F-99-010721,PEM102-OLD,Omni Channel,Actual,VT240096,Smart Shop,MTS,P15311,Sale,2024-07-12,2024-07-11,2024-07-11,19282.07,1.0
CT-F-99-020508,PEM102-OLD,Omni Channel,Actual,CT240097,Smart Shop,MTS,P1750,Sale,2024-07-12,2024-07-11,2024-07-11,24852.57,3.0
VT-F-99-010715,PEM102-OLD,Omni Channel,Actual,VT240090,,MTS,P15837,Sale,2024-08-30,2024-07-11,2024-07-11,18122.52,1.0
CT-F-99-020504,PEM102-OLD,Omni Channel,Actual,CT240086,,MTS,P1746,Sale,2024-08-30,2024-07-11,2024-07-11,20621.55,3.0
VT-F-99-010721,PEM102-OLD,Omni Channel,Actual,VT240096,Contractor,MTS,P15311,Sale,2024-09-09,2024-07-11,2024-07-11,18897.61,1.0
CT-F-99-020528,PEM102-OLD,Omni Channel,Actual,CT240108,Contractor,MTS,P15568,Sale,2024-09-09,2024-07-11,2024-07-11,43315.95,3.0
VT-F-99-010203,PEM102-OLD,Omni Channel,Actual,VT240038,Smart Shop,MTS,P3555,Sale,2024-07-19,2024-07-12,2024-07-12,17676.9,2.0
CT-F-99-020504,PEM102-OLD,Omni Channel,Actual,CT240086,Smart Shop,MTS,P1746,Sale,2024-07-19,2024-07-12,2024-07-12,13747.7,2.0
CT-F-99-020528,PEM102-OLD,Omni Channel,Actual,CT240116,Contractor,MTS,P15568,Sale,2024-07-26,2024-07-12,2024-07-12,43315.95,3.0
CT-F-99-020525,PEM102-OLD,Omni Channel,Actual,CT240114,Contractor,MTS,P15385,Sale,2024-07-31,2024-07-12,2024-07-12,38197.47,3.0
CT-F-99-020508,PEM102-OLD,Omni Channel,Actual,CT240097,Contractor,MTS,P1750,Sale,2024-10-31,2024-07-12,2024-07-12,24852.57,3.0
VT-F-99-010721,PEM102-OLD,Omni Channel,Actual,VT240096,Contractor,MTS,P15311,Sale,2024-10-31,2024-07-12,2024-07-12,38564.14,2.0
CT-F-99-020505,PEM102-OLD,Omni Channel,Actual,CT240043,Smart Shop,MTS,P1747,Sale,2024-07-19,2024-07-12,2024-07-12,13771.78,2.0
CT-F-99-020502,PPD101,Omni Channel,Actual,CTR-2024-04044,Contractor,MTO,P1744,Sale,2024-07-19,2024-07-12,2024-07-12,35910.0,3.0
VT-F-99-010721,PEM102-OLD,Omni Channel,Actual,VT240105,Contractor,MTS,P15311,Sale,2024-08-30,2024-07-15,2024-07-15,57846.21,3.0
CT-F-99-020510,PEM102-OLD,Omni Channel,Actual,CT240073,Contractor,MTS,P1751,Sale,2024-07-30,2024-07-15,2024-07-15,26419.71,3.0
CT-F-99-020504,PEM102-OLD,Omni Channel,Actual,CT240086,Contractor,MTS,P1746,Sale,2024-08-30,2024-07-15,2024-07-15,20621.55,3.0
CT-F-99-020506,PEM102-OLD,Omni Channel,Actual,CT240138,Contractor,MTS,P1748,Sale,2024-07-30,2024-07-15,2024-07-15,22033.8,3.0
VT-F-99-010721,PEM102-OLD,Omni Channel,Actual,VT240105,Contractor,MTS,P15311,Sale,2024-11-29,2024-07-15,2024-07-15,19282.07,1.0
CT-F-99-020508,PEM102-OLD,Omni Channel,Actual,CT240097,Contractor,MTS,P1750,Sale,2024-11-29,2024-07-15,2024-07-15,24852.57,3.0
CT-F-99-020704,PEM102-OLD,Omni Channel,Actual,CT240175,Contractor,MTO,P1769,Sale,2024-11-29,2024-07-15,2024-07-15,22399.89,3.0
VT-F-99-010819,PEM102-OLD,Omni Channel,Actual,VT240087,Contractor,MTS,P15865,Sale,2024-11-29,2024-07-15,2024-07-15,25388.54,1.0
VT-F-99-010721,PEM102-OLD,Omni Channel,Actual,VT240105,Contractor,MTS,P15311,Sale,2024-11-29,2024-07-15,2024-07-15,38564.14,2.0
CT-F-99-020508,PEM102-OLD,Omni Channel,Actual,CT240097,Contractor,MTS,P1750,Sale,2024-11-29,2024-07-15,2024-07-15,24852.57,3.0
CT-F-99-020504,PEM102-OLD,Omni Channel,Actual,CT240086,Contractor,MTS,P1746,Sale,2024-11-29,2024-07-15,2024-07-15,20621.55,3.0
VT-F-99-010721,PEM102-OLD,Omni Channel,Actual,VT240096,Factory,MTS,P15311,Sale,2024-08-01,2024-07-16,2024-07-16,19056.75,1.0
CT-F-99-020530,PEM102-OLD,Omni Channel,Actual,CT240132,Factory,MTS,P15585,Sale,2024-08-01,2024-07-16,2024-07-16,43474.35,3.0
VT-F-99-010721,PEM102-OLD,Omni Channel,Actual,VT240105,Contractor,MTS,P15311,Sale,2024-07-18,2024-07-16,2024-07-16,19282.07,1.0
CT-F-99-020504,PEM102-OLD,Omni Channel,Actual,CT240086,Contractor,MTS,P1746,Sale,2024-07-18,2024-07-16,2024-07-16,20621.55,3.0
CT-F-99-020502,PEM102-OLD,Omni Channel,Actual,CT240040,Contractor / Private / End user,MTS,P1744,Sale,2024-07-18,2024-07-17,2024-07-17,21135.06,3.0
CT-F-99-020504,PEM102-OLD,Omni Channel,Actual,CT240086,Contractor,MTS,P1746,Sale,2024-08-09,2024-07-17,2024-07-17,20621.55,3.0
CT-F-99-020704,PEM102-OLD,Omni Channel,Actual,CT240180,Contractor,MTO,P1769,Sale,2024-08-09,2024-07-17,2024-07-17,22399.89,3.0
VT-F-99-010819,PEM102-OLD,Omni Channel,Actual,VT240087,Contractor,MTS,P15865,Sale,2024-08-09,2024-07-17,2024-07-17,25388.54,1.0
VT-F-99-010721,PEM102-OLD,Omni Channel,Actual,VT240105,Contractor,MTS,P15311,Sale,2024-08-09,2024-07-17,2024-07-17,19282.07,1.0
CT-F-99-020510,PEM102-OLD,Omni Channel,Actual,CT240047,private company,MTS,P1751,Sale,2024-07-19,2024-07-18,2024-07-18,26419.71,3.0
CT-F-99-020503,PEM102-OLD,Omni Channel,Actual,CT240041,Smart Shop,MTS,P1745,Sale,2024-07-19,2024-07-18,2024-07-18,20779.41,3.0
VT-F-99-010721,PEM102-OLD,Omni Channel,Actual,VT240105,Smart Shop,MTS,P15311,Sale,2024-07-19,2024-07-18,2024-07-18,19282.07,1.0
RS-F-99-041010,PEM102-OLD,Omni Channel,Actual,RS240216,Cambodia,MTS,P4246,Sale,2024-09-10,2024-06-25,2024-06-25,113669.64,12.0
RS-F-99-041001,PEM102-OLD,Omni Channel,Actual,RS240209,Cambodia,MTS,P5013,Sale,2024-09-10,2024-06-25,2024-06-25,289045.12,32.0
RS-F-99-041005,PEM102-OLD,Omni Channel,Actual,RS240215,Cambodia,MTS,P5017,Sale,2024-09-10,2024-06-25,2024-06-25,88633.17,9.0
VT-F-99-010715,PEM102-OLD,Omni Channel,Actual,VT240090,Contractor,MTS,P15837,Sale,2024-08-02,2024-07-18,2024-07-18,18122.52,1.0
CT-F-99-020505,PEM102-OLD,Omni Channel,Actual,CT240043,Contractor,MTS,P1747,Sale,2024-08-02,2024-07-18,2024-07-18,20657.67,3.0
CT-F-99-020502,PEM102-OLD,Omni Channel,Actual,CT240040,Contractor,MTS,P1744,Sale,2024-08-02,2024-07-19,2024-07-19,14090.04,2.0
VT-F-99-010203,PEM102-OLD,Omni Channel,Actual,VT240038,Contractor,MTS,P3555,Sale,2024-08-02,2024-07-19,2024-07-19,17676.9,2.0
CT-F-99-020502,PEM102-OLD,Omni Channel,Actual,CT240040,Contractor,MTS,P1744,Sale,2024-07-26,2024-07-19,2024-07-19,14090.04,2.0
VT-F-99-010203,PEM102-OLD,Omni Channel,Actual,VT240038,Contractor,MTS,P3555,Sale,2024-07-26,2024-07-19,2024-07-19,17676.9,2.0
CT-F-99-020510,PEM102-OLD,Omni Channel,Actual,CT240073,End User,MTS,P1751,Sale,2024-07-30,2024-07-19,2024-07-19,26419.71,3.0
VT-F-99-010303,PEM102-OLD,Omni Channel,Actual,VT230027,Smart Shop,MTO,P7218,Sale,2024-08-16,2024-07-23,2024-07-23,9863.59,1.0
CT-F-99-020705,PEM102-OLD,Omni Channel,Actual,CT240181,Smart Shop,MTO,P1770,Sale,2024-08-16,2024-07-23,2024-07-23,7715.75,1.0
VT-F-99-010203,PEM102-OLD,Omni Channel,Actual,VT240038,Smart Shop,MTS,P3555,Sale,2024-07-26,2024-07-23,2024-07-23,17676.9,2.0
VT-F-99-010820,PEM102-OLD,Omni Channel,Actual,VT240106,Inside Group,MTO,P15684,Sale,2024-09-16,2024-07-23,2024-07-23,107968.5,3.0
RS-F-99-070004,PEM102-OLD,Omni Channel,Actual,RS190334,Smart Shop,MTS,P1794,Sale,2024-07-26,2024-07-24,2024-07-24,2642.67,9.0
CT-F-99-020504,PEM102-OLD,Omni Channel,Actual,CT240157,Contractor,MTS,P1746,Sale,2024-08-08,2024-07-24,2024-07-24,20621.55,3.0
CT-F-99-020524,PEM102-OLD,Omni Channel,Actual,CT240107,Contractor,MTS,P15310,Sale,2024-08-06,2024-07-19,2024-07-19,39092.37,3.0
VT-F-99-010721,PEM102-OLD,Omni Channel,Actual,VT240105,Contractor,MTS,P15311,Sale,2024-08-09,2024-07-25,2024-07-25,19282.07,1.0
CT-F-99-020528,PEM102-OLD,Omni Channel,Actual,CT240116,Contractor,MTS,P15568,Sale,2024-08-09,2024-07-25,2024-07-25,43315.95,3.0
CT-F-99-020704,PEM102-OLD,Omni Channel,Actual,"CT240186,CT240251",Contractor,MTS,P1769,Sale,2024-10-31,2024-07-25,2024-07-25,44799.78,6.0
VT-F-99-010819,PEM102-OLD,Omni Channel,Actual,"VT240123,VT240107",Contractor,MTS,P15865,Sale,2024-10-31,2024-07-25,2024-07-25,50777.08,2.0
CT-F-99-020510,PEM102-OLD,Omni Channel,Actual,CT240137,Factory,MTS,P1751,Sale,2024-08-01,2024-07-25,2024-07-25,26419.71,3.0
CT-F-99-020503,PEM102-OLD,Omni Channel,Actual,CT240041,private company,MTS,P1745,Sale,2024-07-30,2024-07-26,2024-07-26,13852.94,2.0
VT-F-99-010203,PEM102-OLD,Omni Channel,Actual,VT240038,private company,MTS,P3555,Sale,2024-07-30,2024-07-26,2024-07-26,17676.9,2.0
CT-F-99-020506,PEM102-OLD,Omni Channel,Actual,CT240138,,MTS,P1748,Sale,2024-08-03,2024-07-19,2024-07-19,22033.8,3.0
RS-F-99-070002,PEM102-OLD,Omni Channel,Actual,RS240253,Cambodia,MTS,P1799,Sale,2024-08-27,2024-07-26,2024-07-26,29662.56,72.0
VT-F-99-010203,PEM102-OLD,Omni Channel,Actual,VT240038,Cambodia,MTS,P3555,Sale,2024-08-06,2024-07-26,2024-07-26,8838.45,1.0
CT-F-99-020506,PEM102-OLD,Omni Channel,Actual,CT240138,Smart Shop,MTS,P1748,Sale,2024-08-22,2024-07-30,2024-07-30,22033.8,3.0
VT-F-99-010721,PEM102-OLD,Omni Channel,Actual,VT240105,Smart Shop,MTS,P15311,Sale,2024-08-22,2024-07-30,2024-07-30,19282.07,1.0
VT-F-99-010203,PEM102-OLD,Omni Channel,Actual,VT240038,Dealer,MTS,P3555,Sale,2024-08-01,2024-07-30,2024-07-30,17676.9,2.0
CT-F-99-020506,PEM102-OLD,Omni Channel,Actual,CT240138,Contractor,MTS,P1748,Sale,2024-08-02,2024-07-30,2024-07-30,22033.8,3.0
VT-F-99-010721,PEM102-OLD,Omni Channel,Actual,VT240105,,MTS,P15311,Sale,2024-08-15,2024-07-31,2024-07-31,19282.07,1.0
CT-F-99-020526,PEM102-OLD,Omni Channel,Actual,CT240169,,MTS,P15464,Sale,2024-08-15,2024-07-31,2024-07-31,45550.8,3.0
CT-F-99-020504,PEM102-OLD,Omni Channel,Actual,CT240157,Dealer,MTS,P1746,Sale,2024-08-02,2024-07-31,2024-07-31,20621.55,3.0
CT-F-99-020503,PEM102-OLD,Omni Channel,Actual,CT240041,Dealer,MTS,P1745,Sale,2024-08-02,2024-07-31,2024-07-31,20779.41,3.0
CT-F-99-020508,PEM102-OLD,Omni Channel,Actual,CT240097,Smart Shop,MTS,P1750,Sale,2024-08-27,2024-07-31,2024-07-31,16568.38,2.0
VT-F-99-010209,PEM102-OLD,Omni Channel,Actual,VT240128,Smart Shop,MTO,P10113,Sale,2024-08-27,2024-07-31,2024-07-31,16860.64,2.0
VT-F-99-010721,PEM102-OLD,Omni Channel,Actual,VT240105,Local Industry,MTS,P15311,Sale,2024-09-20,2024-07-31,2024-07-31,19282.07,1.0
CT-F-99-020510,PEM102-OLD,Omni Channel,Actual,CT240137,Local Industry,MTS,P1751,Sale,2024-09-20,2024-07-31,2024-07-31,26419.71,3.0
VT-F-99-010721,PEM102-OLD,Omni Channel,Actual,VT240105,Local Industry,MTS,P15311,Sale,2024-09-20,2024-07-31,2024-07-31,19282.07,1.0
CT-F-99-020510,PEM102-OLD,Omni Channel,Actual,"CT240073,CT240137",Local Industry,MTS,P1751,Sale,2024-09-20,2024-07-31,2024-07-31,26419.71,3.0
CT-F-99-020530,PEM102-OLD,Omni Channel,Actual,CT240161,Contractor,MTS,P15585,Sale,2024-08-09,2024-08-02,2024-08-02,43474.35,3.0
VT-F-99-010721,PEM102-OLD,Omni Channel,Actual,VT240105,Smart Shop,MTS,P15311,Sale,2024-08-20,2024-08-02,2024-08-02,19282.07,1.0
CT-F-99-020531,PEM102-OLD,Omni Channel,Actual,CT240115,Smart Shop,MTS,P24362,Sale,2024-08-20,2024-08-02,2024-08-02,39058.44,3.0
VT-F-99-010203,PEM102-OLD,Omni Channel,Actual,VT240038,Smart Shop,MTS,P3555,Sale,2024-08-15,2024-08-02,2024-08-02,17676.9,2.0
CT-F-99-020508,PEM102-OLD,Omni Channel,Actual,CT240097,Smart Shop,MTS,P1750,Sale,2024-08-15,2024-08-02,2024-08-02,16568.38,2.0
VT-F-99-010721,PEM102-OLD,Omni Channel,Actual,VT240105,Contractor,MTS,P15311,Sale,2024-10-31,2024-08-02,2024-08-02,19282.07,1.0
CT-F-99-020513,PEM102-OLD,Omni Channel,Actual,CT240147,Contractor,MTO,P1754,Sale,2024-10-31,2024-08-02,2024-08-02,27867.75,3.0
VT-F-99-010721,PEM102-OLD,Omni Channel,Actual,VT240105,Smart Shop,MTS,P15311,Sale,2024-08-06,2024-08-05,2024-08-05,19282.07,1.0
CT-F-99-020530,PEM102-OLD,Omni Channel,Actual,CT240161,Smart Shop,MTS,P15585,Sale,2024-08-06,2024-08-05,2024-08-05,43474.35,3.0
VT-F-99-010203,PEM102-OLD,Omni Channel,Actual,VT240038,Smart Shop,MTS,P3555,Sale,2024-08-07,2024-08-05,2024-08-05,17676.9,2.0
CT-F-99-020502,PEM102-OLD,Omni Channel,Actual,CT240040,Smart Shop,MTS,P1744,Sale,2024-08-07,2024-08-05,2024-08-05,14090.04,2.0
VT-F-99-010721,PEM102-OLD,Omni Channel,Actual,VT240113,Contractor,MTS,P15311,Sale,2024-08-06,2024-08-05,2024-08-05,19282.07,1.0
CT-F-99-020507,PEM102-OLD,Omni Channel,Actual,"CT240088,CT240096",Contractor,MTS,P1749,Sale,2024-08-06,2024-08-05,2024-08-05,22595.76,3.0
CT-F-99-020506,PEM102-OLD,Omni Channel,Actual,CT240158,Contractor,MTS,P1748,Sale,2024-10-31,2024-08-02,2024-08-02,22494.66,3.0
VT-F-99-010721,PEM102-OLD,Omni Channel,Actual,VT240122,,MTS,P15311,Sale,2024-09-17,2024-08-06,2024-08-06,19282.07,1.0
CT-F-99-020504,PEM102-OLD,Omni Channel,Actual,CT240157,,MTS,P1746,Sale,2024-09-17,2024-08-06,2024-08-06,13747.7,2.0
CT-F-99-020506,PEM102-OLD,Omni Channel,Actual,CT240138,,MTS,P1748,Sale,2024-09-17,2024-08-06,2024-08-06,22033.8,3.0
VT-F-99-010203,PEM102-OLD,Omni Channel,Actual,VT240038,,MTS,P3555,Sale,2024-09-17,2024-08-06,2024-08-06,17676.9,2.0
CT-F-99-020535,PEM102-OLD,Omni Channel,Actual,CT240187,End User,MTO,P30382,Sale,2024-12-16,2024-08-06,2024-08-06,52472.76,3.0
CT-F-99-020504,PEM102-OLD,Omni Channel,Actual,CT240157,Contractor,MTS,P1746,Sale,2024-08-07,2024-08-05,2024-08-05,21064.05,3.0
VT-F-99-010721,PEM102-OLD,Omni Channel,Actual,VT240113,Contractor,MTS,P15311,Sale,2024-08-07,2024-08-05,2024-08-05,19337.42,1.0
CT-F-99-020506,PEM102-OLD,Omni Channel,Actual,CT240158,Contractor,MTS,P1748,Sale,2024-08-07,2024-08-05,2024-08-05,22494.66,3.0
VT-F-99-010721,PEM102-OLD,Omni Channel,Actual,VT240113,Contractor,MTS,P15311,Sale,2024-08-07,2024-08-05,2024-08-05,19337.42,1.0
VT-F-99-010302,PEM102-OLD,Omni Channel,Actual,VT240129,Contractor,MTO,P3225,Sale,2024-09-16,2024-08-06,2024-08-06,51053.95,5.0
VT-F-99-010202,PEM102-OLD,Omni Channel,Actual,VT240099,Contractor,MTO,P1320,Sale,2024-09-16,2024-08-06,2024-08-06,45340.6,5.0
VT-F-99-010303,PEM102-OLD,Omni Channel,Actual,VT230027,Contractor,MTO,P7218,Sale,2024-08-08,2024-08-07,2024-08-07,10133.06,1.0
VT-F-99-010819,PEM102-OLD,Omni Channel,Actual,VT240107,Contractor,MTS,P15865,Sale,2024-08-08,2024-08-07,2024-08-07,25030.26,1.0
RS-F-99-041004,PEM102-OLD,Omni Channel,Actual,RS240213,Cambodia,MTS,P5016,Sale,2024-09-10,2024-06-25,2024-06-25,113524.92,12.0
CT-F-99-020504,PEM102-OLD,Omni Channel,Actual,CT240157,Smart Shop,MTS,P1746,Sale,2024-08-09,2024-08-08,2024-08-08,21064.05,3.0
VT-F-99-010721,PEM102-OLD,Omni Channel,Actual,VT240105,Smart Shop,MTS,P15311,Sale,2024-08-09,2024-08-08,2024-08-08,19337.42,1.0
VT-F-99-010105,PEM102-OLD,Omni Channel,Actual,VT240132,,MTO,P8155,Sale,2024-09-02,2024-08-08,2024-08-08,16325.72,2.0
VT-F-99-010721,PEM102-OLD,Omni Channel,Actual,VT240113,End User,MTS,P15311,Sale,2024-08-23,2024-08-09,2024-08-09,19337.42,1.0
CT-F-99-020524,PEM102-OLD,Omni Channel,Actual,CT240130,End User,MTS,P15310,Sale,2024-08-23,2024-08-09,2024-08-09,39474.93,3.0
VT-F-99-010721,PEM102-OLD,Omni Channel,Actual,VT240113,Smart Shop,MTS,P15311,Sale,2024-09-02,2024-08-09,2024-08-09,19337.42,1.0
CT-F-99-020530,PEM102-OLD,Omni Channel,Actual,CT240172,Smart Shop,MTS,P15585,Sale,2024-09-02,2024-08-09,2024-08-09,43721.49,3.0
CT-F-99-020501,PPD101,Omni Channel,Actual,,Foreign Industry,MTO,P2063,Sale,2024-10-17,2024-03-19,2024-03-19,558000.0,60.0
VT-F-99-010721,PEM102-OLD,Omni Channel,Actual,VT240113,Contractor,MTS,P15311,Sale,2024-08-16,2024-08-09,2024-08-09,58012.26,3.0
CT-F-99-020507,PEM102-OLD,Omni Channel,Actual,"CT240088,CT240096",Contractor,MTS,P1749,Sale,2024-08-16,2024-08-09,2024-08-09,67787.28,9.0
CT-F-99-020527,PEM102-OLD,Omni Channel,Actual,CT240143,Contractor,MTS,P15384,Sale,2024-08-16,2024-08-13,2024-08-13,40644.18,3.0
CT-F-99-020702,PEM102-OLD,Omni Channel,Actual,CT240196,Smart Shop,MTO,P1767,Sale,2024-09-13,2024-08-14,2024-08-14,15054.5,2.0
VT-F-99-010203,PEM102-OLD,Omni Channel,Actual,VT240038,Smart Shop,MTS,P3555,Sale,2024-08-20,2024-08-14,2024-08-14,17678.9,2.0
CT-F-99-020506,PEM102-OLD,Omni Channel,Actual,CT240133,Smart Shop,MTS,P1748,Sale,2024-08-20,2024-08-14,2024-08-14,14996.44,2.0
VT-F-99-010303,PEM102-OLD,Omni Channel,Actual,VT230027,Smart Shop,MTS,P7218,Sale,2024-09-13,2024-08-14,2024-08-14,20266.12,2.0
CT-F-99-020505,PEM102-OLD,Omni Channel,Actual,CT240043,,MTS,P1747,Sale,2024-08-23,2024-08-14,2024-08-14,20657.67,3.0
CT-F-99-020504,PEM102-OLD,Omni Channel,Actual,CT240157,Contractor,MTS,P1746,Sale,2024-08-14,2024-08-14,2024-08-14,84256.2,12.0
VT-F-99-010721,PEM102-OLD,Omni Channel,Actual,VT240113,Contractor,MTS,P15311,Sale,2024-08-14,2024-08-14,2024-08-14,77349.68,4.0
VT-F-99-010721,PEM102-OLD,Omni Channel,Actual,VT240131,Factory,MTS,P15311,Sale,2024-09-06,2024-08-14,2024-08-14,19337.42,1.0
CT-F-99-020530,PEM102-OLD,Omni Channel,Actual,CT240172,Factory,MTS,P15585,Sale,2024-09-06,2024-08-14,2024-08-14,43721.49,3.0
CT-F-99-020504,PEM102-OLD,Omni Channel,Actual,"CT240157,CT240176",Contractor,MTS,P1746,Sale,2024-10-31,2024-08-14,2024-08-14,63192.15,9.0
VT-F-99-010721,PEM102-OLD,Omni Channel,Actual,"VT240113,VT240122",Contractor,MTS,P15311,Sale,2024-10-31,2024-08-14,2024-08-14,58012.26,3.0
CT-F-99-020504,PEM102-OLD,Omni Channel,Actual,CT240176,Contractor,MTS,P1746,Sale,2024-10-31,2024-08-14,2024-08-14,63192.15,9.0
VT-F-99-010721,PEM102-OLD,Omni Channel,Actual,VT240122,Contractor,MTS,P15311,Sale,2024-10-31,2024-08-14,2024-08-14,58012.26,3.0
CT-F-99-020504,PEM102-OLD,Omni Channel,Actual,CT240176,Contractor,MTS,P1746,Sale,2024-10-31,2024-08-14,2024-08-14,63192.15,9.0
VT-F-99-010721,PEM102-OLD,Omni Channel,Actual,"VT240122,VT240131,VT240146",Contractor,MTS,P15311,Sale,2024-10-31,2024-08-14,2024-08-14,58012.26,3.0
CT-F-99-020506,PEM102-OLD,Omni Channel,Actual,"CT240158,CT240218",Contractor,MTS,P1748,Sale,2024-10-31,2024-08-14,2024-08-14,44989.32,6.0
VT-F-99-010721,PEM102-OLD,Omni Channel,Actual,"VT240122,VT240146",Contractor,MTS,P15311,Sale,2024-10-31,2024-08-14,2024-08-14,38674.84,2.0
CT-F-99-020502,PPD101,Omni Channel,Actual,,Foreign Industry,MTO,P1744,Sale,2024-10-17,2024-08-14,2024-08-14,93000.0,10.0
VT-F-99-010721,PEM102-OLD,Omni Channel,Actual,VT240113,Contractor,MTS,P15311,Sale,2024-08-23,2024-08-15,2024-08-15,19337.42,1.0
CT-F-99-020527,PEM102-OLD,Omni Channel,Actual,CT240160,Contractor,MTS,P15384,Sale,2024-08-23,2024-08-15,2024-08-15,40644.18,3.0
RS-F-99-070002,PEM102-OLD,Omni Channel,Actual,RS190333,Smart Shop,MTS,P1799,Sale,2024-08-16,2024-08-15,2024-08-15,1229.43,3.0
RS-F-99-070005,PEM102-OLD,Omni Channel,Actual,RS190335,Smart Shop,MTS,P1796,Sale,2024-08-16,2024-08-15,2024-08-15,893.67,3.0
CT-F-99-020508,PEM102-OLD,Omni Channel,Actual,"CT240089,CT240159",Contractor,MTS,P1750,Sale,2024-09-03,2024-08-15,2024-08-15,25295.7,3.0
CT-F-99-020527,PEM102-OLD,Omni Channel,Actual,CT240219,Contractor,MTS,P15384,Sale,2024-09-27,2024-08-15,2024-08-15,40644.18,3.0
RS-F-99-090003,PTS,Tendering,Actual,CTR-2024-04673,Local Utility,MTO,P1403,Sale,2024-10-25,2024-08-26,2024-08-26,3348000.0,2000.0
RS-F-99-090003,PTS,Tendering,Actual,CTR-2024-04673,Local Utility,MTO,P1403,Sale,2024-11-25,2024-08-26,2024-08-26,3180600.0,1900.0
VT-F-99-010721,PEM102-OLD,Omni Channel,Actual,VT240122,Contractor,MTS,P15311,Sale,2024-08-26,2024-08-16,2024-08-16,19282.07,1.0
CT-F-99-020510,PEM102-OLD,Omni Channel,Actual,"CT240073,CT240137",Contractor,MTS,P1751,Sale,2024-08-26,2024-08-16,2024-08-16,26419.71,3.0
VT-F-99-010721,PEM107,Omni Channel,Actual,VT250043,Contractor,MTS,P45906,Sale,2026-01-08,2024-08-16,2024-08-16,19337.42,1.0
CT-F-99-020504,PEM107,Omni Channel,Actual,CT240189,Contractor,MTS,P46071,Sale,2026-01-08,2024-08-16,2024-08-16,21064.05,3.0
RS-F-99-130011,PEM102-OLD,Tendering,Actual,RS240244,Local Industry,MTO,P3587,Sale,2024-09-17,2024-08-16,2024-08-16,4374924.0,240.0
CT-F-99-020508,PEM102-OLD,Omni Channel,Actual,CT240097,Contractor,MTS,P1750,Sale,2024-08-19,2024-08-19,2024-08-19,25295.7,3.0
CT-F-99-020507,PEM102-OLD,Omni Channel,Actual,CT240096,Smart Shop,MTS,P1749,Sale,2024-08-22,2024-08-19,2024-08-19,52723.44,7.0
CT-F-99-020504,PEM102-OLD,Omni Channel,Actual,CT240176,Factory,MTS,P1746,Sale,2024-08-27,2024-08-20,2024-08-20,14042.7,2.0
VT-F-99-010203,PEM102-OLD,Omni Channel,Actual,VT240038,Factory,MTS,P3555,Sale,2024-08-27,2024-08-20,2024-08-20,17676.9,2.0
VT-F-99-010203,PEM102-OLD,Omni Channel,Actual,VT240038,Contractor,MTS,P3555,Sale,2024-08-23,2024-08-20,2024-08-20,17678.9,2.0
CT-F-99-020504,PEM102-OLD,Omni Channel,Actual,CT240176,Contractor,MTS,P1746,Sale,2024-08-23,2024-08-20,2024-08-20,14042.7,2.0
VT-F-99-010721,PEM102-OLD,Omni Channel,Actual,VT240113,Contractor,MTS,P15311,Sale,2024-08-23,2024-08-20,2024-08-20,19337.42,1.0
CT-F-99-020528,PEM102-OLD,Omni Channel,Actual,CT240131,Contractor,MTS,P15568,Sale,2024-08-23,2024-08-20,2024-08-20,43725.21,3.0
VT-F-99-010721,PEM102-OLD,Omni Channel,Actual,VT240122,Contractor,MTS,P15311,Sale,2024-08-23,2024-08-20,2024-08-20,19337.42,1.0
CT-F-99-020528,PEM102-OLD,Omni Channel,Actual,CT240131,Contractor,MTS,P15568,Sale,2024-08-23,2024-08-20,2024-08-20,43725.21,3.0
VT-F-99-010701,PEM102-OLD,Omni Channel,Actual,VT240116,End User,MTS,P2889,Sale,2024-09-06,2024-08-20,2024-08-20,19650.28,1.0
VT-F-99-010203,PEM107,Omni Channel,Actual,VT240138,Contractor / Private / End user,MTO,P47174,Sale,2025-08-29,2024-08-21,2024-08-21,671798.2,76.0
VT-F-99-010203,PEM107,Omni Channel,Actual,VT240138,Contractor / Private / End user,MTO,P47174,Sale,2025-06-20,2024-08-21,2024-08-21,212146.8,24.0
CT-F-99-020502,PEM102-OLD,Omni Channel,Actual,CT240199,Contractor / Private / End user,MTS,P1744,Sale,2024-10-16,2024-08-21,2024-08-21,70450.2,10.0
VT-F-99-010721,PEM102-OLD,Omni Channel,Actual,VT240113,Contractor,MTS,P15311,Sale,2024-08-23,2024-08-21,2024-08-21,19337.42,1.0
CT-F-99-020508,PEM102-OLD,Omni Channel,Actual,"CT240097,CT240177",Contractor,MTS,P1750,Sale,2024-08-23,2024-08-21,2024-08-21,25295.7,3.0
VT-F-99-010721,PEM102-OLD,Omni Channel,Actual,VT240113,,MTS,P15311,Sale,2024-08-26,2024-08-21,2024-08-21,19337.42,1.0
CT-F-99-020506,PEM102-OLD,Omni Channel,Actual,CT240158,,MTS,P1748,Sale,2024-08-26,2024-08-21,2024-08-21,22494.66,3.0
VT-F-99-010721,PEM102-OLD,Omni Channel,Actual,VT240122,Contractor,MTS,P15311,Sale,2024-09-27,2024-08-22,2024-08-22,19056.75,1.0
CT-F-99-020527,PEM102-OLD,Omni Channel,Actual,CT240143,Contractor,MTS,P15384,Sale,2024-09-27,2024-08-22,2024-08-22,40511.46,3.0
CT-F-99-020530,PEM102-OLD,Omni Channel,Actual,CT240184,End User,MTO,P15585,Sale,2024-09-05,2024-08-22,2024-08-22,43721.49,3.0
VT-F-99-010721,PEM102-OLD,Omni Channel,Actual,VT240131,End User,MTS,P15311,Sale,2024-09-05,2024-08-22,2024-08-22,19337.42,1.0
RS-F-99-070006,PEM102-OLD,Omni Channel,Actual,RS240274,Cambodia,MTO,P1089,Sale,2024-10-10,2024-08-22,2024-08-22,8469.84,24.0
RS-F-99-070004,PEM102-OLD,Omni Channel,Actual,RS240273,Cambodia,MTO,P1794,Sale,2024-10-10,2024-08-22,2024-08-22,8808.9,30.0
RS-F-99-041015,PEM102-OLD,Omni Channel,Actual,RS240280,Cambodia,MTO,P3375,Sale,2024-10-10,2024-08-22,2024-08-22,114489.48,12.0
RS-F-99-041010,PEM102-OLD,Omni Channel,Actual,RS240282,Cambodia,MTO,P4246,Sale,2024-10-10,2024-08-22,2024-08-22,112474.8,12.0
RS-F-99-070021,PEM102-OLD,Omni Channel,Actual,RS240276,Cambodia,MTO,P4439,Sale,2024-10-10,2024-08-22,2024-08-22,9248.4,24.0
RS-F-99-070019,PEM102-OLD,Omni Channel,Actual,RS240275,Cambodia,MTO,P4447,Sale,2024-10-10,2024-08-22,2024-08-22,7818.0,24.0
RS-F-99-041001,PEM102-OLD,Omni Channel,Actual,RS240277,Cambodia,MTO,P5013,Sale,2024-10-10,2024-08-22,2024-08-22,270752.4,30.0
RS-F-99-041004,PEM102-OLD,Omni Channel,Actual,RS240279,Cambodia,MTO,P5016,Sale,2024-10-10,2024-08-22,2024-08-22,111937.08,12.0
RS-F-99-041005,PEM102-OLD,Omni Channel,Actual,"RS240281,RS240012",Cambodia,MTO,P5017,Sale,2024-10-10,2024-08-22,2024-08-22,168531.3,18.0
RS-F-99-041006,PEM102-OLD,Omni Channel,Actual,RS240283,Cambodia,MTO,P5018,Sale,2024-10-10,2024-08-22,2024-08-22,56965.86,6.0
RS-F-99-041007,PEM102-OLD,Omni Channel,Actual,RS220331,Cambodia,MTO,P5019,Sale,2024-10-10,2024-08-22,2024-08-22,61176.96,6.0
RS-F-99-041008,PEM102-OLD,Omni Channel,Actual,RS240284,Cambodia,MTO,P5020,Sale,2024-10-10,2024-08-22,2024-08-22,56777.88,6.0
VT-F-99-010721,PEM102-OLD,Omni Channel,Actual,VT240131,End User,MTS,P15311,Sale,2024-10-03,2024-08-22,2024-08-22,19337.42,1.0
CT-F-99-020503,PEM102-OLD,Omni Channel,Actual,CT240156,End User,MTS,P1745,Sale,2024-10-03,2024-08-22,2024-08-22,20779.41,3.0
CT-F-99-020505,PEM102-OLD,Omni Channel,Actual,CT240043,Contractor,MTS,P1747,Sale,2024-08-23,2024-08-22,2024-08-22,20657.67,3.0
VT-F-99-010721,PEM102-OLD,Omni Channel,Actual,VT240122,Contractor,MTS,P15311,Sale,2024-10-31,2024-08-22,2024-08-22,19337.42,1.0
CT-F-99-020507,PEM102-OLD,Omni Channel,Actual,CT240096,Contractor,MTS,P1749,Sale,2024-08-23,2024-08-22,2024-08-22,22595.76,3.0
VT-F-99-010721,PEM102-OLD,Omni Channel,Actual,VT240122,Contractor,MTS,P15311,Sale,2024-10-31,2024-08-22,2024-08-22,19337.42,1.0
CT-F-99-020504,PEM102-OLD,Omni Channel,Actual,CT240189,Contractor,MTS,P1746,Sale,2024-09-03,2024-08-23,2024-08-23,21064.05,3.0
VT-F-99-010721,PEM102-OLD,Omni Channel,Actual,VT240122,Contractor,MTS,P15311,Sale,2024-08-26,2024-08-23,2024-08-23,19337.42,1.0
CT-F-99-020505,PEM102-OLD,Omni Channel,Actual,CT240043,Contractor,MTS,P1747,Sale,2024-08-26,2024-08-23,2024-08-23,20657.67,3.0
VT-F-99-010721,PEM102-OLD,Omni Channel,Actual,VT240122,Contractor,MTS,P15311,Sale,2024-08-26,2024-08-23,2024-08-23,19337.42,1.0
CT-F-99-020504,PEM102-OLD,Omni Channel,Actual,CT240157,Contractor,MTS,P1746,Sale,2024-08-26,2024-08-23,2024-08-23,21064.05,3.0
VT-F-99-010721,PEM102-OLD,Omni Channel,Actual,VT240122,Contractor,MTS,P15311,Sale,2024-08-26,2024-08-23,2024-08-23,19337.42,1.0
CT-F-99-020505,PEM102-OLD,Omni Channel,Actual,CT240043,Contractor,MTS,P1747,Sale,2024-08-26,2024-08-23,2024-08-23,20657.67,3.0
VT-F-99-010721,PEM102-OLD,Omni Channel,Actual,VT240122,Contractor,MTS,P15311,Sale,2024-08-30,2024-08-23,2024-08-23,19337.42,1.0
CT-F-99-020506,PEM102-OLD,Omni Channel,Actual,CT240158,Contractor,MTS,P1748,Sale,2024-08-30,2024-08-23,2024-08-23,22494.66,3.0
VT-F-99-010203,PEM102-OLD,Omni Channel,Actual,VT240038,Smart Shop,MTS,P3555,Sale,2024-08-28,2024-08-26,2024-08-26,17678.9,2.0
VT-F-99-010203,PEM102-OLD,Omni Channel,Actual,VT240038,Smart Shop,MTS,P3555,Sale,2024-08-28,2024-08-26,2024-08-26,17678.9,2.0
CT-F-99-020502,PEM102-OLD,Omni Channel,Actual,CT240040,Smart Shop,MTS,P1744,Sale,2024-08-28,2024-08-26,2024-08-26,14090.04,2.0
RS-F-99-041033,PEM102-OLD,Omni Channel,Actual,RS240211,Cambodia,MTS,P4244,Sale,2024-09-10,2024-06-25,2024-06-25,109290.48,12.0
RS-F-99-041002,PEM102-OLD,Omni Channel,Actual,RS240210,Cambodia,MTO,P5014,Sale,2024-09-10,2024-06-25,2024-06-25,110268.36,12.0
CT-F-99-020528,PEM102-OLD,Omni Channel,Actual,CT240179,Contractor,MTS,P15568,Sale,2024-09-16,2024-08-27,2024-08-27,44081.85,3.0
CT-F-99-020503,PEM102-OLD,Omni Channel,Actual,CT240041,,MTS,P1745,Sale,2024-08-30,2024-08-27,2024-08-27,13570.48,2.0
VT-F-99-010203,PEM102-OLD,Omni Channel,Actual,VT240038,,MTS,P3555,Sale,2024-08-30,2024-08-27,2024-08-27,17678.9,2.0
VT-F-99-010721,PEM102-OLD,Omni Channel,Actual,VT240122,Contractor,MTS,P15311,Sale,2024-08-30,2024-08-27,2024-08-27,19282.07,1.0
CT-F-99-020527,PEM102-OLD,Omni Channel,Actual,CT240171,Contractor,MTS,P15384,Sale,2024-08-30,2024-08-27,2024-08-27,40644.18,3.0
CT-F-99-020504,PEM102-OLD,Omni Channel,Actual,CT240176,Smart Shop,MTS,P1746,Sale,2024-08-30,2024-08-27,2024-08-27,21064.05,3.0
VT-F-99-010721,PEM102-OLD,Omni Channel,Actual,VT240122,End User,MTS,P15311,Sale,2024-09-03,2024-08-27,2024-08-27,19337.42,1.0
CT-F-99-020507,PEM102-OLD,Omni Channel,Actual,CT240141,End User,MTS,P1749,Sale,2024-09-03,2024-08-27,2024-08-27,22595.76,3.0
RS-F-99-070004,PEM102-OLD,Omni Channel,Actual,RS230042,การไฟฟ้าส่วนภูมิภาค เขต 3  (ภาคกลาง),MTS,P1794,Sale,2024-09-27,2024-08-28,2024-08-28,880.89,3.0
RS-F-99-070004,PEM102-OLD,Omni Channel,Actual,RS230042,การไฟฟ้าส่วนภูมิภาค เขต 3  (ภาคกลาง),MTS,P1794,Sale,2024-09-27,2024-08-28,2024-08-28,880.89,3.0
CT-F-99-020502,PEM102-OLD,Omni Channel,Actual,CT240040,Smart Shop,MTS,P1744,Sale,2024-09-12,2024-08-28,2024-08-28,21135.06,3.0
VT-F-99-010819,PEM102-OLD,Omni Channel,Actual,VT240107,,MTS,P15865,Sale,2024-09-13,2024-08-28,2024-08-28,25030.26,1.0
CT-F-99-020702,PEM102-OLD,Omni Channel,Actual,CT240211,,MTO,P1767,Sale,2024-09-13,2024-08-28,2024-08-28,22581.75,3.0
VT-F-99-010715,PEM102-OLD,Omni Channel,Actual,VT240090,Smart Shop,MTO,P15837,Sale,2024-09-12,2024-08-28,2024-08-28,18520.58,1.0
RS-F-99-100001,PEM102-OLD,Omni Channel,Actual,RS240287,Smart Shop,MTO,P5037,Sale,2024-09-20,2024-08-28,2024-08-28,76386.84,6.0
VT-F-99-010203,PEM102-OLD,Omni Channel,Actual,VT240038,Contractor,MTO,P3555,Sale,2024-09-06,2024-08-29,2024-08-29,17678.9,2.0
CT-F-99-020506,PEM102-OLD,Omni Channel,Actual,CT240158,Contractor,MTS,P1748,Sale,2024-09-06,2024-08-29,2024-08-29,14996.44,2.0
VT-F-99-010203,PEM102-OLD,Omni Channel,Actual,VT240038,Smart Shop,MTS,P3555,Sale,2024-09-06,2024-08-29,2024-08-29,26518.35,3.0
CT-F-99-020506,PEM102-OLD,Omni Channel,Actual,CT240133,Smart Shop,MTS,P1748,Sale,2024-09-06,2024-08-29,2024-08-29,14996.44,2.0
CT-F-99-020507,PEM102-OLD,Omni Channel,Actual,CT240141,Smart Shop,MTS,P1749,Sale,2024-09-06,2024-08-29,2024-08-29,22595.76,3.0
VT-F-99-010203,PEM102-OLD,Omni Channel,Actual,VT240038,Smart Shop,MTS,P3555,Sale,2024-09-06,2024-08-29,2024-08-29,26518.35,3.0
VT-F-99-010722,PEM102-OLD,Omni Channel,Actual,VT240065,Inside Group,MTO,P13054,Sale,2024-09-09,2024-08-29,2024-08-29,27827.91,1.0
VT-F-99-010203,PEM102-OLD,Omni Channel,Actual,VT240038,Dealer,MTS,P3555,Sale,2024-09-09,2024-08-29,2024-08-29,17678.9,2.0
RS-F-99-070005,PEM102-OLD,Omni Channel,Actual,RS190335,Contractor,MTS,P1796,Sale,2024-08-29,2024-08-29,2024-08-29,893.67,3.0
CT-F-99-020530,PEM102-OLD,Omni Channel,Actual,CT240198,Smart Shop,MTS,P15585,Sale,2024-09-16,2024-08-29,2024-08-29,43721.49,3.0
VT-F-99-010721,PEM102-OLD,Omni Channel,Actual,VT240131,Smart Shop,MTS,P15311,Sale,2024-09-16,2024-08-29,2024-08-29,19337.42,1.0
VT-F-99-010721,PEM102-OLD,Omni Channel,Actual,VT240131,End User,MTS,P15311,Sale,2024-09-12,2024-08-29,2024-08-29,19337.42,1.0
CT-F-99-020525,PEM102-OLD,Omni Channel,Actual,CT240114,End User,MTS,P15385,Sale,2024-09-12,2024-08-29,2024-08-29,38230.2,3.0
CT-F-99-020528,PEM102-OLD,Omni Channel,Actual,CT240179,Contractor,MTS,P15568,Sale,2024-11-29,2024-08-29,2024-08-29,43725.21,3.0
VT-F-99-010721,PEM102-OLD,Omni Channel,Actual,VT240131,,MTS,P15311,Sale,2024-09-10,2024-08-22,2024-08-22,19337.42,1.0
CT-F-99-020507,PEM102-OLD,Omni Channel,Actual,CT240141,,MTS,P1749,Sale,2024-09-10,2024-08-22,2024-08-22,22595.76,3.0
CT-F-99-020502,PEM102-OLD,Omni Channel,Actual,CT240040,Inside Group,MTS,P1744,Sale,2024-09-27,2024-08-30,2024-08-30,253620.72,36.0
CT-F-99-020504,PEM102-OLD,Omni Channel,Actual,CT240189,Inside Group,MTS,P1746,Sale,2024-09-27,2024-08-30,2024-08-30,14042.7,2.0
RS-F-99-070004,PEM102-OLD,Omni Channel,Actual,RS230042,Inside Group,MTS,P1794,Sale,2024-09-27,2024-08-30,2024-08-30,2055.41,7.0
RS-F-99-070005,PEM102-OLD,Omni Channel,Actual,RS230072,Inside Group,MTS,P1796,Sale,2024-09-27,2024-08-30,2024-08-30,18767.07,63.0
RS-F-99-070002,PEM102-OLD,Omni Channel,Actual,RS240070,Inside Group,MTS,P1799,Sale,2024-09-27,2024-08-30,2024-08-30,22129.74,54.0
CT-F-99-020502,PEM102-OLD,Omni Channel,Actual,CT240040,Inside Group,MTS,P1744,Sale,2024-09-27,2024-08-30,2024-08-30,112720.32,16.0
CT-F-99-020503,PEM102-OLD,Omni Channel,Actual,CT240041,Inside Group,MTS,P1745,Sale,2024-09-27,2024-08-30,2024-08-30,27705.88,4.0
RS-F-99-070004,PEM102-OLD,Omni Channel,Actual,RS230042,Inside Group,MTS,P1794,Sale,2024-09-27,2024-08-30,2024-08-30,10864.31,37.0
RS-F-99-070005,PEM102-OLD,Omni Channel,Actual,RS230072,Inside Group,MTS,P1796,Sale,2024-09-27,2024-08-30,2024-08-30,19362.85,65.0
RS-F-99-070002,PEM102-OLD,Omni Channel,Actual,RS240070,Inside Group,MTS,P1799,Sale,2024-09-27,2024-08-30,2024-08-30,49177.2,120.0
CT-F-99-020501,PEM102-OLD,Omni Channel,Actual,CT240039,Inside Group,MTS,P2063,Sale,2024-09-27,2024-08-30,2024-08-30,26158.88,4.0
VT-F-99-010721,PEM102-OLD,Omni Channel,Actual,VT240131,Smart Shop,MTS,P15311,Sale,2024-09-19,2024-09-02,2024-09-02,19337.42,1.0
CT-F-99-020525,PEM102-OLD,Omni Channel,Actual,CT240171,Smart Shop,MTS,P15385,Sale,2024-09-19,2024-09-02,2024-09-02,38230.2,3.0
CT-F-99-020527,PEM102-OLD,Omni Channel,Actual,CT240174,Smart Shop,MTS,P15384,Sale,2024-09-19,2024-09-02,2024-09-02,40644.18,3.0
VT-F-99-010819,PEM102-OLD,Omni Channel,Actual,VT240107,Contractor,MTS,P15865,Sale,2024-09-20,2024-09-02,2024-09-02,25030.26,1.0
CT-F-99-020708,PEM102-OLD,Omni Channel,Actual,CT240212,Contractor,MTO,P1773,Sale,2024-09-20,2024-09-02,2024-09-02,27848.94,3.0
CT-F-99-020504,PEM102-OLD,Omni Channel,Actual,CT240189,Smart Shop,MTS,P1746,Sale,2024-09-06,2024-09-02,2024-09-02,14042.7,2.0
VT-F-99-010721,PEM102-OLD,Omni Channel,Actual,VT240131,Smart Shop,MTS,P15311,Sale,2024-10-01,2024-09-02,2024-09-02,38674.84,2.0
CT-F-99-020527,PEM102-OLD,Omni Channel,Actual,CT240197,Smart Shop,MTS,P15384,Sale,2024-10-01,2024-09-02,2024-09-02,81288.36,6.0
VT-F-99-010721,PEM102-OLD,Omni Channel,Actual,VT240131,Contractor,MTS,P15311,Sale,2024-09-20,2024-09-03,2024-09-03,19337.42,1.0
CT-F-99-020505,PEM102-OLD,Omni Channel,Actual,CT240043,Contractor,MTS,P1747,Sale,2024-09-20,2024-09-03,2024-09-03,20657.67,3.0
VT-F-99-010721,PEM102-OLD,Omni Channel,Actual,VT240131,Smart Shop,MTS,P15311,Sale,2024-09-16,2024-09-03,2024-09-03,19337.42,1.0
CT-F-99-020525,PEM102-OLD,Omni Channel,Actual,CT240174,Smart Shop,MTS,P15385,Sale,2024-09-16,2024-09-03,2024-09-03,38230.2,3.0
CT-F-99-020506,PEM102-OLD,Omni Channel,Actual,CT240133,Factory,MTS,P1748,Sale,2024-09-10,2024-09-03,2024-09-03,14689.2,2.0
VT-F-99-010203,PEM102-OLD,Omni Channel,Actual,VT240038,Factory,MTS,P3555,Sale,2024-09-10,2024-09-03,2024-09-03,17676.9,2.0
VT-F-99-010721,PEM102-OLD,Omni Channel,Actual,VT240131,Contractor,MTS,P15311,Sale,2024-09-06,2024-08-30,2024-08-30,19337.42,1.0
CT-F-99-020505,PEM102-OLD,Omni Channel,Actual,CT240087,Contractor,MTS,P1747,Sale,2024-09-06,2024-08-30,2024-08-30,20657.67,3.0
VT-F-99-010721,PEM102-OLD,Omni Channel,Actual,VT240131,Local Industry,MTS,P15311,Sale,2024-09-13,2024-09-03,2024-09-03,19337.42,1.0
CT-F-99-020502,PPS,Tendering,Actual,CTR-2024-05073,การไฟฟ้าส่วนภูมิภาค เขต 3  (ภาคกลาง),MTO,P1744,Sale,2024-09-27,2024-09-05,2024-09-05,343170.0,36.0
CT-F-99-020504,PPS,Tendering,Actual,CTR-2024-05073,การไฟฟ้าส่วนภูมิภาค เขต 3  (ภาคกลาง),MTO,P1746,Sale,2024-09-27,2024-09-05,2024-09-05,19120.8,2.0
RS-F-99-070004,PPS,Tendering,Actual,CTR-2024-05073,การไฟฟ้าส่วนภูมิภาค เขต 3  (ภาคกลาง),MTO,P1794,Sale,2024-09-27,2024-09-05,2024-09-05,3560.97,7.0
RS-F-99-070005,PPS,Tendering,Actual,CTR-2024-05073,การไฟฟ้าส่วนภูมิภาค เขต 3  (ภาคกลาง),MTO,P1796,Sale,2024-09-27,2024-09-05,2024-09-05,35095.41,63.0
RS-F-99-070002,PPS,Tendering,Actual,CTR-2024-05073,การไฟฟ้าส่วนภูมิภาค เขต 3  (ภาคกลาง),MTO,P1799,Sale,2024-09-27,2024-09-05,2024-09-05,30232.44,54.0
CT-F-99-020502,PPS,Tendering,Actual,CTR-2024-05077,การไฟฟ้าส่วนภูมิภาค เขต 3  (ภาคกลาง),MTO,P1744,Sale,2024-09-27,2024-09-05,2024-09-05,152520.0,16.0
CT-F-99-020503,PPS,Tendering,Actual,CTR-2024-05077,การไฟฟ้าส่วนภูมิภาค เขต 3  (ภาคกลาง),MTO,P1745,Sale,2024-09-27,2024-09-05,2024-09-05,38167.2,4.0
RS-F-99-070004,PPS,Tendering,Actual,CTR-2024-05077,การไฟฟ้าส่วนภูมิภาค เขต 3  (ภาคกลาง),MTO,P1794,Sale,2024-09-27,2024-09-05,2024-09-05,18822.27,37.0
RS-F-99-070005,PPS,Tendering,Actual,CTR-2024-05077,การไฟฟ้าส่วนภูมิภาค เขต 3  (ภาคกลาง),MTO,P1796,Sale,2024-09-27,2024-09-05,2024-09-05,36209.55,65.0
RS-F-99-070002,PPS,Tendering,Actual,CTR-2024-05077,การไฟฟ้าส่วนภูมิภาค เขต 3  (ภาคกลาง),MTO,P1799,Sale,2024-09-27,2024-09-05,2024-09-05,67183.2,120.0
CT-F-99-020501,PPS,Tendering,Actual,CTR-2024-05077,การไฟฟ้าส่วนภูมิภาค เขต 3  (ภาคกลาง),MTO,P2063,Sale,2024-09-27,2024-09-05,2024-09-05,38092.8,4.0
CT-F-99-020501,PEM102-OLD,Omni Channel,Actual,CT240039,Dealer,MTS,P15555,Sale,2024-10-03,2024-09-04,2024-09-04,183112.16,28.0
CT-F-99-020502,PEM102-OLD,Omni Channel,Actual,CT240217,Dealer,MTS,P1744,Sale,2024-10-03,2024-09-04,2024-09-04,119765.34,17.0
VT-F-99-010203,PEM102-OLD,Omni Channel,Actual,VT240038,Dealer,MTS,P3555,Sale,2024-09-09,2024-09-04,2024-09-04,17678.9,2.0
CT-F-99-020503,PEM102-OLD,Omni Channel,Actual,CT240156,Dealer,MTS,P1745,Sale,2024-09-09,2024-09-04,2024-09-04,13852.94,2.0
CT-F-99-020506,PEM102-OLD,Omni Channel,Actual,CT240182,Smart Shop,MTS,P1748,Sale,2024-09-26,2024-09-04,2024-09-04,22494.66,3.0
VT-F-99-010715,PEM102-OLD,Omni Channel,Actual,VT240090,Smart Shop,MTS,P15837,Sale,2024-09-26,2024-09-04,2024-09-04,18520.58,1.0
CT-F-99-020502,PEM102-OLD,Omni Channel,Actual,CT240224,การไฟฟ้าส่วนภูมิภาค เขต 3  (ภาคกลาง),MTS,P1744,Sale,2024-10-10,2024-09-04,2024-09-04,14090.04,2.0
CT-F-99-020503,PEM102-OLD,Omni Channel,Actual,CT240226,การไฟฟ้าส่วนภูมิภาค เขต 3  (ภาคกลาง),MTS,P1745,Sale,2024-10-10,2024-09-04,2024-09-04,20779.41,3.0
CT-F-99-020504,PEM102-OLD,Omni Channel,Actual,CT240195,การไฟฟ้าส่วนภูมิภาค เขต 3  (ภาคกลาง),MTS,P1746,Sale,2024-10-10,2024-09-04,2024-09-04,42128.1,6.0
CT-F-99-020505,PEM102-OLD,Omni Channel,Actual,CT240223,การไฟฟ้าส่วนภูมิภาค เขต 3  (ภาคกลาง),MTS,P1747,Sale,2024-10-10,2024-09-04,2024-09-04,13771.78,2.0
RS-F-99-070005,PEM102-OLD,Omni Channel,Actual,RS240072,การไฟฟ้าส่วนภูมิภาค เขต 3  (ภาคกลาง),MTS,P1796,Sale,2024-10-10,2024-09-04,2024-09-04,5659.91,19.0
RS-F-99-070002,PEM102-OLD,Omni Channel,Actual,RS240070,การไฟฟ้าส่วนภูมิภาค เขต 3  (ภาคกลาง),MTS,P1799,Sale,2024-10-10,2024-09-04,2024-09-04,21310.12,52.0
CT-F-99-020528,PEM102-OLD,Omni Channel,Actual,CT240191,private company,MTS,P15568,Sale,2024-09-12,2024-09-04,2024-09-04,43725.21,3.0
VT-F-99-010203,PEM102-OLD,Omni Channel,Actual,VT240038,Smart Shop,MTS,P3555,Sale,2024-09-11,2024-09-05,2024-09-05,17678.9,2.0
CT-F-99-020502,PEM102-OLD,Omni Channel,Actual,CT240040,Smart Shop,MTS,P1744,Sale,2024-09-11,2024-09-05,2024-09-05,14090.04,2.0
VT-F-99-010715,PEM102-OLD,Omni Channel,Actual,VT240090,Contractor,MTS,P15837,Sale,2024-10-31,2024-09-05,2024-09-05,18520.58,1.0
CT-F-99-020504,PEM102-OLD,Omni Channel,Actual,CT240189,Contractor,MTS,P1746,Sale,2024-10-31,2024-09-05,2024-09-05,21064.05,3.0
RS-F-99-070004,PEM102-OLD,Omni Channel,Actual,Have stock,Contractor,MTS,P1794,Sale,2024-09-06,2024-09-05,2024-09-05,880.89,3.0
CT-F-99-020505,PEM102-OLD,Omni Channel,Actual,CT240087,Smart Shop,MTS,P1747,Sale,2024-09-16,2024-09-05,2024-09-05,20657.67,3.0
VT-F-99-010721,PEM102-OLD,Omni Channel,Actual,VT240131,Smart Shop,MTS,P15311,Sale,2024-09-16,2024-09-05,2024-09-05,19337.42,1.0
CT-F-99-020527,PEM102-OLD,Omni Channel,Actual,CT240182,Contractor,MTS,P15384,Sale,2024-10-31,2024-09-05,2024-09-05,40644.18,3.0
VT-F-99-010721,PEM102-OLD,Omni Channel,Actual,VT240131,Contractor,MTS,P15311,Sale,2024-10-31,2024-09-05,2024-09-05,19337.42,1.0
CT-F-99-020506,PEM102-OLD,Omni Channel,Actual,CT240182,Contractor,MTS,P1748,Sale,2024-10-31,2024-07-12,2024-07-12,22494.66,3.0
CT-F-99-020504,PEM102-OLD,Omni Channel,Actual,CT240189,,MTS,P1746,Sale,2024-10-31,2024-09-05,2024-09-05,21064.05,3.0
VT-F-99-010203,PEM102-OLD,Omni Channel,Actual,VT240038,Smart Shop,MTS,P3555,Sale,2024-09-11,2024-09-06,2024-09-06,8839.45,1.0
CT-F-99-020510,PEM102-OLD,Omni Channel,Actual,CT240047,Smart Shop,MTS,P44620,Sale,2024-10-03,2024-09-06,2024-09-06,17030.0,2.0
RS-F-99-120006,PEM102-OLD,Omni Channel,Actual,RS240295,Smart Shop,MTO,P8846,Sale,2024-10-07,2024-09-06,2024-09-06,23153.38,2.0
RS-F-99-041005,PEM102-OLD,Omni Channel,Actual,RS240296,Smart Shop,MTO,P5017,Sale,2024-10-07,2024-09-06,2024-09-06,18510.0,2.0
VT-F-99-010819,PEM102-OLD,Omni Channel,Actual,VT240107,Dealer,MTS,P15865,Sale,2024-09-20,2024-09-06,2024-09-06,25030.26,1.0
CT-F-99-020717,PEM102-OLD,Omni Channel,Actual,CT240221,Dealer,MTO,P24328,Sale,2024-09-20,2024-09-06,2024-09-06,42969.66,3.0
RS-F-99-090026,PEM102-OLD,Omni Channel,Actual,RS240297,Small Enduser,MTO,P36268,Sale,2024-10-04,2024-09-09,2024-09-09,8345.68,4.0
VT-F-99-010203,PEM102-OLD,Omni Channel,Actual,VT240038,Smart Shop,MTS,P3555,Sale,2024-09-12,2024-09-09,2024-09-09,16772.96,2.0
CT-F-99-020501,PEM102-OLD,Omni Channel,Actual,CT240039,Smart Shop,MTS,P2063,Sale,2024-09-12,2024-09-09,2024-09-09,13079.44,2.0
VT-F-99-010721,PEM102-OLD,Omni Channel,Actual,VT240135,Contractor,MTS,P15311,Sale,2024-10-04,2024-09-10,2024-09-10,19047.48,1.0
CT-F-99-020507,PEM102-OLD,Omni Channel,Actual,CT240214,Contractor,MTS,P1749,Sale,2024-10-04,2024-09-10,2024-09-10,21088.11,3.0
VT-F-99-010721,PEM102-OLD,Omni Channel,Actual,VT240135,Contractor,MTS,P15311,Sale,2024-09-13,2024-09-10,2024-09-10,19047.48,1.0
CT-F-99-020504,PEM102-OLD,Omni Channel,Actual,CT240157,Contractor,MTS,P1746,Sale,2024-09-13,2024-09-10,2024-09-10,20495.34,3.0
VT-F-99-010721,PEM102-OLD,Omni Channel,Actual,VT240135,End User,MTS,P15311,Sale,2024-09-20,2024-09-10,2024-09-10,19047.48,1.0
CT-F-99-020506,PEM102-OLD,Omni Channel,Actual,CT240182,End User,MTS,P1748,Sale,2024-09-20,2024-09-10,2024-09-10,20877.06,3.0
VT-F-99-010721,PEM102-OLD,Omni Channel,Actual,VT240135,Contractor,MTS,P15311,Sale,2024-09-13,2024-09-10,2024-09-10,19047.48,1.0
CT-F-99-020503,PEM102-OLD,Omni Channel,Actual,CT240156,Contractor,MTS,P1745,Sale,2024-09-13,2024-09-10,2024-09-10,19764.99,3.0
CT-F-99-020502,PEM102-OLD,Omni Channel,Actual,CT240220,การไฟฟ้าส่วนภูมิภาค เขต 3  (ภาคกลาง),MTS,P1744,Sale,2024-10-08,2024-09-10,2024-09-10,94556.42,14.0
CT-F-99-020503,PEM102-OLD,Omni Channel,Actual,CT240188,การไฟฟ้าส่วนภูมิภาค เขต 3  (ภาคกลาง),MTS,P1745,Sale,2024-10-08,2024-09-10,2024-09-10,65883.3,10.0
CT-F-99-020505,PEM102-OLD,Omni Channel,Actual,CT240087,การไฟฟ้าส่วนภูมิภาค เขต 3  (ภาคกลาง),MTS,P1747,Sale,2024-10-08,2024-09-10,2024-09-10,13224.82,2.0
RS-F-99-070004,PEM102-OLD,Omni Channel,Actual,RS240071,การไฟฟ้าส่วนภูมิภาค เขต 3  (ภาคกลาง),MTS,P1794,Sale,2024-10-08,2024-09-10,2024-09-10,19613.58,67.0
RS-F-99-070005,PEM102-OLD,Omni Channel,Actual,RS240072,การไฟฟ้าส่วนภูมิภาค เขต 3  (ภาคกลาง),MTS,P1796,Sale,2024-10-08,2024-09-10,2024-09-10,11915.6,40.0
CT-F-99-020501,PEM102-OLD,Omni Channel,Actual,CT240039,การไฟฟ้าส่วนภูมิภาค เขต 3  (ภาคกลาง),MTS,P2063,Sale,2024-10-08,2024-09-10,2024-09-10,71936.92,11.0
RS-F-99-041033,PEM102-OLD,Omni Channel,Actual,RS240211,Cambodia,MTS,P4244,Sale,2024-10-10,2024-06-25,2024-06-25,382516.68,42.0
CT-F-99-020507,PEM102-OLD,Omni Channel,Actual,CT240214,Dealer,MTS,P1749,Sale,2024-10-04,2024-09-10,2024-09-10,21088.11,3.0
RS-F-99-090028,PEM102-OLD,Omni Channel,Actual,RS240298,Small Enduser,MTO,P36267,Sale,2024-10-09,2024-09-10,2024-09-10,13954.98,6.0
VT-F-99-010721,PEM107,Omni Channel,Actual,VT240135,Contractor,MTS,P45906,Sale,2025-10-31,2024-09-10,2024-09-10,18897.61,1.0
CT-F-99-020506,PEM107,Omni Channel,Actual,CT240218,Contractor,MTS,P46073,Sale,2025-10-31,2024-09-10,2024-09-10,20877.06,3.0
CT-F-99-020502,PEM102-OLD,Omni Channel,Actual,"CT240217,CT240220",การไฟฟ้าส่วนภูมิภาค เขต 3  (ภาคกลาง),MTS,P1744,Sale,2024-09-30,2024-09-11,2024-09-11,101310.45,15.0
CT-F-99-020503,PEM102-OLD,Omni Channel,Actual,CT240188,การไฟฟ้าส่วนภูมิภาค เขต 3  (ภาคกลาง),MTS,P1745,Sale,2024-09-30,2024-09-11,2024-09-11,26353.32,4.0
RS-F-99-070004,PEM102-OLD,Omni Channel,Actual,RS240071,การไฟฟ้าส่วนภูมิภาค เขต 3  (ภาคกลาง),MTS,P1794,Sale,2024-09-30,2024-09-11,2024-09-11,17857.14,61.0
RS-F-99-070005,PEM102-OLD,Omni Channel,Actual, RS240072,การไฟฟ้าส่วนภูมิภาค เขต 3  (ภาคกลาง),MTS,P1796,Sale,2024-09-30,2024-09-11,2024-09-11,20852.3,70.0
RS-F-99-070002,PEM102-OLD,Omni Channel,Actual,RS240300,การไฟฟ้าส่วนภูมิภาค เขต 3  (ภาคกลาง),MTS,P1799,Sale,2024-09-30,2024-09-11,2024-09-11,58079.42,142.0
CT-F-99-020501,PEM102-OLD,Omni Channel,Actual,CT240039,การไฟฟ้าส่วนภูมิภาค เขต 3  (ภาคกลาง),MTS,P2063,Sale,2024-09-30,2024-09-11,2024-09-11,13079.44,2.0
RS-F-99-070003,PEM102-OLD,Omni Channel,Actual,RS240197,End User,MTS,P0752,Sale,2024-09-27,2024-09-11,2024-09-11,4928.4,15.0
CT-F-99-020507,PEM102-OLD,Omni Channel,Actual,CT240141,Contractor,MTS,P1749,Sale,2024-09-13,2024-09-11,2024-09-11,21088.11,3.0
VT-F-99-010721,PEM102-OLD,Omni Channel,Actual,VT240135,Contractor,MTS,P15311,Sale,2024-09-20,2024-09-11,2024-09-11,19047.48,1.0
CT-F-99-020530,PEM102-OLD,Omni Channel,Actual,CT240198,Contractor,MTO,P15585,Sale,2024-09-20,2024-09-11,2024-09-11,43856.82,3.0
CT-F-99-020508,PEM102-OLD,Omni Channel,Actual,CT240159,Smart Shop,MTS,P1750,Sale,2024-09-20,2024-09-11,2024-09-11,25295.7,3.0
VT-F-99-010721,PEM102-OLD,Omni Channel,Actual,VT240135,Smart Shop,MTS,P15311,Sale,2024-09-20,2024-09-11,2024-09-11,19047.48,1.0
VT-F-99-010721,PEM102-OLD,Omni Channel,Actual,VT240135,,MTS,P15311,Sale,2024-09-20,2024-09-11,2024-09-11,19047.48,1.0
CT-F-99-020527,PEM102-OLD,Omni Channel,Actual,CT240219,Contractor,MTS,P15384,Sale,2024-09-27,2024-09-12,2024-09-12,40143.42,3.0
CT-F-99-020528,PEM102-OLD,Omni Channel,Actual,CT240191,Contractor,MTS,P15568,Sale,2024-09-27,2024-09-12,2024-09-12,42769.26,3.0
VT-F-99-010721,PEM102-OLD,Omni Channel,Actual,VT240135,Contractor,MTS,P15311,Sale,2024-09-27,2024-09-12,2024-09-12,19047.48,1.0
CT-F-99-020527,PEM102-OLD,Omni Channel,Actual,CT240160,Contractor,MTS,P33758,Sale,2024-09-27,2024-09-12,2024-09-12,40143.42,3.0
VT-F-99-010721,PEM102-OLD,Omni Channel,Actual,VT240135,Contractor,MTS,P15311,Sale,2024-09-27,2024-09-12,2024-09-12,19047.48,1.0
CT-F-99-020502,PEM102-OLD,Omni Channel,Actual,CT240217,Contractor,MTS,P1744,Sale,2024-09-27,2024-09-12,2024-09-12,20262.09,3.0
VT-F-99-010721,PEM102-OLD,Omni Channel,Actual,VT240135,Contractor,MTS,P15311,Sale,2024-09-27,2024-09-12,2024-09-12,19047.48,1.0
CT-F-99-020506,PEM102-OLD,Omni Channel,Actual,CT240182,Contractor,MTS,P1748,Sale,2024-09-27,2024-09-12,2024-09-12,20877.06,3.0
VT-F-99-010721,PEM102-OLD,Omni Channel,Actual,VT240135,Contractor,MTS,P15311,Sale,2024-09-27,2024-09-12,2024-09-12,19047.48,1.0
CT-F-99-020503,PEM102-OLD,Omni Channel,Actual,CT240156,Contractor,MTS,P1745,Sale,2024-09-27,2024-09-12,2024-09-12,19764.99,3.0
VT-F-99-010721,PEM102-OLD,Omni Channel,Actual,VT240135,Contractor,MTS,P15311,Sale,2024-09-27,2024-09-12,2024-09-12,19047.48,1.0
CT-F-99-020502,PEM102-OLD,Omni Channel,Actual,CT240220,การไฟฟ้าส่วนภูมิภาค เขต 3  (ภาคกลาง),MTS,P1744,Sale,2024-10-15,2024-09-13,2024-09-13,67540.3,10.0
CT-F-99-020503,PEM102-OLD,Omni Channel,Actual,CT240226,การไฟฟ้าส่วนภูมิภาค เขต 3  (ภาคกลาง),MTS,P1745,Sale,2024-10-15,2024-09-13,2024-09-13,6588.33,1.0
RS-F-99-070004,PEM102-OLD,Omni Channel,Actual,RS240071,การไฟฟ้าส่วนภูมิภาค เขต 3  (ภาคกลาง),MTS,P1794,Sale,2024-10-15,2024-09-13,2024-09-13,15222.48,52.0
RS-F-99-070005,PEM102-OLD,Omni Channel,Actual,RS240072,การไฟฟ้าส่วนภูมิภาค เขต 3  (ภาคกลาง),MTS,P1796,Sale,2024-10-15,2024-09-13,2024-09-13,9830.37,33.0
RS-F-99-070002,PEM102-OLD,Omni Channel,Actual,RS240070,การไฟฟ้าส่วนภูมิภาค เขต 3  (ภาคกลาง),MTS,P1799,Sale,2024-10-15,2024-09-13,2024-09-13,45809.12,112.0
CT-F-99-020501,PEM102-OLD,Omni Channel,Actual,CT240225,การไฟฟ้าส่วนภูมิภาค เขต 3  (ภาคกลาง),MTS,P2063,Sale,2024-10-15,2024-09-13,2024-09-13,78476.64,12.0
CT-F-99-020503,PEM102-OLD,Omni Channel,Actual,"CT240188,CT240226",การไฟฟ้าส่วนภูมิภาค เขต 3  (ภาคกลาง),MTS,P1745,Sale,2024-09-20,2024-09-13,2024-09-13,85648.29,13.0
CT-F-99-020504,PEM102-OLD,Omni Channel,Actual,CT240195,การไฟฟ้าส่วนภูมิภาค เขต 3  (ภาคกลาง),MTS,P1746,Sale,2024-09-20,2024-09-13,2024-09-13,54654.24,8.0
CT-F-99-020505,PEM102-OLD,Omni Channel,Actual,CT240087,การไฟฟ้าส่วนภูมิภาค เขต 3  (ภาคกลาง),MTS,P1747,Sale,2024-09-20,2024-09-13,2024-09-13,26449.64,4.0
RS-F-99-070005,PEM102-OLD,Omni Channel,Actual,RS240072,การไฟฟ้าส่วนภูมิภาค เขต 3  (ภาคกลาง),MTS,P1796,Sale,2024-09-20,2024-09-13,2024-09-13,8936.7,30.0
CT-F-99-020501,PEM102-OLD,Omni Channel,Actual,CT240039,การไฟฟ้าส่วนภูมิภาค เขต 3  (ภาคกลาง),MTS,P2063,Sale,2024-09-20,2024-09-13,2024-09-13,111175.24,17.0
RS-F-99-090003,PEM102-OLD,Tendering,Actual,"RS240095,RS240096,RS240097",Local Industry,MTO,P1403,Sale,2024-10-24,2024-09-13,2024-09-13,2600000.0,2000.0
RS-F-99-090003,PEM102-OLD,Tendering,Actual,CTR-2024-05334,Local Industry,MTO,P1403,Sale,2024-11-22,2024-09-13,2024-09-13,2470000.0,1900.0
VT-F-99-010721,PEM102-OLD,Omni Channel,Actual,VT240146,Contractor,MTS,P15311,Sale,2024-10-21,2024-09-16,2024-09-16,19337.42,1.0
CT-F-99-020505,PEM102-OLD,Omni Channel,Actual,CT240087,Contractor,MTS,P1747,Sale,2024-10-21,2024-09-16,2024-09-16,20657.67,3.0
CT-F-99-020501,PEM102-OLD,Omni Channel,Actual,CT240225,Contractor,MTS,P2063,Sale,2024-10-15,2024-09-16,2024-09-16,26158.88,4.0
CT-F-99-020502,PEM102-OLD,Omni Channel,Actual,CT240224,Contractor,MTS,P1744,Sale,2024-10-15,2024-09-16,2024-09-16,27016.12,4.0
CT-F-99-020508,PEM102-OLD,Omni Channel,Actual,CT240159,Contractor,MTS,P1750,Sale,2024-10-15,2024-09-16,2024-09-16,16863.8,2.0
RS-F-99-070002,PEM102-OLD,Omni Channel,Actual,RS240300,Contractor,MTS,P1799,Sale,2024-10-15,2024-09-16,2024-09-16,20041.49,49.0
RS-F-99-070004,PEM102-OLD,Omni Channel,Actual,RS240071,Contractor,MTS,P1794,Sale,2024-10-15,2024-09-16,2024-09-16,7318.5,25.0
RS-F-99-070005,PEM102-OLD,Omni Channel,Actual,RS240072,Contractor,MTS,P1796,Sale,2024-10-15,2024-09-16,2024-09-16,1787.34,6.0
VT-F-99-010715,PEM102-OLD,Omni Channel,Actual,VT240090,Contractor,MTS,P15837,Sale,2024-09-20,2024-09-17,2024-09-17,18520.58,1.0
CT-F-99-020506,PEM102-OLD,Omni Channel,Actual,CT240182,Contractor,MTS,P1748,Sale,2024-09-20,2024-09-17,2024-09-17,20877.06,3.0
VT-F-99-010203,PEM102-OLD,Omni Channel,Actual,VT240038,Smart Shop,MTS,P3555,Sale,2024-09-25,2024-09-17,2024-09-17,16772.96,2.0
CT-F-99-020505,PEM102-OLD,Omni Channel,Actual,CT240087,Smart Shop,MTS,P1747,Sale,2024-09-25,2024-09-17,2024-09-17,13224.82,2.0
CT-F-99-020510,PEM102-OLD,Omni Channel,Actual,CT240183,Contractor,MTS,P1751,Sale,2024-10-15,2024-09-17,2024-09-17,26137.35,3.0
VT-F-99-010721,PEM102-OLD,Omni Channel,Actual,VT240135,Contractor,MTS,P15311,Sale,2024-09-30,2024-09-17,2024-09-17,19047.48,1.0
CT-F-99-020503,PEM102-OLD,Omni Channel,Actual,CT240156,Contractor,MTS,P1745,Sale,2024-09-30,2024-09-17,2024-09-17,19764.99,3.0
RS-F-99-070004,PEM102-OLD,Omni Channel,Actual,RS240071,การไฟฟ้าส่วนภูมิภาค เขต 3  (ภาคกลาง),MTS,P1794,Sale,2024-10-15,2024-09-17,2024-09-17,47716.62,163.0
RS-F-99-070005,PEM102-OLD,Omni Channel,Actual,RS240072,การไฟฟ้าส่วนภูมิภาค เขต 3  (ภาคกลาง),MTS,P1796,Sale,2024-10-15,2024-09-17,2024-09-17,893.67,3.0
RS-F-99-070002,PEM102-OLD,Omni Channel,Actual,RS240300,การไฟฟ้าส่วนภูมิภาค เขต 3  (ภาคกลาง),MTS,P1799,Sale,2024-10-15,2024-09-17,2024-09-17,177101.33,433.0
VT-F-99-010721,PEM102-OLD,Omni Channel,Actual,VT240135,Contractor,MTS,P15311,Sale,2024-10-31,2024-09-17,2024-09-17,19047.48,1.0
CT-F-99-020507,PEM102-OLD,Omni Channel,Actual,CT240214,Contractor,MTS,P1749,Sale,2024-10-31,2024-09-17,2024-09-17,21088.11,3.0
VT-F-99-010203,PEM102-OLD,Omni Channel,Actual,VT240038,Contractor,MTS,P3555,Sale,2024-10-31,2024-09-17,2024-09-17,16772.96,2.0
CT-F-99-020503,PEM102-OLD,Omni Channel,Actual,CT240235,Contractor,MTS,P1745,Sale,2024-10-31,2024-09-17,2024-09-17,13176.66,2.0
CT-F-99-020504,PEM102-OLD,Omni Channel,Actual,CT240189,Contractor,MTS,P1746,Sale,2024-10-31,2024-09-17,2024-09-17,20495.34,3.0
VT-F-99-010721,PEM102-OLD,Omni Channel,Actual,VT240146,Contractor,MTS,P15311,Sale,2024-11-29,2024-09-17,2024-09-17,19047.48,1.0
CT-F-99-020504,PEM102-OLD,Omni Channel,Actual,CT240086,Contractor,MTS,P1746,Sale,2024-09-20,2024-09-17,2024-09-17,20495.34,3.0
VT-F-99-010721,PEM102-OLD,Omni Channel,Actual,VT240135,Contractor,MTS,P15311,Sale,2024-09-20,2024-09-17,2024-09-17,19047.48,1.0
VT-F-99-010721,PEM102-OLD,Omni Channel,Actual,VT240135,Contractor,MTS,P15311,Sale,2024-09-20,2024-09-17,2024-09-17,19047.48,1.0
CT-F-99-020507,PEM102-OLD,Omni Channel,Actual,CT240214,Contractor,MTS,P1749,Sale,2024-09-20,2024-09-17,2024-09-17,21088.11,3.0
VT-F-99-010721,PEM102-OLD,Omni Channel,Actual,VT240135,Contractor,MTS,P15311,Sale,2024-09-20,2024-09-17,2024-09-17,19047.48,1.0
CT-F-99-020507,PEM102-OLD,Omni Channel,Actual,CT240214,Contractor,MTS,P1749,Sale,2024-09-20,2024-09-17,2024-09-17,21088.11,3.0
VT-F-99-010721,PEM102-OLD,Omni Channel,Actual,VT240135,Contractor,MTS,P15311,Sale,2024-09-20,2024-09-17,2024-09-17,19047.48,1.0
CT-F-99-020508,PEM102-OLD,Omni Channel,Actual,CT240159,Contractor,MTS,P1750,Sale,2024-09-23,2024-09-17,2024-09-17,25295.7,3.0
CT-F-99-020506,PEM102-OLD,Omni Channel,Actual,CT240218,Contractor,MTS,P1748,Sale,2024-09-20,2024-09-17,2024-09-17,20877.06,3.0
VT-F-99-010721,PEM102-OLD,Omni Channel,Actual,VT240141,Contractor,MTS,P15311,Sale,2024-09-20,2024-09-17,2024-09-17,19047.48,1.0
CT-F-99-020502,PEM102-OLD,Omni Channel,Actual,"CT240220,CT240224",การไฟฟ้าส่วนภูมิภาค เขต 3  (ภาคกลาง),MTS,P1744,Sale,2024-10-17,2024-09-18,2024-09-18,101310.45,15.0
CT-F-99-020503,PEM102-OLD,Omni Channel,Actual,CT240226,การไฟฟ้าส่วนภูมิภาค เขต 3  (ภาคกลาง),MTS,P1745,Sale,2024-10-17,2024-09-18,2024-09-18,6588.33,1.0
RS-F-99-070004,PEM102-OLD,Omni Channel,Actual,"RS230042,RS240071",การไฟฟ้าส่วนภูมิภาค เขต 3  (ภาคกลาง),MTS,P1794,Sale,2024-10-17,2024-09-18,2024-09-18,9660.42,33.0
RS-F-99-070005,PEM102-OLD,Omni Channel,Actual,"RS230043,RS240072",การไฟฟ้าส่วนภูมิภาค เขต 3  (ภาคกลาง),MTS,P1796,Sale,2024-10-17,2024-09-18,2024-09-18,12213.49,41.0
RS-F-99-070002,PEM102-OLD,Omni Channel,Actual,"RS240070,RS240300",การไฟฟ้าส่วนภูมิภาค เขต 3  (ภาคกลาง),MTS,P1799,Sale,2024-10-17,2024-09-18,2024-09-18,36401.89,89.0
CT-F-99-020508,PEM102-OLD,Omni Channel,Actual,CT240159,End User,MTS,P1750,Sale,2024-09-25,2024-09-18,2024-09-18,25295.7,3.0
CT-F-99-020508,PEM102-OLD,Omni Channel,Actual,CT240159,End User,MTS,P1750,Sale,2024-09-25,2024-09-18,2024-09-18,25295.7,3.0
CT-F-99-020508,PEM102-OLD,Omni Channel,Actual,CT240177,End User,MTS,P1750,Sale,2024-09-25,2024-09-18,2024-09-18,25295.7,3.0
VT-F-99-010721,PEM102-OLD,Omni Channel,Actual,VT240146,Factory,MTS,P15311,Sale,2024-11-11,2024-09-19,2024-09-19,19047.48,1.0
CT-F-99-020528,PEM102-OLD,Omni Channel,Actual,CT240231,Factory,MTS,P15568,Sale,2024-11-11,2024-09-19,2024-09-19,42769.26,3.0
VT-F-99-010715,PEM102-OLD,Omni Channel,Actual,VT230065,Contractor,MTS,P15837,Sale,2024-09-27,2024-09-19,2024-09-19,18520.58,1.0
CT-F-99-020506,PEM102-OLD,Omni Channel,Actual,CT240218,Contractor,MTS,P1748,Sale,2024-09-27,2024-09-19,2024-09-19,20877.06,3.0
VT-F-99-010203,PEM102-OLD,Omni Channel,Actual,VT240038,End User,MTS,P3555,Sale,2024-09-26,2024-09-19,2024-09-19,83864.8,10.0
CT-F-99-020510,PEM102-OLD,Omni Channel,Actual,CT240183,End User,MTS,P1751,Sale,2024-09-26,2024-09-19,2024-09-19,26137.35,3.0
CT-F-99-020502,PEM102-OLD,Omni Channel,Actual,CT240224,End User,MTS,P1744,Sale,2024-09-26,2024-09-19,2024-09-19,27016.12,4.0
VT-F-99-010701,PEM102-OLD,Omni Channel,Actual,VT240116,Contractor,MTS,P2889,Sale,2024-09-19,2024-07-12,2024-07-12,19756.78,1.0
CT-F-99-020506,PEM102-OLD,Omni Channel,Actual,CT240182,Contractor,MTS,P1748,Sale,2024-11-29,2024-07-12,2024-07-12,20877.06,3.0
VT-F-99-010721,PEM102-OLD,Omni Channel,Actual,VT240096,Contractor,MTS,P15311,Sale,2024-11-29,2024-07-12,2024-07-12,19047.48,1.0
CT-F-99-020508,PEM102-OLD,Omni Channel,Actual,CT240097,Contractor,MTS,P1750,Sale,2024-11-29,2024-07-12,2024-07-12,25295.7,3.0
VT-F-99-010203,PEM102-OLD,Omni Channel,Actual,"VT240038,VT240136",Contractor,MTS,P3555,Sale,2024-09-27,2024-09-19,2024-09-19,16772.96,2.0
CT-F-99-020503,PEM102-OLD,Omni Channel,Actual,CT240226,Contractor,MTS,P1745,Sale,2024-09-27,2024-09-19,2024-09-19,13176.66,2.0
VT-F-99-010721,PEM102-OLD,Omni Channel,Actual,VT240141,VSPP/SPP,MTS,P15311,Sale,2024-09-23,2024-09-19,2024-09-19,19047.48,1.0
CT-F-99-020501,PEM102-OLD,Omni Channel,Actual,CT240039,VSPP/SPP,MTS,P2063,Sale,2024-09-23,2024-09-19,2024-09-19,19619.16,3.0
VT-F-99-010819,PEM102-OLD,Omni Channel,Actual,VT240107,Contractor,MTS,P15865,Sale,2024-10-18,2024-09-19,2024-09-19,25030.26,1.0
CT-F-99-020714,PEM102-OLD,Omni Channel,Actual,CT240245,Contractor,MTO,P30289,Sale,2024-10-18,2024-09-19,2024-09-19,41440.05,3.0
CT-F-99-020504,PEM102-OLD,Omni Channel,Actual,CT240189,,MTS,P1746,Sale,2024-10-31,2024-09-19,2024-09-19,20495.34,3.0
VT-F-99-010721,PEM102-OLD,Omni Channel,Actual,VT240141,,MTS,P15311,Sale,2024-10-31,2024-09-19,2024-09-19,19047.48,1.0
VT-F-99-010721,PEM102-OLD,Omni Channel,Actual,VT240146,Factory,MTS,P15311,Sale,2024-10-25,2024-09-19,2024-09-19,19337.42,1.0
CT-F-99-020528,PEM102-OLD,Omni Channel,Actual,CT240231,Factory,MTS,P15568,Sale,2024-10-25,2024-09-19,2024-09-19,43725.21,3.0
VT-F-99-010721,PEM102-OLD,Omni Channel,Actual,VT240141,,MTS,P15311,Sale,2024-09-20,2024-09-20,2024-09-20,19047.48,1.0
CT-F-99-020507,PEM102-OLD,Omni Channel,Actual,CT240141,,MTS,P1749,Sale,2024-09-20,2024-09-20,2024-09-20,21088.11,3.0
CT-F-99-020503,PEM102-OLD,Omni Channel,Actual,CT240156,Contractor,MTS,P1745,Sale,2024-10-31,2024-09-20,2024-09-20,6588.33,1.0
VT-F-99-010203,PEM102-OLD,Omni Channel,Actual,VT240038,Contractor,MTS,P3555,Sale,2024-09-20,2024-09-20,2024-09-20,8386.48,1.0
CT-F-99-020501,PEM102-OLD,Omni Channel,Actual,CT240039,Contractor,MTS,P2063,Sale,2024-10-31,2024-09-20,2024-09-20,6539.72,1.0
VT-F-99-010203,PEM102-OLD,Omni Channel,Actual,VT240038,Contractor,MTS,P3555,Sale,2024-09-20,2024-09-20,2024-09-20,8386.48,1.0
VT-F-99-010203,PEM102-OLD,Omni Channel,Actual,VT240038,Contractor,MTS,P3555,Sale,2024-10-31,2024-09-20,2024-09-20,8386.48,1.0
RS-F-99-070004,PEM102-OLD,Omni Channel,Actual,RS240071,การไฟฟ้าส่วนภูมิภาค เขต 3  (ภาคกลาง),MTS,P1794,Sale,2024-10-18,2024-09-20,2024-09-20,36592.5,125.0
RS-F-99-070005,PEM102-OLD,Omni Channel,Actual,RS240072,การไฟฟ้าส่วนภูมิภาค เขต 3  (ภาคกลาง),MTS,P1796,Sale,2024-10-18,2024-09-20,2024-09-20,24426.98,82.0
RS-F-99-070002,PEM102-OLD,Omni Channel,Actual,RS240300,การไฟฟ้าส่วนภูมิภาค เขต 3  (ภาคกลาง),MTS,P1799,Sale,2024-10-18,2024-09-20,2024-09-20,232726.69,569.0
VT-F-99-010721,PEM102-OLD,Omni Channel,Actual,VT240141,Contractor,MTS,P15311,Sale,2024-09-23,2024-09-20,2024-09-20,19047.48,1.0
CT-F-99-020535,PEM102-OLD,Omni Channel,Actual,CT240187,Contractor,MTO,P30382,Sale,2024-10-04,2024-09-20,2024-09-20,48296.97,3.0
VT-F-99-010721,PEM102-OLD,Omni Channel,Actual,VT240141,Contractor,MTS,P15311,Sale,2024-10-04,2024-09-20,2024-09-20,19047.48,1.0
CT-F-99-020530,PEM102-OLD,Omni Channel,Actual,CT240216,Contractor,MTS,P15585,Sale,2024-10-04,2024-09-20,2024-09-20,43856.82,3.0
VT-F-99-010721,PEM102-OLD,Omni Channel,Actual,VT240141,Contractor,MTS,P15311,Sale,2024-10-04,2024-09-20,2024-09-20,19047.48,1.0
VT-F-99-010721,PEM102-OLD,Omni Channel,Actual,VT240141,Contractor,MTS,P15311,Sale,2024-10-04,2024-09-20,2024-09-20,19047.48,1.0
CT-F-99-020706,PEM102-OLD,Omni Channel,Actual,CT240252,End User,MTS,P1771,Sale,2024-10-22,2024-09-20,2024-09-20,47190.36,6.0
CT-F-99-020504,PEM102-OLD,Omni Channel,Actual,CT240195,Factory,MTS,P1746,Sale,2024-10-04,2024-09-23,2024-09-23,20495.34,3.0
VT-F-99-010721,PEM102-OLD,Omni Channel,Actual,VT240141,Factory,MTS,P15311,Sale,2024-10-04,2024-09-23,2024-09-23,19047.48,1.0
VT-F-99-010303,PEM102-OLD,Omni Channel,Actual,VT240056,Contractor,MTS,P7218,Sale,2024-10-21,2024-09-19,2024-09-19,20266.12,2.0
CT-F-99-020702,PEM102-OLD,Omni Channel,Actual,CT240246,Contractor,MTO,P1767,Sale,2024-10-21,2024-09-19,2024-09-19,14822.74,2.0
CT-F-99-020717,PEM102-OLD,Omni Channel,Actual,CT240242,Contractor,MTO,P24328,Sale,2024-10-04,2024-09-23,2024-09-23,42969.66,3.0
VT-F-99-010819,PEM102-OLD,Omni Channel,Actual,VT240107,Contractor,MTS,P15865,Sale,2024-10-31,2024-09-23,2024-09-23,25030.26,1.0
VT-F-99-010721,PEM102-OLD,Omni Channel,Actual,VT240141,Contractor,MTS,P15311,Sale,2024-09-24,2024-09-23,2024-09-23,19047.48,1.0
CT-F-99-020506,PEM102-OLD,Omni Channel,Actual,CT240182,Contractor,MTS,P1748,Sale,2024-09-24,2024-09-23,2024-09-23,20877.06,3.0
VT-F-99-010721,PEM102-OLD,Omni Channel,Actual,VT240135,Contractor,MTS,P15311,Sale,2024-09-13,2024-09-12,2024-09-12,19047.48,1.0
CT-F-99-020528,PEM102-OLD,Omni Channel,Actual,"LB240170, CT240215",Contractor,MTS,P15568,Sale,2024-10-04,2024-09-12,2024-09-12,42769.26,3.0
RS-F-99-090028,PEM102-OLD,Omni Channel,Actual,RS240312,Small Enduser,MTO,P36267,Sale,2024-10-21,2024-09-24,2024-09-24,6977.49,3.0
CT-F-99-020505,PEM102-OLD,Omni Channel,Actual,CT240087,Dealer,MTS,P1747,Sale,2024-10-15,2024-09-24,2024-09-24,19837.23,3.0
CT-F-99-020504,PEM102-OLD,Omni Channel,Actual,CT240195,Dealer,MTS,P1746,Sale,2024-10-15,2024-09-24,2024-09-24,20495.34,3.0
VT-F-99-010721,PEM102-OLD,Omni Channel,Actual,VT240141,End User,MTS,P15311,Sale,2024-10-04,2024-09-24,2024-09-24,19047.48,1.0
CT-F-99-020504,PEM102-OLD,Omni Channel,Actual,CT240195,End User,MTS,P1746,Sale,2024-10-04,2024-09-24,2024-09-24,20495.34,3.0
CT-F-99-020527,PEM102-OLD,Omni Channel,Actual,CT240230,Contractor,MTS,P15384,Sale,2024-11-08,2024-09-25,2024-09-25,40143.42,3.0
VT-F-99-010721,PEM102-OLD,Omni Channel,Actual,VT240141,private company,MTS,P15311,Sale,2024-11-01,2024-09-25,2024-09-25,19047.48,1.0
CT-F-99-020526,PEM102-OLD,Omni Channel,Actual,CT240173,private company,MTS,P15464,Sale,2024-11-01,2024-09-25,2024-09-25,45834.84,3.0
VT-F-99-010819,PEM102-OLD,Omni Channel,Actual,VT240107,Contractor,MTS,P15865,Sale,2024-10-08,2024-09-25,2024-09-25,25030.26,1.0
CT-F-99-020706,PEM102-OLD,Omni Channel,Actual,CT240247,Contractor,MTS,P1771,Sale,2024-10-08,2024-09-25,2024-09-25,23595.18,3.0
VT-F-99-010721,PEM102-OLD,Omni Channel,Actual,VT240141,Contractor,MTS,P15311,Sale,2024-10-31,2024-09-25,2024-09-25,19047.48,1.0
CT-F-99-020527,PEM102-OLD,Omni Channel,Actual,CT240160,Contractor,MTS,P15384,Sale,2024-10-31,2024-09-25,2024-09-25,40143.42,3.0
VT-F-99-010721,PEM102-OLD,Omni Channel,Actual,VT240141,Contractor,MTS,P15311,Sale,2024-10-31,2024-09-25,2024-09-25,57142.44,3.0
CT-F-99-020506,PEM102-OLD,Omni Channel,Actual,CT240218,Contractor,MTS,P1748,Sale,2024-10-31,2024-09-25,2024-09-25,62631.18,9.0
VT-F-99-010721,PEM102-OLD,Omni Channel,Actual,"VT240122,VT230172,VT240096",Contractor,MTS,P15311,Sale,2024-10-02,2024-09-25,2024-09-25,57142.44,3.0
CT-F-99-020506,PEM102-OLD,Omni Channel,Actual,CT240218,Contractor,MTS,P1748,Sale,2024-10-02,2024-09-25,2024-09-25,62631.18,9.0
VT-F-99-010721,PEM102-OLD,Omni Channel,Actual,"VT240146,VT240135",Contractor,MTS,P15311,Sale,2024-10-08,2024-09-25,2024-09-25,57142.44,3.0
CT-F-99-020506,PEM102-OLD,Omni Channel,Actual,CT240228,Contractor,MTS,P1748,Sale,2024-10-08,2024-09-25,2024-09-25,62631.18,9.0
VT-F-99-010721,PEM102-OLD,Omni Channel,Actual,"VT240146,VT240093",Contractor,MTS,P15311,Sale,2024-10-08,2024-09-25,2024-09-25,38094.96,2.0
CT-F-99-020506,PEM102-OLD,Omni Channel,Actual,CT240218,Contractor,MTS,P1748,Sale,2024-10-08,2024-09-25,2024-09-25,41754.12,6.0
VT-F-99-010721,PEM102-OLD,Omni Channel,Actual,VT240141,Contractor,MTS,P15311,Sale,2024-10-02,2024-09-25,2024-09-25,19047.48,1.0
CT-F-99-020504,PEM102-OLD,Omni Channel,Actual,CT240195,Contractor,MTS,P1746,Sale,2024-10-02,2024-09-25,2024-09-25,20495.34,3.0
VT-F-99-010721,PEM102-OLD,Omni Channel,Actual,VT240131,,MTS,P15311,Sale,2024-10-15,2024-09-26,2024-09-26,38094.96,2.0
CT-F-99-020530,PEM102-OLD,Omni Channel,Actual,CT240216,,MTS,P15585,Sale,2024-10-15,2024-09-26,2024-09-26,87713.64,6.0
CT-F-99-020526,PEM102-OLD,Omni Channel,Actual,"VT240141,CT24169,CT240187",Contractor,MTS,P15464,Sale,2024-09-26,2024-09-20,2024-09-20,45834.84,3.0
VT-F-99-010721,PEM102-OLD,Omni Channel,Actual,VT240135,Factory,MTS,P15311,Sale,2024-09-27,2024-09-26,2024-09-26,19047.48,1.0
CT-F-99-020503,PEM102-OLD,Omni Channel,Actual,CT240156,Factory,MTS,P1745,Sale,2024-09-27,2024-09-26,2024-09-26,19764.99,3.0
CT-F-99-020511,PEM102-OLD,Omni Channel,Actual,CT240009,Smart Shop,MTS,P1752,Sale,2024-10-02,2024-09-26,2024-09-26,17798.52,2.0
CT-F-99-020506,PEM102-OLD,Omni Channel,Actual,CT240228,Contractor,MTS,P1748,Sale,2024-09-27,2024-09-26,2024-09-26,20877.06,3.0
VT-F-99-010721,PEM102-OLD,Omni Channel,Actual,VT240141,Contractor,MTS,P15311,Sale,2024-09-27,2024-09-26,2024-09-26,19047.48,1.0
CT-F-99-020530,PEM102-OLD,Omni Channel,Actual,CT240232,Contractor,MTS,P15585,Sale,2024-10-04,2024-09-26,2024-09-26,43856.82,3.0
VT-F-99-010721,PEM102-OLD,Omni Channel,Actual,VT240146,Contractor,MTS,P15311,Sale,2024-10-04,2024-09-26,2024-09-26,19047.48,1.0
CT-F-99-020704,PEM102-OLD,Omni Channel,Actual,CT240186,Contractor,MTO,P1769,Sale,2024-10-07,2024-09-27,2024-09-27,22018.05,3.0
VT-F-99-010819,PEM102-OLD,Omni Channel,Actual,VT240107,Contractor,MTS,P15865,Sale,2024-10-07,2024-09-27,2024-09-27,25030.26,1.0
CT-F-99-020703,PEM102-OLD,Omni Channel,Actual,CT240250,Contractor,MTO,P1768,Sale,2024-10-07,2024-09-27,2024-09-27,21842.4,3.0
VT-F-99-010819,PEM102-OLD,Omni Channel,Actual,VT240087,Contractor,MTS,P15865,Sale,2024-10-07,2024-09-27,2024-09-27,25030.26,1.0
CT-F-99-020726,PEM102-OLD,Omni Channel,Actual,CT240253,Contractor,MTO,P15864,Sale,2024-10-29,2024-09-27,2024-09-27,45916.23,3.0
VT-F-99-010819,PEM102-OLD,Omni Channel,Actual,VT240123,Contractor,MTO,P15865,Sale,2024-10-29,2024-09-27,2024-09-27,25030.26,1.0
CT-F-99-020506,PEM102-OLD,Omni Channel,Actual,"CT240182,CT240228",Contractor,MTS,P1748,Sale,2024-10-05,2024-09-27,2024-09-27,20877.06,3.0
CT-F-99-020508,PEM102-OLD,Omni Channel,Actual,CT240177,Contractor,MTS,P1750,Sale,2024-10-05,2024-09-27,2024-09-27,25295.7,3.0
VT-F-99-010820,PPD101,Tendering,Actual,CTR-2024-05634,Local Utility,MTO,P15684,Sale,2024-12-06,2024-10-09,2024-10-09,1801875.0,31.0
CT-F-99-020504,PTS,Tendering,Actual,CTR-2024-05635,Local Utility,MTO,P1746,Sale,2024-12-06,2024-10-15,2024-10-15,4883000.0,500.0
CT-F-99-020504,PTS,Tendering,Actual,CTR-2024-05635,Local Utility,MTO,P1746,Sale,2025-01-07,2024-10-15,2024-10-15,1796944.0,184.0
CT-F-99-020506,PTS,Tendering,Actual,CTR-2024-05635,Local Utility,MTO,P1748,Sale,2024-12-06,2024-10-15,2024-10-15,1717380.0,174.0
CT-F-99-020507,PTS,Tendering,Actual,CTR-2024-05635,Local Utility,MTO,P1749,Sale,2024-12-06,2024-10-15,2024-10-15,1988217.0,198.0
CT-F-99-020703,PTS,Tendering,Actual,CTR-2024-05635,Local Utility,MTO,P1768,Sale,2024-12-06,2024-10-15,2024-10-15,1374912.0,96.0
CT-F-99-020705,PTS,Tendering,Actual,CTR-2024-05635,Local Utility,MTO,P1770,Sale,2024-12-06,2024-10-15,2024-10-15,545649.6,38.0
CT-F-99-020706,PTS,Tendering,Actual,CTR-2024-05635,Local Utility,MTO,P1771,Sale,2024-12-06,2024-10-15,2024-10-15,431055.0,30.0
CT-F-99-020708,PTS,Tendering,Actual,CTR-2024-05635,Local Utility,MTO,P1773,Sale,2024-12-06,2024-10-15,2024-10-15,664801.2,46.0
CT-F-99-020709,PTS,Tendering,Actual,CTR-2024-05635,Local Utility,MTO,P1775,Sale,2024-12-06,2024-10-15,2024-10-15,183247.2,12.0
CT-F-99-020707,PTS,Tendering,Actual,CTR-2024-05635,Local Utility,MTO,P6644,Sale,2024-12-06,2024-10-15,2024-10-15,230788.8,16.0
VT-F-99-010303,PTS,Tendering,Actual,CTR-2024-05635,Local Utility,MTO,P7218,Sale,2024-12-06,2024-10-15,2024-10-15,7928250.0,500.0
VT-F-99-010303,PTS,Tendering,Actual,CTR-2024-05635,Local Utility,MTO,P7218,Sale,2025-01-07,2024-10-15,2024-10-15,7484268.0,472.0
CT-F-99-020710,PTS,Tendering,Actual,CTR-2024-05635,Local Utility,MTO,P7618,Sale,2024-12-06,2024-10-15,2024-10-15,242841.6,16.0
CT-F-99-020528,PEM102-OLD,Omni Channel,Actual,CT240215,Smart Shop,MTS,P15568,Sale,2024-10-08,2024-09-30,2024-09-30,42769.26,3.0
VT-F-99-010721,PEM102-OLD,Omni Channel,Actual,VT240122,Smart Shop,MTS,P15311,Sale,2024-10-08,2024-09-30,2024-09-30,19047.48,1.0
VT-F-99-010721,PEM102-OLD,Omni Channel,Actual,VT240141,End User,MTS,P15311,Sale,2024-10-04,2024-09-30,2024-09-30,19047.48,1.0
CT-F-99-020510,PEM102-OLD,Omni Channel,Actual,CT240183,End User,MTS,P1751,Sale,2024-10-04,2024-09-30,2024-09-30,26137.35,3.0
VT-F-99-010819,PEM102-OLD,Omni Channel,Actual,VT240147,Contractor,MTS,P15865,Sale,2024-10-08,2024-09-30,2024-09-30,75090.78,3.0
CT-F-99-020706,PEM102-OLD,Omni Channel,Actual,"CT240252,CT240244",Contractor,MTS,P1771,Sale,2024-10-08,2024-09-30,2024-09-30,70785.54,9.0
VT-F-99-010721,PEM102-OLD,Omni Channel,Actual,VT240146,Contractor,MTS,P15311,Sale,2024-10-08,2024-09-30,2024-09-30,57142.44,3.0
CT-F-99-020506,PEM102-OLD,Omni Channel,Actual,"CT240243,CT240182,CT240228",Contractor,MTS,P1748,Sale,2024-10-08,2024-09-30,2024-09-30,62631.18,9.0
VT-F-99-010302,PEM102-OLD,Omni Channel,Actual,VT240162,Contractor,MTO,P3225,Sale,2024-10-04,2024-09-30,2024-09-30,10497.46,1.0
RS-F-99-070005,PEM102-OLD,Omni Channel,Actual,RS190335,End User,MTS,P1796,Sale,2024-10-05,2024-09-30,2024-09-30,893.67,3.0
CT-F-99-020507,PEM102-OLD,Omni Channel,Actual,CT240214,Dealer,MTO,P1749,Sale,2024-10-20,2024-09-30,2024-09-30,21088.11,3.0
CT-F-99-020511,PEM102-OLD,Omni Channel,Actual,"CT240009,CT240048",Dealer,MTS,P1752,Sale,2024-10-20,2024-09-30,2024-09-30,26697.78,3.0
VT-F-99-010721,PEM102-OLD,Omni Channel,Actual,VT240131,Contractor,MTS,P15311,Sale,2024-10-10,2024-10-01,2024-10-01,19047.48,1.0
CT-F-99-020531,PEM102-OLD,Omni Channel,Actual,CT240129,Contractor,MTS,P24362,Sale,2024-10-10,2024-10-01,2024-10-01,39058.44,3.0
VT-F-99-010721,PEM102-OLD,Omni Channel,Actual,VT240146,Contractor,MTS,P15311,Sale,2024-10-25,2024-10-01,2024-10-01,19047.48,1.0
CT-F-99-020510,PEM102-OLD,Omni Channel,Actual,CT240183,Contractor,MTS,P1751,Sale,2024-10-25,2024-10-01,2024-10-01,26137.35,3.0
VT-F-99-010721,PEM102-OLD,Omni Channel,Actual,VT240146,Contractor,MTS,P15311,Sale,2024-10-04,2024-10-01,2024-10-01,19047.48,1.0
CT-F-99-020505,PEM102-OLD,Omni Channel,Actual,CT240223,Contractor,MTS,P1747,Sale,2024-10-04,2024-10-01,2024-10-01,19837.23,3.0
VT-F-99-010721,PEM102-OLD,Omni Channel,Actual,VT240122,End User,MTS,P15311,Sale,2024-10-04,2024-10-02,2024-10-02,19047.48,1.0
CT-F-99-020506,PEM102-OLD,Omni Channel,Actual,CT240218,End User,MTS,P1748,Sale,2024-10-04,2024-10-02,2024-10-02,20877.06,3.0
VT-F-99-010715,PEM102-OLD,Omni Channel,Actual,VT240124,Contractor,MTS,P15837,Sale,2024-10-04,2024-10-02,2024-10-02,18520.58,1.0
CT-F-99-020505,PEM102-OLD,Omni Channel,Actual,CT240223,Contractor,MTS,P1747,Sale,2024-10-04,2024-10-02,2024-10-02,19837.23,3.0
CT-F-99-020504,PEM102-OLD,Omni Channel,Actual,CT240189,Contractor,MTS,P1746,Sale,2024-10-04,2024-10-02,2024-10-02,13663.56,2.0
VT-F-99-010203,PEM102-OLD,Omni Channel,Actual,VT240136,Contractor,MTS,P3555,Sale,2024-10-04,2024-10-02,2024-10-02,16772.96,2.0
VT-F-99-010701,PEM102-OLD,Omni Channel,Actual,VT240154,Contractor,MTS,P2889,Sale,2024-10-15,2024-10-02,2024-10-02,19756.78,1.0
VT-F-99-010203,PEM102-OLD,Omni Channel,Actual,VT240136,End User,MTS,P3555,Sale,2024-10-09,2024-10-02,2024-10-02,16772.96,2.0
VT-F-99-010722,PEM102-OLD,Omni Channel,Actual,VT240111,Contractor,MTS,P13054,Sale,2024-10-21,2024-10-02,2024-10-02,83455.29,3.0
RS-F-99-070004,PEM102-OLD,Omni Channel,Actual,RS190334,Smart Shop,MTS,P1794,Sale,2024-10-04,2024-10-03,2024-10-03,3512.88,12.0
RS-F-99-070002,PEM102-OLD,Omni Channel,Actual,RS190333,Smart Shop,MTS,P1799,Sale,2024-10-04,2024-10-03,2024-10-03,1227.03,3.0
VT-F-99-010701,PEM102-OLD,Omni Channel,Actual,VT240154,Smart Shop,MTS,P2889,Sale,2024-10-22,2024-10-02,2024-10-02,19756.78,1.0
VT-F-99-010715,PEM102-OLD,Omni Channel,Actual,VT240124,Factory,MTS,P15837,Sale,2024-10-08,2024-10-03,2024-10-03,18520.58,1.0
CT-F-99-020504,PEM102-OLD,Omni Channel,Actual,CT240195,Factory,MTS,P1746,Sale,2024-10-08,2024-10-03,2024-10-03,20495.34,3.0
CT-F-99-020503,PEM107,Omni Channel,Actual,CT240226,Contractor,MTS,P46070,Sale,2025-02-28,2024-10-04,2024-10-04,19764.99,3.0
VT-F-99-010203,PEM102-OLD,Omni Channel,Actual,VT240136,Smart Shop,MTS,P3555,Sale,2024-10-05,2024-10-04,2024-10-04,16772.96,2.0
CT-F-99-020504,PEM102-OLD,Omni Channel,Actual,CT240213,Smart Shop,MTS,P1746,Sale,2024-10-05,2024-10-04,2024-10-04,13663.56,2.0
VT-F-99-010722,PEM102-OLD,Omni Channel,Actual,VT240111,Contractor,MTO,P13054,Sale,2024-10-10,2024-10-04,2024-10-04,27818.43,1.0
VT-F-99-010203,PEM102-OLD,Omni Channel,Actual,VT240136,Smart Shop,MTS,P3555,Sale,2024-10-11,2024-10-04,2024-10-04,16772.96,2.0
CT-F-99-020503,PEM102-OLD,Omni Channel,Actual,CT240226,Smart Shop,MTS,P1745,Sale,2024-10-11,2024-10-04,2024-10-04,13176.66,2.0
CT-F-99-020503,PEM102-OLD,Omni Channel,Actual,CT240226,Contractor,MTS,P1745,Sale,2024-10-07,2024-10-07,2024-10-07,19764.99,3.0
VT-F-99-010721,PEM102-OLD,Omni Channel,Actual,VT240146,Contractor,MTS,P15311,Sale,2024-11-29,2024-10-07,2024-10-07,19047.48,1.0
VT-F-99-010303,PEM102-OLD,Omni Channel,Actual,VT240056,Contractor,MTS,P7218,Sale,2024-10-10,2024-10-07,2024-10-07,20266.12,2.0
CT-F-99-020507,PEM102-OLD,Omni Channel,Actual,CT240214,Contractor,MTS,P1749,Sale,2024-11-29,2024-10-07,2024-10-07,21088.11,3.0
VT-F-99-010721,PEM102-OLD,Omni Channel,Actual,VT240152,Contractor,MTS,P15311,Sale,2024-10-10,2024-10-07,2024-10-07,19047.48,1.0
CT-F-99-020504,PEM102-OLD,Omni Channel,Actual,CT240213,Contractor,MTS,P1746,Sale,2024-10-10,2024-10-07,2024-10-07,13663.56,2.0
VT-F-99-010203,PEM102-OLD,Omni Channel,Actual,VT240136,Contractor,MTS,P3555,Sale,2024-10-10,2024-10-07,2024-10-07,16772.96,2.0
CT-F-99-020507,PEM102-OLD,Omni Channel,Actual,CT240141,Contractor,MTS,P1749,Sale,2024-10-09,2024-10-07,2024-10-07,14536.62,2.0
VT-F-99-010203,PEM102-OLD,Omni Channel,Actual,VT240136,Contractor,MTS,P3555,Sale,2024-10-09,2024-10-07,2024-10-07,16772.96,2.0
VT-F-99-010721,PEM102-OLD,Omni Channel,Actual,VT240152,Contractor,MTS,P15311,Sale,2024-11-05,2024-10-08,2024-10-08,19003.97,1.0
CT-F-99-020529,PEM102-OLD,Omni Channel,Actual,CT240260,Contractor,MTO,P29687,Sale,2024-11-05,2024-10-08,2024-10-08,46726.95,3.0
VT-F-99-010203,PEM102-OLD,Omni Channel,Actual,VT240136,Contractor,MTS,P3555,Sale,2024-10-10,2024-10-08,2024-10-08,16767.14,2.0
CT-F-99-020508,PEM102-OLD,Omni Channel,Actual,CT240177,,MTS,P1750,Sale,2024-10-31,2024-10-08,2024-10-08,25351.89,3.0
VT-F-99-010721,PEM102-OLD,Omni Channel,Actual,VT240152,Smart Shop,MTS,P15311,Sale,2024-10-17,2024-10-08,2024-10-08,19003.97,1.0
CT-F-99-020530,PEM102-OLD,Omni Channel,Actual,CT240249,Smart Shop,MTS,P15585,Sale,2024-10-17,2024-10-08,2024-10-08,43475.04,3.0
CT-F-99-020503,PEM102-OLD,Omni Channel,Actual,CT240235,Contractor,MTS,P1745,Sale,2024-10-09,2024-10-09,2024-10-09,6653.38,1.0
VT-F-99-010203,PEM102-OLD,Omni Channel,Actual,VT240136,Contractor,MTS,P3555,Sale,2024-10-09,2024-10-09,2024-10-09,8383.57,1.0
VT-F-99-010721,PEM102-OLD,Omni Channel,Actual,VT240152,private company,MTS,P15311,Sale,2024-10-31,2024-10-09,2024-10-09,19003.97,1.0
CT-F-99-020504,PEM102-OLD,Omni Channel,Actual,"CT240195,CT240213",private company,MTS,P1746,Sale,2024-10-31,2024-10-09,2024-10-09,21419.31,3.0
CT-F-99-020510,PEM102-OLD,Omni Channel,Actual,CT240183,,MTS,P1751,Sale,2024-10-25,2024-10-09,2024-10-09,25069.14,3.0
VT-F-99-010721,PEM102-OLD,Omni Channel,Actual,VT240152,,MTS,P15311,Sale,2024-11-27,2024-10-09,2024-10-09,19003.97,1.0
CT-F-99-020506,PEM102-OLD,Omni Channel,Actual,CT240243,,MTS,P1748,Sale,2024-11-27,2024-10-09,2024-10-09,21559.77,3.0
CT-F-99-020506,PEM102-OLD,Omni Channel,Actual,CT240243,Contractor,MTS,P1748,Sale,2024-10-18,2024-10-09,2024-10-09,21559.77,3.0
CT-F-99-020501,PEM102-OLD,Omni Channel,Actual,CT240039,Contractor,MTS,P2063,Sale,2024-10-10,2024-10-09,2024-10-09,6600.83,1.0
VT-F-99-010203,PEM102-OLD,Omni Channel,Actual,VT240136,Contractor,MTS,P3555,Sale,2024-10-10,2024-10-09,2024-10-09,8383.57,1.0
VT-F-99-010721,PEM102-OLD,Omni Channel,Actual,VT240152,Contractor,MTS,P15311,Sale,2024-10-18,2024-10-10,2024-10-10,19003.97,1.0
VT-F-99-010615,PEM107,Tendering,Actual,VT240049,Local Utility,MTO,P51718,Sale,2025-01-10,2024-10-10,2024-10-10,136165.62,6.0
VT-F-99-010721,PEM107,Omni Channel,Actual,VT240189,Contractor,MTS,P45906,Sale,2025-01-10,2024-10-11,2024-10-11,19003.97,1.0
CT-F-99-020528,PEM107,Omni Channel,Actual,"CT240281,CT240319",Contractor,MTS,P45962,Sale,2025-01-10,2024-10-11,2024-10-11,42939.54,3.0
VT-F-99-010715,PEM102-OLD,Omni Channel,Actual,VT240124,Contractor,MTS,P15837,Sale,2024-11-08,2024-10-11,2024-10-11,37041.16,2.0
CT-F-99-020506,PEM102-OLD,Omni Channel,Actual,CT240243,Contractor,MTS,P1748,Sale,2024-11-08,2024-10-11,2024-10-11,21559.77,3.0
CT-F-99-020507,PEM102-OLD,Omni Channel,Actual,CT240214,Contractor,MTS,P1749,Sale,2024-11-08,2024-10-11,2024-10-11,21804.93,3.0
VT-F-99-010715,PEM102-OLD,Omni Channel,Actual,VT240124,Contractor,MTS,P15837,Sale,2024-11-08,2024-10-11,2024-10-11,18520.58,1.0
CT-F-99-020506,PEM102-OLD,Omni Channel,Actual,CT240243,Contractor,MTS,P1748,Sale,2024-11-08,2024-10-11,2024-10-11,21559.77,3.0
RS-F-99-100001,PEM102-OLD,Omni Channel,Actual,RS240329,Smart Shop,MTO,P5037,Sale,2024-11-01,2024-10-11,2024-10-11,38193.42,3.0
VT-F-99-010721,PEM102-OLD,Omni Channel,Actual,VT240152,Contractor,MTS,P15311,Sale,2024-10-11,2024-10-11,2024-10-11,19003.97,1.0
CT-F-99-020704,PEM102-OLD,Omni Channel,Actual,CT240262,Contractor,MTS,P1769,Sale,2024-11-29,2024-10-11,2024-10-11,22815.24,3.0
VT-F-99-010819,PEM102-OLD,Omni Channel,Actual,VT240147,Contractor,MTS,P15865,Sale,2024-11-29,2024-10-11,2024-10-11,25065.65,1.0
VT-F-99-010721,PEM102-OLD,Omni Channel,Actual,VT240152,Contractor,MTS,P15311,Sale,2024-11-08,2024-10-11,2024-10-11,19003.97,1.0
RS-F-99-070004,PEM102-OLD,Omni Channel,Actual,CTR-2024-05882,Contractor,MTS,P1794,Sale,2024-10-11,2024-10-11,2024-10-11,887.22,3.0
VT-F-99-010721,PEM102-OLD,Omni Channel,Actual,VT240152,private company,MTS,P15311,Sale,2024-10-21,2024-10-11,2024-10-11,19003.97,1.0
CT-F-99-020503,PEM102-OLD,Omni Channel,Actual,CT240226,private company,MTS,P1745,Sale,2024-10-21,2024-10-11,2024-10-11,19960.14,3.0
VT-F-99-010203,PEM102-OLD,Omni Channel,Actual,VT240136,Smart Shop,MTS,P3555,Sale,2024-10-18,2024-10-15,2024-10-15,16767.14,2.0
VT-F-99-010721,PEM102-OLD,Omni Channel,Actual,VT240152,Contractor,MTS,P15311,Sale,2024-10-31,2024-10-15,2024-10-15,19003.97,1.0
CT-F-99-020527,PEM102-OLD,Omni Channel,Actual,CT240230,Contractor,MTS,P15384,Sale,2024-10-24,2024-10-15,2024-10-15,39421.95,3.0
VT-F-99-010203,PEM102-OLD,Omni Channel,Actual,VT240136,Contractor,MTS,P3555,Sale,2024-10-21,2024-10-15,2024-10-15,16767.14,2.0
CT-F-99-020501,PEM102-OLD,Omni Channel,Actual,CT240039,Contractor,MTS,P15555,Sale,2024-10-21,2024-10-15,2024-10-15,13201.66,2.0
CT-F-99-020504,PPD101,Omni Channel,Actual,,Foreign Industry,MTO,P1746,Sale,2024-11-28,2024-10-15,2024-10-15,37880.0,4.0
CT-F-99-020506,PPD101,Omni Channel,Actual,,Foreign Industry,MTO,P1748,Sale,2024-11-28,2024-10-15,2024-10-15,38400.0,4.0
CT-F-99-020508,PPD101,Omni Channel,Actual,,Foreign Industry,MTO,P1750,Sale,2024-11-28,2024-10-15,2024-10-15,44800.0,4.0
RS-F-99-070006,PPD101,Omni Channel,Actual,,Foreign Industry,MTO,P1089,Sale,2024-11-28,2024-10-15,2024-10-15,76500.0,150.0
VT-F-99-010203,PEM102-OLD,Omni Channel,Actual,VT240136,Smart Shop,MTS,P3555,Sale,2024-10-18,2024-10-15,2024-10-15,16767.14,2.0
CT-F-99-020504,PEM102-OLD,Omni Channel,Actual,CT240213,Smart Shop,MTS,P1746,Sale,2024-10-18,2024-10-15,2024-10-15,14279.54,2.0
VT-F-99-010203,PEM102-OLD,Omni Channel,Actual,VT240136,Smart Shop,MTS,P3555,Sale,2024-10-18,2024-10-15,2024-10-15,16767.14,2.0
CT-F-99-020505,PEM102-OLD,Omni Channel,Actual,CT240223,Dealer,MTS,P1747,Sale,2024-10-31,2024-10-15,2024-10-15,20561.25,3.0
CT-F-99-020508,PEM102-OLD,Omni Channel,Actual,CT240159,Contractor,MTS,P1750,Sale,2024-10-31,2024-10-15,2024-10-15,25351.89,3.0
VT-F-99-010721,PEM102-OLD,Omni Channel,Actual,VT240152,Contractor,MTS,P15311,Sale,2024-10-31,2024-10-16,2024-10-16,19003.97,1.0
CT-F-99-020505,PEM102-OLD,Omni Channel,Actual,CT240223,Contractor,MTS,P1747,Sale,2024-10-31,2024-10-16,2024-10-16,20561.25,3.0
CT-F-99-020527,PEM102-OLD,Omni Channel,Actual,CT240230,Contractor,MTS,P15384,Sale,2024-11-29,2024-10-16,2024-10-16,39421.95,3.0
VT-F-99-010721,PEM102-OLD,Omni Channel,Actual,VT240152,Contractor,MTS,P15311,Sale,2024-10-22,2024-10-16,2024-10-16,19003.97,1.0
CT-F-99-020525,PEM102-OLD,Omni Channel,Actual,CT240222,Contractor,MTS,P15385,Sale,2024-10-22,2024-10-16,2024-10-16,38800.92,3.0
VT-F-99-010721,PEM102-OLD,Omni Channel,Actual,VT240152,Contractor,MTS,P15311,Sale,2024-11-29,2024-10-16,2024-10-16,19003.97,1.0
CT-F-99-020524,PEM102-OLD,Omni Channel,Actual,CT240178,Contractor,MTS,P15310,Sale,2024-10-22,2024-10-16,2024-10-16,38443.08,3.0
VT-F-99-010721,PEM102-OLD,Omni Channel,Actual,VT240152,Contractor,MTS,P15311,Sale,2024-10-22,2024-10-16,2024-10-16,19003.97,1.0
VT-F-99-010721,PEM102-OLD,Omni Channel,Actual,VT240152,Contractor,MTS,P15311,Sale,2024-11-08,2024-10-16,2024-10-16,19003.97,1.0
CT-F-99-020506,PEM102-OLD,Omni Channel,Actual,CT240253,Contractor,MTS,P1748,Sale,2024-11-08,2024-10-16,2024-10-16,21559.77,3.0
CT-F-99-020528,PEM102-OLD,Omni Channel,Actual,CT240261,Contractor,MTS,P15568,Sale,2024-11-29,2024-10-16,2024-10-16,42939.54,3.0
CT-F-99-020704,PEM102-OLD,Omni Channel,Actual,CT240265,การไฟฟ้าส่วนภูมิภาค เขต 2 (ภาคใต้),MTO,P1769,Sale,2024-11-15,2024-10-16,2024-10-16,45630.48,6.0
CT-F-99-020706,PEM102-OLD,Omni Channel,Actual,"CT240266,CT180177",การไฟฟ้าส่วนภูมิภาค เขต 2 (ภาคใต้),MTO,P1771,Sale,2024-11-15,2024-10-16,2024-10-16,74726.64,9.0
CT-F-99-020509,PEM102-OLD,Omni Channel,Actual,CT240069,Contractor,MTS,P7170,Sale,2024-10-30,2024-10-17,2024-10-17,25882.59,3.0
VT-F-99-010715,PEM102-OLD,Omni Channel,Actual,VT240124,Factory,MTS,P15837,Sale,2024-10-18,2024-10-17,2024-10-17,18520.58,1.0
CT-F-99-020504,PEM102-OLD,Omni Channel,Actual,CT240213,Factory,MTS,P1746,Sale,2024-10-18,2024-10-17,2024-10-17,21419.31,3.0
CT-F-99-020528,PEM102-OLD,Omni Channel,Actual,CT240261,Contractor,MTS,P15568,Sale,2024-11-29,2024-09-17,2024-09-17,42939.54,3.0
CT-F-99-020702,PEM102-OLD,Omni Channel,Actual,CT240263,การไฟฟ้าส่วนภูมิภาค เขต 2 (ภาคใต้),MTO,P1767,Sale,2024-11-15,2024-10-17,2024-10-17,100055.28,13.0
CT-F-99-020705,PEM102-OLD,Omni Channel,Actual,"CT240264,CT240162",การไฟฟ้าส่วนภูมิภาค เขต 2 (ภาคใต้),MTO,P1770,Sale,2024-11-15,2024-10-17,2024-10-17,33211.84,4.0
VT-F-99-010205,PEM102-OLD,Omni Channel,Actual,VT240143,Contractor / Private / End user,MTO,P1016,Sale,2024-11-15,2024-10-18,2024-10-18,37068.92,4.0
RS-F-99-070006,PEM102-OLD,Omni Channel,Actual,RS240333,Contractor / Private / End user,MTO,P1089,Sale,2024-11-15,2024-10-18,2024-10-18,46119.0,150.0
CT-F-99-020504,PEM102-OLD,Omni Channel,Actual,CT240273,Contractor / Private / End user,MTO,P1746,Sale,2024-11-15,2024-10-18,2024-10-18,28559.08,4.0
CT-F-99-020506,PEM102-OLD,Omni Channel,Actual,CT240274,Contractor / Private / End user,MTO,P1748,Sale,2024-11-15,2024-10-18,2024-10-18,28746.36,4.0
CT-F-99-020508,PEM102-OLD,Omni Channel,Actual,CT240275,Contractor / Private / End user,MTO,P1750,Sale,2024-11-15,2024-10-18,2024-10-18,33802.52,4.0
VT-F-99-010203,PEM102-OLD,Omni Channel,Actual,VT240136,Provincial Electricity Authority (PEA),MTS,P2866,Sale,2024-11-05,2024-10-18,2024-10-18,75452.13,9.0
VT-F-99-010722,PEM102-OLD,Omni Channel,Actual,VT240111,การไฟฟ้าส่วนภูมิภาค เขต 1 (ภาคใต้),MTO,P13054,Sale,2024-11-28,2024-10-18,2024-10-18,55884.38,2.0
CT-F-99-020510,PEM102-OLD,Omni Channel,Actual,CT240183,Contractor,MTS,P1751,Sale,2024-11-29,2024-10-18,2024-10-18,25069.14,3.0
VT-F-99-010721,PEM102-OLD,Omni Channel,Actual,VT240152,Contractor,MTS,P15311,Sale,2024-11-29,2024-10-18,2024-10-18,19003.97,1.0
VT-F-99-010721,PEM102-OLD,Omni Channel,Actual,VT240160,Contractor,MTS,P15311,Sale,2024-12-06,2024-10-18,2024-10-18,19003.97,1.0
VT-F-99-010721,PEM107,Omni Channel,Actual,VT240189,Contractor,MTS,P45906,Sale,2025-04-28,2024-10-18,2024-10-18,19003.97,1.0
VT-F-99-010203,PEM102-OLD,Omni Channel,Actual,VT240136,Smart Shop,MTS,P3555,Sale,2024-10-28,2024-10-18,2024-10-18,8383.57,1.0
VT-F-99-010203,PEM102-OLD,Omni Channel,Actual,VT240136,Contractor,MTS,P3555,Sale,2024-10-28,2024-10-21,2024-10-21,33534.28,4.0
CT-F-99-020506,PEM102-OLD,Omni Channel,Actual,"CT240243,CT240182",Contractor,MTS,P1748,Sale,2024-10-28,2024-10-21,2024-10-21,28746.36,4.0
CT-F-99-020528,PEM102-OLD,Omni Channel,Actual,CT240261,Contractor,MTS,P15568,Sale,2024-11-29,2024-10-21,2024-10-21,42939.54,3.0
VT-F-99-010721,PEM102-OLD,Omni Channel,Actual,VT240157,Contractor,MTS,P15311,Sale,2024-10-31,2024-10-21,2024-10-21,19003.97,1.0
VT-F-99-010203,PEM102-OLD,Omni Channel,Actual,VT240136,Contractor,MTS,P3555,Sale,2024-10-22,2024-10-21,2024-10-21,8383.57,1.0
VT-F-99-010721,PEM102-OLD,Omni Channel,Actual,VT240157,Contractor,MTS,P15311,Sale,2024-11-29,2024-10-21,2024-10-21,19003.97,1.0
CT-F-99-020505,PEM102-OLD,Omni Channel,Actual,CT240223,Contractor,MTS,P1747,Sale,2024-10-22,2024-10-21,2024-10-21,13707.5,2.0
VT-F-99-010721,PEM102-OLD,Omni Channel,Actual,VT240157,End User,MTS,P15311,Sale,2024-10-25,2024-10-22,2024-10-22,19003.97,1.0
CT-F-99-020504,PEM102-OLD,Omni Channel,Actual,CT240213,End User,MTS,P1746,Sale,2024-10-25,2024-10-22,2024-10-22,21419.31,3.0
VT-F-99-010203,PEM102-OLD,Omni Channel,Actual,VT240038,Smart Shop,MTS,P3555,Sale,2024-11-01,2024-10-22,2024-10-22,16767.14,2.0
CT-F-99-020502,PEM102-OLD,Omni Channel,Actual,CT240224,Smart Shop,MTS,P1744,Sale,2024-11-01,2024-10-22,2024-10-22,13962.2,2.0
RS-F-99-070002,PEM102-OLD,Omni Channel,Actual,RS240070,Smart Shop,MTS,P1799,Sale,2024-10-22,2024-10-22,2024-10-22,1198.11,3.0
VT-F-99-010721,PEM102-OLD,Omni Channel,Actual,VT240157,End User,MTS,P15311,Sale,2024-11-14,2024-10-24,2024-10-24,19003.97,1.0
CT-F-99-020508,PEM102-OLD,Omni Channel,Actual,CT240177,End User,MTS,P1750,Sale,2024-11-14,2024-10-24,2024-10-24,25351.89,3.0
VT-F-99-010721,PEM102-OLD,Omni Channel,Actual,VT240157,End User,MTS,P15311,Sale,2024-11-01,2024-10-24,2024-10-24,19003.97,1.0
CT-F-99-020506,PEM102-OLD,Omni Channel,Actual,CT240243,End User,MTS,P1748,Sale,2024-11-01,2024-10-24,2024-10-24,21559.77,3.0
RS-F-99-070002,PEM102-OLD,Omni Channel,Actual,RS240070,Smart Shop,MTS,P1799,Sale,2024-10-25,2024-10-24,2024-10-24,1198.11,3.0
RS-F-99-070004,PEM102-OLD,Omni Channel,Actual,RS190334,Smart Shop,MTS,P1794,Sale,2024-10-25,2024-10-24,2024-10-24,1774.44,6.0
VT-F-99-010203,PEM102-OLD,Omni Channel,Actual,VT240136,Contractor,MTS,P3555,Sale,2024-11-01,2024-10-24,2024-10-24,33534.28,4.0
CT-F-99-020503,PEM102-OLD,Omni Channel,Actual,CT240226,Contractor,MTS,P1745,Sale,2024-11-01,2024-10-24,2024-10-24,26613.52,4.0
VT-F-99-010203,PEM102-OLD,Omni Channel,Actual,"VT240136,VT240145",Contractor,MTS,P3555,Sale,2024-11-21,2024-10-24,2024-10-24,67068.56,8.0
CT-F-99-020501,PEM102-OLD,Omni Channel,Actual,CT240039,Contractor,MTS,P15555,Sale,2024-11-21,2024-10-24,2024-10-24,13201.66,2.0
CT-F-99-020502,PEM102-OLD,Omni Channel,Actual,CT240224,Contractor,MTS,P1744,Sale,2024-11-21,2024-10-24,2024-10-24,13962.2,2.0
CT-F-99-020503,PEM102-OLD,Omni Channel,Actual,CT240235,Contractor,MTS,P1745,Sale,2024-11-21,2024-10-24,2024-10-24,13306.76,2.0
CT-F-99-020504,PEM102-OLD,Omni Channel,Actual,CT240238,Contractor,MTS,P1746,Sale,2024-11-21,2024-10-24,2024-10-24,14279.54,2.0
VT-F-99-010303,PEM102-OLD,Omni Channel,Actual,VT240056,Contractor,MTO,P7218,Sale,2024-11-15,2024-10-24,2024-10-24,20318.56,2.0
CT-F-99-020702,PEM102-OLD,Omni Channel,Actual,CT240277,Contractor,MTO,P1767,Sale,2024-11-15,2024-10-24,2024-10-24,15393.12,2.0
VT-F-99-010303,PEM102-OLD,Omni Channel,Actual,VT240056,Contractor,MTO,P7218,Sale,2024-11-15,2024-10-24,2024-10-24,20318.56,2.0
CT-F-99-020702,PEM102-OLD,Omni Channel,Actual,CT240277,Contractor,MTO,P1767,Sale,2024-11-15,2024-10-24,2024-10-24,15393.12,2.0
CT-F-99-020504,PEM102-OLD,Omni Channel,Actual,CT240213,Contractor,MTS,P1746,Sale,2024-11-01,2024-10-25,2024-10-25,21419.31,3.0
VT-F-99-010203,PPD101,Omni Channel,Actual,,Foreign Industry,MTO,P3555,Sale,2025-06-20,2024-08-14,2024-08-14,291600.0,24.0
VT-F-99-010203,PPD101,Omni Channel,Actual,,Foreign Industry,MTO,P3555,Sale,2025-08-20,2024-08-14,2024-08-14,437400.0,36.0
CT-F-99-020504,PEM102-OLD,Omni Channel,Actual,CT240213,Contractor,MTS,P1746,Sale,2024-11-01,2024-10-25,2024-10-25,21419.31,3.0
VT-F-99-010721,PEM102-OLD,Omni Channel,Actual,VT240157,Contractor,MTS,P15311,Sale,2024-11-22,2024-10-28,2024-10-28,19003.97,1.0
CT-F-99-020505,PEM102-OLD,Omni Channel,Actual,CT240223,Contractor,MTS,P1747,Sale,2024-11-22,2024-10-28,2024-10-28,20561.25,3.0
CT-F-99-020705,PEM102-OLD,Omni Channel,Actual,CT240290,,MTO,P1770,Sale,2024-11-14,2024-10-29,2024-10-29,24908.88,3.0
VT-F-99-010818,PEM102-OLD,Omni Channel,Actual,VT240110,,MTO,P6126,Sale,2024-11-14,2024-10-29,2024-10-29,23505.85,1.0
VT-F-99-010721,PEM102-OLD,Omni Channel,Actual,VT240157,Contractor,MTS,P15311,Sale,2024-10-31,2024-10-29,2024-10-29,57011.91,3.0
CT-F-99-020508,PEM102-OLD,Omni Channel,Actual,"CT240159,CT240240",Contractor,MTS,P1750,Sale,2024-10-31,2024-10-29,2024-10-29,76055.67,9.0
RS-F-99-010122,PEM107,Omni Channel,Actual,RS240344,Contractor,MTO,P46976,Sale,2025-01-17,2024-10-30,2024-10-30,20690.96,2.0
RS-F-99-010123,PEM107,Omni Channel,Actual,RS240345,Contractor,MTO,P46977,Sale,2025-01-17,2024-10-30,2024-10-30,20348.1,2.0
VT-F-99-010721,PEM102-OLD,Omni Channel,Actual,VT240157,End User,MTS,P15311,Sale,2024-11-15,2024-10-18,2024-10-18,19003.97,1.0
CT-F-99-020504,PEM102-OLD,Omni Channel,Actual,CT240213,End User,MTS,P1746,Sale,2024-11-15,2024-10-18,2024-10-18,21419.31,3.0
CT-F-99-020503,PEM102-OLD,Omni Channel,Actual,CT240235,Contractor,MTS,P1745,Sale,2024-11-29,2024-10-30,2024-10-30,19960.14,3.0
VT-F-99-010721,PEM102-OLD,Omni Channel,Actual,VT240157,Contractor,MTS,P15311,Sale,2024-11-29,2024-10-30,2024-10-30,19003.97,1.0
CT-F-99-020524,PEM102-OLD,Omni Channel,Actual,CT240178,Contractor,MTS,P15310,Sale,2024-11-06,2024-10-30,2024-10-30,38443.08,3.0
CT-F-99-020506,PEM102-OLD,Omni Channel,Actual,CT240254,Contractor,MTS,P1748,Sale,2024-11-29,2024-10-30,2024-10-30,21559.77,3.0
VT-F-99-010721,PEM102-OLD,Omni Channel,Actual,VT240157,Contractor,MTS,P15311,Sale,2024-11-29,2024-10-30,2024-10-30,19003.97,1.0
CT-F-99-020508,PEM102-OLD,Omni Channel,Actual,CT240240,Contractor,MTS,P1750,Sale,2024-11-07,2024-10-30,2024-10-30,16901.26,2.0
VT-F-99-010203,PEM102-OLD,Omni Channel,Actual,VT240145,Contractor,MTS,P3555,Sale,2024-11-07,2024-10-30,2024-10-30,16767.14,2.0
CT-F-99-020506,PEM102-OLD,Omni Channel,Actual,CT240254,Contractor,MTS,P1748,Sale,2024-11-15,2024-10-30,2024-10-30,14373.18,2.0
CT-F-99-020502,PEM102-OLD,Omni Channel,Actual,CT240224,Contractor,MTS,P1744,Sale,2024-11-15,2024-10-30,2024-10-30,13962.2,2.0
VT-F-99-010203,PEM102-OLD,Omni Channel,Actual,VT240145,Contractor,MTS,P3555,Sale,2024-11-15,2024-10-30,2024-10-30,16767.14,2.0
CT-F-99-020502,PEM102-OLD,Omni Channel,Actual,CT240224,Contractor,MTS,P1744,Sale,2024-11-15,2024-10-30,2024-10-30,13962.2,2.0
VT-F-99-010203,PEM102-OLD,Omni Channel,Actual,VT240145,Contractor,MTS,P3555,Sale,2024-11-15,2024-10-30,2024-10-30,16767.14,2.0
VT-F-99-010721,PEM102-OLD,Omni Channel,Actual,VT240157,Contractor,MTS,P15311,Sale,2024-12-20,2024-10-30,2024-10-30,19003.97,1.0
VT-F-99-010721,PEM102-OLD,Omni Channel,Actual,VT240157,Contractor,MTS,P15311,Sale,2024-11-15,2024-10-31,2024-10-31,19003.97,1.0
CT-F-99-020504,PEM102-OLD,Omni Channel,Actual,CT240213,Contractor,MTS,P1746,Sale,2024-11-15,2024-10-31,2024-10-31,21419.31,3.0
CT-F-99-020524,PEM102-OLD,Omni Channel,Actual,CT240190,Contractor,MTS,P15310,Sale,2024-11-15,2024-10-31,2024-10-31,38443.08,3.0
VT-F-99-010721,PEM102-OLD,Omni Channel,Actual,VT240157,Contractor,MTS,P15311,Sale,2024-11-15,2024-10-31,2024-10-31,19003.97,1.0
RS-F-99-070006,PPD101,Omni Channel,Actual,,Foreign Industry,MTO,P1089,Sale,2025-01-30,2024-10-31,2024-10-31,153000.0,300.0
VT-F-99-010721,PEM102-OLD,Omni Channel,Actual,VT240157,Contractor,MTS,P15311,Sale,2024-11-07,2024-10-31,2024-10-31,19003.97,1.0
CT-F-99-020525,PEM102-OLD,Omni Channel,Actual,CT240222,Contractor,MTS,P15385,Sale,2024-11-07,2024-10-31,2024-10-31,38800.92,3.0
VT-F-99-010721,PEM102-OLD,Omni Channel,Actual,VT240157,Contractor,MTS,P15311,Sale,2024-11-04,2024-10-31,2024-10-31,19003.97,1.0
CT-F-99-020505,PEM102-OLD,Omni Channel,Actual,CT230105,Contractor,MTS,P1747,Sale,2024-11-04,2024-10-31,2024-10-31,20561.25,3.0
CT-F-99-020503,PEM102-OLD,Omni Channel,Actual,CT240226,Contractor,MTS,P1745,Sale,2024-11-01,2024-10-31,2024-10-31,6653.38,1.0
VT-F-99-010203,PEM102-OLD,Omni Channel,Actual,VT240145,Contractor,MTS,P3555,Sale,2024-11-07,2024-10-30,2024-10-30,16767.14,2.0
CT-F-99-020702,PEM102-OLD,Omni Channel,Actual,CT240292,การไฟฟ้าส่วนภูมิภาค เขต 1 (ภาคใต้),MTO,P1767,Sale,2024-12-18,2024-11-01,2024-11-01,15393.12,2.0
VT-F-99-010721,PEM102-OLD,Omni Channel,Actual,VT240158,Contractor,MTS,P15311,Sale,2024-11-13,2024-11-04,2024-11-04,19003.97,1.0
CT-F-99-020528,PEM102-OLD,Omni Channel,Actual,CT240272,Contractor,MTS,P15568,Sale,2024-11-13,2024-11-04,2024-11-04,42939.54,3.0
CT-F-99-020530,PEM102-OLD,Omni Channel,Actual,CT240249,Contractor,MTS,P15585,Sale,2024-11-05,2024-11-04,2024-11-04,43475.04,3.0
CT-F-99-020726,PEM102-OLD,Omni Channel,Actual,CT240293,Contractor,MTO,P15864,Sale,2024-11-20,2024-10-31,2024-10-31,46697.94,3.0
VT-F-99-010721,PEM102-OLD,Omni Channel,Actual,VT240158,Contractor,MTS,P15311,Sale,2024-11-08,2024-11-04,2024-11-04,19003.97,1.0
CT-F-99-020525,PEM102-OLD,Omni Channel,Actual,CT240222,Contractor,MTS,P15385,Sale,2024-11-08,2024-11-04,2024-11-04,38800.92,3.0
VT-F-99-010721,PEM102-OLD,Omni Channel,Actual,VT240158,Contractor,MTS,P15311,Sale,2024-11-08,2024-11-04,2024-11-04,38007.94,2.0
CT-F-99-020527,PEM102-OLD,Omni Channel,Actual,CT240256,Contractor,MTS,P15384,Sale,2024-11-08,2024-11-04,2024-11-04,78843.9,6.0
CT-F-99-020505,PEM102-OLD,Omni Channel,Actual,CT240223,End User,MTS,P1747,Sale,2024-11-22,2024-11-04,2024-11-04,20561.25,3.0
VT-F-99-010721,PEM102-OLD,Omni Channel,Actual,VT240158,End User,MTS,P15311,Sale,2024-11-22,2024-11-04,2024-11-04,19003.97,1.0
CT-F-99-020506,PEM102-OLD,Omni Channel,Actual,CT240254,End User,MTS,P1748,Sale,2024-11-22,2024-11-04,2024-11-04,21559.77,3.0
VT-F-99-010203,PEM102-OLD,Omni Channel,Actual,VT240145,Smart Shop,MTS,P3555,Sale,2024-11-06,2024-11-04,2024-11-04,33534.28,4.0
CT-F-99-020503,PEM102-OLD,Omni Channel,Actual,CT240235,Smart Shop,MTS,P1745,Sale,2024-11-06,2024-11-04,2024-11-04,26613.52,4.0
CT-F-99-020504,PEM102-OLD,Omni Channel,Actual,CT240213,Smart Shop,MTS,P1746,Sale,2024-11-15,2024-10-22,2024-10-22,21419.31,3.0
VT-F-99-010721,PEM102-OLD,Omni Channel,Actual,VT240158,Contractor,MTS,P15311,Sale,2024-12-05,2024-11-05,2024-11-05,19003.97,1.0
CT-F-99-020507,PEM102-OLD,Omni Channel,Actual,CT240229,Contractor,MTS,P1749,Sale,2024-12-05,2024-11-05,2024-11-05,14536.62,2.0
VT-F-99-010203,PEM102-OLD,Omni Channel,Actual,VT240145,Contractor,MTS,P3555,Sale,2024-12-05,2024-11-05,2024-11-05,16767.14,2.0
VT-F-99-010721,PEM102-OLD,Omni Channel,Actual,VT240189,private company,MTS,P15311,Sale,2024-12-26,2024-11-05,2024-11-05,19003.97,1.0
VT-F-99-010721,PEM102-OLD,Omni Channel,Actual,VT240158,Contractor,MTS,P15311,Sale,2025-01-15,2024-11-05,2024-11-05,38007.94,2.0
CT-F-99-020527,PEM102-OLD,Omni Channel,Actual,"CT240256,CT240276",Contractor,MTS,P15384,Sale,2025-01-15,2024-11-05,2024-11-05,78843.9,6.0
CT-F-99-020526,PEM102-OLD,Omni Channel,Actual,CT240173,End User,MTS,P15464,Sale,2024-12-06,2024-11-05,2024-11-05,46209.87,3.0
VT-F-99-010302,PEM102-OLD,Omni Channel,Actual,VT240184,การไฟฟ้าส่วนภูมิภาค เขต 2 (ภาคใต้),MTO,P3225,Sale,2024-12-18,2024-11-05,2024-11-05,10443.48,1.0
CT-F-99-020510,PEM107,Omni Channel,Actual,CT240255,Contractor,MTS,P46076,Sale,2025-01-31,2024-11-05,2024-11-05,25069.14,3.0
VT-F-99-010203,PEM102-OLD,Omni Channel,Actual,VT240145,Contractor,MTS,P3555,Sale,2024-11-05,2024-11-05,2024-11-05,16767.14,2.0
CT-F-99-020510,PEM102-OLD,Omni Channel,Actual,CT240255,Contractor,MTS,P1751,Sale,2024-11-15,2024-11-05,2024-11-05,25069.14,3.0
VT-F-99-010721,PEM107,Omni Channel,Actual,VT240194,Contractor,MTS,P45906,Sale,2025-01-31,2024-11-05,2024-11-05,19003.97,1.0
VT-F-99-010203,PEM102-OLD,Omni Channel,Actual,VT240136,Contractor,MTS,P3555,Sale,2024-11-11,2024-11-05,2024-11-05,16767.14,2.0
CT-F-99-020504,PEM107,Tendering,Actual,CT240200,Inside Group,MTO,P46071,Sale,2024-12-31,2024-11-05,2024-11-05,3569885.0,500.0
CT-F-99-020506,PEM107,Tendering,Actual,CT240202,Inside Group,MTO,P46073,Sale,2024-12-31,2024-11-05,2024-11-05,1250466.66,174.0
CT-F-99-020507,PEM107,Tendering,Actual,CT240203,Inside Group,MTO,P46074,Sale,2024-12-31,2024-11-05,2024-11-05,1439125.38,198.0
CT-F-99-020703,PEM107,Tendering,Actual,CT240204,Inside Group,MTO,P46092,Sale,2024-12-31,2024-11-05,2024-11-05,741676.8,96.0
CT-F-99-020705,PEM107,Tendering,Actual,CT240205,Inside Group,MTO,P46094,Sale,2024-12-31,2024-11-05,2024-11-05,315512.48,38.0
CT-F-99-020706,PEM107,Tendering,Actual,CT240206,Inside Group,MTO,P46095,Sale,2024-12-31,2024-11-05,2024-11-05,249088.8,30.0
CT-F-99-020708,PEM107,Tendering,Actual,CT240208,Inside Group,MTO,P46096,Sale,2024-12-31,2024-11-05,2024-11-05,451998.76,46.0
CT-F-99-020709,PEM107,Tendering,Actual,CT240210,Inside Group,MTO,P46098,Sale,2024-12-31,2024-11-05,2024-11-05,118718.76,12.0
RS-F-99-070002,PEM107,Tendering,Actual,RS240262,Inside Group,MTO,P46106,Sale,2024-12-31,2024-11-05,2024-11-05,798740.0,2000.0
CT-F-99-020707,PEM107,Tendering,Actual,CT240207,Inside Group,MTO,P51530,Sale,2024-12-31,2024-11-05,2024-11-05,137527.2,16.0
VT-F-99-010303,PEM107,Tendering,Actual,VT240126,Inside Group,MTO,P51638,Sale,2024-12-31,2024-11-05,2024-11-05,5079640.0,500.0
CT-F-99-020710,PEM107,Tendering,Actual,CT240209,Inside Group,MTO,P51720,Sale,2024-12-31,2024-11-05,2024-11-05,156807.84,16.0
VT-F-99-010721,PEM102-OLD,Omni Channel,Actual,VT240158,Main Contractor,MTS,P15311,Sale,2024-11-15,2024-11-05,2024-11-05,19003.97,1.0
CT-F-99-020525,PEM102-OLD,Omni Channel,Actual,CT240280,Main Contractor,MTS,P15385,Sale,2024-11-15,2024-11-05,2024-11-05,38800.92,3.0
CT-F-99-020504,PEM107,Tendering,Actual,CT240201,Inside Group,MTO,P46071,Sale,2025-01-09,2024-11-05,2024-11-05,1313717.68,184.0
RS-F-99-070002,PEM107,Tendering,Actual,RS240263,Inside Group,MTO,P46106,Sale,2025-01-09,2024-11-05,2024-11-05,798740.0,2000.0
VT-F-99-010303,PEM107,Tendering,Actual,VT240127,Inside Group,MTO,P51638,Sale,2025-01-09,2024-11-05,2024-11-05,4795180.16,472.0
VT-F-99-010203,PEM102-OLD,Omni Channel,Actual,VT240145,Smart Shop,MTS,P3555,Sale,2024-11-08,2024-11-06,2024-11-06,16767.14,2.0
CT-F-99-020502,PEM102-OLD,Omni Channel,Actual,CT240224,Smart Shop,MTS,P1744,Sale,2024-11-08,2024-11-06,2024-11-06,13962.2,2.0
CT-F-99-020504,PEM102-OLD,Omni Channel,Actual,"CT240213,CT240238",Smart Shop,MTS,P1746,Sale,2024-11-14,2024-11-06,2024-11-06,21419.31,3.0
VT-F-99-010715,PEM102-OLD,Omni Channel,Actual,VT240124,Smart Shop,MTS,P15837,Sale,2024-11-14,2024-11-06,2024-11-06,18520.58,1.0
RS-F-99-070002,PEM107,Tendering,Actual,RS240264,Inside Group,MTO,P46106,Sale,2025-02-07,2024-11-05,2024-11-05,798740.0,2000.0
RS-F-99-070002,PEM107,Tendering,Actual,RS240265,Inside Group,MTO,P46106,Sale,2025-03-07,2024-11-05,2024-11-05,798740.0,2000.0
RS-F-99-070002,PEM107,Tendering,Actual,RS240266,Inside Group,MTO,P46106,Sale,2025-04-07,2024-11-05,2024-11-05,798740.0,2000.0
RS-F-99-070002,PEM107,Tendering,Actual,RS240267,Inside Group,MTO,P46106,Sale,2025-05-07,2024-11-05,2024-11-05,798740.0,2000.0
RS-F-99-070002,PEM107,Tendering,Actual,RS240268,Inside Group,MTO,P46106,Sale,2025-06-06,2024-11-05,2024-11-05,497215.65,1245.0
VT-F-99-010721,PEM102-OLD,Omni Channel,Actual,VT240158,End User,MTS,P15311,Sale,2024-11-15,2024-11-06,2024-11-06,19003.97,1.0
CT-F-99-020504,PEM102-OLD,Omni Channel,Actual,CT240238,End User,MTS,P1746,Sale,2024-11-15,2024-11-06,2024-11-06,21419.31,3.0
VT-F-99-010203,PEM102-OLD,Omni Channel,Actual,VT240145,Smart Shop,MTS,P3555,Sale,2024-11-08,2024-11-06,2024-11-06,41917.85,5.0
CT-F-99-020505,PEM102-OLD,Omni Channel,Actual,CT240043,Smart Shop,MTS,P1747,Sale,2024-11-08,2024-11-06,2024-11-06,6853.75,1.0
CT-F-99-020507,PEM102-OLD,Omni Channel,Actual,CT240214,Smart Shop,MTS,P1749,Sale,2024-11-08,2024-11-06,2024-11-06,7268.31,1.0
CT-F-99-020510,PEM102-OLD,Omni Channel,Actual,CT240183,Smart Shop,MTS,P1751,Sale,2024-11-08,2024-11-06,2024-11-06,8356.38,1.0
CT-F-99-020507,PEM102-OLD,Omni Channel,Actual,CT240214,End User,MTS,P1749,Sale,2024-11-25,2024-11-06,2024-11-06,21804.93,3.0
VT-F-99-010721,PEM102-OLD,Omni Channel,Actual,VT240158,End User,MTS,P15311,Sale,2024-11-25,2024-11-06,2024-11-06,19003.97,1.0
RS-F-99-090038,PEM102-OLD,Omni Channel,Actual,RS240355,Factory,MTO,P36270,Sale,2024-11-22,2024-11-06,2024-11-06,4465.95,3.0
VT-F-99-010721,PEM102-OLD,Omni Channel,Actual,VT240158,Factory,MTS,P15311,Sale,2024-11-08,2024-11-07,2024-11-07,19003.97,1.0
CT-F-99-020526,PEM102-OLD,Omni Channel,Actual,CT240185,Factory,MTS,P15464,Sale,2024-11-08,2024-11-07,2024-11-07,46209.87,3.0
RS-F-99-070006,PEM107,Omni Channel,Actual,RS240357,Contractor / Private / End user,MTO,P45676,Sale,2025-01-31,2024-11-07,2024-11-07,92238.0,300.0
CT-F-99-020505,PEM102-OLD,Omni Channel,Actual,CT240223,Dealer,MTS,P1747,Sale,2024-10-31,2024-10-15,2024-10-15,20561.25,3.0
VT-F-99-010715,PEM102-OLD,Omni Channel,Actual,VT240124,Factory,MTS,P15837,Sale,2024-11-12,2024-11-07,2024-11-07,18520.58,1.0
CT-F-99-020504,PEM102-OLD,Omni Channel,Actual,CT240238,Factory,MTS,P1746,Sale,2024-11-12,2024-11-07,2024-11-07,21419.31,3.0
VT-F-99-010715,PEM102-OLD,Omni Channel,Actual,VT240124,Factory,MTS,P15837,Sale,2024-11-12,2024-11-07,2024-11-07,18520.58,1.0
CT-F-99-020507,PEM102-OLD,Omni Channel,Actual,CT240229,Factory,MTS,P1749,Sale,2024-11-12,2024-11-07,2024-11-07,21804.93,3.0
VT-F-99-010715,PEM102-OLD,Omni Channel,Actual,VT240124,VSPP/SPP,MTS,P15837,Sale,2024-11-22,2024-11-08,2024-11-08,18520.58,1.0
CT-F-99-020503,PEM102-OLD,Omni Channel,Actual,CT240235,VSPP/SPP,MTS,P1745,Sale,2024-11-22,2024-11-08,2024-11-08,19960.14,3.0
CT-F-99-020504,PEM102-OLD,Omni Channel,Actual,CT240238,Dealer,MTS,P1746,Sale,2024-12-25,2024-11-08,2024-11-08,21419.31,3.0
RS-F-99-070005,PEM102-OLD,Omni Channel,Actual,RS240072,Cambodia,MTS,P1796,Sale,2024-11-21,2024-11-08,2024-11-08,5402.7,18.0
RS-F-99-070002,PEM102-OLD,Omni Channel,Actual,RS240308,Cambodia,MTS,P1799,Sale,2024-11-21,2024-11-08,2024-11-08,23962.2,60.0
RS-F-99-041034,PEM102-OLD,Omni Channel,Actual,RS240350,Cambodia,MTO,P4245,Sale,2025-01-31,2024-11-08,2024-11-08,109980.48,12.0
RS-F-99-041002,PEM102-OLD,Omni Channel,Actual,RS240348,Cambodia,MTO,P5014,Sale,2024-11-21,2024-11-08,2024-11-08,164281.14,18.0
RS-F-99-041004,PEM107,Omni Channel,Actual,RS240351,Cambodia,MTO,P51316,Sale,2025-01-15,2024-11-08,2024-11-08,110510.16,12.0
VT-F-99-010721,PEM102-OLD,Omni Channel,Actual,VT240157,Contractor,MTS,P15311,Sale,2024-11-11,2024-11-11,2024-10-29,57011.91,3.0
CT-F-99-020508,PEM102-OLD,Omni Channel,Actual,"CT240159,CT240240",Contractor,MTS,P1750,Sale,2024-11-11,2024-11-11,2024-10-29,76055.67,9.0
VT-F-99-010203,PEM102-OLD,Omni Channel,Actual,VT240136,Contractor,MTS,P3555,Sale,2024-11-13,2024-11-11,2024-11-11,16767.14,2.0
VT-F-99-010819,PEM102-OLD,Omni Channel,Actual,VT240147,Contractor,MTS,P15865,Sale,2024-12-06,2024-11-11,2024-11-11,25065.65,1.0
CT-F-99-020706,PEM102-OLD,Omni Channel,Actual,CT240296,Contractor,MTO,P1771,Sale,2024-12-06,2024-11-11,2024-11-11,24908.88,3.0
VT-F-99-010721,PEM102-OLD,Omni Channel,Actual,VT240158,End User,MTS,P15311,Sale,2024-11-15,2024-11-11,2024-11-11,19003.97,1.0
CT-F-99-020506,PEM102-OLD,Omni Channel,Actual,CT240254,End User,MTS,P1748,Sale,2024-11-15,2024-11-11,2024-11-11,21559.77,3.0
CT-F-99-020527,PEM102-OLD,Omni Channel,Actual,CT240276,Contractor,MTS,P33758,Sale,2024-11-18,2024-11-12,2024-11-12,39421.95,3.0
VT-F-99-010721,PEM102-OLD,Omni Channel,Actual,VT240161,Contractor,MTS,P15311,Sale,2024-12-10,2024-11-12,2024-11-12,19003.97,1.0
CT-F-99-020506,PEM102-OLD,Omni Channel,Actual,CT240254,Contractor,MTS,P1748,Sale,2024-12-10,2024-11-12,2024-11-12,21559.77,3.0
VT-F-99-010721,PEM102-OLD,Omni Channel,Actual,VT240146,Contractor,MTS,P15311,Sale,2024-12-08,2024-11-12,2024-11-12,19003.97,1.0
CT-F-99-020507,PEM102-OLD,Omni Channel,Actual,"CT240096,CT240214",Contractor,MTS,P1749,Sale,2024-11-18,2024-11-12,2024-11-12,21804.93,3.0
CT-F-99-020506,PEM102-OLD,Omni Channel,Actual,CT240254,Contractor,MTS,P1748,Sale,2024-11-15,2024-11-12,2024-11-12,21559.77,3.0
VT-F-99-010701,PEM102-OLD,Omni Channel,Actual,VT240154,Smart Shop,MTS,P2889,Sale,2024-11-15,2024-11-12,2024-11-12,19648.96,1.0
RS-F-99-070004,PEM102-OLD,Omni Channel,Actual,RS240071,Contractor,MTS,P1794,Sale,2024-11-13,2024-10-21,2024-10-21,887.22,3.0
VT-F-99-010203,PEM102-OLD,Omni Channel,Actual,VT240136,Contractor,MTS,P3555,Sale,2024-11-13,2024-11-11,2024-11-11,8383.57,1.0
VT-F-99-010721,PEM102-OLD,Omni Channel,Actual,VT240158,Contractor,MTS,P15311,Sale,2024-11-14,2024-11-11,2024-11-11,19003.97,1.0
CT-F-99-020524,PEM102-OLD,Omni Channel,Actual,CT240190,Contractor,MTS,P15310,Sale,2024-11-14,2024-11-11,2024-11-11,38443.08,3.0
VT-F-99-010721,PEM102-OLD,Omni Channel,Actual,VT240159,End User,MTS,P15311,Sale,2024-11-28,2024-11-12,2024-11-12,19003.97,1.0
CT-F-99-020508,PEM102-OLD,Omni Channel,Actual,"CT240240,CT240270",End User,MTS,P1750,Sale,2024-11-28,2024-11-12,2024-11-12,25351.89,3.0
VT-F-99-010721,PEM102-OLD,Omni Channel,Actual,VT240159,,MTS,P15311,Sale,2024-11-15,2024-11-12,2024-11-12,19003.97,1.0
CT-F-99-020508,PEM102-OLD,Omni Channel,Actual,CT240240,,MTS,P1750,Sale,2024-11-15,2024-11-12,2024-11-12,25351.89,3.0
VT-F-99-010303,PEM102-OLD,Omni Channel,Actual,VT240056,Contractor,MTS,P7218,Sale,2024-11-13,2024-11-12,2024-11-12,20318.56,2.0
VT-F-99-010819,PEM102-OLD,Omni Channel,Actual,VT240147,Contractor,MTS,P15865,Sale,2024-12-10,2024-11-13,2024-11-13,50131.3,2.0
CT-F-99-020704,PEM102-OLD,Omni Channel,Actual,CT240297,Contractor,MTO,P1769,Sale,2024-12-10,2024-11-13,2024-11-13,45630.48,6.0
VT-F-99-010819,PEM107,Omni Channel,Actual,VT240166,Contractor,MTS,P46038,Sale,2025-02-28,2024-11-13,2024-11-13,50131.3,2.0
CT-F-99-020717,PEM107,Omni Channel,Actual,CT240298,Contractor,MTO,P46156,Sale,2025-02-28,2024-11-13,2024-11-13,44317.29,3.0
CT-F-99-020728,PEM107,Omni Channel,Actual,CT240299,Contractor,MTO,P46410,Sale,2025-02-28,2024-11-13,2024-11-13,50475.57,3.0
VT-F-99-010721,PEM102-OLD,Omni Channel,Actual,VT240159,,MTS,P15311,Sale,2024-11-22,2024-11-14,2024-11-14,19003.97,1.0
CT-F-99-020506,PEM102-OLD,Omni Channel,Actual,CT240254,,MTS,P1748,Sale,2024-11-22,2024-11-14,2024-11-14,21559.77,3.0
VT-F-99-010721,PEM102-OLD,Omni Channel,Actual,VT240159,private company,MTS,P15311,Sale,2024-11-28,2024-11-14,2024-11-14,19003.97,1.0
CT-F-99-020507,PEM102-OLD,Omni Channel,Actual,CT240229,private company,MTS,P1749,Sale,2024-11-28,2024-11-14,2024-11-14,21804.93,3.0
VT-F-99-010721,PEM102-OLD,Omni Channel,Actual,VT240159,,MTS,P15311,Sale,2024-11-20,2024-11-14,2024-11-14,19003.97,1.0
VT-F-99-010303,PEM102-OLD,Omni Channel,Actual,VT240180,Smart Shop,MTS,P7218,Sale,2024-11-15,2024-11-14,2024-11-14,20318.56,2.0
CT-F-99-020504,PEM102-OLD,Omni Channel,Actual,CT240238,Contractor,MTS,P1746,Sale,2024-11-29,2024-11-14,2024-11-14,21419.31,3.0
VT-F-99-010721,PEM102-OLD,Omni Channel,Actual,VT240159,Contractor,MTS,P15311,Sale,2024-11-29,2024-11-14,2024-11-14,19003.97,1.0
CT-F-99-020504,PEM102-OLD,Omni Channel,Actual,CT240238,Contractor,MTS,P1746,Sale,2024-11-19,2024-11-14,2024-11-14,14279.54,2.0
VT-F-99-010203,PEM102-OLD,Omni Channel,Actual,VT240145,Contractor,MTS,P3555,Sale,2024-11-19,2024-11-14,2024-11-14,16767.14,2.0
VT-F-99-010721,PEM102-OLD,Omni Channel,Actual,VT240159,Contractor,MTS,P15311,Sale,2024-11-25,2024-11-14,2024-11-14,19003.97,1.0
CT-F-99-020501,PEM102-OLD,Omni Channel,Actual,CT240039,Contractor,MTS,P2063,Sale,2024-12-20,2024-11-14,2024-11-14,19802.49,3.0
VT-F-99-010721,PEM102-OLD,Omni Channel,Actual,VT240188,Contractor,MTS,P15311,Sale,2024-12-20,2024-11-14,2024-11-14,19003.97,1.0
VT-F-99-010721,PEM102-OLD,Omni Channel,Actual,VT240160,Contractor,MTS,P15311,Sale,2024-12-20,2024-11-14,2024-11-14,19003.97,1.0
CT-F-99-020726,PEM102-OLD,Omni Channel,Actual,CT240302,Contractor,MTO,P15864,Sale,2024-12-05,2024-11-14,2024-11-14,46697.94,3.0
VT-F-99-010819,PEM102-OLD,Omni Channel,Actual,VT240147,Contractor,MTS,P15865,Sale,2024-12-05,2024-11-14,2024-11-14,25065.65,1.0
VT-F-99-010819,PEM102-OLD,Omni Channel,Actual,VT240159,Smart Shop,MTS,P15865,Sale,2024-12-12,2024-11-15,2024-11-15,25065.65,1.0
CT-F-99-020704,PEM102-OLD,Omni Channel,Actual,CT240303,Smart Shop,MTO,P1769,Sale,2024-12-12,2024-11-15,2024-11-15,22815.24,3.0
CT-F-99-020504,PEM102-OLD,Omni Channel,Actual,CT240238,Smart Shop,MTS,P1746,Sale,2024-11-29,2024-11-15,2024-11-15,21419.31,3.0
VT-F-99-010715,PEM102-OLD,Omni Channel,Actual,VT240172,Smart Shop,MTS,P15837,Sale,2024-11-29,2024-11-15,2024-11-15,18520.58,1.0
CT-F-99-020702,PEM102-OLD,Omni Channel,Actual,CT240304,การไฟฟ้าส่วนภูมิภาค เขต 3 (ภาคใต้),MTO,P1767,Sale,2024-12-17,2024-11-15,2024-11-15,184717.44,24.0
CT-F-99-020505,PEM102-OLD,Omni Channel,Actual,CT240223,Contractor,MTS,P1747,Sale,2024-12-11,2024-11-15,2024-11-15,20561.25,3.0
VT-F-99-010721,PEM102-OLD,Omni Channel,Actual,VT240160,Contractor,MTS,P15311,Sale,2024-12-11,2024-11-15,2024-11-15,19003.97,1.0
CT-F-99-020507,PEM102-OLD,Omni Channel,Actual,CT240229,Contractor,MTS,P1749,Sale,2024-12-20,2024-11-15,2024-11-15,21804.93,3.0
VT-F-99-010721,PEM102-OLD,Omni Channel,Actual,VT240160,Contractor,MTS,P15311,Sale,2024-12-20,2024-11-15,2024-11-15,19003.97,1.0
CT-F-99-020702,PEM102-OLD,Omni Channel,Actual,CT240305,End User,MTO,P1767,Sale,2024-12-12,2024-11-18,2024-11-18,23089.68,3.0
VT-F-99-010722,PEM102-OLD,Omni Channel,Actual,VT240171,Contractor,MTS,P13054,Sale,2024-11-22,2024-11-18,2024-11-18,27942.19,1.0
VT-F-99-010819,PEM102-OLD,Omni Channel,Actual,VT240166,End User,MTS,P15865,Sale,2024-12-12,2024-11-18,2024-11-18,25065.65,1.0
VT-F-99-010721,PEM102-OLD,Omni Channel,Actual,VT240146,Contractor,MTS,P15311,Sale,2024-11-18,2024-11-12,2024-11-12,19003.97,1.0
CT-F-99-020510,PEM102-OLD,Omni Channel,Actual,"CT240183,CT240255",Contractor,MTS,P1751,Sale,2024-11-18,2024-11-12,2024-11-12,25069.14,3.0
CT-F-99-020528,PEM102-OLD,Omni Channel,Actual,CT240272,Contractor,MTS,P15568,Sale,2024-11-29,2024-11-18,2024-11-18,42939.54,3.0
VT-F-99-010721,PEM102-OLD,Omni Channel,Actual,VT240159,Contractor,MTS,P15311,Sale,2024-11-29,2024-11-18,2024-11-18,19003.97,1.0
VT-F-99-010721,PEM102-OLD,Omni Channel,Actual,VT240159,Contractor,MTS,P15311,Sale,2024-11-22,2024-11-18,2024-11-18,19003.97,1.0
CT-F-99-020508,PEM102-OLD,Omni Channel,Actual,CT230206,,MTS,P1750,Sale,2024-11-20,2024-11-14,2024-11-14,25351.89,3.0
VT-F-99-010721,PEM102-OLD,Omni Channel,Actual,VT240159,Contractor,MTS,P15311,Sale,2024-11-20,2024-11-18,2024-11-18,19003.97,1.0
CT-F-99-020506,PEM102-OLD,Omni Channel,Actual,CT240254,Contractor,MTS,P1748,Sale,2024-11-21,2024-11-14,2024-11-14,21559.77,3.0
CT-F-99-020503,PEM102-OLD,Omni Channel,Actual,CT240235,Factory,MTS,P1745,Sale,2024-11-21,2024-11-19,2024-11-19,19960.14,3.0
VT-F-99-010721,PEM102-OLD,Omni Channel,Actual,VT240159,Factory,MTS,P15311,Sale,2024-11-21,2024-11-19,2024-11-19,19003.97,1.0
CT-F-99-020505,PEM102-OLD,Omni Channel,Actual,CT240233,Factory,MTS,P1747,Sale,2024-11-21,2024-11-19,2024-11-19,20561.25,3.0
VT-F-99-010721,PEM102-OLD,Omni Channel,Actual,VT240159,End User,MTS,P15311,Sale,2024-11-29,2024-11-19,2024-11-19,19003.97,1.0
CT-F-99-020504,PEM102-OLD,Omni Channel,Actual,CT240279,End User,MTS,P1746,Sale,2024-11-29,2024-11-19,2024-11-19,21419.31,3.0
VT-F-99-010721,PEM102-OLD,Omni Channel,Actual,VT240159,End User,MTS,P15311,Sale,2024-11-22,2024-11-19,2024-11-19,19003.97,1.0
CT-F-99-020504,PEM102-OLD,Omni Channel,Actual,CT240238,End User,MTS,P1746,Sale,2024-11-22,2024-11-19,2024-11-19,21419.31,3.0
CT-F-99-020504,PEM102-OLD,Omni Channel,Actual,CT240279,Smart Shop,MTS,P1746,Sale,2024-12-09,2024-11-19,2024-11-19,21419.31,3.0
VT-F-99-010721,PEM102-OLD,Omni Channel,Actual,VT240188,,MTS,P15311,Sale,2024-12-20,2024-11-19,2024-11-19,19003.97,1.0
CT-F-99-020508,PEM102-OLD,Omni Channel,Actual,"CT240177,CT240270",,MTS,P1750,Sale,2024-12-20,2024-11-19,2024-11-19,25351.89,3.0
VT-F-99-010721,PEM102-OLD,Omni Channel,Actual,VT240159,End User,MTS,P15311,Sale,2024-11-29,2024-11-19,2024-11-19,19003.97,1.0
CT-F-99-020503,PEM102-OLD,Omni Channel,Actual,CT240041,End User,MTO,P1745,Sale,2024-11-29,2024-11-19,2024-11-19,19960.14,3.0
VT-F-99-010721,PEM102-OLD,Omni Channel,Actual,VT240146,private company,MTS,P15311,Sale,2024-11-28,2024-11-19,2024-11-19,19003.97,1.0
CT-F-99-020504,PEM102-OLD,Omni Channel,Actual,CT240279,private company,MTS,P1746,Sale,2024-11-28,2024-11-19,2024-11-19,21419.31,3.0
VT-F-99-010722,PEM102-OLD,Omni Channel,Actual,VT240171,Smart Shop,MTS,P13054,Sale,2024-11-22,2024-11-20,2024-11-20,27942.19,1.0
VT-F-99-010202,PEM102-OLD,Omni Channel,Actual,VT240120,Smart Shop,MTS,P1320,Sale,2024-11-22,2024-11-20,2024-11-20,9020.74,1.0
VT-F-99-010721,PEM102-OLD,Omni Channel,Actual,VT240160,End User,MTS,P15311,Sale,2024-11-28,2024-11-20,2024-11-20,38007.94,2.0
VT-F-99-010203,PEM102-OLD,Omni Channel,Actual,VT240145,Local Industry,MTS,P3555,Sale,2024-11-29,2024-11-20,2024-11-20,16767.14,2.0
CT-F-99-020504,PEM102-OLD,Omni Channel,Actual,CT240279,End User,MTS,P1746,Sale,2024-11-28,2024-11-20,2024-11-20,42838.62,6.0
RS-F-99-041001,PEM107,Omni Channel,Actual,RS240347,Cambodia,MTO,P51313,Sale,2025-01-15,2024-11-08,2024-11-08,106908.48,12.0
RS-F-99-041033,PEM107,Omni Channel,Actual,RS240349,Cambodia,MTO,P48829,Sale,2025-01-15,2024-11-08,2024-11-08,54283.44,6.0
RS-F-99-100001,PEM102-OLD,Omni Channel,Actual,RS240363,Contractor,MTO,P5037,Sale,2024-12-20,2024-11-20,2024-11-20,38193.42,3.0
VT-F-99-010819,PEM107,Omni Channel,Actual,VT240166,Contractor,MTS,P46038,Sale,2024-12-17,2024-11-21,2024-11-21,25065.65,1.0
CT-F-99-020706,PEM107,Omni Channel,Actual,CT240308,Contractor,MTS,P46095,Sale,2024-12-17,2024-11-21,2024-11-21,24908.88,3.0
CT-F-99-020726,PEM102-OLD,Omni Channel,Actual,CT240309,Contractor,MTO,P15864,Sale,2024-12-20,2024-11-21,2024-11-21,93395.88,6.0
VT-F-99-010819,PEM102-OLD,Omni Channel,Actual,VT240166,Contractor,MTS,P15865,Sale,2024-12-20,2024-11-21,2024-11-21,50131.3,2.0
VT-F-99-010721,PEM102-OLD,Total Customer Solution,Actual,VT240158,Contractor,MTS,P15311,Sale,2024-11-26,2024-11-21,2024-11-21,19003.97,1.0
CT-F-99-020504,PEM102-OLD,Total Customer Solution,Actual,CT240279,Contractor,MTS,P1746,Sale,2024-11-26,2024-11-21,2024-11-21,21419.31,3.0
VT-F-99-010721,PEM102-OLD,Omni Channel,Actual,VT240160,,MTS,P15311,Sale,2024-12-12,2024-11-21,2024-11-21,19003.97,1.0
CT-F-99-020510,PEM102-OLD,Omni Channel,Actual,CT240255,,MTS,P1751,Sale,2024-12-12,2024-11-21,2024-11-21,25069.14,3.0
CT-F-99-020524,PEM102-OLD,Omni Channel,Actual,CT240291,Smart Shop,MTS,P15310,Sale,2024-12-12,2024-11-21,2024-11-21,38443.08,3.0
VT-F-99-010203,PEM102-OLD,Omni Channel,Actual,VT240038,Smart Shop,MTS,P3555,Sale,2024-12-06,2024-11-22,2024-11-22,8383.57,1.0
VT-F-99-010721,PEM102-OLD,Omni Channel,Actual,VT240160,Contractor,MTS,P15311,Sale,2024-12-06,2024-11-22,2024-11-22,38007.94,2.0
CT-F-99-020531,PEM102-OLD,Omni Channel,Actual,"CT240129,CT240136",Contractor,MTS,P24362,Sale,2024-12-06,2024-11-22,2024-11-22,78116.88,6.0
CT-F-99-020502,PEM102-OLD,Omni Channel,Actual,CT240224,Contractor,MTS,P1744,Sale,2024-11-22,2024-11-22,2024-11-22,6981.1,1.0
VT-F-99-010721,PEM107,Omni Channel,Actual,VT240189,Contractor,MTS,P45906,Sale,2025-01-31,2024-11-22,2024-11-22,19003.97,1.0
CT-F-99-020526,PEM107,Omni Channel,Actual,CT240241,Contractor,MTS,P45936,Sale,2025-01-31,2024-11-22,2024-11-22,46209.87,3.0
RS-F-99-100001,PEM102-OLD,Omni Channel,Actual,RS240368,IPP,MTO,P5037,Sale,2024-12-20,2024-11-25,2024-11-25,76386.84,6.0
VT-F-99-010721,PEM102-OLD,Omni Channel,Actual,VT240159,Contractor,MTS,P15311,Sale,2024-11-27,2024-11-25,2024-11-25,19003.97,1.0
CT-F-99-020511,PEM102-OLD,Omni Channel,Actual,CT240048,Contractor,MTS,P1752,Sale,2024-11-27,2024-11-25,2024-11-25,26697.78,3.0
VT-F-99-010819,PEM102-OLD,Omni Channel,Actual,VT240166,Contractor,MTO,P15865,Sale,2024-12-17,2024-11-26,2024-11-26,25065.65,1.0
CT-F-99-020705,PEM102-OLD,Omni Channel,Actual,CT240310,Contractor,MTO,P1770,Sale,2024-12-17,2024-11-26,2024-11-26,24908.88,3.0
VT-F-99-010721,PEM102-OLD,Omni Channel,Actual,VT240158,,MTS,P15311,Sale,2024-11-29,2024-11-26,2024-11-26,19337.42,1.0
CT-F-99-020506,PEM102-OLD,Omni Channel,Actual,CT240254,,MTS,P1748,Sale,2024-11-29,2024-11-26,2024-11-26,22494.66,3.0
CT-F-99-020504,PEM102-OLD,Omni Channel,Actual,CT240238,private company,MTS,P1746,Sale,2024-11-29,2024-11-26,2024-11-26,14279.54,2.0
VT-F-99-010203,PEM102-OLD,Omni Channel,Actual,VT240145,private company,MTS,P3555,Sale,2024-11-29,2024-11-26,2024-11-26,16767.14,2.0
CT-F-99-020504,PEM102-OLD,Omni Channel,Actual,CT240306,Contractor,MTS,P1746,Sale,2024-12-11,2024-08-23,2024-08-23,21419.31,3.0
VT-F-99-010820,PEM102-OLD,Omni Channel,Actual,VT240117,การไฟฟ้าส่วนภูมิภาค เขต 2 (ภาคใต้),MTS,P15684,Sale,2024-12-25,2024-11-26,2024-11-26,35808.45,1.0
VT-F-99-010721,PEM102-OLD,Omni Channel,Actual,VT240160,Contractor,MTS,P15311,Sale,2024-12-11,2024-08-23,2024-08-23,19003.97,1.0
CT-F-99-020504,PEM102-OLD,Omni Channel,Actual,CT240306,Contractor,MTS,P1746,Sale,2024-12-14,2024-08-23,2024-08-23,21419.31,3.0
VT-F-99-010721,PEM102-OLD,Omni Channel,Actual,VT240160,Contractor,MTS,P15311,Sale,2024-12-14,2024-08-23,2024-08-23,19003.97,1.0
CT-F-99-020504,PEM102-OLD,Omni Channel,Actual,CT240279,Contractor,MTS,P1746,Sale,2024-12-18,2024-08-23,2024-08-23,21419.31,3.0
VT-F-99-010721,PEM102-OLD,Omni Channel,Actual,VT240160,Contractor,MTS,P15311,Sale,2024-12-18,2024-08-23,2024-08-23,19003.97,1.0
VT-F-99-010721,PEM102-OLD,Omni Channel,Actual,VT240160,Contractor,MTS,P15311,Sale,2024-12-07,2024-08-23,2024-08-23,19003.97,1.0
CT-F-99-020502,PEM102-OLD,Omni Channel,Actual,CT240224,Contractor,MTS,P1744,Sale,2024-12-07,2024-08-23,2024-08-23,20943.3,3.0
CT-F-99-020504,PEM102-OLD,Omni Channel,Actual,CT240279,Contractor,MTS,P1746,Sale,2024-12-08,2024-08-23,2024-08-23,21419.31,3.0
VT-F-99-010721,PEM102-OLD,Omni Channel,Actual,VT240157,Contractor,MTS,P15311,Sale,2024-12-08,2024-08-23,2024-08-23,19003.97,1.0
VT-F-99-010721,PEM102-OLD,Omni Channel,Actual,VT240160,End User,MTS,P15311,Sale,2024-12-13,2024-11-26,2024-11-26,19003.97,1.0
CT-F-99-020506,PEM102-OLD,Omni Channel,Actual,CT240254,End User,MTS,P1748,Sale,2024-12-13,2024-11-26,2024-11-26,21559.77,3.0
VT-F-99-010715,PEM102-OLD,Omni Channel,Actual,VT240172,Dealer,MTS,P15837,Sale,2024-11-29,2024-11-26,2024-11-26,18520.58,1.0
CT-F-99-020504,PEM102-OLD,Omni Channel,Actual,CT240279,Dealer,MTS,P1746,Sale,2024-11-29,2024-11-26,2024-11-26,21419.31,3.0
CT-F-99-020503,PEM102-OLD,Omni Channel,Actual,CT240235,Contractor,MTS,P1745,Sale,2024-12-16,2024-08-23,2024-08-23,19960.14,3.0
VT-F-99-010721,PEM102-OLD,Omni Channel,Actual,VT240160,Contractor,MTS,P15311,Sale,2024-12-16,2024-08-23,2024-08-23,19003.97,1.0
VT-F-99-010721,PEM102-OLD,Omni Channel,Actual,VT240158,Contractor,MTS,P15311,Sale,2024-12-24,2024-11-26,2024-11-26,19003.97,1.0
CT-F-99-020503,PEM102-OLD,Omni Channel,Actual,CT240235,Contractor,MTS,P1745,Sale,2024-12-24,2024-11-26,2024-11-26,19960.14,3.0
VT-F-99-010721,PEM102-OLD,Omni Channel,Actual,VT240161,Contractor,MTS,P15311,Sale,2024-12-23,2024-11-26,2024-11-26,19003.97,1.0
CT-F-99-020504,PEM102-OLD,Omni Channel,Actual,CT240306,Contractor,MTO,P1746,Sale,2024-12-23,2024-11-26,2024-11-26,21419.31,3.0
VT-F-99-010721,PEM102-OLD,Omni Channel,Actual,VT240160,Contractor,MTS,P15311,Sale,2024-12-15,2024-11-26,2024-11-26,19003.97,1.0
CT-F-99-020504,PEM102-OLD,Omni Channel,Actual,CT240279,Contractor,MTS,P1746,Sale,2024-12-15,2024-11-26,2024-11-26,21419.31,3.0
VT-F-99-010721,PEM102-OLD,Omni Channel,Actual,VT240160,Contractor,MTS,P15311,Sale,2024-12-12,2024-11-26,2024-11-26,19003.97,1.0
CT-F-99-020505,PEM102-OLD,Omni Channel,Actual,CT240307,Contractor,MTS,P1747,Sale,2024-12-12,2024-11-26,2024-11-26,20561.25,3.0
VT-F-99-010721,PEM102-OLD,Omni Channel,Actual,VT240161,Contractor,MTS,P15311,Sale,2024-12-17,2024-11-26,2024-11-26,19003.97,1.0
CT-F-99-020505,PEM102-OLD,Omni Channel,Actual,"CT240223,CT240239",Contractor,MTS,P1747,Sale,2024-12-17,2024-11-26,2024-11-26,20561.25,3.0
VT-F-99-010721,PEM102-OLD,Omni Channel,Actual,VT240159,Contractor,MTS,P15311,Sale,2024-12-06,2024-11-26,2024-11-26,19003.97,1.0
CT-F-99-020505,PEM102-OLD,Omni Channel,Actual,CT240239,Contractor,MTS,P1747,Sale,2024-12-06,2024-11-26,2024-11-26,20561.25,3.0
VT-F-99-010721,PEM102-OLD,Omni Channel,Actual,VT240161,Contractor,MTS,P15311,Sale,2024-12-21,2024-11-26,2024-11-26,19003.97,1.0
CT-F-99-020505,PEM102-OLD,Omni Channel,Actual,CT240307,Contractor,MTS,P1747,Sale,2024-12-21,2024-11-26,2024-11-26,20561.25,3.0
VT-F-99-010721,PEM102-OLD,Omni Channel,Actual,VT240161,Contractor,MTS,P15311,Sale,2024-12-22,2024-11-26,2024-11-26,19003.97,1.0
CT-F-99-020504,PEM102-OLD,Omni Channel,Actual,CT240306,Contractor,MTS,P1746,Sale,2024-12-22,2024-11-26,2024-11-26,21419.31,3.0
VT-F-99-010721,PEM102-OLD,Omni Channel,Actual,VT240160,Contractor,MTS,P15311,Sale,2024-12-09,2024-11-26,2024-11-26,19003.97,1.0
CT-F-99-020505,PEM102-OLD,Omni Channel,Actual,CT240239,Contractor,MTS,P1747,Sale,2024-12-09,2024-11-26,2024-11-26,20561.25,3.0
CT-F-99-020506,PEM102-OLD,Omni Channel,Actual,CT240268,End User,MTS,P1748,Sale,2024-12-13,2024-11-26,2024-11-26,21559.77,3.0
CT-F-99-020524,PEM102-OLD,Omni Channel,Actual,CT240291,Smart Shop,MTS,P15310,Sale,2024-12-13,2024-11-26,2024-11-26,38443.08,3.0
CT-F-99-020503,PEM102-OLD,Omni Channel,Actual,CT240235,Contractor,MTS,P1745,Sale,2024-11-29,2024-11-27,2024-11-27,19960.14,3.0
RS-F-99-090028,PEM102-OLD,Omni Channel,Actual,RS240375,Inside Group,MTO,P36267,Sale,2024-12-17,2024-11-27,2024-11-27,7021.32,3.0
CT-F-99-020508,PEM102-OLD,Omni Channel,Actual,CT240177,Contractor,MTS,P1750,Sale,2024-11-29,2024-11-27,2024-11-27,25351.89,3.0
VT-F-99-010721,PEM102-OLD,Omni Channel,Actual,VT240159,Contractor,MTS,P15311,Sale,2024-12-06,2024-11-27,2024-11-27,19003.97,1.0
CT-F-99-020505,PEM102-OLD,Omni Channel,Actual,CT240239,Contractor,MTS,P1747,Sale,2024-12-06,2024-11-27,2024-11-27,20561.25,3.0
VT-F-99-010721,PEM107,Omni Channel,Actual,VT240158,Contractor,MTS,P45906,Sale,2025-03-07,2024-11-27,2024-11-27,19003.97,1.0
CT-F-99-020510,PEM107,Omni Channel,Actual,CT240255,Contractor,MTS,P46076,Sale,2025-03-07,2024-11-27,2024-11-27,25069.14,3.0
VT-F-99-010715,PEM102-OLD,Omni Channel,Actual,VT240172,Contractor,MTS,P15837,Sale,2024-12-10,2024-11-27,2024-11-27,18520.58,1.0
CT-F-99-020507,PEM102-OLD,Omni Channel,Actual,CT240229,Contractor,MTS,P1749,Sale,2024-12-10,2024-11-27,2024-11-27,21804.93,3.0
RS-F-99-090039,PEM102-OLD,Omni Channel,Actual,RS240377,Inside Group,MTO,P36275,Sale,2024-12-17,2024-11-27,2024-11-27,26100.0,9.0
RS-F-99-090028,PEM102-OLD,Omni Channel,Actual,RS240378,Small Enduser,MTO,P36267,Sale,2024-12-25,2024-11-27,2024-11-27,18723.52,8.0
CT-F-99-020504,PEM102-OLD,Omni Channel,Actual,CT240238,Contractor,MTS,P1746,Sale,2024-11-29,2024-11-27,2024-11-27,14279.54,2.0
VT-F-99-010203,PEM102-OLD,Omni Channel,Actual,VT240145,Contractor,MTS,P3555,Sale,2024-12-20,2024-11-27,2024-11-27,16767.14,2.0
CT-F-99-020506,PEM102-OLD,Omni Channel,Actual,CT240268,Contractor,MTS,P1748,Sale,2024-12-20,2024-11-27,2024-11-27,14373.18,2.0
VT-F-99-010203,PEM102-OLD,Omni Channel,Actual,VT240145,Contractor,MTS,P3555,Sale,2024-12-20,2024-11-27,2024-11-27,16767.14,2.0
CT-F-99-020506,PEM102-OLD,Omni Channel,Actual,CT240268,Contractor,MTS,P1748,Sale,2024-12-20,2024-11-27,2024-11-27,14373.18,2.0
VT-F-99-010203,PEM102-OLD,Omni Channel,Actual,VT240179,Contractor,MTS,P3555,Sale,2024-12-20,2024-11-27,2024-11-27,16767.14,2.0
CT-F-99-020504,PEM102-OLD,Omni Channel,Actual,CT240238,Contractor,MTS,P1746,Sale,2024-12-20,2024-11-27,2024-11-27,14279.54,2.0
VT-F-99-010203,PEM102-OLD,Omni Channel,Actual,VT240145,Contractor,MTS,P3555,Sale,2024-12-20,2024-11-27,2024-11-27,16767.14,2.0
CT-F-99-020504,PEM102-OLD,Omni Channel,Actual,CT240306,Contractor,MTS,P1746,Sale,2024-12-20,2024-11-27,2024-11-27,14279.54,2.0
VT-F-99-010203,PEM102-OLD,Omni Channel,Actual,VT240145,Contractor,MTS,P3555,Sale,2024-12-20,2024-11-27,2024-11-27,16767.14,2.0
CT-F-99-020505,PEM102-OLD,Omni Channel,Actual,CT240307,Contractor,MTS,P1747,Sale,2024-12-20,2024-11-27,2024-11-27,13707.5,2.0
VT-F-99-010203,PEM102-OLD,Omni Channel,Actual,VT240145,Contractor,MTS,P3555,Sale,2024-12-20,2024-11-27,2024-11-27,16767.14,2.0
CT-F-99-020504,PEM102-OLD,Omni Channel,Actual,CT240306,Contractor,MTS,P1746,Sale,2024-12-20,2024-11-27,2024-11-27,14279.54,2.0
VT-F-99-010203,PEM102-OLD,Omni Channel,Actual,VT240145,Contractor,MTS,P3555,Sale,2024-12-20,2024-11-27,2024-11-27,16767.14,2.0
CT-F-99-020506,PEM102-OLD,Omni Channel,Actual,CT240268,Contractor,MTS,P1748,Sale,2024-12-20,2024-11-27,2024-11-27,14373.18,2.0
VT-F-99-010209,PEM102-OLD,Omni Channel,Actual,VT240193,Contractor,MTO,P10113,Sale,2024-12-20,2024-11-27,2024-11-27,16831.66,2.0
CT-F-99-020506,PEM102-OLD,Omni Channel,Actual,CT240268,Contractor,MTS,P1748,Sale,2024-12-20,2024-11-27,2024-11-27,14373.18,2.0
VT-F-99-010209,PEM102-OLD,Omni Channel,Actual,VT240193,Contractor,MTS,P10113,Sale,2024-12-20,2024-11-27,2024-11-27,16831.66,2.0
CT-F-99-020506,PEM102-OLD,Omni Channel,Actual,"CT240254,CT250268",Contractor,MTS,P1748,Sale,2024-12-20,2024-11-27,2024-11-27,14373.18,2.0
VT-F-99-010209,PEM102-OLD,Omni Channel,Actual,VT240193,Contractor,MTS,P10113,Sale,2024-12-20,2024-11-27,2024-11-27,16831.66,2.0
VT-F-99-010721,PEM102-OLD,Omni Channel,Actual,VT240159,Contractor,MTS,P15311,Sale,2024-12-03,2024-11-28,2024-11-28,19003.97,1.0
CT-F-99-020505,PEM102-OLD,Omni Channel,Actual,CT240239,Contractor,MTS,P1747,Sale,2024-12-03,2024-11-28,2024-11-28,20561.25,3.0
RS-F-99-090026,PEM102-OLD,Omni Channel,Actual,RS240376,Inside Group,MTO,P36268,Sale,2024-12-17,2024-11-27,2024-11-27,6886.86,3.0
VT-F-99-010203,PEM102-OLD,Omni Channel,Actual,VT240145,Smart Shop,MTS,P3555,Sale,2024-12-02,2024-11-28,2024-11-28,8383.57,1.0
VT-F-99-010721,PEM102-OLD,Omni Channel,Actual,VT240152,Contractor,MTS,P15311,Sale,2024-12-09,2024-11-28,2024-11-28,19003.97,1.0
CT-F-99-020506,PEM102-OLD,Omni Channel,Actual,CT240268,Contractor,MTS,P1748,Sale,2024-12-09,2024-11-28,2024-11-28,21559.77,3.0
VT-F-99-010721,PEM102-OLD,Omni Channel,Actual,VT240159,Contractor,MTS,P15311,Sale,2024-12-09,2024-08-06,2024-08-06,19003.97,1.0
CT-F-99-020530,PEM102-OLD,Omni Channel,Actual,CT240258,Contractor,MTS,P15585,Sale,2024-12-09,2024-08-06,2024-08-06,43475.04,3.0
VT-F-99-010721,PEM102-OLD,Omni Channel,Actual,VT240161,End User,MTS,P15311,Sale,2024-12-13,2024-11-29,2024-11-29,95019.85,5.0
CT-F-99-020503,PEM102-OLD,Omni Channel,Actual,"CT240235,CT240278",End User,MTS,P1745,Sale,2024-12-13,2024-11-29,2024-11-29,19960.14,3.0
CT-F-99-020504,PEM102-OLD,Omni Channel,Actual,CT240306,End User,MTS,P1746,Sale,2024-12-13,2024-11-29,2024-11-29,21419.31,3.0
CT-F-99-020506,PEM102-OLD,Omni Channel,Actual,CT240268,End User,MTS,P1748,Sale,2024-12-13,2024-11-29,2024-11-29,64679.31,9.0
CT-F-99-020528,PEM102-OLD,Omni Channel,Actual,CT240281,Contractor,MTS,P15568,Sale,2024-12-13,2024-11-29,2024-11-29,42939.54,3.0
VT-F-99-010721,PEM102-OLD,Omni Channel,Actual,VT240188,Contractor,MTS,P15311,Sale,2024-12-13,2024-11-29,2024-11-29,19003.97,1.0
CT-F-99-020505,PEM102-OLD,Omni Channel,Actual,CT240223,Contractor,MTS,P1747,Sale,2024-12-02,2024-11-29,2024-11-29,20561.25,3.0
VT-F-99-010721,PEM102-OLD,Omni Channel,Actual,VT240161,End User,MTS,P15311,Sale,2024-12-13,2024-11-29,2024-11-29,57011.91,3.0
CT-F-99-020502,PEM102-OLD,Omni Channel,Actual,CT240224,End User,MTS,P1744,Sale,2024-12-13,2024-11-29,2024-11-29,20943.3,3.0
CT-F-99-020504,PEM102-OLD,Omni Channel,Actual,CT240306,End User,MTS,P1746,Sale,2024-12-13,2024-11-29,2024-11-29,42838.62,6.0
CT-F-99-020504,PEM107,Omni Channel,Actual,CT240311,Contractor,MTS,P46071,Sale,2025-01-31,2024-11-29,2024-11-29,21419.31,3.0
VT-F-99-010721,PEM102-OLD,Omni Channel,Actual,VT240161,End User,MTS,P15311,Sale,2024-12-13,2024-11-29,2024-11-29,57011.91,3.0
CT-F-99-020505,PEM102-OLD,Omni Channel,Actual,CT240307,End User,MTS,P1747,Sale,2024-12-13,2024-11-29,2024-11-29,41122.5,6.0
CT-F-99-020507,PEM102-OLD,Omni Channel,Actual,CT240229,End User,MTS,P1749,Sale,2024-12-13,2024-11-29,2024-11-29,21804.93,3.0
VT-F-99-010721,PEM102-OLD,Omni Channel,Actual,VT240188,Contractor,MTS,P15311,Sale,2024-12-18,2024-11-29,2024-11-29,19003.97,1.0
CT-F-99-020530,PEM102-OLD,Omni Channel,Actual,CT240315,Contractor,MTS,P15585,Sale,2024-12-18,2024-11-29,2024-11-29,43475.04,3.0
VT-F-99-010303,PEM102-OLD,Omni Channel,Actual,VT40180,Contractor,MTS,P7218,Sale,2024-12-23,2024-11-29,2024-11-29,20318.56,2.0
CT-F-99-020701,PEM102-OLD,Omni Channel,Actual,CT240318,Contractor,MTO,P1766,Sale,2024-12-23,2024-11-29,2024-11-29,15925.94,2.0
VT-F-99-010203,PEM102-OLD,Omni Channel,Actual,VT240145,Contractor,MTS,P3555,Sale,2024-12-06,2024-11-29,2024-11-29,16767.14,2.0
CT-F-99-020505,PEM102-OLD,Omni Channel,Actual,"CT240223,CT240239",Contractor,MTS,P1747,Sale,2024-12-06,2024-11-29,2024-11-29,13707.5,2.0
VT-F-99-010715,PEM107,Omni Channel,Actual,VT240172,Contractor,MTS,P46029,Sale,2025-04-26,2024-12-02,2024-12-02,18520.58,1.0
CT-F-99-020507,PEM107,Omni Channel,Actual,CT240229,Contractor,MTS,P46074,Sale,2025-04-26,2024-12-02,2024-12-02,21804.93,3.0
VT-F-99-010721,PEM107,Omni Channel,Actual,VT240189,Smart Shop,MTS,P45906,Sale,2025-01-10,2024-12-02,2024-12-02,19003.97,1.0
CT-F-99-020505,PEM107,Omni Channel,Actual,"CT240307,CT240321",Smart Shop,MTS,P46072,Sale,2025-01-10,2024-12-02,2024-12-02,20561.25,3.0
VT-F-99-010721,PEM102-OLD,Omni Channel,Actual,VT240161,Smart Shop,MTS,P15311,Sale,2024-12-23,2024-12-02,2024-12-02,19003.97,1.0
CT-F-99-020531,PEM102-OLD,Omni Channel,Actual,CT240136,Smart Shop,MTS,P24362,Sale,2024-12-23,2024-12-02,2024-12-02,13019.48,1.0
CT-F-99-020524,PEM102-OLD,Omni Channel,Actual,CT240314,Smart Shop,MTS,P15310,Sale,2024-12-23,2024-12-02,2024-12-02,12814.36,1.0
CT-F-99-020528,PEM102-OLD,Omni Channel,Actual,CT240281,Smart Shop,MTS,P15568,Sale,2024-12-23,2024-12-02,2024-12-02,14313.18,1.0
CT-F-99-020530,PEM102-OLD,Omni Channel,Actual,CT240315,Smart Shop,MTS,P15585,Sale,2024-12-23,2024-12-02,2024-12-02,14491.68,1.0
CT-F-99-020526,PEM102-OLD,Omni Channel,Actual,CT240241,Smart Shop,MTS,P15464,Sale,2024-12-23,2024-12-02,2024-12-02,15403.29,1.0
VT-F-99-010721,PEM102-OLD,Omni Channel,Actual,VT240152,End User,MTS,P15311,Sale,2024-12-13,2024-12-02,2024-12-02,19003.97,1.0
CT-F-99-020528,PEM102-OLD,Omni Channel,Actual,CT240281,End User,MTS,P15568,Sale,2024-12-13,2024-12-02,2024-12-02,42939.54,3.0
VT-F-99-010721,PEM102-OLD,Omni Channel,Actual,VT240160,Contractor,MTS,P15311,Sale,2024-12-16,2024-12-02,2024-12-02,19003.97,1.0
CT-F-99-020505,PEM102-OLD,Omni Channel,Actual,CT240307,Contractor,MTS,P1747,Sale,2024-12-16,2024-12-02,2024-12-02,20561.25,3.0
CT-F-99-020530,PEM102-OLD,Omni Channel,Actual,"CT240258,CT240315",Contractor,MTS,P15585,Sale,2024-12-03,2024-11-14,2024-11-14,43475.04,3.0
CT-F-99-020506,PEM102-OLD,Omni Channel,Actual,CT240268,Contractor,MTS,P1748,Sale,2024-12-20,2024-12-02,2024-12-02,21559.77,3.0
VT-F-99-010721,PEM102-OLD,Omni Channel,Actual,VT240188,Contractor,MTS,P15311,Sale,2024-12-20,2024-12-02,2024-12-02,19003.97,1.0
VT-F-99-010721,PEM102-OLD,Omni Channel,Actual,VT240160,Contractor,MTS,P15311,Sale,2024-12-20,2024-12-02,2024-12-02,19003.97,1.0
VT-F-99-010721,PEM102-OLD,Omni Channel,Actual,VT240157,private company,MTS,P15311,Sale,2024-12-06,2024-12-02,2024-12-02,19003.97,1.0
CT-F-99-020530,PEM102-OLD,Omni Channel,Actual,CT240232,private company,MTO,P15585,Sale,2024-12-06,2024-12-02,2024-12-02,86950.08,6.0
CT-F-99-020507,PEM102-OLD,Omni Channel,Actual,"CT240214,CT240229",Contractor,MTS,P1749,Sale,2024-12-12,2024-11-14,2024-11-14,21804.93,3.0
CT-F-99-020507,PEM102-OLD,Omni Channel,Actual,"CT240214,CT240229",Contractor,MTS,P1749,Sale,2024-12-13,2024-11-14,2024-11-14,21804.93,3.0
CT-F-99-020506,PEM102-OLD,Omni Channel,Actual,CT240268,Contractor,MTS,P1748,Sale,2025-01-31,2024-11-14,2024-11-14,21559.77,3.0
VT-F-99-010721,PEM107,Omni Channel,Actual,"VT240188,VT240161,VT240113",Contractor,MTS,P45906,Sale,2024-12-11,2024-11-14,2024-11-14,19003.97,1.0
VT-F-99-010721,PEM107,Omni Channel,Actual,"VT240188,VT240161,VT240113",Contractor,MTS,P45906,Sale,2024-12-12,2024-11-14,2024-11-14,19003.97,1.0
VT-F-99-010721,PEM107,Omni Channel,Actual,"VT240188,VT240161,VT240113",Contractor,MTS,P45906,Sale,2025-02-28,2024-11-14,2024-11-14,19003.97,1.0
CT-F-99-020527,PEM102-OLD,Omni Channel,Actual,CT240276,End User,MTS,P15384,Sale,2024-12-09,2024-12-03,2024-12-03,13140.65,1.0
CT-F-99-020505,PEM102-OLD,Omni Channel,Actual,CT240239,Contractor,MTS,P1747,Sale,2024-12-12,2024-12-03,2024-12-03,13707.5,2.0
CT-F-99-020504,PEM107,Omni Channel,Actual,CT240306,Contractor,MTS,P46071,Sale,2025-01-31,2024-12-03,2024-12-03,14279.54,2.0
CT-F-99-020511,PEM102-OLD,Omni Channel,Actual,CT240048,Contractor,MTS,P1752,Sale,2024-12-09,2024-12-03,2024-12-03,26697.78,3.0
CT-F-99-020507,PEM107,Omni Channel,Actual,"CT240096,CT240269",Contractor,MTS,P46074,Sale,2024-12-12,2024-12-03,2024-12-03,21804.93,3.0
CT-F-99-020507,PEM107,Omni Channel,Actual,"CT240096,CT240269",Contractor,MTS,P46074,Sale,2025-01-31,2024-12-03,2024-12-03,14536.62,2.0
VT-F-99-010203,PEM107,Omni Channel,Actual,VT240145,Contractor,MTS,P46251,Sale,2025-01-31,2024-12-03,2024-12-03,16767.14,2.0
VT-F-99-010203,PEM107,Omni Channel,Actual,VT240179,Contractor,MTS,P46251,Sale,2025-01-31,2024-12-03,2024-12-03,16767.14,2.0
VT-F-99-010203,PEM107,Omni Channel,Actual,VT240179,Contractor,MTS,P46251,Sale,2025-01-31,2024-12-03,2024-12-03,16767.14,2.0
VT-F-99-010721,PEM102-OLD,Omni Channel,Actual,VT240160,Contractor,MTS,P15311,Sale,2024-12-12,2024-12-03,2024-12-03,19003.97,1.0
CT-F-99-020508,PEM102-OLD,Omni Channel,Actual,"CT240177,CT240270",Contractor,MTS,P1750,Sale,2024-12-12,2024-12-03,2024-12-03,25351.89,3.0
VT-F-99-010721,PEM107,Omni Channel,Actual,VT240188,Contractor,MTS,P45906,Sale,2024-12-13,2024-12-04,2024-12-04,19003.97,1.0
VT-F-99-010722,PEM102-OLD,Omni Channel,Actual,VT240171,Smart Shop,MTS,P13054,Sale,2024-12-20,2024-12-04,2024-12-04,83826.57,3.0
CT-F-99-020506,PEM107,Omni Channel,Actual,CT240322,Contractor,MTS,P46073,Sale,2025-03-31,2024-12-04,2024-12-04,21559.77,3.0
CT-F-99-020505,PEM107,Omni Channel,Actual,"CT240307,CT240321",Contractor,MTS,P46072,Sale,2025-02-28,2024-12-04,2024-12-04,20561.25,3.0
CT-F-99-020505,PEM107,Omni Channel,Actual,"CT240307,CT240321",Contractor,MTS,P46072,Sale,2025-02-28,2024-12-04,2024-12-04,20561.25,3.0
CT-F-99-020505,PEM107,Omni Channel,Actual,"CT240307,CT240321",Contractor,MTS,P46072,Sale,2025-02-28,2024-12-04,2024-12-04,20561.25,3.0
VT-F-99-010721,PEM107,Omni Channel,Actual,VT240188,Contractor,MTS,P45906,Sale,2025-02-28,2024-12-04,2024-12-04,19003.97,1.0
VT-F-99-010721,PEM107,Omni Channel,Actual,VT240188,Contractor,MTS,P45906,Sale,2025-02-28,2024-12-04,2024-12-04,19003.97,1.0
VT-F-99-010721,PEM107,Omni Channel,Actual,VT240189,Contractor,MTS,P45906,Sale,2025-02-28,2024-12-04,2024-12-04,19003.97,1.0
VT-F-99-010721,PEM107,Omni Channel,Actual,VT250029,Contractor,MTS,P45906,Sale,2025-03-31,2024-12-04,2024-12-04,19003.97,1.0
CT-F-99-020501,PEM107,Omni Channel,Actual,CT240225,Smart Shop,MTS,P46123,Sale,2025-01-21,2024-12-04,2024-12-04,13201.66,2.0
CT-F-99-020502,PEM107,Omni Channel,Actual,CT240234,Smart Shop,MTS,P46069,Sale,2025-01-21,2024-12-04,2024-12-04,13962.2,2.0
CT-F-99-020503,PEM107,Omni Channel,Actual,CT240278,Smart Shop,MTS,P46070,Sale,2025-01-21,2024-12-04,2024-12-04,13306.76,2.0
CT-F-99-020504,PEM107,Omni Channel,Actual,CT240311,Smart Shop,MTS,P46071,Sale,2025-01-21,2024-12-04,2024-12-04,14279.54,2.0
CT-F-99-020506,PEM107,Omni Channel,Actual,CT240312,Smart Shop,MTS,P46073,Sale,2025-01-21,2024-12-04,2024-12-04,14373.18,2.0
CT-F-99-020507,PEM107,Omni Channel,Actual,CT240229,Smart Shop,MTS,P46074,Sale,2025-01-21,2024-12-04,2024-12-04,14536.62,2.0
CT-F-99-020513,PEM107,Omni Channel,Actual,CT240328,Smart Shop,MTO,P46079,Sale,2025-01-21,2024-12-04,2024-12-04,18578.5,2.0
VT-F-99-010721,PEM102-OLD,Omni Channel,Actual,VT240188,End User,MTS,P15311,Sale,2024-12-24,2024-12-04,2024-12-04,19003.97,1.0
CT-F-99-020505,PEM102-OLD,Omni Channel,Actual,CT240307,End User,MTS,P1747,Sale,2024-12-24,2024-12-04,2024-12-04,20561.25,3.0
RS-F-99-070002,PPD101,Omni Channel,Actual,,Foreign Industry,MTO,P0751,Sale,2025-01-30,2024-12-06,2024-12-06,33000.0,60.0
RS-F-99-070004,PPD101,Omni Channel,Actual,,Foreign Industry,MTO,P1794,Sale,2025-01-30,2024-12-06,2024-12-06,15300.0,30.0
VT-F-99-010722,PEM102-OLD,Omni Channel,Actual,VT240171,การไฟฟ้าส่วนภูมิภาค เขต 3 (ภาคเหนือ),MTS,P13054,Sale,2024-12-30,2024-12-06,2024-12-06,27942.19,1.0
CT-F-99-020503,PEM102-OLD,Omni Channel,Actual,CT240278,Contractor,MTS,P1745,Sale,2024-12-20,2024-12-09,2024-12-09,19960.14,3.0
CT-F-99-020505,PEM102-OLD,Omni Channel,Actual,CT240307,Contractor,MTS,P1747,Sale,2024-12-20,2024-12-09,2024-12-09,20561.25,3.0
CT-F-99-020527,PEM107,Omni Channel,Actual,CT240295,Contractor,MTS,P45922,Sale,2025-01-10,2024-12-09,2024-12-09,39421.95,3.0
VT-F-99-010721,PEM102-OLD,Omni Channel,Actual,VT240160,Contractor,MTS,P15311,Sale,2024-12-09,2024-12-09,2024-12-09,19003.97,1.0
VT-F-99-010721,PEM102-OLD,Omni Channel,Actual,VT240188,Smart Shop,MTS,P15311,Sale,2024-12-13,2024-12-10,2024-12-10,19003.97,1.0
RS-F-99-070004,PEM107,Omni Channel,Actual,RS240309,Contractor / Private / End user,MTO,P46104,Sale,2025-01-31,2024-12-10,2024-12-10,8872.2,30.0
RS-F-99-070002,PEM107,Omni Channel,Actual,RS240308,Contractor / Private / End user,MTO,P46106,Sale,2025-01-31,2024-12-10,2024-12-10,23962.2,60.0
CT-F-99-020502,PEM102-OLD,Omni Channel,Actual,CT240224,Local Industry,MTS,P1744,Sale,2024-12-13,2024-12-10,2024-12-10,13962.2,2.0
VT-F-99-010203,PEM102-OLD,Omni Channel,Actual,VT240179,Local Industry,MTS,P3555,Sale,2024-12-13,2024-12-10,2024-12-10,16767.14,2.0
CT-F-99-020506,PEM107,Omni Channel,Actual,CT240312,Smart Shop,MTS,P46073,Sale,2025-01-02,2024-12-11,2024-12-11,14373.18,2.0
VT-F-99-010203,PEM107,Omni Channel,Actual,VT240179,Smart Shop,MTS,P47174,Sale,2025-01-02,2024-12-11,2024-12-11,16767.14,2.0
VT-F-99-010721,PEM102-OLD,Omni Channel,Actual,VT240189,private company,MTS,P15311,Sale,2024-12-25,2024-12-11,2024-12-11,19337.42,1.0
CT-F-99-020703,PEM107,Omni Channel,Actual,CT250001,Contractor,MTO,P46092,Sale,2025-01-22,2024-12-11,2024-12-11,15451.6,2.0
CT-F-99-020506,PEM107,Omni Channel,Actual,CT240312,Contractor,MTS,P46073,Sale,2025-01-22,2024-12-11,2024-12-11,28746.36,4.0
VT-F-99-010203,PEM107,Omni Channel,Actual,VT240179,Contractor,MTS,P47174,Sale,2025-01-22,2024-12-11,2024-12-11,33534.28,4.0
CT-F-99-020510,PEM107,Omni Channel,Actual,CT240271,private company,MTS,P46076,Sale,2025-03-21,2024-12-11,2024-12-11,16712.76,2.0
CT-F-99-020511,PEM107,Omni Channel,Actual,CT240048,private company,MTS,P46077,Sale,2025-02-07,2024-12-11,2024-12-11,17798.52,2.0
CT-F-99-020506,PEM102-OLD,Omni Channel,Actual,CT240312,Contractor,MTS,P1748,Sale,2024-12-19,2024-12-12,2024-12-12,21559.77,3.0
CT-F-99-020504,PEM102-OLD,Omni Channel,Actual,CT240311,Contractor,MTS,P1746,Sale,2024-12-19,2024-12-12,2024-12-12,42838.62,6.0
VT-F-99-010715,PEM107,Omni Channel,Actual,VT240172,,MTS,P46029,Sale,2025-01-07,2024-12-13,2024-12-13,18520.58,1.0
CT-F-99-020505,PEM107,Omni Channel,Actual,CT240321,,MTS,P46072,Sale,2025-01-07,2024-12-13,2024-12-13,20561.25,3.0
CT-F-99-020506,PEM102-OLD,Omni Channel,Actual,CT240312,Smart Shop,MTS,P1748,Sale,2024-12-24,2024-12-13,2024-12-13,7186.59,1.0
VT-F-99-010721,PEM107,Omni Channel,Actual,VT240189,Metropolitan Electricity Authority (MEA),MTS,P45906,Sale,2025-01-15,2024-12-13,2024-12-13,19003.97,1.0
CT-F-99-020504,PEM107,Omni Channel,Actual,CT240311,Metropolitan Electricity Authority (MEA),MTS,P46071,Sale,2025-01-15,2024-12-13,2024-12-13,21419.31,3.0
VT-F-99-010721,PEM102-OLD,Omni Channel,Actual,VT240188,Contractor,MTS,P15311,Sale,2024-12-27,2024-12-13,2024-12-13,19003.97,1.0
CT-F-99-020506,PEM102-OLD,Omni Channel,Actual,CT240312,Contractor,MTS,P1748,Sale,2024-12-27,2024-12-13,2024-12-13,21559.77,3.0
VT-F-99-010303,PEM102-OLD,Omni Channel,Actual,VT240180,Contractor,MTS,P7218,Sale,2024-12-16,2024-12-13,2024-12-13,20318.56,2.0
VT-F-99-010721,PEM102-OLD,Omni Channel,Actual,VT240189,Contractor,MTS,P15311,Sale,2025-01-15,2024-12-13,2024-12-13,38007.94,2.0
VT-F-99-010721,PEM102-OLD,Omni Channel,Actual,VT240188,Contractor,MTS,P15311,Sale,2024-12-25,2024-12-13,2024-12-13,19003.97,1.0
CT-F-99-020505,PEM102-OLD,Omni Channel,Actual,CT240307,Contractor,MTS,P1747,Sale,2024-12-25,2024-12-13,2024-12-13,20561.25,3.0
CT-F-99-020507,PEM107,Omni Channel,Actual,CT240269,Contractor,MTS,P46074,Sale,2025-01-10,2024-12-16,2024-12-16,29073.24,4.0
CT-F-99-020510,PEM107,Omni Channel,Actual,CT240271,Contractor,MTS,P46076,Sale,2025-01-10,2024-12-16,2024-12-16,33425.52,4.0
VT-F-99-010203,PEM107,Omni Channel,Actual,"VT240179,VT250006",Contractor,MTS,P47174,Sale,2025-01-10,2024-12-16,2024-12-16,67068.56,8.0
VT-F-99-010203,PEM102-OLD,Omni Channel,Actual,VT240179,Smart Shop,MTS,P3555,Sale,2024-12-20,2024-12-16,2024-12-16,50301.42,6.0
CT-F-99-020501,PEM102-OLD,Omni Channel,Actual,CT240225,Smart Shop,MTS,P2063,Sale,2024-12-20,2024-12-16,2024-12-16,26403.32,4.0
CT-F-99-020502,PEM102-OLD,Omni Channel,Actual,CT240224,Smart Shop,MTS,P1744,Sale,2024-12-20,2024-12-16,2024-12-16,13962.2,2.0
RS-F-99-070002,PEM102-OLD,Omni Channel,Actual,FOR STOCK,Smart Shop,MTS,P1799,Sale,2024-12-20,2024-12-16,2024-12-16,2396.22,6.0
RS-F-99-070004,PEM102-OLD,Omni Channel,Actual,FOR STOCK,Smart Shop,MTS,P1794,Sale,2024-12-20,2024-12-16,2024-12-16,1774.44,6.0
VT-F-99-010721,PEM102-OLD,Omni Channel,Actual,VT240188,Contractor,MTS,P15311,Sale,2024-12-20,2024-12-16,2024-12-16,19003.97,1.0
CT-F-99-020506,PEM102-OLD,Omni Channel,Actual,CT240312,Contractor,MTS,P1748,Sale,2024-12-20,2024-12-16,2024-12-16,21559.77,3.0
CT-F-99-020524,PEM102-OLD,Omni Channel,Actual,CT240291,Factory,MTS,P15310,Sale,2024-12-25,2024-12-17,2024-12-17,38443.08,3.0
VT-F-99-010721,PEM102-OLD,Omni Channel,Actual,VT240188,Factory,MTS,P15311,Sale,2024-12-25,2024-12-17,2024-12-17,19003.97,1.0
CT-F-99-020511,PEM102-OLD,Omni Channel,Actual,CT240048,Contractor,MTS,P1752,Sale,2024-12-24,2024-12-17,2024-12-17,17798.52,2.0
VT-F-99-010203,PEM102-OLD,Omni Channel,Actual,VT240179,Contractor,MTS,P3555,Sale,2024-12-24,2024-12-17,2024-12-17,16767.14,2.0
VT-F-99-010721,PEM107,Omni Channel,Actual,VT240188,Contractor,MTS,P45906,Sale,2024-12-24,2024-12-18,2024-12-18,19003.97,1.0
CT-F-99-020508,PEM102-OLD,Omni Channel,Actual,CT240240,Contractor,MTS,P1750,Sale,2024-12-20,2024-12-18,2024-12-18,25351.89,3.0
CT-F-99-020705,PEM107,Omni Channel,Actual,CT250002,Contractor,MTO,P46094,Sale,2025-02-06,2024-12-18,2024-12-18,24908.88,3.0
VT-F-99-010819,PEM107,Omni Channel,Actual,VT240166,Contractor,MTS,P46038,Sale,2025-02-06,2024-12-18,2024-12-18,25065.65,1.0
CT-F-99-020530,PEM102-OLD,Omni Channel,Actual,CT240315,Contractor,MTS,P15585,Sale,2025-01-05,2024-12-18,2024-12-18,43475.04,3.0
VT-F-99-010721,PEM102-OLD,Omni Channel,Actual,VT240188,Smart Shop,MTS,P15311,Sale,2024-12-26,2024-12-18,2024-12-18,19003.97,1.0
CT-F-99-020504,PEM102-OLD,Omni Channel,Actual,CT240306,Smart Shop,MTS,P1746,Sale,2024-12-26,2024-12-18,2024-12-18,21419.31,3.0
VT-F-99-010721,PEM102-OLD,Omni Channel,Actual,VT240188,Contractor,MTS,P15311,Sale,2024-12-26,2024-12-19,2024-12-19,19003.97,1.0
CT-F-99-020505,PEM102-OLD,Omni Channel,Actual,CT240307,Contractor,MTS,P1747,Sale,2024-12-26,2024-12-19,2024-12-19,20561.25,3.0
VT-F-99-010721,PEM102-OLD,Omni Channel,Actual,VT240188,Contractor,MTS,P15311,Sale,2024-12-27,2024-12-19,2024-12-19,38007.94,2.0
CT-F-99-020510,PEM102-OLD,Omni Channel,Actual,CT240255,Contractor,MTS,P1751,Sale,2024-12-27,2024-12-19,2024-12-19,25069.14,3.0
CT-F-99-020511,PEM102-OLD,Omni Channel,Actual,CT240048,Contractor,MTS,P1752,Sale,2024-12-27,2024-12-19,2024-12-19,26697.78,3.0
RS-F-99-070004,PEM102-OLD,Omni Channel,Actual,RS240071,Smart Shop,MTS,P1794,Sale,2024-12-20,2024-12-19,2024-12-19,887.22,3.0
VT-F-99-010721,PEM102-OLD,Omni Channel,Actual,VT240189,Contractor,MTS,P15311,Sale,2024-12-24,2024-12-20,2024-12-20,19003.97,1.0
CT-F-99-020506,PEM102-OLD,Omni Channel,Actual,CT240312,Contractor,MTS,P1748,Sale,2024-12-24,2024-12-20,2024-12-20,21559.77,3.0
VT-F-99-010203,PEM102-OLD,Omni Channel,Actual,VT240179,Smart Shop,MTS,P3555,Sale,2024-12-25,2024-12-20,2024-12-20,16767.14,2.0
CT-F-99-020502,PEM102-OLD,Omni Channel,Actual,CT240234,Smart Shop,MTS,P1744,Sale,2024-12-25,2024-12-20,2024-12-20,13962.2,2.0
CT-F-99-020506,PEM107,Omni Channel,Actual,CT240312,Smart Shop,MTS,P46073,Sale,2025-01-10,2024-12-20,2024-12-20,21559.77,3.0
RS-F-99-070003,PPD101,Omni Channel,Actual,,Foreign Industry,MTO,P0752,Sale,2025-03-12,2024-12-23,2024-12-23,153000.0,300.0
RS-F-99-070006,PPD101,Omni Channel,Actual,,Foreign Industry,MTO,P1089,Sale,2025-03-12,2024-12-23,2024-12-23,76500.0,150.0
RS-F-99-070005,PPD101,Omni Channel,Actual,,Foreign Industry,MTO,P0108,Sale,2025-03-12,2024-12-23,2024-12-23,15300.0,30.0
CT-F-99-020704,PEM107,Omni Channel,Actual,CT250011,Dealer,MTO,P46093,Sale,2025-01-17,2024-12-23,2024-12-23,22815.24,3.0
VT-F-99-010203,PEM107,Omni Channel,Actual,VT240179,Contractor,MTS,P47174,Sale,2025-01-08,2024-12-26,2024-12-26,8383.57,1.0
CT-F-99-020506,PEM107,Omni Channel,Actual,CT240312,Contractor,MTS,P46073,Sale,2025-01-09,2024-12-26,2024-12-26,21559.77,3.0
CT-F-99-020501,PEM107,Omni Channel,Actual,"CT240039,CT240225",Contractor,MTS,P46123,Sale,2025-02-28,2024-12-26,2024-12-26,19802.49,3.0
VT-F-99-010721,PEM107,Omni Channel,Actual,VT240189,Contractor,MTS,P45906,Sale,2025-02-28,2024-12-26,2024-12-26,19003.97,1.0
RS-F-99-070005,PEM107,Omni Channel,Actual,RS190335,Contractor,MTS,P46105,Sale,2025-01-06,2025-01-02,2025-01-02,900.45,3.0
RS-F-99-070002,PEM107,Omni Channel,Actual,RS240070,Contractor,MTS,P46106,Sale,2025-01-06,2025-01-02,2025-01-02,2396.22,6.0
CT-F-99-020510,PEM107,Omni Channel,Actual,CT240271,Contractor,MTS,P46076,Sale,2025-01-10,2025-01-02,2025-01-02,25069.14,3.0
VT-F-99-010203,PEM107,Omni Channel,Actual,VT240179,Smart Shop,MTS,P47174,Sale,2025-01-15,2025-01-02,2025-01-02,134137.12,16.0
CT-F-99-020501,PEM107,Omni Channel,Actual,CT240233,Smart Shop,MTS,P46123,Sale,2025-01-15,2025-01-02,2025-01-02,66008.3,10.0
CT-F-99-020502,PEM107,Omni Channel,Actual,CT240234,Smart Shop,MTS,P46069,Sale,2025-01-15,2025-01-02,2025-01-02,41886.6,6.0
VT-F-99-010721,PEM107,Omni Channel,Actual,VT240189,Contractor,MTS,P45906,Sale,2025-01-24,2025-01-02,2025-01-02,19003.97,1.0
CT-F-99-020505,PEM107,Omni Channel,Actual,CT240321,Contractor,MTS,P46072,Sale,2025-01-24,2025-01-02,2025-01-02,20561.25,3.0
RS-F-99-010128,PEM107,Omni Channel,Actual,RS250024,Contractor,MTO,P45547,Sale,2025-03-14,2025-01-02,2025-01-02,20364.02,2.0
RS-F-99-010122,PEM107,Omni Channel,Actual,RS250025,Contractor,MTO,P46976,Sale,2025-03-14,2025-01-02,2025-01-02,20690.96,2.0
RS-F-99-010123,PEM107,Omni Channel,Actual,RS250027,Contractor,MTO,P46977,Sale,2025-03-14,2025-01-02,2025-01-02,40696.2,4.0
RS-F-99-010124,PEM107,Omni Channel,Actual,RS250028,Contractor,MTO,P46978,Sale,2025-03-14,2025-01-02,2025-01-02,23818.28,2.0
RS-F-99-010129,PEM107,Omni Channel,Actual,RS250026,Contractor,MTO,P52003,Sale,2025-03-14,2025-01-02,2025-01-02,21631.2,2.0
CT-F-99-020726,PEM107,Omni Channel,Actual,CT250012,Contractor,MTO,P46037,Sale,2025-02-17,2025-01-06,2025-01-06,46697.94,3.0
VT-F-99-010819,PEM107,Omni Channel,Actual,VT240168,Contractor,MTS,P46038,Sale,2025-02-17,2025-01-06,2025-01-06,25065.65,1.0
VT-F-99-010715,PEM107,Omni Channel,Actual,VT240172,Contractor,MTS,P46029,Sale,2025-01-22,2025-01-06,2025-01-06,18520.58,1.0
CT-F-99-020506,PEM107,Omni Channel,Actual,CT240322,Contractor,MTS,P46073,Sale,2025-01-22,2025-01-06,2025-01-06,21559.77,3.0
CT-F-99-020510,PEM107,Omni Channel,Actual,CT240271,Contractor,MTS,P46076,Sale,2025-01-07,2025-01-06,2025-01-06,25069.14,3.0
CT-F-99-020506,PEM107,Omni Channel,Actual,CT240312,Contractor,MTS,P46073,Sale,2025-01-31,2025-01-06,2025-01-06,14373.18,2.0
VT-F-99-010209,PEM107,Omni Channel,Actual,VT250011,Contractor,MTS,P45569,Sale,2025-01-20,2025-01-06,2025-01-06,16831.66,2.0
VT-F-99-010203,PEM107,Omni Channel,Actual,VT240179,Smart Shop,MTS,P47174,Sale,2025-01-13,2025-01-07,2025-01-07,33534.28,4.0
CT-F-99-020510,PEM107,Omni Channel,Actual,CT240271,Smart Shop,MTS,P46076,Sale,2025-01-13,2025-01-07,2025-01-07,33425.52,4.0
CT-F-99-020511,PEM107,Omni Channel,Actual,CT240048,End User,MTS,P46077,Sale,2025-01-17,2025-01-07,2025-01-07,26697.78,3.0
VT-F-99-010721,PEM107,Omni Channel,Actual,VT240189,End User,MTS,P45906,Sale,2025-01-17,2025-01-07,2025-01-07,19003.97,1.0
RS-F-99-070003,PEM107,Omni Channel,Actual,RS250018,Contractor / Private / End user,MTS,P45536,Sale,2025-03-14,2025-01-07,2025-01-07,98568.0,300.0
RS-F-99-070006,PEM107,Omni Channel,Actual,RS250019,Contractor / Private / End user,MTS,P45676,Sale,2025-03-14,2025-01-07,2025-01-07,46119.0,150.0
RS-F-99-070005,PEM107,Omni Channel,Actual,"RS250020,RS240072",Contractor / Private / End user,MTS,P46105,Sale,2025-03-14,2025-01-07,2025-01-07,9004.5,30.0
RS-F-99-070007,PEM107,Omni Channel,Actual,RS240195,Contractor / Private / End user,MTS,P46746,Sale,2025-03-14,2025-01-07,2025-01-07,176856.0,300.0
RS-F-99-100001,PEM107,Omni Channel,Actual,RS250029,Smart Shop,MTO,P51328,Sale,2025-01-24,2025-01-07,2025-01-07,12731.14,1.0
CT-F-99-020502,PPD101,Omni Channel,Actual,,Foreign Industry,MTO,P46069,Sale,2025-03-12,2025-01-07,2025-01-07,93000.0,10.0
RS-F-99-070007,PPD101,Omni Channel,Actual,,Foreign Industry,MTO,P46746,Sale,2025-03-12,2025-01-07,2025-01-07,105000.0,150.0
RS-F-99-070003,PPD101,Omni Channel,Actual,,Foreign Industry,MTO,P45536,Sale,2025-03-12,2025-01-07,2025-01-07,76500.0,150.0
RS-F-99-070006,PPD101,Omni Channel,Actual,,Foreign Industry,MTO,P45676,Sale,2025-03-12,2025-01-07,2025-01-07,76500.0,150.0
VT-F-99-010203,PEM107,Omni Channel,Actual,VT250006,Contractor,MTS,P47174,Sale,2025-01-22,2025-01-07,2025-01-07,16767.14,2.0
CT-F-99-020506,PEM107,Omni Channel,Actual,CT240322,Contractor,MTS,P46073,Sale,2025-01-22,2025-01-07,2025-01-07,14373.18,2.0
VT-F-99-010203,PEM107,Omni Channel,Actual,VT250006,Contractor,MTS,P47174,Sale,2025-01-22,2025-01-07,2025-01-07,16767.14,2.0
CT-F-99-020506,PEM107,Omni Channel,Actual,CT240322,Contractor,MTS,P46073,Sale,2025-01-22,2025-01-07,2025-01-07,14373.18,2.0
VT-F-99-010203,PEM107,Omni Channel,Actual,VT250006,Contractor,MTS,P47174,Sale,2025-01-22,2025-01-08,2025-01-08,100602.84,12.0
CT-F-99-020506,PEM107,Omni Channel,Actual,CT240322,Contractor,MTS,P46073,Sale,2025-01-22,2025-01-08,2025-01-08,28746.36,4.0
CT-F-99-020504,PEM107,Omni Channel,Actual,CT240311,Contractor,MTS,P46071,Sale,2025-01-22,2025-01-08,2025-01-08,14279.54,2.0
CT-F-99-020505,PEM107,Omni Channel,Actual,CT240321,Contractor,MTS,P46072,Sale,2025-01-10,2024-12-04,2024-12-04,20561.25,3.0
VT-F-99-010721,PEM107,Omni Channel,Actual,VT240189,Contractor,MTS,P45906,Sale,2025-01-10,2024-12-04,2024-12-04,19003.97,1.0
CT-F-99-020506,PEM107,Omni Channel,Actual,CT240322,Contractor,MTS,P46073,Sale,2025-01-15,2024-12-04,2024-12-04,21559.77,3.0
VT-F-99-010721,PEM107,Omni Channel,Actual,VT240194,Contractor,MTS,P45906,Sale,2025-01-15,2024-12-04,2024-12-04,19003.97,1.0
RS-F-99-070006,PEM107,Omni Channel,Actual,RS250001,Cambodia,MTS,P45676,Sale,2025-01-15,2025-01-08,2025-01-08,9223.8,30.0
VT-F-99-010202,PEM107,Omni Channel,Actual,"VT240120,VT240165",Cambodia,MTS,P45854,Sale,2025-01-15,2025-01-08,2025-01-08,54124.44,6.0
RS-F-99-070005,PEM107,Omni Channel,Actual,RS240072,Cambodia,MTS,P46105,Sale,2025-01-15,2025-01-08,2025-01-08,7203.6,24.0
RS-F-99-070002,PEM107,Omni Channel,Actual,RS240308,Cambodia,MTS,P46106,Sale,2025-01-15,2025-01-08,2025-01-08,35943.3,90.0
RS-F-99-041033,PEM107,Omni Channel,Actual,RS250003,Cambodia,MTS,P48829,Sale,2025-02-20,2025-01-08,2025-01-08,271417.5,30.0
RS-F-99-041034,PEM107,Omni Channel,Actual,RS250005,Cambodia,MTS,P48840,Sale,2025-01-15,2025-01-08,2025-01-08,109980.48,12.0
RS-F-99-041002,PEM107,Omni Channel,Actual,RS250002,Cambodia,MTS,P51314,Sale,2025-02-20,2025-01-08,2025-01-08,164281.14,18.0
RS-F-99-041003,PEM107,Omni Channel,Actual,RS250004,Cambodia,MTS,P51315,Sale,2025-01-15,2025-01-08,2025-01-08,106650.0,12.0
VT-F-99-010203,PEM107,Omni Channel,Actual,VT240322,Contractor,MTS,P47174,Sale,2025-01-22,2025-01-08,2025-01-08,16767.14,2.0
CT-F-99-020506,PEM107,Omni Channel,Actual,CT240322,Contractor,MTS,P46073,Sale,2025-01-22,2025-01-08,2025-01-08,14373.18,2.0
VT-F-99-010203,PEM107,Omni Channel,Actual,VT250006,Contractor,MTS,P47174,Sale,2025-01-22,2025-01-08,2025-01-08,16767.14,2.0
CT-F-99-020504,PEM107,Omni Channel,Actual,CT240311,Contractor,MTS,P46071,Sale,2025-01-22,2025-01-08,2025-01-08,14279.54,2.0
VT-F-99-010203,PEM107,Omni Channel,Actual,VT250006,Contractor,MTS,P47174,Sale,2025-01-22,2025-01-08,2025-01-08,16767.14,2.0
CT-F-99-020511,PEM107,Omni Channel,Actual,CT240090,Contractor,MTS,P46077,Sale,2025-01-22,2025-01-08,2025-01-08,17798.52,2.0
VT-F-99-010203,PEM107,Omni Channel,Actual,VT250006,Contractor,MTS,P47174,Sale,2025-01-22,2025-01-08,2025-01-08,16767.14,2.0
CT-F-99-020502,PEM107,Omni Channel,Actual,CT240234,Contractor,MTS,P46069,Sale,2025-01-22,2025-01-08,2025-01-08,13962.2,2.0
VT-F-99-010303,PEM107,Omni Channel,Actual,VT240180,Contractor,MTS,P51638,Sale,2025-01-30,2025-01-08,2025-01-08,20318.56,2.0
CT-F-99-020702,PEM107,Omni Channel,Actual,CT250013,Contractor,MTO,P46091,Sale,2025-01-30,2025-01-08,2025-01-08,15393.12,2.0
VT-F-99-010303,PEM107,Omni Channel,Actual,VT240180,Contractor,MTS,P51638,Sale,2025-01-30,2025-01-09,2025-01-09,20318.56,2.0
CT-F-99-020703,PEM107,Omni Channel,Actual,CT250014,Contractor,MTO,P46092,Sale,2025-01-30,2025-01-09,2025-01-09,15451.6,2.0
VT-F-99-010303,PEM107,Omni Channel,Actual,"VT250003,VT250021",Contractor,MTS,P51638,Sale,2025-01-30,2025-01-09,2025-01-09,40637.12,4.0
CT-F-99-020704,PEM107,Omni Channel,Actual,"CT250015,CT250029",Contractor,MTO,P46093,Sale,2025-01-30,2025-01-09,2025-01-09,30420.32,4.0
VT-F-99-010303,PEM107,Omni Channel,Actual,VT250003,Contractor,MTS,P51638,Sale,2025-01-30,2025-01-09,2025-01-09,20318.56,2.0
CT-F-99-020706,PEM107,Omni Channel,Actual,CT250016,Contractor,MTO,P46095,Sale,2025-01-30,2025-01-09,2025-01-09,16605.92,2.0
VT-F-99-010203,PEM107,Omni Channel,Actual,VT240179,Smart Shop,MTS,P47174,Sale,2025-01-13,2025-01-09,2025-01-09,8383.57,1.0
VT-F-99-010721,PEM107,Omni Channel,Actual,VT240194,End User,MTS,P45906,Sale,2025-01-17,2025-01-09,2025-01-09,19003.97,1.0
CT-F-99-020506,PEM107,Omni Channel,Actual,CT240312,End User,MTS,P46073,Sale,2025-01-17,2025-01-09,2025-01-09,21559.77,3.0
VT-F-99-010721,PEM107,Omni Channel,Actual,VT240194,Contractor,MTS,P45906,Sale,2025-01-15,2025-01-09,2025-01-09,19003.97,1.0
CT-F-99-020725,PEM107,Omni Channel,Actual,CT250017,Contractor,MTO,P46697,Sale,2025-01-30,2025-01-09,2025-01-09,46245.36,3.0
VT-F-99-010819,PEM107,Omni Channel,Actual,VT240168,Contractor,MTS,P46038,Sale,2025-01-30,2025-01-09,2025-01-09,25065.65,1.0
CT-F-99-020503,PEM107,Omni Channel,Actual,CT240278,Contractor,MTS,P46070,Sale,2025-01-15,2025-01-10,2025-01-10,13306.76,2.0
VT-F-99-010721,PEM107,Omni Channel,Actual,VT240194,Contractor,MTO,P45906,Sale,2025-03-04,2025-01-13,2025-01-13,19003.97,1.0
CT-F-99-020528,PEM107,Omni Channel,Actual,CT240319,Contractor,MTO,P45962,Sale,2025-03-04,2025-01-13,2025-01-13,42939.54,3.0
VT-F-99-010203,PEM107,Omni Channel,Actual,VT250006,Smart Shop,MTS,P47174,Sale,2025-01-15,2025-01-13,2025-01-13,16767.14,2.0
CT-F-99-020502,PEM107,Omni Channel,Actual,CT240234,Smart Shop,MTS,P46069,Sale,2025-01-15,2025-01-13,2025-01-13,13962.2,2.0
VT-F-99-010203,PEM107,Omni Channel,Actual,VT250006,Smart Shop,MTS,P47174,Sale,2025-01-17,2025-01-13,2025-01-13,16767.14,2.0
CT-F-99-020506,PEM107,Omni Channel,Actual,CT240322,Smart Shop,MTS,P46073,Sale,2025-01-17,2025-01-13,2025-01-13,14373.18,2.0
CT-F-99-020530,PEM107,Omni Channel,Actual,"CT240315,CT240326",Contractor,MTS,P45966,Sale,2025-01-30,2025-01-14,2025-01-14,43475.04,3.0
VT-F-99-010721,PEM107,Omni Channel,Actual,VT240194,Contractor,MTS,P45906,Sale,2025-01-30,2025-01-14,2025-01-14,19003.97,1.0
RS-F-99-100001,PEM107,Omni Channel,Actual,RS250032,Contractor,MTO,P51328,Sale,2025-02-10,2025-01-14,2025-01-14,38193.42,3.0
CT-F-99-020526,PEM107,Omni Channel,Actual,CT240241,Contractor,MTS,P45936,Sale,2025-04-30,2025-01-14,2025-01-14,15403.29,1.0
VT-F-99-010721,PEM107,Omni Channel,Actual,VT240194,Contractor,MTS,P45906,Sale,2025-01-17,2025-01-14,2025-01-14,19003.97,1.0
CT-F-99-020507,PEM107,Omni Channel,Actual,CT240269,Contractor,MTS,P46074,Sale,2025-01-17,2025-01-14,2025-01-14,21804.93,3.0
VT-F-99-010303,PEM107,Omni Channel,Actual,VT240180,Smart Shop,MTS,P51638,Sale,2025-01-15,2025-01-14,2025-01-14,10159.28,1.0
RS-F-99-070002,PEM107,Omni Channel,Actual,RS240070,Dealer,MTS,P46106,Sale,2025-01-15,2025-01-14,2025-01-14,1198.11,3.0
VT-F-99-010721,PEM107,Omni Channel,Actual,VT240194,Contractor,MTS,P45906,Sale,2025-01-31,2025-01-14,2025-01-14,19003.97,1.0
CT-F-99-020527,PEM107,Omni Channel,Actual,CT240295,Contractor,MTS,P45922,Sale,2025-01-31,2025-01-14,2025-01-14,39421.95,3.0
CT-F-99-020535,PEM107,Omni Channel,Actual,CT240187,Contractor,MTO,P46504,Sale,2025-04-30,2025-01-14,2025-01-14,16098.98,1.0
VT-F-99-010202,PEM107,Omni Channel,Actual,"VT240120,VT240165",Cambodia,MTS,P45854,Sale,2025-02-04,2025-01-08,2025-01-08,27062.22,3.0
RS-F-99-041034,PEM107,Omni Channel,Actual,RS250005,Cambodia,MTS,P48840,Sale,2025-02-20,2025-01-08,2025-01-08,109980.48,12.0
RS-F-99-041003,PEM107,Omni Channel,Actual,RS250004,Cambodia,MTS,P51315,Sale,2025-02-20,2025-01-08,2025-01-08,106650.0,12.0
CT-F-99-020508,PEM107,Omni Channel,Actual,CT240240,Contractor,MTS,P46075,Sale,2025-01-31,2025-01-09,2025-01-09,25351.89,3.0
VT-F-99-010722,PEM107,Omni Channel,Actual,VT250004,Inside Group,MTS,P45848,Sale,2025-03-25,2025-01-15,2025-01-15,307364.09,11.0
RS-F-99-070003,PEM107,Omni Channel,Actual,RS250035,Contractor / Private / End user,MTO,P45536,Sale,2025-03-28,2025-01-16,2025-01-16,48249.0,150.0
RS-F-99-070006,PEM107,Omni Channel,Actual,RS250035,Contractor / Private / End user,MTO,P45676,Sale,2025-03-28,2025-01-16,2025-01-16,45838.5,150.0
CT-F-99-020502,PEM107,Omni Channel,Actual,CT250024,Contractor / Private / End user,MTO,P46069,Sale,2025-03-28,2025-01-16,2025-01-16,69811.0,10.0
RS-F-99-070007,PEM107,Omni Channel,Actual,RS250036,Contractor / Private / End user,MTO,P46746,Sale,2025-03-28,2025-01-16,2025-01-16,88428.0,150.0
VT-F-99-010203,PEM107,Omni Channel,Actual,VT250006,Dealer,MTS,P47174,Sale,2025-01-20,2025-01-16,2025-01-16,134137.12,16.0
VT-F-99-010722,PEM107,Omni Channel,Actual,VT250004,Inside Group,MTS,P45848,Sale,2025-03-25,2025-01-16,2025-01-16,335306.28,12.0
VT-F-99-010721,PEM107,Omni Channel,Actual,VT240194,Contractor,MTS,P45906,Sale,2025-01-17,2025-01-16,2025-01-16,19003.97,1.0
VT-F-99-010721,PEM107,Omni Channel,Actual,VT240194,Contractor,MTS,P45906,Sale,2025-02-04,2025-01-17,2025-01-17,19047.48,1.0
CT-F-99-020527,PEM107,Omni Channel,Actual,CT240295,Contractor,MTS,P45922,Sale,2025-02-04,2025-01-17,2025-01-17,40143.42,3.0
VT-F-99-010721,PEM107,Omni Channel,Actual,VT250027,private company,MTS,P45906,Sale,2025-05-09,2025-01-17,2025-01-17,19003.97,1.0
CT-F-99-020526,PEM107,Omni Channel,Actual,CT240316,private company,MTS,P45936,Sale,2025-05-09,2025-01-17,2025-01-17,46209.87,3.0
VT-F-99-010715,PEM107,Omni Channel,Actual,VT240172,Contractor,MTS,P46029,Sale,2025-03-07,2025-01-17,2025-01-17,18520.58,1.0
CT-F-99-020504,PEM107,Omni Channel,Actual,CT240311,Contractor,MTS,P46071,Sale,2025-03-07,2025-01-17,2025-01-17,21419.31,3.0
RS-F-99-070003,PEM107,Omni Channel,Actual,RS240197,private company,MTS,P45536,Sale,2025-01-27,2025-01-20,2025-01-20,964.98,3.0
RS-F-99-130011,PEM107,Omni Channel,Actual,RS250041,Metropolitan Electricity Authority (MEA),MTO,P47211,Sale,2025-02-20,2025-01-21,2025-01-21,36457.7,2.0
RS-F-99-010124,PEM107,Omni Channel,Actual,RS250040,Metropolitan Electricity Authority (MEA),MTO,P46978,Sale,2025-02-20,2025-01-21,2025-01-21,23818.28,2.0
VT-F-99-010721,PEM107,Omni Channel,Actual,VT240194,End User,MTS,P45906,Sale,2025-01-29,2025-01-21,2025-01-21,19003.97,1.0
CT-F-99-020508,PEM107,Omni Channel,Actual,CT240270,End User,MTS,P46075,Sale,2025-01-29,2025-01-21,2025-01-21,25351.89,3.0
VT-F-99-010721,PEM107,Omni Channel,Actual,VT240194,private company,MTS,P45906,Sale,2025-01-31,2025-01-21,2025-01-21,19003.97,1.0
CT-F-99-020507,PEM107,Omni Channel,Actual,CT250007,private company,MTS,P46074,Sale,2025-01-30,2025-01-21,2025-01-21,21804.93,3.0
CT-F-99-020524,PEM107,Omni Channel,Actual,CT240314,,MTS,P45905,Sale,2025-03-21,2025-01-21,2025-01-21,38443.08,3.0
VT-F-99-010203,PEM107,Omni Channel,Actual,VT240179,Contractor,MTS,P47174,Sale,2025-01-29,2025-01-21,2025-01-21,16767.14,2.0
CT-F-99-020506,PEM107,Omni Channel,Actual,CT250006,Contractor,MTS,P46073,Sale,2025-01-29,2025-01-21,2025-01-21,14373.18,2.0
CT-F-99-020504,PEM107,Omni Channel,Actual,CT240311,Contractor,MTS,P46071,Sale,2025-01-23,2025-01-21,2025-01-21,21419.31,3.0
VT-F-99-010721,PEM107,Omni Channel,Actual,VT240194,Contractor,MTS,P45906,Sale,2025-01-23,2025-01-21,2025-01-21,19003.97,1.0
CT-F-99-020506,PEM107,Omni Channel,Actual,CT240322,Contractor,MTS,P46073,Sale,2025-02-28,2025-01-21,2025-01-21,21559.77,3.0
VT-F-99-010721,PEM107,Omni Channel,Actual,VT240194,Contractor,MTS,P45906,Sale,2025-02-28,2025-01-21,2025-01-21,19003.97,1.0
VT-F-99-010721,PEM107,Omni Channel,Actual,VT240189,Contractor,MTS,P45906,Sale,2025-02-07,2025-01-21,2025-01-21,38007.94,2.0
CT-F-99-020527,PEM107,Omni Channel,Actual,"CT240324,CT240276",Contractor,MTS,P45922,Sale,2025-02-07,2025-01-21,2025-01-21,78843.9,6.0
VT-F-99-010701,PEM107,Omni Channel,Actual,VT240196,Smart Shop,MTS,P46255,Sale,2025-01-27,2025-01-22,2025-01-22,19648.96,1.0
CT-F-99-020726,PEM107,Omni Channel,Actual,CT250028,Contractor,MTO,P46037,Sale,2025-02-24,2025-01-22,2025-01-22,46697.94,3.0
VT-F-99-010819,PEM107,Omni Channel,Actual,VT240168,Contractor,MTS,P46038,Sale,2025-02-24,2025-01-22,2025-01-22,25065.65,1.0
VT-F-99-010721,PEM107,Omni Channel,Actual,VT240194,End User,MTS,P45906,Sale,2025-01-31,2025-01-22,2025-01-22,38007.94,2.0
CT-F-99-020507,PEM107,Omni Channel,Actual,CT250007,End User,MTS,P46074,Sale,2025-01-31,2025-01-22,2025-01-22,21804.93,3.0
CT-F-99-020510,PEM107,Omni Channel,Actual,CT240271,End User,MTS,P46076,Sale,2025-01-31,2025-01-22,2025-01-22,25069.14,3.0
VT-F-99-010715,PEM107,Omni Channel,Actual,VT240172,Contractor,MTS,P46029,Sale,2025-02-03,2025-01-22,2025-01-22,18520.58,1.0
CT-F-99-020504,PEM107,Omni Channel,Actual,CT240311,Contractor,MTS,P46071,Sale,2025-02-03,2025-01-22,2025-01-22,21419.31,3.0
VT-F-99-010715,PEM107,Omni Channel,Actual,VT240172,Contractor,MTS,P46029,Sale,2025-02-03,2025-01-22,2025-01-22,18520.58,1.0
CT-F-99-020508,PEM107,Omni Channel,Actual,CT240270,Contractor,MTS,P46075,Sale,2025-02-03,2025-01-22,2025-01-22,25351.89,3.0
VT-F-99-010715,PEM107,Omni Channel,Actual,VT240172,Contractor,MTS,P46029,Sale,2025-02-06,2025-01-22,2025-01-22,18520.58,1.0
CT-F-99-020503,PEM107,Omni Channel,Actual,CT240278,Contractor,MTS,P46070,Sale,2025-02-06,2025-01-22,2025-01-22,19960.14,3.0
VT-F-99-010820,PEM107,Omni Channel,Actual,VT250025,End User,MTO,P45997,Sale,2025-02-21,2025-01-23,2025-01-23,35808.45,1.0
CT-F-99-020505,PEM107,Omni Channel,Actual,CT240321,Contractor,MTS,P46072,Sale,2025-02-07,2025-01-23,2025-01-23,20561.25,3.0
VT-F-99-010721,PEM107,Omni Channel,Actual,VT240194,Contractor,MTS,P45906,Sale,2025-02-07,2025-01-23,2025-01-23,17932.97,1.0
VT-F-99-010722,PTS,Tendering,Actual,CTR-2025-00379,การไฟฟ้าส่วนภูมิภาค เขต 1 (ภาคตะวันออกเฉียงเหนือ),MTO,P45848,Sale,2025-03-27,2025-02-03,2025-02-03,580320.0,12.0
VT-F-99-010722,PTS,Tendering,Actual,CTR-2025-00380,การไฟฟ้าส่วนภูมิภาค เขต 1 (ภาคตะวันออกเฉียงเหนือ),MTO,P45848,Sale,2025-03-27,2025-02-03,2025-02-03,295482.77,11.0
VT-F-99-010721,PEM107,Omni Channel,Actual,VT240194,Contractor,MTS,P45906,Sale,2025-02-06,2025-01-24,2025-01-24,17932.97,1.0
CT-F-99-020527,PEM107,Omni Channel,Actual,CT240324,Contractor,MTS,P45922,Sale,2025-02-06,2025-01-24,2025-01-24,39421.95,3.0
VT-F-99-010721,PEM107,Omni Channel,Actual,VT240194,Contractor,MTS,P45906,Sale,2025-02-06,2025-01-24,2025-01-24,17932.97,1.0
CT-F-99-020531,PEM107,Omni Channel,Actual,CT240313,Contractor,MTS,P46162,Sale,2025-02-06,2025-01-24,2025-01-24,39058.44,3.0
RS-F-99-070003,PEM107,Omni Channel,Actual,RS250049,Cambodia,MTO,P45536,Sale,2025-03-24,2025-01-24,2025-01-24,23159.52,72.0
VT-F-99-010202,PEM107,Omni Channel,Actual,"VT250012,VT250019",Cambodia,MTO,P45854,Sale,2025-02-20,2025-01-24,2025-01-24,44002.25,5.0
RS-F-99-070004,PEM107,Omni Channel,Actual,RS240309,Cambodia,MTO,P46104,Sale,2025-02-24,2025-01-24,2025-01-24,17744.4,60.0
RS-F-99-070005,PEM107,Omni Channel,Actual,RS250050,Cambodia,MTO,P46105,Sale,2025-03-24,2025-01-24,2025-01-24,7150.32,24.0
RS-F-99-070002,PEM107,Omni Channel,Actual,RS240308,Cambodia,MTO,P46106,Sale,2025-03-24,2025-01-24,2025-01-24,19169.76,48.0
RS-F-99-070007,PEM107,Omni Channel,Actual,"RS240195,RS250048",Cambodia,MTO,P46746,Sale,2025-03-24,2025-01-24,2025-01-24,60131.04,102.0
RS-F-99-041015,PEM107,Omni Channel,Actual,RS250056,Cambodia,MTO,P46933,Sale,2025-03-24,2025-01-24,2025-01-24,113607.24,12.0
RS-F-99-041033,PEM107,Omni Channel,Actual,RS250052,Cambodia,MTO,P48829,Sale,2025-03-05,2025-01-24,2025-01-24,100117.44,12.0
RS-F-99-041034,PEM107,Omni Channel,Actual,RS250054,Cambodia,MTO,P48840,Sale,2025-02-20,2025-01-24,2025-01-24,204744.0,24.0
RS-F-99-041002,PEM107,Omni Channel,Actual,RS250051,Cambodia,MTO,P51314,Sale,2025-03-20,2025-01-24,2025-01-24,205445.76,24.0
RS-F-99-041003,PEM107,Omni Channel,Actual,RS250053,Cambodia,MTO,P51315,Sale,2025-03-05,2025-01-24,2025-01-24,74836.35,9.0
RS-F-99-041004,PEM107,Omni Channel,Actual,RS250055,Cambodia,MTO,P51316,Sale,2025-03-05,2025-01-24,2025-01-24,256324.5,30.0
RS-F-99-041005,PEM107,Omni Channel,Actual,RS250057,Cambodia,MTO,P51317,Sale,2025-03-24,2025-01-24,2025-01-24,232749.12,24.0
RS-F-99-041007,PEM107,Omni Channel,Actual,RS250058,Cambodia,MTO,P51319,Sale,2025-03-24,2025-01-24,2025-01-24,40784.64,4.0
VT-F-99-010203,PEM107,Omni Channel,Actual,VT250016,Contractor,MTS,P47174,Sale,2025-01-31,2025-01-24,2025-01-24,15241.96,2.0
CT-F-99-020527,PEM107,Omni Channel,Actual,CT240324,Contractor,MTS,P46935,Sale,2025-02-28,2025-01-24,2025-01-24,39421.95,3.0
VT-F-99-010819,PEM107,Omni Channel,Actual,VT240168,Contractor,MTS,P46038,Sale,2025-02-07,2025-01-24,2025-01-24,24029.91,1.0
VT-F-99-010819,PEM107,Omni Channel,Actual,VT240168,Contractor,MTS,P46038,Sale,2025-02-21,2025-01-27,2025-01-27,24029.91,1.0
CT-F-99-020707,PEM107,Omni Channel,Actual,CT250030,Contractor,MTO,P51530,Sale,2025-02-21,2025-01-27,2025-01-27,25786.35,3.0
VT-F-99-010721,PEM107,Omni Channel,Actual,VT240194,End User,MTS,P45906,Sale,2025-02-05,2025-01-27,2025-01-27,17932.97,1.0
CT-F-99-020503,PEM107,Omni Channel,Actual,CT240278,End User,MTS,P46070,Sale,2025-02-05,2025-01-27,2025-01-27,19960.14,3.0
CT-F-99-020528,PEM107,Omni Channel,Actual,CT240261,Contractor,MTS,P45962,Sale,2025-01-27,2025-01-27,2025-01-27,42939.54,3.0
CT-F-99-020511,PEM107,Omni Channel,Actual,CT240090,,MTS,P46077,Sale,2025-12-26,2025-01-27,2025-01-27,26697.78,3.0
VT-F-99-010721,PEM107,Omni Channel,Actual,VT240194,Contractor,MTS,P45906,Sale,2025-01-28,2025-01-27,2025-01-27,17932.97,1.0
CT-F-99-020506,PEM107,Omni Channel,Actual,"CT240322,CT250006",Contractor,MTS,P46073,Sale,2025-01-28,2025-01-27,2025-01-27,21559.77,3.0
VT-F-99-010721,PEM107,Omni Channel,Actual,VT240194,Contractor,MTS,P45906,Sale,2025-02-27,2025-01-28,2025-01-28,17932.97,1.0
CT-F-99-020505,PEM107,Omni Channel,Actual,CT240321,Contractor,MTS,P46072,Sale,2025-02-27,2025-01-28,2025-01-28,20561.25,3.0
CT-F-99-020522,PEM107,Omni Channel,Actual,CT250034,Contractor,MTO,P45904,Sale,2025-02-28,2025-01-28,2025-01-28,39367.29,3.0
CT-F-99-020502,PEM107,Omni Channel,Actual,CT240234,Contractor,MTS,P46069,Sale,2025-02-28,2025-01-28,2025-01-28,22204.92,3.0
VT-F-99-010722,PEM107,Omni Channel,Actual,VT250004,Inside Group,MTS,P45848,Sale,2025-03-31,2025-01-28,2025-01-28,80586.21,3.0
RS-F-99-090028,PEM107,Omni Channel,Actual,RS250068,Inside Group,MTO,P47269,Sale,2025-03-11,2025-01-28,2025-01-28,112341.12,48.0
RS-F-99-090026,PEM107,Omni Channel,Actual,RS250069,Inside Group,MTO,P47270,Sale,2025-03-11,2025-01-28,2025-01-28,96416.04,42.0
RS-F-99-090041,PEM107,Omni Channel,Actual,RS250070,Inside Group,MTO,P51045,Sale,2025-03-11,2025-01-28,2025-01-28,8700.0,3.0
RS-F-99-090030,PEM107,Omni Channel,Actual,RS250067,Inside Group,MTO,P47268,Sale,2025-03-11,2025-01-28,2025-01-28,28596.0,12.0
VT-F-99-010722,PTS,Tendering,Actual,CTR-2025-00457,การไฟฟ้าส่วนภูมิภาค เขต 3  (ภาคกลาง),MTO,P45848,Sale,2025-02-28,2025-01-29,2025-01-29,145080.0,3.0
VT-F-99-010721,PEM107,Omni Channel,Actual,VT250054,Contractor,MTS,P45906,Sale,2025-06-30,2025-01-29,2025-01-29,17932.97,1.0
CT-F-99-020526,PEM107,Omni Channel,Actual,CT240316,Contractor,MTS,P45936,Sale,2025-06-30,2025-01-29,2025-01-29,46209.87,3.0
VT-F-99-010721,PEM107,Omni Channel,Actual,VT250054,Contractor,MTS,P45906,Sale,2025-06-30,2025-01-29,2025-01-29,17932.97,1.0
CT-F-99-020526,PEM107,Omni Channel,Actual,CT240316,Contractor,MTS,P45936,Sale,2025-06-30,2025-01-29,2025-01-29,46209.87,3.0
VT-F-99-010721,PEM107,Omni Channel,Actual,VT240194,Factory,MTS,P45906,Sale,2025-02-04,2025-01-30,2025-01-30,17932.97,1.0
CT-F-99-020505,PEM107,Omni Channel,Actual,CT250005,Factory,MTS,P46072,Sale,2025-02-04,2025-01-30,2025-01-30,20561.25,3.0
VT-F-99-010203,PEM107,Omni Channel,Actual,VT250016,Dealer,MTS,P47174,Sale,2025-02-05,2025-01-30,2025-01-30,15241.96,2.0
CT-F-99-020503,PEM107,Omni Channel,Actual,CT240278,Dealer,MTS,P46070,Sale,2025-02-05,2025-01-30,2025-01-30,13306.76,2.0
VT-F-99-010203,PEM107,Omni Channel,Actual,VT240073,Contractor / Private / End user,MTS,P47174,Sale,2025-03-14,2024-04-04,2024-04-04,527185.8,60.0
VT-F-99-010721,PEM107,Omni Channel,Actual,VT240194,Contractor,MTS,P45906,Sale,2025-01-31,2025-01-31,2025-01-31,17932.97,1.0
CT-F-99-020503,PEM107,Omni Channel,Actual,CT240278,Contractor,MTS,P46070,Sale,2025-01-31,2025-01-31,2025-01-31,19960.14,3.0
RS-F-99-090030,PEM107,Omni Channel,Actual,RS250065,End User,MTO,P47268,Sale,2025-02-21,2025-01-31,2025-01-31,9532.0,4.0
RS-F-99-090026,PEM107,Omni Channel,Actual,RS250066,End User,MTO,P47270,Sale,2025-02-21,2025-01-31,2025-01-31,9182.48,4.0
VT-F-99-010203,PEM107,Omni Channel,Actual,VT250016,Smart Shop,MTS,P47174,Sale,2025-02-13,2025-02-03,2025-02-03,15241.96,2.0
CT-F-99-020504,PEM107,Omni Channel,Actual,CT240320,Smart Shop,MTS,P46071,Sale,2025-02-13,2025-02-03,2025-02-03,14279.54,2.0
VT-F-99-010721,PEM107,Omni Channel,Actual,VT240194,End User,MTS,P45906,Sale,2025-02-14,2025-02-03,2025-02-03,17932.97,1.0
CT-F-99-020505,PEM107,Omni Channel,Actual,CT250005,End User,MTS,P46072,Sale,2025-02-14,2025-02-03,2025-02-03,20561.25,3.0
VT-F-99-010202,PEM107,Omni Channel,Actual,"VT240120,VT240165",Cambodia,MTS,P45854,Sale,2025-02-20,2025-01-08,2025-01-08,54124.44,6.0
CT-F-99-020728,PEM107,Omni Channel,Actual,CT250038,Contractor,MTO,P46410,Sale,2025-02-28,2025-02-03,2025-02-03,50475.57,3.0
VT-F-99-010819,PEM107,Omni Channel,Actual,VT240168,Contractor,MTS,P46038,Sale,2025-02-28,2025-02-03,2025-02-03,24029.91,1.0
VT-F-99-010721,PEM107,Omni Channel,Actual,VT250017,private company,MTS,P45906,Sale,2025-02-14,2025-02-04,2025-02-04,19003.97,1.0
CT-F-99-020507,PEM107,Omni Channel,Actual,CT250007,private company,MTS,P46074,Sale,2025-02-14,2025-02-04,2025-02-04,21804.93,3.0
VT-F-99-010203,PEM107,Omni Channel,Actual,VT250016,Smart Shop,MTS,P47174,Sale,2025-02-13,2025-02-04,2025-02-04,15241.96,2.0
CT-F-99-020505,PEM107,Omni Channel,Actual,CT250005,Smart Shop,MTS,P46072,Sale,2025-02-13,2025-02-04,2025-02-04,13707.5,2.0
VT-F-99-010203,PEM107,Omni Channel,Actual,VT250016,Smart Shop,MTS,P47174,Sale,2025-02-13,2025-02-04,2025-02-04,15241.96,2.0
CT-F-99-020502,PEM107,Omni Channel,Actual,CT240234,Smart Shop,MTS,P46069,Sale,2025-02-13,2025-02-04,2025-02-04,13962.2,2.0
CT-F-99-020501,PEM107,Omni Channel,Actual,CT240233,Contractor,MTS,P46123,Sale,2025-02-14,2025-01-23,2025-01-23,19802.49,3.0
VT-F-99-010721,PEM107,Omni Channel,Actual,VT240194,Contractor,MTS,P45906,Sale,2025-02-14,2025-01-23,2025-01-23,17932.97,1.0
CT-F-99-020506,PEM107,Omni Channel,Actual,CT250006,Contractor,MTS,P46073,Sale,2025-03-31,2025-02-04,2025-02-04,21559.77,3.0
VT-F-99-010721,PEM107,Omni Channel,Actual,VT250017,Contractor,MTS,P45906,Sale,2025-03-31,2025-02-04,2025-02-04,17932.97,1.0
CT-F-99-020506,PEM107,Omni Channel,Actual,CT250006,Dealer,MTS,P46073,Sale,2025-02-13,2025-02-05,2025-02-05,21559.77,3.0
CT-F-99-020511,PEM107,Omni Channel,Actual,CT240090,private company,MTS,P46077,Sale,2025-02-07,2025-02-05,2025-02-05,8899.26,1.0
CT-F-99-020524,PEM107,Omni Channel,Actual,CT240314,End User,MTS,P45905,Sale,2025-02-10,2025-02-06,2025-02-06,12814.36,1.0
VT-F-99-010721,PEM107,Omni Channel,Actual,VT240194,End User,MTS,P45906,Sale,2025-02-20,2025-02-06,2025-02-06,17932.97,1.0
CT-F-99-020504,PEM107,Omni Channel,Actual,CT240311,End User,MTS,P46071,Sale,2025-02-20,2025-02-06,2025-02-06,21419.31,3.0
VT-F-99-010203,PEM107,Omni Channel,Actual,VT250026,Smart Shop,MTS,P47174,Sale,2025-04-01,2025-02-06,2025-02-06,76209.8,10.0
CT-F-99-020504,PEM107,Omni Channel,Actual,CT250004,Smart Shop,MTS,P46071,Sale,2025-04-01,2025-02-06,2025-02-06,71397.7,10.0
VT-F-99-010721,PEM107,Omni Channel,Actual,VT250029,Dealer,MTS,P45906,Sale,2025-03-27,2025-02-06,2025-02-06,17932.97,1.0
VT-F-99-010721,PEM107,Omni Channel,Actual,VT250029 ,Dealer,MTS,P45906,Sale,2025-03-27,2025-02-06,2025-02-06,17932.97,1.0
CT-F-99-020507,PEM107,Omni Channel,Actual,CT250007,Contractor,MTS,P46074,Sale,2025-03-31,2025-02-07,2025-02-07,21804.93,3.0
VT-F-99-010721,PEM107,Omni Channel,Actual,VT240194,Contractor,MTS,P45906,Sale,2025-03-31,2025-02-07,2025-02-07,17932.97,1.0
VT-F-99-010721,PEM107,Omni Channel,Actual,VT240194,,MTO,P45906,Sale,2025-02-28,2025-02-07,2025-02-07,17932.97,1.0
CT-F-99-020509,PEM107,Omni Channel,Actual,CT240301,,MTO,P51628,Sale,2025-02-28,2025-02-07,2025-02-07,25882.59,3.0
VT-F-99-010721,PEM107,Omni Channel,Actual,VT240194,,MTO,P45906,Sale,2025-02-28,2025-02-07,2025-02-07,17932.97,1.0
CT-F-99-020510,PEM107,Omni Channel,Actual,CT250009,,MTO,P46076,Sale,2025-02-28,2025-02-07,2025-02-07,25069.14,3.0
CT-F-99-020506,PEM107,Omni Channel,Actual,CT250006,Contractor,MTO,P46073,Sale,2025-02-14,2025-02-10,2025-02-10,21559.77,3.0
VT-F-99-010721,PEM107,Omni Channel,Actual,VT240194,Contractor,MTO,P45906,Sale,2025-02-14,2025-02-10,2025-02-10,17932.97,1.0
CT-F-99-020505,PEM107,Omni Channel,Actual,CT250005,Contractor,MTS,P46072,Sale,2025-02-14,2025-02-10,2025-02-10,20561.25,3.0
CT-F-99-020502,PPD101,Omni Channel,Actual,,Foreign Industry,MTO,P46069,Sale,2025-05-08,2025-02-10,2025-02-10,93000.0,10.0
VT-F-99-010721,PEM107,Omni Channel,Actual,VT240194,private company,MTS,P45906,Sale,2025-02-21,2025-02-10,2025-02-10,19003.97,1.0
CT-F-99-020504,PEM107,Omni Channel,Actual,CT240320,private company,,P46071,Sale,2025-02-21,2025-02-10,2025-02-10,21419.31,3.0
RS-F-99-070003,PEM107,Omni Channel,Actual,"RS240197,RS250077",End User,MTO,P45536,Sale,2025-02-19,2025-02-10,2025-02-10,3859.92,12.0
CT-F-99-020506,PEM107,Omni Channel,Actual,CT250006,Contractor,MTS,P46073,Sale,2025-02-21,2025-02-11,2025-02-11,21559.77,3.0
VT-F-99-010203,PEM107,Omni Channel,Actual,VT250016,Contractor,MTO,P47174,Sale,2025-02-19,2025-02-11,2025-02-11,15241.96,2.0
CT-F-99-020502,PEM107,Omni Channel,Actual,CT240234,Contractor,MTS,P46069,Sale,2025-02-19,2025-02-11,2025-02-11,13962.2,2.0
VT-F-99-010202,PEM107,Omni Channel,Actual,VT250037,Contractor,MTO,P45854,Sale,2025-04-07,2025-02-11,2025-02-11,44002.25,5.0
VT-F-99-010302,PEM107,Omni Channel,Actual,VT250034,Contractor,MTO,P46715,Sale,2025-04-07,2025-02-11,2025-02-11,51432.7,5.0
CT-F-99-020502,PEM107,Omni Channel,Actual,CT240234,Contractor,MTS,P46069,Sale,2025-02-20,2025-02-11,2025-02-11,13962.2,2.0
CT-F-99-020503,PEM107,Omni Channel,Actual,CT240278,Contractor,MTS,P46070,Sale,2025-02-20,2025-02-11,2025-02-11,26613.52,4.0
VT-F-99-010203,PEM107,Omni Channel,Actual,VT250016 ,Contractor,MTS,P47174,Sale,2025-02-20,2025-02-11,2025-02-11,45725.88,6.0
VT-F-99-010721,PEM107,Omni Channel,Actual,VT240194,Contractor,MTS,P45906,Sale,2025-02-17,2025-02-11,2025-02-11,19003.97,1.0
CT-F-99-020505,PEM107,Omni Channel,Actual,CT250005,Contractor,MTS,P46072,Sale,2025-02-17,2025-02-11,2025-02-11,20561.25,3.0
VT-F-99-010721,PEM107,Omni Channel,Actual,VT240194,Contractor,MTS,P45906,Sale,2025-02-18,2025-02-11,2025-02-11,19003.97,1.0
CT-F-99-020505,PEM107,Omni Channel,Actual,CT250005,Contractor,MTS,P46072,Sale,2025-02-18,2025-02-11,2025-02-11,20561.25,3.0
VT-F-99-010721,PEM107,Omni Channel,Actual,VT240194,Contractor,MTS,P45906,Sale,2025-02-18,2025-02-11,2025-02-11,19003.97,1.0
CT-F-99-020505,PEM107,Omni Channel,Actual,CT250005,Contractor,MTS,P46072,Sale,2025-02-18,2025-02-11,2025-02-11,20561.25,3.0
CT-F-99-020503,PEM107,Omni Channel,Actual,CT250003,Contractor,MTS,P46070,Sale,2025-05-15,2025-02-11,2025-02-11,13306.76,2.0
CT-F-99-020505,PEM107,Omni Channel,Actual,"CT250033,CT240321",Contractor,MTS,P46072,Sale,2025-05-15,2025-02-11,2025-02-11,54830.0,8.0
CT-F-99-020506,PEM107,Omni Channel,Actual,CT250006,Contractor,MTS,P46073,Sale,2025-05-15,2025-02-11,2025-02-11,14373.18,2.0
VT-F-99-010203,PEM107,Omni Channel,Actual,VT250026 ,Contractor,MTS,P47174,Sale,2025-05-15,2025-02-11,2025-02-11,91451.76,12.0
VT-F-99-010721,PEM107,Omni Channel,Actual,VT240194,Contractor,MTS,P45906,Sale,2025-02-17,2025-02-11,2025-02-11,19003.97,1.0
CT-F-99-020505,PEM107,Omni Channel,Actual,CT250005,Contractor,MTS,P46072,Sale,2025-02-17,2025-02-11,2025-02-11,20561.25,3.0
VT-F-99-010721,PEM107,Omni Channel,Actual,VT250017 ,Contractor,MTS,P45906,Sale,2025-02-21,2025-02-11,2025-02-11,19003.97,1.0
CT-F-99-020505,PEM107,Omni Channel,Actual,CT250005,Contractor,MTS,P46072,Sale,2025-02-21,2025-02-11,2025-02-11,20561.25,3.0
VT-F-99-010819,PEM107,Omni Channel,Actual,VT240168,Contractor,MTS,P46038,Sale,2025-02-25,2025-02-11,2025-02-11,25065.65,1.0
CT-F-99-020704,PEM107,Omni Channel,Actual,CT250044 ,Contractor,MTO,P46093,Sale,2025-02-25,2025-02-11,2025-02-11,22815.24,3.0
VT-F-99-010721,PEM107,Omni Channel,Actual,VT250017,End User,MTS,P45906,Sale,2025-02-18,2025-02-13,2025-02-13,17932.97,1.0
VT-F-99-010721,PEM107,Omni Channel,Actual,VT250017,Contractor,MTS,P45906,Sale,2025-02-17,2025-02-13,2025-02-13,17932.97,1.0
CT-F-99-020506,PEM107,Omni Channel,Actual,CT250006,Contractor,MTS,P46073,Sale,2025-02-17,2025-02-13,2025-02-13,7186.59,1.0
VT-F-99-010715,PEM107,Omni Channel,Actual,VT240191 ,Smart Shop,MTS,P46029,Sale,2025-03-31,2025-02-14,2025-02-14,35358.24,2.0
CT-F-99-020503,PEM107,Omni Channel,Actual,CT240278,Contractor,MTS,P46070,Sale,2025-02-28,2025-02-14,2025-02-14,13306.76,2.0
CT-F-99-020527,PEM107,Omni Channel,Actual,CT250027,Contractor,MTS,P46935,Sale,2025-05-12,2025-02-14,2025-02-14,39421.95,3.0
CT-F-99-020502,PEM107,Omni Channel,Actual,CT240234,Contractor,MTS,P46069,Sale,2025-02-20,2025-02-14,2025-02-14,20943.3,3.0
VT-F-99-010721,PEM107,Omni Channel,Actual,VT250017,Contractor,MTS,P45906,Sale,2025-02-20,2025-02-14,2025-02-14,17932.97,1.0
CT-F-99-020502,PEM107,Omni Channel,Actual,CT240234,Contractor,MTS,P46069,Sale,2025-02-20,2025-02-14,2025-02-14,20943.3,3.0
VT-F-99-010721,PEM107,Omni Channel,Actual,VT250017,Contractor,MTS,P45906,Sale,2025-02-20,2025-02-14,2025-02-14,17932.97,1.0
CT-F-99-020502,PEM107,Omni Channel,Actual,CT240234,Contractor,MTS,P46069,Sale,2025-02-18,2025-02-17,2025-02-17,20943.3,3.0
VT-F-99-010721,PEM107,Omni Channel,Actual,VT250017,Contractor,MTS,P45906,Sale,2025-02-20,2025-02-17,2025-02-17,17932.97,1.0
CT-F-99-020505,PEM107,Omni Channel,Actual,CT250005,Contractor,MTS,P46072,Sale,2025-02-20,2025-02-17,2025-02-17,20561.25,3.0
CT-F-99-020531,PEM107,Omni Channel,Actual,CT240313,Smart Shop,MTS,P46162,Sale,2025-02-21,2025-02-17,2025-02-17,39058.44,3.0
VT-F-99-010721,PEM107,Omni Channel,Actual,VT250017,Smart Shop,MTS,P45906,Sale,2025-02-21,2025-02-17,2025-02-17,17932.97,1.0
CT-F-99-020510,PEM107,Omni Channel,Actual,"CT240271,CT250009",End User,MTS,P46076,Sale,2025-02-21,2025-02-13,2025-02-13,25069.14,3.0
CT-F-99-020502,PEM107,Omni Channel,Actual,CT250047,Contractor / Private / End user,MTO,P46069,Sale,2025-05-22,2025-02-17,2025-02-17,69811.0,10.0
CT-F-99-020524,PEM107,Omni Channel,Actual,CT240314,Contractor,MTS,P45905,Sale,2025-04-25,2025-02-18,2025-02-18,38443.08,3.0
VT-F-99-010721,PEM107,Omni Channel,Actual,VT250028,Contractor,MTS,P45906,Sale,2025-04-25,2025-02-18,2025-02-18,17932.97,1.0
VT-F-99-010203,PEM107,Omni Channel,Actual,VT250016,Smart Shop,MTS,P47174,Sale,2025-02-25,2025-02-18,2025-02-18,15241.96,2.0
CT-F-99-020507,PEM107,Omni Channel,Actual,CT240269,Smart Shop,MTS,P46074,Sale,2025-02-25,2025-02-18,2025-02-18,14536.62,2.0
VT-F-99-010203,PEM107,Omni Channel,Actual,VT250016,Contractor,MTS,P47174,Sale,2025-02-21,2025-02-18,2025-02-18,15241.96,2.0
VT-F-99-010721,PEM107,Omni Channel,Actual,VT250017,Contractor,MTS,P45906,Sale,2025-03-14,2025-02-18,2025-02-18,35865.94,2.0
CT-F-99-020506,PEM107,Omni Channel,Actual,CT250006 ,Contractor,MTS,P46073,Sale,2025-03-14,2025-02-18,2025-02-18,21559.77,3.0
CT-F-99-020507,PEM107,Omni Channel,Actual,CT250007,Contractor,MTS,P46074,Sale,2025-03-14,2025-02-18,2025-02-18,21804.93,3.0
CT-F-99-020504,PEM107,Omni Channel,Actual,CT240320,End User,MTS,P46071,Sale,2025-02-28,2025-02-18,2025-02-18,21419.31,3.0
CT-F-99-020504,PEM107,Omni Channel,Actual,CT240320,Contractor,MTS,P46071,Sale,2025-02-19,2025-02-19,2025-02-19,21419.31,3.0
VT-F-99-010721,PEM107,Omni Channel,Actual,VT250017,Contractor,MTS,P45906,Sale,2025-02-19,2025-02-19,2025-02-19,17932.97,1.0
VT-F-99-010721,PEM107,Omni Channel,Actual,VT250017,Contractor,MTS,P45906,Sale,2025-02-21,2025-02-19,2025-02-19,17932.97,1.0
CT-F-99-020507,PEM107,Omni Channel,Actual,CT250007,Contractor,MTS,P46074,Sale,2025-03-06,2025-02-19,2025-02-19,21804.93,3.0
VT-F-99-010721,PEM107,Omni Channel,Actual,VT240194,Contractor,MTS,P45906,Sale,2025-03-06,2025-02-19,2025-02-19,17932.97,1.0
VT-F-99-010721,PEM107,Omni Channel,Actual,VT240194,Contractor,MTS,P45906,Sale,2025-02-28,2025-02-20,2025-02-20,17932.97,1.0
CT-F-99-020527,PEM107,Omni Channel,Actual,CT250027,Contractor,MTS,P45922,Sale,2025-02-28,2025-02-20,2025-02-20,39421.95,3.0
CT-F-99-020528,PEM107,Omni Channel,Actual,CT240319,Contractor,MTS,P45962,Sale,2025-02-28,2025-02-20,2025-02-20,42939.54,3.0
VT-F-99-010721,PEM107,Omni Channel,Actual,VT240194,Contractor,MTS,P45906,Sale,2025-02-28,2025-02-20,2025-02-20,17932.97,1.0
RS-F-99-070004,PEM107,Omni Channel,Actual,RS240309,Cambodia,MTO,P46104,Sale,2025-03-24,2025-01-24,2025-01-24,20701.8,70.0
RS-F-99-041002,PEM107,Omni Channel,Actual,RS250051,Cambodia,MTO,P51314,Sale,2025-03-05,2025-01-24,2025-01-24,205445.76,24.0
RS-F-99-041034,PEM107,Omni Channel,Actual,RS250054,Cambodia,MTO,P48840,Sale,2025-03-05,2025-01-24,2025-01-24,25593.0,3.0
VT-F-99-010202,PEM107,Omni Channel,Actual,"VT250012,VT250019",Cambodia,MTO,P45854,Sale,2025-03-24,2025-01-24,2025-01-24,26401.35,3.0
VT-F-99-010203,PEM107,Omni Channel,Actual,VT250016,Smart Shop,MTS,P47174,Sale,2025-02-26,2025-02-21,2025-02-21,15241.96,2.0
CT-F-99-020504,PEM107,Omni Channel,Actual,CT240320,Contractor,MTS,P46071,Sale,2025-02-25,2025-02-21,2025-02-21,21419.31,3.0
VT-F-99-010721,PEM107,Omni Channel,Actual,VT240194,Contractor,MTS,P45906,Sale,2025-02-25,2025-02-21,2025-02-21,17932.97,1.0
CT-F-99-020508,PEM107,Omni Channel,Actual,CT240270,Smart Shop,MTS,P46075,Sale,2025-03-25,2025-02-21,2025-02-21,25351.89,3.0
VT-F-99-010721,PEM107,Omni Channel,Actual,VT250027,Smart Shop,MTS,P45906,Sale,2025-03-25,2025-02-21,2025-02-21,17932.97,1.0
CT-F-99-020530,PEM107,Omni Channel,Actual,CT240326,Contractor,MTS,P45966,Sale,2025-04-10,2025-02-24,2025-02-24,86950.08,6.0
VT-F-99-010721,PEM107,Omni Channel,Actual,VT250027,Contractor,MTS,P45906,Sale,2025-04-10,2025-02-24,2025-02-24,53798.91,3.0
CT-F-99-020528,PEM107,Omni Channel,Actual,CT240330,Contractor,MTS,P45962,Sale,2025-04-10,2025-02-24,2025-02-24,42939.54,3.0
VT-F-99-010203,PEM107,Omni Channel,Actual,VT250016,Smart Shop,MTS,P47174,Sale,2025-02-28,2025-02-25,2025-02-25,15241.96,2.0
CT-F-99-020501,PEM107,Omni Channel,Actual,CT240233,Smart Shop,MTS,P46123,Sale,2025-02-28,2025-02-25,2025-02-25,13201.66,2.0
CT-F-99-020526,PEM107,Omni Channel,Actual,CT240185,Contractor,MTS,P45936,Sale,2025-03-06,2025-02-25,2025-02-25,46209.87,3.0
VT-F-99-010721,PEM107,Omni Channel,Actual,VT240189,Contractor,MTS,P45906,Sale,2025-03-06,2025-02-25,2025-02-25,17932.97,1.0
VT-F-99-010721,PEM107,Omni Channel,Actual,VT250017,,MTS,P45906,Sale,2025-03-07,2025-02-25,2025-02-25,19003.97,1.0
CT-F-99-020507,PEM107,Omni Channel,Actual,CT250007,,MTS,P46074,Sale,2025-03-07,2025-02-25,2025-02-25,21804.93,3.0
RS-F-99-100001,PEM107,Omni Channel,Actual,RS250085,End User,MTO,P51328,Sale,2025-04-30,2025-02-25,2025-02-25,38193.42,3.0
VT-F-99-010721,PEM107,Omni Channel,Actual,VT250028,private company,MTS,P45906,Sale,2025-04-10,2025-02-25,2025-02-25,19003.97,1.0
CT-F-99-020528,PEM107,Omni Channel,Actual,CT240330,private company,MTS,P45962,Sale,2025-04-10,2025-02-25,2025-02-25,42939.54,3.0
VT-F-99-010721,PEM107,Omni Channel,Actual,VT250036,,MTS,P45906,Sale,2025-04-25,2025-02-25,2025-02-25,19003.97,1.0
CT-F-99-020504,PEM107,Omni Channel,Actual,CT240320,Contractor,MTS,P46071,Sale,2025-03-21,2025-02-26,2025-02-26,21419.31,3.0
VT-F-99-010819,PEM107,Omni Channel,Actual,"VT240168,VT250007",End User,MTS,P46038,Sale,2025-03-21,2025-02-26,2025-02-26,96119.64,4.0
CT-F-99-020702,PEM107,Omni Channel,Actual,CT250049,End User,MTO,P46091,Sale,2025-03-21,2025-02-26,2025-02-26,23089.68,3.0
CT-F-99-020704,PEM107,Omni Channel,Actual,CT250051,End User,MTO,P46093,Sale,2025-03-21,2025-02-26,2025-02-26,45630.48,6.0
CT-F-99-020705,PEM107,Omni Channel,Actual,CT250052,End User,MTO,P46094,Sale,2025-03-21,2025-02-26,2025-02-26,24908.88,3.0
CT-F-99-020703,PEM107,Omni Channel,Actual,CT250050,End User,MTO,P46092,Sale,2025-03-21,2025-02-26,2025-02-26,23177.4,3.0
CT-F-99-020707,PEM107,Omni Channel,Actual,CT250053,End User,MTO,P51530,Sale,2025-03-21,2025-02-26,2025-02-26,25786.35,3.0
VT-F-99-010721,PEM107,Omni Channel,Actual,VT250027,End User,MTS,P45906,Sale,2025-03-21,2025-02-26,2025-02-26,17932.97,1.0
CT-F-99-020503,PEM107,Omni Channel,Actual,CT240278,End User,MTS,P46070,Sale,2025-03-21,2025-02-26,2025-02-26,19960.14,3.0
VT-F-99-010819,PEM107,Omni Channel,Actual,VT250007,End User,MTS,P46038,Sale,2025-03-21,2025-02-26,2025-02-26,96119.64,4.0
CT-F-99-020504,PEM107,Omni Channel,Actual,CT240320,Contractor,MTS,P46071,Sale,2025-03-20,2025-02-26,2025-02-26,21419.31,3.0
CT-F-99-020702,PEM107,Omni Channel,Actual,CT250049,End User,MTO,P46091,Sale,2025-03-21,2025-02-26,2025-02-26,23089.68,3.0
CT-F-99-020705,PEM107,Omni Channel,Actual,CT250052,End User,MTO,P46094,Sale,2025-03-21,2025-02-26,2025-02-26,24908.88,3.0
VT-F-99-010721,PEM107,Omni Channel,Actual,VT250027 ,Contractor,MTS,P45906,Sale,2025-03-20,2025-02-26,2025-02-26,17932.97,1.0
CT-F-99-020504,PEM107,Omni Channel,Actual,CT240320,Contractor,MTS,P46071,Sale,2025-07-31,2025-02-26,2025-02-26,14279.54,2.0
VT-F-99-010203,PEM107,Omni Channel,Actual,VT250031,Contractor,MTS,P47174,Sale,2025-07-31,2025-02-26,2025-02-26,15241.96,2.0
CT-F-99-020504,PEM107,Omni Channel,Actual,CT240320,Contractor,MTS,P46071,Sale,2025-07-31,2025-02-26,2025-02-26,14279.54,2.0
VT-F-99-010203,PEM107,Omni Channel,Actual,VT250031,Contractor,MTS,P47174,Sale,2025-07-31,2025-02-26,2025-02-26,15241.96,2.0
CT-F-99-020506,PEM107,Omni Channel,Actual,CT240322,Contractor,MTS,P46073,Sale,2025-02-28,2025-02-27,2025-02-27,21559.77,3.0
CT-F-99-020504,PEM107,Omni Channel,Actual,CT250032,Contractor,MTS,P46071,Sale,2025-05-30,2025-02-27,2025-02-27,14279.54,2.0
VT-F-99-010203,PEM107,Omni Channel,Actual,VT250026,Contractor,MTS,P47174,Sale,2025-05-30,2025-02-27,2025-02-27,15241.96,2.0
CT-F-99-020504,PEM107,Omni Channel,Actual,CT250032,Contractor,MTS,P46071,Sale,2025-07-31,2025-02-27,2025-02-27,14279.54,2.0
VT-F-99-010203,PEM107,Omni Channel,Actual,VT250031,Contractor,MTS,P47174,Sale,2025-07-31,2025-02-27,2025-02-27,15241.96,2.0
CT-F-99-020504,PEM107,Omni Channel,Actual,CT250032,Contractor,MTS,P46071,Sale,2025-07-31,2025-02-27,2025-02-27,14279.54,2.0
VT-F-99-010203,PEM107,Omni Channel,Actual,VT250026,Contractor,MTS,P47174,Sale,2025-07-31,2025-02-27,2025-02-27,15241.96,2.0
CT-F-99-020504,PEM107,Omni Channel,Actual,CT250032,Contractor,MTS,P46071,Sale,2025-04-22,2025-02-27,2025-02-27,14279.54,2.0
VT-F-99-010203,PEM107,Omni Channel,Actual,VT250026,Contractor,MTS,P47174,Sale,2025-04-22,2025-02-27,2025-02-27,15241.96,2.0
CT-F-99-020505,PEM107,Omni Channel,Actual,CT250033,Contractor,MTS,P46072,Sale,2025-05-30,2025-02-27,2025-02-27,13707.5,2.0
VT-F-99-010209,PEM107,Omni Channel,Actual,VT250039,Contractor,MTS,P45569,Sale,2025-05-30,2025-02-27,2025-02-27,15959.04,2.0
CT-F-99-020504,PEM107,Omni Channel,Actual,CT250058,Contractor,MTS,P46071,Sale,2025-06-30,2025-02-27,2025-02-27,14279.54,2.0
VT-F-99-010203,PEM107,Omni Channel,Actual,VT250026,Contractor,MTS,P47174,Sale,2025-06-30,2025-02-27,2025-02-27,15241.96,2.0
CT-F-99-020505,PEM107,Omni Channel,Actual,CT250005,Contractor,MTS,P46072,Sale,2025-03-07,2025-02-27,2025-02-27,20561.25,3.0
CT-F-99-020505,PEM107,Omni Channel,Actual,CT250033,Contractor,MTS,P46072,Sale,2025-03-31,2025-02-27,2025-02-27,20561.25,3.0
VT-F-99-010721,PEM107,Omni Channel,Actual,VT250027,Contractor,MTS,P45906,Sale,2025-03-31,2025-02-27,2025-02-27,17932.97,1.0
CT-F-99-020507,PEM107,Omni Channel,Actual,CT250026,End User,MTS,P46074,Sale,2025-03-28,2025-02-28,2025-02-28,21804.93,3.0
VT-F-99-010715,PEM107,Omni Channel,Actual,VT240191,Contractor,MTS,P46029,Sale,2025-03-25,2025-02-28,2025-02-28,17679.12,1.0
CT-F-99-020507,PEM107,Omni Channel,Actual,CT250007,Contractor,MTS,P46074,Sale,2025-03-25,2025-02-28,2025-02-28,21804.93,3.0
VT-F-99-010819,PEM107,Omni Channel,Actual,VT250007,Smart Shop,MTS,P46038,Sale,2025-03-27,2025-03-03,2025-03-03,24029.91,1.0
CT-F-99-020704,PEM107,Omni Channel,Actual,CT250057,Smart Shop,MTO,P46093,Sale,2025-03-27,2025-03-03,2025-03-03,22815.24,3.0
CT-F-99-020506,PEM107,Omni Channel,Actual,CT250020,Contractor,MTS,P46073,Sale,2025-03-14,2025-03-03,2025-03-03,21559.77,3.0
VT-F-99-010721,PEM107,Omni Channel,Actual,VT250027,Contractor,MTS,P45906,Sale,2025-03-14,2025-03-03,2025-03-03,17932.97,1.0
CT-F-99-020507,PEM107,Omni Channel,Actual,CT250026,Contractor,MTS,P46074,Sale,2025-03-14,2025-03-03,2025-03-03,21804.93,3.0
RS-F-99-070003,PDEMO,Omni Channel,Actual,,Foreign Industry,MTO,P45536,Sale,2025-06-20,2025-02-26,2025-02-26,153000.0,300.0
RS-F-99-070006,PDEMO,Omni Channel,Actual,,Foreign Industry,MTO,P45676,Sale,2025-06-20,2025-02-26,2025-02-26,153000.0,300.0
VT-F-99-010203,PEM107,Omni Channel,Actual,VT250026 ,Contractor,MTS,P47174,Sale,2025-03-04,2025-03-03,2025-03-03,7620.98,1.0
CT-F-99-020506,PEM107,Omni Channel,Actual,CT250020,Metropolitan Electricity Authority (MEA),MTS,P46073,Sale,2025-04-04,2025-03-04,2025-03-04,21559.77,3.0
CT-F-99-020504,PEM107,Omni Channel,Actual,CT250004,,MTS,P46071,Sale,2025-03-07,2025-03-04,2025-03-04,21419.31,3.0
VT-F-99-010721,PEM107,Omni Channel,Actual,VT240194,,MTS,P45906,Sale,2025-03-07,2025-03-04,2025-03-04,17932.97,1.0
CT-F-99-020504,PEM107,Omni Channel,Actual,CT240320,Contractor,MTS,P46071,Sale,2025-03-06,2025-03-04,2025-03-04,21419.31,3.0
VT-F-99-010721,PEM107,Omni Channel,Actual,VT250017,Smart Shop,MTS,P45906,Sale,2025-03-07,2025-03-04,2025-03-04,17932.97,1.0
CT-F-99-020504,PEM107,Omni Channel,Actual,CT250004,Smart Shop,MTS,P46071,Sale,2025-03-07,2025-03-04,2025-03-04,21419.31,3.0
RS-F-99-090010,PEM107,Omni Channel,Actual,RS250089,Contractor,MTO,P51506,Sale,2025-03-14,2025-03-05,2025-03-05,5717.79,3.0
RS-F-99-090011,PEM107,Omni Channel,Actual,RS250090,Contractor,MTO,P51507,Sale,2025-03-14,2025-03-05,2025-03-05,4884.18,6.0
CT-F-99-020501,PEM107,Omni Channel,Actual,CT240233,Contractor,MTS,P46123,Sale,2025-03-31,2025-03-05,2025-03-05,13201.66,2.0
CT-F-99-020503,PEM107,Omni Channel,Actual,CT240278,Contractor,MTS,P46070,Sale,2025-03-31,2025-03-05,2025-03-05,13306.76,2.0
VT-F-99-010203,PEM107,Omni Channel,Actual,VT250016,Contractor,MTS,P47174,Sale,2025-03-31,2025-03-05,2025-03-05,30483.92,4.0
RS-F-99-041033,PEM107,Omni Channel,Actual,RS250052,Cambodia,MTO,P48829,Sale,2025-03-31,2025-01-24,2025-01-24,50058.72,6.0
RS-F-99-041034,PEM107,Omni Channel,Actual,RS250054,Cambodia,MTO,P48840,Sale,2025-03-24,2025-01-24,2025-01-24,281523.0,33.0
VT-F-99-010721,PEM107,Omni Channel,Actual,VT250017,Contractor,MTS,P45906,Sale,2025-03-18,2025-03-06,2025-03-06,17673.0,1.0
CT-F-99-020528,PEM107,Omni Channel,Actual,"CT240319,CT240330",Contractor,MTS,P45962,Sale,2025-03-18,2025-03-06,2025-03-06,42939.54,3.0
VT-F-99-010721,PEM107,Omni Channel,Actual,VT250027,Contractor,MTS,P45906,Sale,2025-03-13,2025-03-06,2025-03-06,17673.0,1.0
CT-F-99-020507,PEM107,Omni Channel,Actual,CT250026,Contractor,MTS,P46074,Sale,2025-03-13,2025-03-06,2025-03-06,20333.82,3.0
VT-F-99-010721,PEM107,Omni Channel,Actual,VT250027,private company,MTS,P45906,Sale,2025-03-13,2025-03-06,2025-03-06,17673.0,1.0
CT-F-99-020506,PEM107,Omni Channel,Actual,CT250006,private company,MTS,P46073,Sale,2025-03-13,2025-03-06,2025-03-06,20244.93,3.0
VT-F-99-010721,PEM107,Omni Channel,Actual,VT250027,private company,MTS,P45906,Sale,2025-03-07,2025-03-06,2025-03-06,17673.0,1.0
CT-F-99-020504,PEM107,Omni Channel,Actual,CT250004,private company,MTS,P46071,Sale,2025-04-06,2025-03-06,2025-03-06,20460.72,3.0
CT-F-99-020723,PEM107,Omni Channel,Actual,CT240329,Contractor,MTO,P46608,Sale,2025-03-31,2025-03-06,2025-03-06,42056.1,3.0
CT-F-99-020504,PEM107,Omni Channel,Actual,CT250058,Contractor,MTS,P46071,Sale,2025-05-30,2025-03-06,2025-03-06,20460.72,3.0
VT-F-99-010721,PEM107,Omni Channel,Actual,VT250027,Contractor,MTS,P45906,Sale,2025-05-30,2025-03-06,2025-03-06,17673.0,1.0
CT-F-99-020504,PEM107,Omni Channel,Actual,CT250004,Contractor,MTS,P46071,Sale,2025-05-30,2025-03-06,2025-03-06,20460.72,3.0
VT-F-99-010721,PEM107,Omni Channel,Actual,VT250043,Contractor,MTS,P45906,Sale,2025-05-30,2025-03-06,2025-03-06,17673.0,1.0
VT-F-99-010721,PEM107,Omni Channel,Actual,VT250028,Contractor,MTS,P45906,Sale,2025-04-10,2025-03-06,2025-03-06,17673.0,1.0
CT-F-99-020528,PEM107,Omni Channel,Actual,CT240330,Contractor,MTS,P45962,Sale,2025-04-10,2025-03-06,2025-03-06,42939.54,3.0
RS-F-99-070003,PEM107,Omni Channel,Actual,RS250094,Cambodia,MTO,P45536,Sale,2025-04-09,2025-03-07,2025-03-07,9649.8,30.0
RS-F-99-070006,PEM107,Omni Channel,Actual,RS250095,Cambodia,MTO,P45676,Sale,2025-03-24,2025-03-07,2025-03-07,9167.7,30.0
VT-F-99-010202,PEM107,Omni Channel,Actual,"VT250030,VT250037",Cambodia,MTO,P45854,Sale,2025-05-26,2025-03-07,2025-03-07,52375.62,6.0
RS-F-99-070004,PEM107,Omni Channel,Actual,RS240309,Cambodia,MTO,P46104,Sale,2025-03-24,2025-03-07,2025-03-07,8872.2,30.0
RS-F-99-070005,PEM107,Omni Channel,Actual,RS250097,Cambodia,MTO,P46105,Sale,2025-03-24,2025-03-07,2025-03-07,6256.53,21.0
RS-F-99-070002,PEM107,Omni Channel,Actual,RS240308,Cambodia,MTO,P46106,Sale,2025-04-09,2025-03-07,2025-03-07,59905.5,150.0
RS-F-99-070007,PEM107,Omni Channel,Actual,RS250093,Cambodia,MTO,P46746,Sale,2025-04-09,2025-03-07,2025-03-07,70742.4,120.0
RS-F-99-041015,PEM107,Omni Channel,Actual,RS250102,Cambodia,MTO,P46933,Sale,2025-04-09,2025-03-07,2025-03-07,114351.48,12.0
RS-F-99-041033,PEM107,Omni Channel,Actual,RS250098,Cambodia,MTO,P48829,Sale,2025-04-09,2025-03-07,2025-03-07,255471.6,30.0
RS-F-99-041034,PEM107,Omni Channel,Actual,RS250099,Cambodia,MTO,P48840,Sale,2025-03-24,2025-03-07,2025-03-07,102246.48,12.0
RS-F-99-041010,PEM107,Omni Channel,Actual,RS250104,Cambodia,MTO,P48851,Sale,2025-04-09,2025-03-07,2025-03-07,112383.72,12.0
RS-F-99-041004,PEM107,Omni Channel,Actual,RS250101,Cambodia,MTO,P51316,Sale,2025-04-30,2025-03-07,2025-03-07,104023.92,12.0
RS-F-99-041005,PEM107,Omni Channel,Actual,RS250103,Cambodia,MTO,P51317,Sale,2025-05-26,2025-03-07,2025-03-07,112561.32,12.0
RS-F-99-041006,PEM107,Omni Channel,Actual,RS250105,Cambodia,MTO,P51318,Sale,2025-04-09,2025-03-07,2025-03-07,113053.8,12.0
RS-F-99-041007,PEM107,Omni Channel,Actual,RS250106,Cambodia,MTO,P51319,Sale,2025-04-28,2025-03-07,2025-03-07,58159.5,6.0
RS-F-99-041008,PEM107,Omni Channel,Actual,RS250107,Cambodia,MTO,P51320,Sale,2025-04-28,2025-03-07,2025-03-07,56491.26,6.0
VT-F-99-010203,PEM107,Omni Channel,Actual,VT250016,Contractor,MTS,P47174,Sale,2025-03-17,2025-03-07,2025-03-07,15101.64,2.0
CT-F-99-020505,PEM107,Omni Channel,Actual,CT250033,Contractor,MTS,P46072,Sale,2025-03-17,2025-03-07,2025-03-07,12807.06,2.0
VT-F-99-010701,PEM107,Omni Channel,Actual,VT250022,Smart Shop,MTS,P46255,Sale,2025-03-12,2025-03-10,2025-03-10,17883.16,1.0
CT-F-99-020506,PEM107,Omni Channel,Actual,CT250020,Smart Shop,MTS,P46073,Sale,2025-03-21,2025-03-10,2025-03-10,20244.93,3.0
VT-F-99-010721,PEM107,Omni Channel,Actual,VT250027,Contractor,MTS,P45906,Sale,2025-03-14,2025-03-10,2025-03-10,17673.0,1.0
CT-F-99-020504,PEM107,Omni Channel,Actual,CT250004,Contractor,MTS,P46071,Sale,2025-03-14,2025-03-10,2025-03-10,20460.72,3.0
CT-F-99-020525,PEM107,Omni Channel,Actual,CT230382 ,Contractor,MTS,P45923,Sale,2025-04-11,2025-03-10,2025-03-10,37553.22,3.0
VT-F-99-010721,PEM107,Omni Channel,Actual,VT250027,Contractor,MTS,P45906,Sale,2025-03-14,2025-03-10,2025-03-10,53019.0,3.0
CT-F-99-020507,PEM107,Omni Channel,Actual,CT250007,Contractor,MTS,P46074,Sale,2025-03-14,2025-03-10,2025-03-10,40667.64,6.0
CT-F-99-020510,PEM107,Omni Channel,Actual,CT250009,Contractor,MTS,P46076,Sale,2025-03-14,2025-03-10,2025-03-10,24354.96,3.0
CT-F-99-020503,PEM107,Omni Channel,Actual,CT250003,End User,MTS,P46070,Sale,2025-03-21,2025-03-10,2025-03-10,18812.79,3.0
CT-F-99-020507,PEM107,Omni Channel,Actual,CT250026,Contractor,MTS,P46074,Sale,2025-04-30,2025-03-10,2025-03-10,20333.82,3.0
VT-F-99-010721,PEM107,Omni Channel,Actual,VT250028,Contractor,MTS,P45906,Sale,2025-04-30,2025-03-10,2025-03-10,17673.0,1.0
VT-F-99-010721,PEM107,Omni Channel,Actual,VT250027,Contractor,MTS,P45906,Sale,2025-03-12,2025-03-10,2025-03-10,17673.0,1.0
CT-F-99-020505,PEM107,Omni Channel,Actual,CT250033,Contractor,MTS,P46072,Sale,2025-03-12,2025-03-10,2025-03-10,19210.59,3.0
CT-F-99-020504,PEM107,Omni Channel,Actual,CT250032,Contractor,MTS,P46071,Sale,2025-03-20,2025-03-10,2025-03-10,20460.72,3.0
VT-F-99-010721,PEM107,Omni Channel,Actual,VT250028,Contractor,MTS,P45906,Sale,2025-03-20,2025-03-10,2025-03-10,17673.0,1.0
RS-F-99-070004,PEM107,Omni Channel,Actual,RS240309,Cambodia,MTO,P46104,Sale,2025-04-11,2025-03-07,2025-03-07,26616.6,90.0
RS-F-99-041033,PEM107,Omni Channel,Actual,RS250098,Cambodia,MTO,P48829,Sale,2025-05-15,2025-03-07,2025-03-07,153282.96,18.0
RS-F-99-041034,PEM107,Omni Channel,Actual,RS250099,Cambodia,MTO,P48840,Sale,2025-05-15,2025-03-07,2025-03-07,153369.72,18.0
RS-F-99-041015,PEM107,Omni Channel,Actual,RS250102,Cambodia,MTO,P46933,Sale,2025-05-26,2025-03-07,2025-03-07,114351.48,12.0
RS-F-99-041010,PEM107,Omni Channel,Actual,RS250104,Cambodia,MTO,P48851,Sale,2025-05-26,2025-03-07,2025-03-07,56191.86,6.0
RS-F-99-041007,PEM107,Omni Channel,Actual,RS250106,Cambodia,MTO,P51319,Sale,2025-05-26,2025-03-07,2025-03-07,87239.25,9.0
CT-F-99-020507,PEM107,Omni Channel,Actual,CT250026,Dealer,MTS,P46074,Sale,2025-03-20,2025-03-11,2025-03-11,20333.82,3.0
VT-F-99-010721,PEM107,Omni Channel,Actual,VT250027,Smart Shop,MTS,P45906,Sale,2025-03-31,2025-02-14,2025-02-14,17673.0,1.0
CT-F-99-020510,PEM107,Omni Channel,Actual,CT250009,Smart Shop,MTS,P46076,Sale,2025-03-31,2025-02-14,2025-02-14,24354.96,3.0
VT-F-99-010209,PEM107,Omni Channel,Actual,VT250050,Contractor,MTS,P45569,Sale,2025-03-11,2025-03-11,2025-03-11,7883.07,1.0
CT-F-99-020509,PEM107,Omni Channel,Actual,CT250064,Smart Shop,MTO,P51627,Sale,2025-04-22,2025-03-12,2025-03-12,33148.6,4.0
VT-F-99-010721,PEM107,Omni Channel,Actual,VT250017,Contractor,MTS,P45906,Sale,2025-03-21,2025-03-12,2025-03-12,17673.0,1.0
CT-F-99-020503,PEM107,Omni Channel,Actual,CT250003,Contractor,MTS,P46070,Sale,2025-03-21,2025-03-12,2025-03-12,18812.79,3.0
CT-F-99-020506,PEM107,Omni Channel,Actual,CT250020,Contractor,MTS,P46073,Sale,2025-03-28,2025-03-03,2025-03-03,20244.93,3.0
CT-F-99-020504,PEM107,Omni Channel,Actual,CT250004 ,Retailer,MTS,P46071,Sale,2025-03-14,2025-03-13,2025-03-13,13640.48,2.0
VT-F-99-010203,PEM107,Omni Channel,Actual,VT250026,Retailer,MTS,P47174,Sale,2025-03-14,2025-03-13,2025-03-13,15101.64,2.0
VT-F-99-010721,PEM107,Omni Channel,Actual,VT250059,Smart Shop,MTS,P45906,Sale,2025-06-09,2025-03-13,2025-03-13,17673.0,1.0
CT-F-99-020525,PEM107,Omni Channel,Actual,CT240280,Smart Shop,MTS,P45923,Sale,2025-06-09,2025-03-13,2025-03-13,37553.22,3.0
CT-F-99-020527,PEM107,Omni Channel,Actual,CT250027,Contractor,MTS,P46935,Sale,2025-03-24,2025-03-13,2025-03-13,33905.82,3.0
CT-F-99-020524,PEM107,Omni Channel,Actual,CT250061,Contractor,MTS,P45905,Sale,2025-06-30,2025-03-13,2025-03-13,38443.08,3.0
VT-F-99-010721,PEM107,Omni Channel,Actual,VT250059,Contractor,MTS,P45906,Sale,2025-06-30,2025-03-13,2025-03-13,17932.97,1.0
CT-F-99-020524,PEM107,Omni Channel,Actual,CT240325,private company,MTS,P45905,Sale,2025-05-09,2025-03-13,2025-03-13,38177.73,3.0
VT-F-99-010721,PEM107,Omni Channel,Actual,VT250029,private company,MTS,P45906,Sale,2025-05-09,2025-03-13,2025-03-13,19003.97,1.0
VT-F-99-010721,PEM107,Omni Channel,Actual,VT250028,,MTS,P45906,Sale,2025-04-10,2025-03-13,2025-03-13,19003.97,1.0
CT-F-99-020528,PEM107,Omni Channel,Actual,CT250022,,MTS,P45962,Sale,2025-04-10,2025-03-13,2025-03-13,41639.67,3.0
VT-F-99-010721,PEM107,Omni Channel,Actual,VT250028 ,Contractor,MTS,P45906,Sale,2025-04-04,2025-03-13,2025-03-13,17673.0,1.0
CT-F-99-020507,PEM107,Omni Channel,Actual,CT250026,Contractor,MTS,P46074,Sale,2025-04-04,2025-03-13,2025-03-13,20333.82,3.0
VT-F-99-010203,PPD101,Omni Channel,Actual,,Foreign Industry,MTO,P3555,Sale,2025-05-08,2024-03-19,2024-03-19,413100.0,34.0
CT-F-99-020508,PEM107,Omni Channel,Actual,CT250008 ,Smart Shop,MTS,P46075,Sale,2025-04-01,2025-03-14,2025-03-14,15614.34,2.0
VT-F-99-010203,PEM107,Omni Channel,Actual,VT250026,Smart Shop,MTS,P47174,Sale,2025-04-01,2025-03-14,2025-03-14,15101.64,2.0
CT-F-99-020527,PEM107,Omni Channel,Actual,CT250027,Dealer,MTS,P45922,Sale,2025-03-17,2025-03-17,2025-03-17,33905.82,3.0
CT-F-99-020504,PEM107,Omni Channel,Actual,CT250032,Contractor,MTS,P46071,Sale,2025-03-25,2025-03-17,2025-03-17,13640.48,2.0
VT-F-99-010203,PEM107,Omni Channel,Actual,VT250026,Contractor,MTS,P47174,Sale,2025-03-25,2025-03-17,2025-03-17,15101.64,2.0
CT-F-99-020506,PEM107,Omni Channel,Actual,CT250020,Contractor,MTS,P46073,Sale,2025-04-03,2025-03-18,2025-03-18,20244.93,3.0
CT-F-99-020506,PEM107,Omni Channel,Actual,CT250020,Contractor,MTS,P46073,Sale,2025-03-26,2025-03-18,2025-03-18,20244.93,3.0
VT-F-99-010721,PEM107,Omni Channel,Actual,VT250027,,MTS,P45906,Sale,2025-03-20,2025-03-18,2025-03-18,17673.0,1.0
CT-F-99-020510,PEM107,Omni Channel,Actual,CT250009,,MTS,P46076,Sale,2025-03-20,2025-03-18,2025-03-18,8118.32,1.0
VT-F-99-010819,PEM107,Omni Channel,Actual,VT250007,,MTS,P46038,Sale,2025-04-22,2025-03-18,2025-03-18,24029.91,1.0
CT-F-99-020705,PEM107,Omni Channel,Actual,CT250070,,MTO,P46094,Sale,2025-04-22,2025-03-18,2025-03-18,20699.52,3.0
CT-F-99-020705,PDEMO,Omni Channel,Actual,,Foreign Industry,MTO,P46094,Sale,2025-05-08,2025-03-18,2025-03-18,31200.0,2.0
CT-F-99-020527,PEM107,Omni Channel,Actual,CT250031,Smart Shop,MTS,P45922,Sale,2025-03-27,2025-03-18,2025-03-18,33905.82,3.0
VT-F-99-010721,PEM107,Omni Channel,Actual,VT250028,Contractor,MTS,P45906,Sale,2025-03-21,2025-03-19,2025-03-19,17673.0,1.0
CT-F-99-020506,PEM107,Omni Channel,Actual,CT250020,Contractor,MTS,P46073,Sale,2025-03-21,2025-03-19,2025-03-19,20244.93,3.0
VT-F-99-010820,PEM107,Omni Channel,Actual,VT240117,การไฟฟ้าส่วนภูมิภาค เขต 2 (ภาคใต้),MTS,P45997,Sale,2025-04-18,2025-03-19,2025-03-19,33543.87,1.0
VT-F-99-010721,PEM107,Omni Channel,Actual,VT250017,Smart Shop,MTS,P45906,Sale,2025-03-27,2025-03-19,2025-03-19,35346.0,2.0
CT-F-99-020508,PEM107,Omni Channel,Actual,CT240270,Smart Shop,MTS,P46075,Sale,2025-03-27,2025-03-19,2025-03-19,46843.02,6.0
VT-F-99-010721,PEM107,Omni Channel,Actual,VT250028,Factory,MTS,P45906,Sale,2025-03-22,2025-03-19,2025-03-19,17673.0,1.0
CT-F-99-020531,PEM107,Omni Channel,Actual,CT240323,Factory,MTS,P46162,Sale,2025-03-22,2025-03-19,2025-03-19,38909.16,3.0
CT-F-99-020504,PEM107,Omni Channel,Actual,CT240320,private company,MTS,P46071,Sale,2025-03-24,2025-03-20,2025-03-20,20460.72,3.0
CT-F-99-020504,PEM107,Omni Channel,Actual,CT250032,Contractor,MTS,P46071,Sale,2025-03-28,2025-03-20,2025-03-20,20460.72,3.0
VT-F-99-010721,PEM107,Omni Channel,Actual,VT250028,End User,MTS,P45906,Sale,2025-03-26,2025-03-20,2025-03-20,17673.0,1.0
VT-F-99-010715,PEM107,Omni Channel,Actual,VT240191,Contractor,MTS,P46029,Sale,2025-04-18,2025-03-20,2025-03-20,17679.12,1.0
CT-F-99-020508,PEM107,Omni Channel,Actual,CT250008,Contractor,MTS,P46075,Sale,2025-04-18,2025-03-20,2025-03-20,23421.51,3.0
CT-F-99-020524,PEM107,Omni Channel,Actual,"CT240314, CT240325",Contractor,MTS,P45905,Sale,2025-04-03,2025-03-20,2025-03-20,38177.73,3.0
VT-F-99-010721,PEM107,Omni Channel,Actual,VT250028,Contractor,MTS,P45906,Sale,2025-04-03,2025-03-20,2025-03-20,17673.0,1.0
CT-F-99-020528,PEM107,Omni Channel,Actual,CT250022,Contractor,MTS,P45962,Sale,2025-04-30,2025-03-20,2025-03-20,41639.67,3.0
VT-F-99-010721,PEM107,Omni Channel,Actual,VT250028,Contractor,MTS,P45906,Sale,2025-04-30,2025-03-20,2025-03-20,17673.0,1.0
CT-F-99-020504,PEM107,Omni Channel,Actual,CT250032  ,Contractor,MTS,P46071,Sale,2025-03-28,2025-03-20,2025-03-20,20460.72,3.0
VT-F-99-010721,PEM107,Omni Channel,Actual,VT250028,Smart Shop,MTS,P45906,Sale,2025-03-31,2025-03-20,2025-03-20,17673.0,1.0
CT-F-99-020506,PEM107,Omni Channel,Actual,CT250020,Smart Shop,MTS,P46073,Sale,2025-03-31,2025-03-20,2025-03-20,20244.93,3.0
CT-F-99-020507,PEM107,Omni Channel,Actual,CT250026,Contractor,MTS,P46074,Sale,2025-06-30,2025-03-20,2025-03-20,20333.82,3.0
VT-F-99-010721,PEM107,Omni Channel,Actual,VT250059,Contractor,MTS,P45906,Sale,2025-06-30,2025-03-20,2025-03-20,17673.0,1.0
RS-F-99-090026,PEM107,Omni Channel,Actual,RS250122,Small Enduser,MTO,P47270,Sale,2025-04-02,2025-03-20,2025-03-20,9149.32,4.0
VT-F-99-010721,PEM107,Omni Channel,Actual,VT250028,Contractor,MTS,P45906,Sale,2025-03-24,2025-03-21,2025-03-21,17673.0,1.0
CT-F-99-020501,PEM107,Omni Channel,Actual,CT240233,Contractor,MTS,P46123,Sale,2025-03-24,2025-03-21,2025-03-21,19030.59,3.0
CT-F-99-020527,PEM107,Omni Channel,Actual,CT250031,Contractor,MTS,P45922,Sale,2025-03-31,2025-03-21,2025-03-21,33905.82,3.0
VT-F-99-010721,PEM107,Omni Channel,Actual,VT250028,Contractor,MTS,P45906,Sale,2025-03-31,2025-03-21,2025-03-21,17673.0,1.0
VT-F-99-010203,PEM107,Omni Channel,Actual,VT250016 ,Contractor,MTS,P47174,Sale,2025-04-02,2025-03-24,2025-03-24,15101.64,2.0
CT-F-99-020504,PEM107,Omni Channel,Actual,CT250032,Contractor,MTO,P46071,Sale,2025-04-02,2025-03-24,2025-03-24,13640.48,2.0
RS-F-99-070003,PEM107,Omni Channel,Actual,RS250123,Inside Group,MTO,P45536,Sale,2025-06-19,2025-03-24,2025-03-24,97524.0,300.0
RS-F-99-070006,PEM107,Omni Channel,Actual,RS250124,Inside Group,MTO,P45676,Sale,2025-06-19,2025-03-24,2025-03-24,91962.0,300.0
RS-F-99-010123,PEM107,Omni Channel,Actual,RS250125,Contractor,MTO,P46977,Sale,2025-07-18,2025-03-24,2025-03-24,36022.68,4.0
RS-F-99-010124,PEM107,Omni Channel,Actual,RS250126,Contractor,MTO,P46978,Sale,2025-07-18,2025-03-24,2025-03-24,17499.3,2.0
CT-F-99-020501,PDEMO,Omni Channel,Actual,,Foreign Industry,,P46123,Sale,2025-06-20,2025-03-24,2025-03-24,465000.0,50.0
VT-F-99-010721,PEM107,Omni Channel,Actual,VT250029,,MTS,P45906,Sale,2025-03-28,2025-03-24,2025-03-24,19003.97,1.0
CT-F-99-020506,PEM107,Omni Channel,Actual,CT250020,,MTS,P46073,Sale,2025-03-28,2025-03-24,2025-03-24,20244.93,3.0
CT-F-99-020504,PDEMO,Omni Channel,Actual,,Foreign Industry,MTO,P46071,Sale,2025-06-20,2025-03-24,2025-03-24,37880.0,4.0
CT-F-99-020506,PDEMO,Omni Channel,Actual,,Foreign Industry,MTO,P46073,Sale,2025-06-20,2025-03-24,2025-03-24,38400.0,4.0
CT-F-99-020502,PDEMO,Omni Channel,Actual,,Foreign Industry,MTO,P46069,Sale,2025-06-20,2025-03-24,2025-03-24,93000.0,10.0
VT-F-99-010721,PEM107,Omni Channel,Actual,VT250027,Contractor,MTS,P45906,Sale,2025-03-28,2025-03-25,2025-03-25,17673.0,1.0
VT-F-99-010303,PEM107,Omni Channel,Actual,VT250021,Contractor,MTS,P51638,Sale,2025-04-21,2025-03-25,2025-03-25,19527.88,2.0
CT-F-99-020704,PEM107,Omni Channel,Actual,CT250074,Contractor,MTO,P46093,Sale,2025-04-21,2025-03-25,2025-03-25,14619.64,2.0
CT-F-99-020530,PEM107,Omni Channel,Actual,CT250023,Contractor,MTS,P45966,Sale,2025-07-31,2025-03-26,2025-03-26,42284.43,3.0
CT-F-99-020702,PEM107,Omni Channel,Actual,CT250073,Contractor,MTO,P46091,Sale,2025-04-30,2025-03-26,2025-03-26,13835.12,2.0
VT-F-99-010303,PEM107,Omni Channel,Actual,VT250021,Contractor,MTS,P51638,Sale,2025-04-30,2025-03-26,2025-03-26,19527.88,2.0
CT-F-99-020504,PEM107,Omni Channel,Actual,CT250058,Contractor,MTS,P46071,Sale,2025-03-31,2025-03-26,2025-03-26,20460.72,3.0
VT-F-99-010721,PEM107,Omni Channel,Actual,VT250029,Contractor,MTS,P45906,Sale,2025-03-31,2025-03-26,2025-03-26,17673.0,1.0
CT-F-99-020501,PEM107,Omni Channel,Actual,CT240233,Contractor,MTS,P46123,Sale,2025-04-04,2025-03-26,2025-03-26,19030.59,3.0
VT-F-99-010721,PEM107,Omni Channel,Actual,VT250029,Contractor,MTS,P45906,Sale,2025-04-04,2025-03-26,2025-03-26,17673.0,1.0
VT-F-99-010721,PEM107,Omni Channel,Actual,VT250029,Contractor,MTS,P45906,Sale,2025-04-12,2025-03-26,2025-03-26,17673.0,1.0
CT-F-99-020527,PEM107,Omni Channel,Actual,CT250054,Contractor,MTS,P45922,Sale,2025-04-12,2025-03-26,2025-03-26,33905.82,3.0
CT-F-99-020530,PEM107,Omni Channel,Actual,CT250023,Dealer,MTS,P45966,Sale,2025-03-27,2025-02-06,2025-02-06,42284.43,3.0
CT-F-99-020530,PEM107,Omni Channel,Actual,CT240326 ,Dealer,MTS,P45966,Sale,2025-03-27,2025-02-06,2025-02-06,42284.43,3.0
VT-F-99-010721,PEM107,Omni Channel,Actual,VT250059,Contractor,MTS,P45906,Sale,2025-06-13,2025-03-26,2025-03-26,17673.0,1.0
CT-F-99-020527,PEM107,Omni Channel,Actual,CT250054,Contractor,MTS,P45922,Sale,2025-06-13,2025-03-26,2025-03-26,33905.82,3.0
VT-F-99-010721,PEM107,Omni Channel,Actual,VT250029,End User,MTS,P45906,Sale,2025-04-09,2025-03-27,2025-03-27,17673.0,1.0
CT-F-99-020510,PEM107,Omni Channel,Actual,CT250009,End User,MTS,P46076,Sale,2025-04-09,2025-03-27,2025-03-27,24354.96,3.0
CT-F-99-020511,PEM107,Omni Channel,Actual,CT240090,End User,MTS,P46077,Sale,2025-04-09,2025-03-27,2025-03-27,24983.94,3.0
CT-F-99-020505,PEM107,Omni Channel,Actual,CT250033,Contractor,MTS,P46072,Sale,2025-05-30,2025-03-28,2025-03-28,19210.59,3.0
VT-F-99-010721,PEM107,Omni Channel,Actual,VT250029,Contractor,MTS,P45906,Sale,2025-04-11,2025-03-28,2025-03-28,17673.0,1.0
CT-F-99-020528,PEM107,Omni Channel,Actual,CT250067 ,Contractor,MTS,P45962,Sale,2025-04-10,2025-03-28,2025-03-28,41639.67,3.0
CT-F-99-020705,PEM107,Omni Channel,Actual,CT250076,Inside Group,MTO,P46094,Sale,2025-05-22,2025-03-31,2025-03-31,13799.68,2.0
CT-F-99-020502,PEM107,Omni Channel,Actual,CT250078,Inside Group,MTO,P46069,Sale,2025-06-19,2025-03-31,2025-03-31,65043.0,10.0
CT-F-99-020504,PEM107,Omni Channel,Actual,CT250079,Inside Group,MTO,P46071,Sale,2025-06-19,2025-03-31,2025-03-31,27280.96,4.0
CT-F-99-020506,PEM107,Omni Channel,Actual,CT250080,Inside Group,MTO,P46073,Sale,2025-06-19,2025-03-31,2025-03-31,26993.24,4.0
RS-F-99-070004,PEM107,Omni Channel,Actual,RS240309,Inside Group,MTS,P46104,Sale,2025-05-25,2025-03-31,2025-03-31,8872.2,30.0
CT-F-99-020501,PEM107,Omni Channel,Actual,CT250077,Inside Group,MTO,P46123,Sale,2025-06-19,2025-03-31,2025-03-31,634353.0,100.0
CT-F-99-020506,PEM107,Omni Channel,Actual,CT250020,Contractor,MTS,P46073,Sale,2025-04-21,2025-03-31,2025-03-31,20244.93,3.0
VT-F-99-010721,PEM107,Omni Channel,Actual,VT250028,Contractor,MTS,P45906,Sale,2025-03-31,2025-03-31,2025-03-31,17673.0,1.0
VT-F-99-010721,PEM107,Omni Channel,Actual,VT250029,Contractor,MTS,P45906,Sale,2025-04-11,2025-03-31,2025-03-31,17673.0,1.0
CT-F-99-020526,PEM107,Omni Channel,Actual,CT240241,Contractor,MTS,P45936,Sale,2025-04-11,2025-03-31,2025-03-31,40714.11,3.0
VT-F-99-010715,PEM107,Omni Channel,Actual,VT240191,Smart Shop,MTS,P46029,Sale,2025-04-04,2024-11-11,2024-11-11,17679.12,1.0
VT-F-99-010203,PEM107,Omni Channel,Actual,VT250026,Contractor,MTS,P47174,Sale,2025-04-21,2025-04-01,2025-04-01,60406.56,8.0
CT-F-99-020505,PEM107,Omni Channel,Actual,"CT250033,CT250045",Contractor,MTS,P46072,Sale,2025-04-21,2025-04-01,2025-04-01,51228.24,8.0
VT-F-99-010721,PEM107,Omni Channel,Actual,VT250029,Smart Shop,MTS,P45906,Sale,2025-04-04,2025-04-01,2025-04-01,17673.0,1.0
CT-F-99-020528,PEM107,Omni Channel,Actual,CT250022,Smart Shop,MTS,P45962,Sale,2025-04-04,2025-04-01,2025-04-01,41639.67,3.0
VT-F-99-010722,PEM107,Omni Channel,Actual,VT250048,การไฟฟ้าส่วนภูมิภาค เขต 1 (ภาคเหนือ),MTO,P45848,Sale,2025-05-07,2025-04-01,2025-04-01,54537.52,2.0
VT-F-99-010202,PEM107,Omni Channel,Actual,"VT250029,VT250038,CT250041",Contractor,MTS,P45854,Sale,2025-04-01,2025-03-31,2025-03-31,8729.27,1.0
CT-F-99-020502,PEM107,Omni Channel,Actual,CT250019,Contractor,MTS,P46069,Sale,2025-04-03,2025-04-01,2025-04-01,13008.6,2.0
CT-F-99-020501,PEM107,Omni Channel,Actual,CT240233,Contractor,MTS,P46123,Sale,2025-04-03,2025-04-01,2025-04-01,25374.12,4.0
VT-F-99-010203,PEM107,Omni Channel,Actual,VT250026,Contractor,MTS,P47174,Sale,2025-04-03,2025-04-01,2025-04-01,45304.92,6.0
VT-F-99-010721,PEM107,Omni Channel,Actual,VT250029,,MTS,P45906,Sale,2025-04-10,2025-04-02,2025-04-02,19003.97,1.0
CT-F-99-020530,PEM107,Omni Channel,Actual,CT250068,,MTS,P45966,Sale,2025-04-10,2025-04-02,2025-04-02,42284.43,3.0
VT-F-99-010721,PEM107,Omni Channel,Actual,VT250029,,MTS,P45906,Sale,2025-04-09,2025-04-02,2025-04-02,19003.97,1.0
CT-F-99-020507,PEM107,Omni Channel,Actual,CT250026,,MTS,P46074,Sale,2025-04-09,2025-04-02,2025-04-02,20333.82,3.0
VT-F-99-010721,PEM107,Omni Channel,Actual,VT250036,,MTS,P45906,Sale,2025-04-25,2025-04-02,2025-04-02,19003.97,1.0
CT-F-99-020506,PEM107,Omni Channel,Actual,CT250059,,MTS,P46073,Sale,2025-04-25,2025-04-02,2025-04-02,20244.93,3.0
CT-F-99-020506,PEM107,Omni Channel,Actual,CT250006,private company,MTS,P46073,Sale,2025-04-25,2025-04-02,2025-04-02,13496.62,2.0
VT-F-99-010303,PEM107,Omni Channel,Actual,VT250056,Contractor,MTS,P51638,Sale,2025-04-11,2025-04-02,2025-04-02,19527.88,2.0
CT-F-99-020505,PEM107,Omni Channel,Actual,CT250033,Contractor,MTS,P46072,Sale,2025-04-11,2025-04-02,2025-04-02,19210.59,3.0
VT-F-99-010721,PEM107,Omni Channel,Actual,VT250029,Contractor,MTS,P45906,Sale,2025-04-11,2025-04-02,2025-04-02,17673.0,1.0
VT-F-99-010203,PEM107,Omni Channel,Actual,VT250026,Smart Shop,MTS,P47174,Sale,2025-04-04,2025-04-02,2025-04-02,15101.64,2.0
CT-F-99-020506,PEM107,Omni Channel,Actual,CT250059,Smart Shop,MTS,P46073,Sale,2025-04-04,2025-04-02,2025-04-02,13496.62,2.0
VT-F-99-010722,PEM107,Omni Channel,Actual,VT250048,การไฟฟ้าส่วนภูมิภาค เขต 3 (ภาคตะวันออกเฉียงเหนือ),MTS,P45848,Sale,2025-04-18,2025-04-02,2025-04-02,27268.76,1.0
RS-F-99-090011,PEM107,Omni Channel,Actual,RS250138,Contractor,MTS,P51507,Sale,2025-04-09,2025-04-03,2025-04-03,5230.5,3.0
VT-F-99-010721,PEM107,Omni Channel,Actual,VT250036,Factory,MTS,P45906,Sale,2025-04-28,2025-04-03,2025-04-03,17673.0,1.0
CT-F-99-020528,PEM107,Omni Channel,Actual,CT250067,Factory,MTS,P45962,Sale,2025-04-28,2025-04-03,2025-04-03,41639.67,3.0
CT-F-99-020506,PEM107,Omni Channel,Actual,CT250059,Factory,MTS,P46073,Sale,2025-04-04,2025-04-03,2025-04-03,20244.93,3.0
VT-F-99-010203,PEM107,Omni Channel,Actual,VT250026,Contractor,MTS,P47174,Sale,2025-04-09,2025-04-03,2025-04-03,15101.64,2.0
CT-F-99-020502,PEM107,Omni Channel,Actual,CT250019,Contractor,MTS,P46069,Sale,2025-04-09,2025-04-03,2025-04-03,13008.6,2.0
VT-F-99-010203,PEM107,Omni Channel,Actual,VT250026,Contractor,MTS,P47174,Sale,2025-04-09,2025-04-03,2025-04-03,15101.64,2.0
CT-F-99-020502,PEM107,Omni Channel,Actual,CT250019,Contractor,MTS,P46069,Sale,2025-04-09,2025-04-03,2025-04-03,13008.6,2.0
CT-F-99-020531,PEM107,Omni Channel,Actual,"CT240136,CT240323",Contractor,MTS,P46162,Sale,2025-04-09,2025-04-04,2025-04-04,38909.16,3.0
VT-F-99-010721,PEM107,Omni Channel,Actual,VT250029,,MTS,P45906,Sale,2025-04-04,2025-04-04,2025-04-04,17673.0,1.0
CT-F-99-020504,PEM107,Omni Channel,Actual,CT250032,,MTS,P46071,Sale,2025-04-04,2025-04-04,2025-04-04,20460.72,3.0
VT-F-99-010203,PEM107,Omni Channel,Actual,VT250026,Cambodia,MTS,P47174,Sale,2025-04-30,2025-04-04,2025-04-04,7550.82,1.0
CT-F-99-020505,PEM107,Omni Channel,Actual,CT250045,Contractor,MTS,P46072,Sale,2025-04-30,2025-04-04,2025-04-04,19210.59,3.0
VT-F-99-010721,PEM107,Omni Channel,Actual,VT250029,Contractor,MTS,P45906,Sale,2025-04-09,2025-04-04,2025-04-04,17673.0,1.0
CT-F-99-020527,PEM107,Omni Channel,Actual,CT250054,Contractor,MTS,P45922,Sale,2025-04-09,2025-04-04,2025-04-04,33905.82,3.0
VT-F-99-010721,PEM107,Omni Channel,Actual,VT250036,Contractor,MTS,P45906,Sale,2025-04-20,2025-04-04,2025-04-04,17673.0,1.0
CT-F-99-020524,PEM107,Omni Channel,Actual,CT250061,Contractor,MTS,P45905,Sale,2025-04-20,2025-04-04,2025-04-04,38177.73,3.0
VT-F-99-010721,PEM107,Omni Channel,Actual,VT250036,Contractor,MTS,P45906,Sale,2025-04-20,2025-04-04,2025-04-04,17673.0,1.0
CT-F-99-020524,PEM107,Omni Channel,Actual,CT240325,Contractor,MTS,P45905,Sale,2025-04-20,2025-04-04,2025-04-04,38177.73,3.0
VT-F-99-010721,PEM107,Omni Channel,Actual,VT250028,Contractor,MTS,P45906,Sale,2025-04-09,2025-04-07,2025-04-07,17673.0,1.0
CT-F-99-020528,PEM107,Omni Channel,Actual,CT250067,Contractor,MTS,P45962,Sale,2025-04-09,2025-04-07,2025-04-07,41639.67,3.0
VT-F-99-010721,PEM107,Omni Channel,Actual,VT250036,Smart Shop,MTS,P45906,Sale,2025-04-09,2025-04-08,2025-04-08,17673.0,1.0
CT-F-99-020701,PPD101,Omni Channel,Actual,,Foreign Industry,MTO,P46090,Sale,2025-05-30,2025-04-08,2025-04-08,30600.0,2.0
VT-F-99-010721,PEM107,Omni Channel,Actual,VT250036,Contractor,MTS,P45906,Sale,2025-04-21,2025-04-08,2025-04-08,17673.0,1.0
CT-F-99-020503,PEM107,Omni Channel,Actual,CT250063,Contractor,MTS,P46070,Sale,2025-04-21,2025-04-08,2025-04-08,18812.79,3.0
RS-F-99-100001,PEM107,Omni Channel,Actual,RS250139,Contractor,MTS,P51328,Sale,2025-04-30,2025-04-08,2025-04-08,37247.49,3.0
CT-F-99-020704,PEM107,Omni Channel,Actual,CT250100,Smart Shop,MTO,P46093,Sale,2025-05-08,2025-04-09,2025-04-09,14619.64,2.0
VT-F-99-010303,PEM107,Omni Channel,Actual,VT250056,Smart Shop,MTS,P51638,Sale,2025-05-08,2025-04-09,2025-04-09,19527.88,2.0
CT-F-99-020504,PEM107,Omni Channel,Actual,CT250058,Smart Shop,MTS,P46071,Sale,2025-04-18,2025-04-09,2025-04-09,20460.72,3.0
VT-F-99-010203,PEM107,Omni Channel,Actual,VT250031,Smart Shop,MTS,P47174,Sale,2025-04-11,2025-04-09,2025-04-09,15101.64,2.0
CT-F-99-020508,PEM107,Omni Channel,Actual,CT250008,Smart Shop,MTS,P46075,Sale,2025-04-11,2025-04-09,2025-04-09,15614.34,2.0
RS-F-99-120002,PEM107,Omni Channel,Actual,RS250141,Smart Shop,MTO,P46827,Sale,2025-04-11,2025-04-10,2025-04-10,40407.38,2.0
CT-F-99-020505,PEM107,Omni Channel,Actual,CT250045,Contractor,MTS,P46072,Sale,2025-04-25,2025-04-10,2025-04-10,19210.59,3.0
RS-F-99-010122,PEM107,Omni Channel,Actual,RS250144,Contractor,MTO,P46976,Sale,2025-05-30,2025-04-10,2025-04-10,18935.12,2.0
RS-F-99-010128,PEM107,Omni Channel,Actual,RS250143,Contractor,MTO,P45547,Sale,2025-06-30,2025-04-10,2025-04-10,56180.04,6.0
RS-F-99-010129,PEM107,Omni Channel,Actual,RS250145,Contractor,MTO,P52003,Sale,2025-05-30,2025-04-10,2025-04-10,72815.36,8.0
RS-F-99-010123,PEM107,Omni Channel,Actual,RS250146,Contractor,MTO,P46977,Sale,2025-05-30,2025-04-10,2025-04-10,18011.34,2.0
VT-F-99-010721,PEM107,Omni Channel,Actual,VT250036,Contractor,MTS,P45906,Sale,2025-04-30,2025-04-11,2025-04-11,17673.0,1.0
CT-F-99-020510,PEM107,Omni Channel,Actual,CT250009,Contractor,MTS,P46076,Sale,2025-04-30,2025-04-11,2025-04-11,24354.96,3.0
VT-F-99-010202,PEM107,Omni Channel,Actual,VT250038,Contractor,MTS,P45854,Sale,2025-04-30,2025-04-11,2025-04-11,8729.27,1.0
RS-F-99-050023,PEM107,Omni Channel,Actual,RS250153,Contractor,MTO,P46264,Sale,2025-04-30,2025-04-11,2025-04-11,7500.0,3.0
CT-F-99-020504,PEM107,Omni Channel,Actual,CT250058 ,Contractor,MTS,P46071,Sale,2025-04-23,2025-04-11,2025-04-11,20460.72,3.0
VT-F-99-010721,PEM107,Omni Channel,Actual,VT250036,Contractor,MTS,P45906,Sale,2025-04-23,2025-04-11,2025-04-11,17673.0,1.0
VT-F-99-010721,PEM107,Omni Channel,Actual,VT250036,Contractor,MTS,P45906,Sale,2025-12-15,2025-04-11,2025-04-11,17673.0,1.0
CT-F-99-020506,PEM107,Omni Channel,Actual,CT250059,Contractor,MTS,P46073,Sale,2025-12-15,2025-04-11,2025-04-11,20244.93,3.0
VT-F-99-010721,PEM107,Omni Channel,Actual,,End User,MTS,P45906,Sale,2025-04-25,2025-04-17,2025-04-17,18000.0,1.0
CT-F-99-020504,PEM107,Omni Channel,Actual,,End User,MTS,P46071,Sale,2025-04-25,2025-04-17,2025-04-17,20100.0,3.0
CT-F-99-020506,PEM107,Omni Channel,Actual,CT250059,Contractor,MTS,P46073,Sale,2025-04-21,2025-04-18,2025-04-18,21093.0,3.0
VT-F-99-010721,PEM107,Omni Channel,Actual,VT250036,Contractor,MTS,P45906,Sale,2025-04-21,2025-04-18,2025-04-18,17800.0,1.0
CT-F-99-020504,PEM107,Omni Channel,Actual,CT250058,Contractor,MTS,P46071,Sale,2025-04-30,2025-04-18,2025-04-18,20100.0,3.0
VT-F-99-010721,PEM107,Omni Channel,Actual,VT250029,Contractor,MTS,P45906,Sale,2025-04-30,2025-04-18,2025-04-18,17800.0,1.0
CT-F-99-020528,PEM107,Omni Channel,Actual,CT250093,Contractor,MTS,P45962,Sale,2025-04-30,2025-04-18,2025-04-18,43350.0,3.0
VT-F-99-010721,PEM107,Omni Channel,Actual,VT250043,Contractor,MTS,P45906,Sale,2025-04-30,2025-04-18,2025-04-18,17800.0,1.0
VT-F-99-010819,PEM107,Omni Channel,Actual,VT250007,Contractor,MTS,P46038,Sale,2025-06-04,2025-04-21,2025-04-21,24029.91,1.0
CT-F-99-020707,PEM107,Omni Channel,Actual,CT250104,Contractor,MTO,P51530,Sale,2025-06-04,2025-04-21,2025-04-21,24981.66,3.0
VT-F-99-010721,PEM107,Omni Channel,Actual,VT240194 ,Contractor,MTS,P45906,Sale,2025-04-23,2025-04-21,2025-04-21,17673.0,1.0
CT-F-99-020505,PEM107,Omni Channel,Actual,CT250033,Contractor,MTS,P46072,Sale,2025-04-23,2025-04-21,2025-04-21,19210.59,3.0
VT-F-99-010721,PEM107,Omni Channel,Actual,VT250036,Contractor,MTS,P45906,Sale,2025-04-21,2025-04-21,2025-04-21,17673.0,1.0
CT-F-99-020504,PEM107,Omni Channel,Actual,CT250058,Contractor,MTS,P46071,Sale,2025-04-21,2025-04-21,2025-04-21,6820.24,1.0
CT-F-99-020703,PEM107,Omni Channel,Actual,CT250105,,MTO,P46092,Sale,2025-05-14,2025-04-21,2025-04-21,22500.0,3.0
VT-F-99-010819,PEM107,Omni Channel,Actual,VT250007,,MTS,P46038,Sale,2025-05-14,2025-04-21,2025-04-21,24050.0,1.0
VT-F-99-010203,PEM107,Omni Channel,Actual,VT250064,การไฟฟ้าส่วนภูมิภาค เขต 3 (ภาคตะวันออกเฉียงเหนือ),MTS,P47174,Sale,2025-05-21,2025-04-21,2025-04-21,75500.0,10.0
CT-F-99-020508,PEM107,Omni Channel,Actual,CT250069,การไฟฟ้าส่วนภูมิภาค เขต 3 (ภาคตะวันออกเฉียงเหนือ),MTS,P46075,Sale,2025-05-21,2025-04-21,2025-04-21,16000.0,2.0
CT-F-99-020511,PEM107,Omni Channel,Actual,"CT250066, CT250108",การไฟฟ้าส่วนภูมิภาค เขต 3 (ภาคตะวันออกเฉียงเหนือ),MTS,P46077,Sale,2025-05-21,2025-04-21,2025-04-21,69120.0,8.0
CT-F-99-020510,PEM107,Omni Channel,Actual,CT250065,การไฟฟ้าส่วนภูมิภาค เขต 3 (ภาคตะวันออกเฉียงเหนือ),MTS,P46076,Sale,2025-05-21,2025-04-21,2025-04-21,16884.0,2.0
VT-F-99-010203,PEM107,Omni Channel,Actual,VT250064,การไฟฟ้าส่วนภูมิภาค เขต 3 (ภาคตะวันออกเฉียงเหนือ),MTS,P47174,Sale,2025-05-21,2025-04-21,2025-04-21,15092.0,2.0
VT-F-99-010203,PEM107,Omni Channel,Actual,VT250064,การไฟฟ้าส่วนภูมิภาค เขต 3 (ภาคตะวันออกเฉียงเหนือ),MTS,P47174,Sale,2025-06-17,2025-04-21,2025-04-21,45276.0,6.0
CT-F-99-020511,PEM107,Omni Channel,Actual,CT250108,การไฟฟ้าส่วนภูมิภาค เขต 3 (ภาคตะวันออกเฉียงเหนือ),MTS,P46077,Sale,2025-06-17,2025-04-21,2025-04-21,17274.0,2.0
CT-F-99-020508,PEM107,Omni Channel,Actual,CT250069,Contractor,MTS,P46075,Sale,2025-06-06,2025-04-21,2025-04-21,32000.0,4.0
CT-F-99-020701,PEM107,Omni Channel,Actual,CT250106,Contractor / Private / End user,MTO,P46090,Sale,2025-05-15,2025-04-21,2025-04-21,14463.36,2.0
CT-F-99-020511,PEM107,Omni Channel,Actual,CT250108,Contractor,MTS,P46077,Sale,2025-06-06,2025-04-21,2025-04-21,51822.0,6.0
VT-F-99-010203,PEM107,Omni Channel,Actual,VT250064,Contractor,MTS,P47174,Sale,2025-06-06,2025-04-21,2025-04-21,75460.0,10.0
RS-F-99-040004,PEM107,Omni Channel,Actual,RS240240,Smart Shop,MTO,P45875,Sale,2024-09-20,2024-07-10,2024-07-10,77822.8,8.0
RS-F-99-120002,PEM107,Omni Channel,Actual,RS240235,Smart Shop,MTO,P46827,Sale,2024-09-20,2024-07-10,2024-07-10,480471.2,44.0
CT-F-99-020504,PEM107,Omni Channel,Actual,CT250004,Dealer,MTS,P46071,Sale,2025-04-30,2025-04-22,2025-04-22,20460.72,3.0
CT-F-99-020505,PEM107,Omni Channel,Actual,CT250045,Contractor,MTS,P46072,Sale,2025-04-28,2025-04-22,2025-04-22,20561.25,3.0
CT-F-99-020506,PEM107,Omni Channel,Actual,CT250059,Contractor,MTS,P46073,Sale,2025-04-28,2025-04-22,2025-04-22,43119.54,6.0
CT-F-99-020528,PEM107,Omni Channel,Actual,CT250093,Smart Shop,MTS,P45962,Sale,2025-04-25,2025-04-22,2025-04-22,15000.0,1.0
VT-F-99-010721,PEM107,Omni Channel,Actual,VT250105,Contractor,MTS,P45906,Sale,2025-08-29,2025-04-22,2025-04-22,17673.0,1.0
CT-F-99-020501,PEM107,Omni Channel,Actual,CT240233,Factory,MTS,P46123,Sale,2025-04-23,2025-04-23,2025-04-23,12562.73,2.0
VT-F-99-010203,PEM107,Omni Channel,Actual,VT250031,Factory,MTS,P47174,Sale,2025-04-23,2025-04-23,2025-04-23,15090.36,2.0
CT-F-99-020504,PEM107,Omni Channel,Actual,CT250058,,MTS,P46071,Sale,2025-05-30,2025-04-23,2025-04-23,20460.72,3.0
VT-F-99-010721,PEM107,Omni Channel,Actual,VT250043,Contractor,MTS,P45906,Sale,2025-04-30,2025-04-23,2025-04-23,17749.45,1.0
CT-F-99-020528,PEM107,Omni Channel,Actual,CT250093,Contractor,MTS,P45962,Sale,2025-04-23,2025-04-23,2025-04-23,44898.48,3.0
CT-F-99-020508,PEM107,Omni Channel,Actual,CT250008,Contractor,MTS,P46075,Sale,2025-05-30,2025-04-23,2025-04-23,23998.92,3.0
VT-F-99-010721,PEM107,Omni Channel,Actual,VT250043,Contractor,MTS,P45906,Sale,2025-05-30,2025-04-23,2025-04-23,17749.45,1.0
CT-F-99-020530,PEM107,Omni Channel,Actual,CT250068,Contractor,MTS,P45966,Sale,2025-05-02,2025-04-23,2025-04-23,40654.74,3.0
CT-F-99-020502,PEM107,Omni Channel,Actual,CT250019,Contractor,MTS,P46069,Sale,2025-04-28,2025-04-23,2025-04-23,19889.58,3.0
VT-F-99-010721,PEM107,Omni Channel,Actual,VT250036,Contractor,MTS,P45906,Sale,2025-04-28,2025-04-23,2025-04-23,17749.45,1.0
CT-F-99-020530,PEM107,Omni Channel,Actual,CT250068,Contractor,MTS,P45966,Sale,2025-05-30,2025-04-23,2025-04-23,40680.0,3.0
VT-F-99-010721,PEM107,Omni Channel,Actual,VT250043,Contractor,MTS,P45906,Sale,2025-05-30,2025-04-23,2025-04-23,17750.0,1.0
CT-F-99-020530,PEM107,Omni Channel,Actual,CT250114 ,Contractor,MTS,P45966,Sale,2025-06-30,2025-04-23,2025-04-23,40680.0,3.0
VT-F-99-010721,PEM107,Omni Channel,Actual,VT250059,Contractor,MTS,P45906,Sale,2025-06-30,2025-04-23,2025-04-23,17750.0,1.0
CT-F-99-020510,PEM107,Omni Channel,Actual,CT250009,private company,MTS,P46076,Sale,2025-04-28,2025-04-23,2025-04-23,16882.72,2.0
VT-F-99-010203,PEM107,Omni Channel,Actual,VT250031,private company,MTS,P47174,Sale,2025-04-28,2025-04-23,2025-04-23,15090.36,2.0
RS-F-99-010127,PEM107,Omni Channel,Actual,RS250159,Contractor,MTO,P45771,Sale,2025-05-15,2025-04-24,2025-04-24,17808.8,2.0
RS-F-99-010128,PEM107,Omni Channel,Actual,RS250160,Contractor,MTO,P45547,Sale,2025-06-30,2025-04-24,2025-04-24,18726.68,2.0
RS-F-99-010122,PEM107,Omni Channel,Actual,RS250161,Contractor,MTO,P46976,Sale,2025-05-15,2025-04-24,2025-04-24,18935.12,2.0
RS-F-99-010129,PEM107,Omni Channel,Actual,RS250162,Contractor,MTO,P52003,Sale,2025-07-18,2025-04-24,2025-04-24,18203.84,2.0
RS-F-99-010123,PEM107,Omni Channel,Actual,RS250163,Contractor,MTO,P46977,Sale,2025-07-18,2025-04-24,2025-04-24,72045.36,8.0
VT-F-99-010203,PEM107,Omni Channel,Actual,VT250064,Contractor,MTS,P47174,Sale,2025-05-23,2025-04-24,2025-04-24,60406.56,8.0
CT-F-99-020508,PEM107,Omni Channel,Actual,CT250109,Contractor,MTS,P46075,Sale,2025-05-23,2025-04-24,2025-04-24,26993.24,4.0
CT-F-99-020511,PEM107,Omni Channel,Actual,CT250108,Contractor,MTS,P46077,Sale,2025-05-23,2025-04-24,2025-04-24,33311.92,4.0
CT-F-99-020507,PEM107,Omni Channel,Actual,CT250060,Contractor,MTS,P46074,Sale,2025-04-30,2025-04-24,2025-04-24,21418.62,3.0
CT-F-99-020506,PEM107,Omni Channel,Actual,CT250059,Contractor,MTS,P46073,Sale,2025-04-30,2025-04-24,2025-04-24,21092.79,3.0
CT-F-99-020526,PEM107,Omni Channel,Actual,"CT240241, CT240327",Contractor,MTS,P45936,Sale,2025-04-30,2025-04-24,2025-04-24,40714.11,3.0
CT-F-99-020504,PDEMO,Omni Channel,Actual,,Foreign Industry,MTO,P46071,Sale,2025-05-08,2025-04-25,2025-04-25,18940.0,2.0
CT-F-99-020506,PEM107,Omni Channel,Actual,"VT240152,VT240160,VT240189,CT2",Contractor,MTS,P46073,Sale,2025-04-28,2024-10-18,2024-10-18,21092.79,3.0
VT-F-99-010203,PEM107,Omni Channel,Actual,VT250031,End User,MTS,P47174,Sale,2025-05-15,2025-04-28,2025-04-28,7545.18,1.0
CT-F-99-020503,PEM107,Omni Channel,Actual,CT250063,End User,MTS,P46070,Sale,2025-05-15,2025-04-28,2025-04-28,6528.77,1.0
CT-F-99-020504,PEM107,Omni Channel,Actual,CT250058,Contractor,MTS,P46071,Sale,2025-04-28,2025-04-28,2025-04-28,21477.3,3.0
VT-F-99-010721,PEM107,Omni Channel,Actual,VT250028,Contractor,MTS,P45906,Sale,2025-04-28,2025-04-28,2025-04-28,17749.45,1.0
VT-F-99-010203,PEM107,Omni Channel,Actual,VT250031,Smart Shop,MTS,P47174,Sale,2025-04-30,2025-04-28,2025-04-28,15090.37,2.0
CT-F-99-020503,PEM107,Omni Channel,Actual,CT250003,Smart Shop,MTS,P46070,Sale,2025-04-30,2025-04-28,2025-04-28,13057.55,2.0
VT-F-99-010303,PEM107,Omni Channel,Actual,VT250056,Contractor,MTO,P51638,Sale,2025-05-23,2025-04-28,2025-04-28,19527.88,2.0
CT-F-99-020703,PEM107,Omni Channel,Actual,CT250117,Contractor,MTO,P46092,Sale,2025-05-23,2025-04-28,2025-04-28,15264.56,2.0
VT-F-99-010203,PEM107,Omni Channel,Actual,VT250031,Contractor,MTS,P47174,Sale,2025-05-07,2025-04-28,2025-04-28,15101.64,2.0
CT-F-99-020502,PEM107,Omni Channel,Actual,CT250019,Contractor,MTS,P46069,Sale,2025-05-07,2025-04-28,2025-04-28,13008.6,2.0
VT-F-99-010303,PEM107,Omni Channel,Actual,VT250066,Contractor,MTO,P51638,Sale,2025-05-23,2025-04-28,2025-04-28,19527.88,2.0
CT-F-99-020702,PEM107,Omni Channel,Actual,CT250118,Contractor,MTO,P46091,Sale,2025-05-23,2025-04-28,2025-04-28,13835.12,2.0
VT-F-99-010721,PEM107,Omni Channel,Actual,VT250043,Contractor,MTS,P45906,Sale,2025-05-15,2025-04-28,2025-04-28,17749.45,1.0
CT-F-99-020504,PEM107,Omni Channel,Actual,CT250094,Contractor,MTS,P46071,Sale,2025-05-15,2025-04-28,2025-04-28,21477.3,3.0
CT-F-99-020528,PEM107,Omni Channel,Actual,CT250093,Contractor,MTS,P45962,Sale,2025-05-02,2025-04-29,2025-04-29,27759.78,2.0
VT-F-99-010721,PEM107,Omni Channel,Actual,VT250043,Contractor,MTS,P45906,Sale,2025-05-02,2025-04-29,2025-04-29,17673.0,1.0
VT-F-99-010203,PEM107,Omni Channel,Actual,VT250031,Smart Shop,MTS,P47174,Sale,2025-05-13,2025-04-29,2025-04-29,15101.64,2.0
CT-F-99-020501,PEM107,Omni Channel,Actual,CT240233,Smart Shop,MTS,P46123,Sale,2025-05-13,2025-04-29,2025-04-29,12687.06,2.0
CT-F-99-020506,PEM107,Omni Channel,Actual,CT250096,,MTS,P46073,Sale,2025-05-30,2025-04-29,2025-04-29,21092.79,3.0
VT-F-99-010721,PEM107,Omni Channel,Actual,VT250043 ,private company,MTS,P45906,Sale,2025-05-19,2025-04-29,2025-04-29,19003.97,1.0
CT-F-99-020535,PEM107,Omni Channel,Actual,"CT240187,CT250119",private company,MTS,P46504,Sale,2025-05-19,2025-04-29,2025-04-29,14712.08,1.0
VT-F-99-010721,PEM107,Omni Channel,Actual,VT250043,,MTS,P45906,Sale,2025-05-10,2025-04-29,2025-04-29,19003.97,1.0
CT-F-99-020507,PEM107,Omni Channel,Actual,CT250060,,MTS,P46074,Sale,2025-05-10,2025-04-29,2025-04-29,21418.62,3.0
VT-F-99-010721,PEM107,Omni Channel,Actual,VT250043,,MTS,P45906,Sale,2025-05-09,2025-04-29,2025-04-29,19003.97,1.0
CT-F-99-020504,PEM107,Omni Channel,Actual,CT250094,,MTS,P46071,Sale,2025-05-09,2025-04-29,2025-04-29,21477.3,3.0
VT-F-99-010202,PEM107,Omni Channel,Actual,VT250038,Smart Shop,MTS,P45854,Sale,2025-05-07,2025-04-29,2025-04-29,8729.27,1.0
RS-F-99-041008,PEM107,Omni Channel,Actual,RS250107,Cambodia,MTO,P51320,Sale,2025-05-26,2025-03-07,2025-03-07,56491.26,6.0
VT-F-99-010721,PEM107,Omni Channel,Actual,VT250036,Dealer,MTS,P45906,Sale,2025-05-07,2025-04-30,2025-04-30,17749.45,1.0
CT-F-99-020526,PEM107,Omni Channel,Actual,CT240327,Dealer,MTS,P45936,Sale,2025-05-07,2025-04-30,2025-04-30,40714.11,3.0
VT-F-99-010203,PEM107,Omni Channel,Actual,VT250064,Contractor,MTS,P47174,Sale,2025-06-06,2025-04-30,2025-04-30,15101.64,2.0
CT-F-99-020511,PEM107,Omni Channel,Actual,CT250108,Contractor,MTS,P46077,Sale,2025-06-06,2025-04-30,2025-04-30,16655.96,2.0
CT-F-99-020528,PEM107,Omni Channel,Actual,CT250099,Smart Shop,MTS,P45962,Sale,2025-05-09,2025-05-02,2025-05-02,17079.08,1.0
CT-F-99-020504,PEM107,Omni Channel,Actual,CT250094,End User,MTS,P46071,Sale,2025-05-15,2025-05-06,2025-05-06,21996.66,3.0
CT-F-99-020502,PEM107,Omni Channel,Actual,CT250019,Dealer,MTS,P46069,Sale,2025-05-16,2025-05-06,2025-05-06,36302.75,5.0
CT-F-99-020503,PEM107,Omni Channel,Actual,CT250003,Dealer,MTS,P46070,Sale,2025-05-16,2025-05-06,2025-05-06,35649.8,5.0
CT-F-99-020504,PEM107,Omni Channel,Actual,CT250058,Dealer,MTS,P46071,Sale,2025-05-16,2025-05-06,2025-05-06,36661.1,5.0
CT-F-99-020501,PEM107,Omni Channel,Actual,CT250018,Dealer,MTS,P46123,Sale,2025-05-16,2025-05-06,2025-05-06,35569.05,5.0
VT-F-99-010721,PEM107,Omni Channel,Actual,VT250043,End User,MTS,P45906,Sale,2025-05-15,2025-05-06,2025-05-06,20333.11,1.0
VT-F-99-010721,PEM107,Omni Channel,Actual,VT250036,Contractor,MTS,P45906,Sale,2025-05-22,2025-05-06,2025-05-06,20333.11,1.0
CT-F-99-020528,PEM107,Omni Channel,Actual,CT250099 ,Contractor,MTS,P45962,Sale,2025-05-22,2025-05-06,2025-05-06,51237.24,3.0
VT-F-99-010721,PEM107,Omni Channel,Actual,VT250054,Contractor,MTS,P45906,Sale,2025-05-30,2025-05-07,2025-05-07,20333.11,1.0
CT-F-99-020505,PEM107,Omni Channel,Actual,CT250045,Contractor,MTS,P46072,Sale,2025-05-30,2025-05-07,2025-05-07,21966.72,3.0
CT-F-99-020505,PEM107,Omni Channel,Actual,CT250095,Contractor,MTS,P46072,Sale,2025-05-30,2025-05-07,2025-05-07,14644.48,2.0
VT-F-99-010203,PEM107,Omni Channel,Actual,VT250031,Contractor,MTS,P47174,Sale,2025-05-30,2025-05-07,2025-05-07,16528.06,2.0
CT-F-99-020507,PEM107,Omni Channel,Actual,CT250060,Contractor,MTS,P46074,Sale,2025-05-30,2025-05-07,2025-05-07,22471.77,3.0
VT-F-99-010721,PEM107,Omni Channel,Actual,VT250043,Contractor,MTS,P45906,Sale,2025-05-30,2025-05-07,2025-05-07,20333.11,1.0
CT-F-99-020504,PEM107,Omni Channel,Actual,CT250111,Inside Group,MTO,P46071,Sale,2025-05-08,2025-05-07,2025-05-07,14664.44,2.0
VT-F-99-010203,PEM107,Omni Channel,Actual,VT250031,End User,MTS,P47174,Sale,2025-05-14,2025-05-07,2025-05-07,16528.06,2.0
CT-F-99-020506,PEM107,Omni Channel,Actual,CT250059,End User,MTS,P46073,Sale,2025-05-14,2025-05-07,2025-05-07,14922.84,2.0
CT-F-99-020504,PEM107,Omni Channel,Actual,CT250094,Contractor,MTS,P46071,Sale,2025-05-16,2025-05-07,2025-05-07,21996.66,3.0
VT-F-99-010721,PEM107,Omni Channel,Actual,VT250043,Contractor,MTS,P45906,Sale,2025-05-16,2025-05-07,2025-05-07,20333.11,1.0
CT-F-99-020502,PEM107,Omni Channel,Actual,CT250019,Contractor,MTS,P46069,Sale,2025-05-21,2025-05-07,2025-05-07,21781.65,3.0
VT-F-99-010721,PEM107,Omni Channel,Actual,VT250043,Contractor,MTS,P45906,Sale,2025-05-21,2025-05-07,2025-05-07,20333.11,1.0
CT-F-99-020507,PEM107,Omni Channel,Actual,CT250060,Contractor,MTS,P46074,Sale,2025-05-16,2025-05-07,2025-05-07,22471.77,3.0
VT-F-99-010721,PEM107,Omni Channel,Actual,VT250036,Contractor,MTS,P45906,Sale,2025-05-16,2025-05-07,2025-05-07,20333.11,1.0
VT-F-99-010721,PEM107,Omni Channel,Actual,VT250059,Contractor,MTS,P45906,Sale,2025-06-30,2025-05-07,2025-05-07,20333.11,1.0
CT-F-99-020508,PEM107,Omni Channel,Actual,CT250109,การไฟฟ้าส่วนภูมิภาค เขต 3 (ภาคตะวันออกเฉียงเหนือ),MTS,P46075,Sale,2025-06-12,2025-05-08,2025-05-08,17212.7,2.0
CT-F-99-020511,PEM107,Omni Channel,Actual,CT250122,การไฟฟ้าส่วนภูมิภาค เขต 3 (ภาคตะวันออกเฉียงเหนือ),MTS,P46077,Sale,2025-06-12,2025-05-08,2025-05-08,70409.68,8.0
VT-F-99-010203,PEM107,Omni Channel,Actual,VT250071,การไฟฟ้าส่วนภูมิภาค เขต 3 (ภาคตะวันออกเฉียงเหนือ),MTS,P47174,Sale,2025-06-12,2025-05-08,2025-05-08,82640.3,10.0
VT-F-99-010819,PEM107,Omni Channel,Actual,VT250007,Contractor,MTS,P46038,Sale,2025-05-21,2025-05-08,2025-05-08,25533.27,1.0
CT-F-99-020706,PEM107,Omni Channel,Actual,CT250123,Contractor,MTO,P46095,Sale,2025-05-21,2025-05-08,2025-05-08,23751.6,3.0
CT-F-99-020507,PEM107,Omni Channel,Actual,CT250060,Smart Shop,MTS,P46074,Sale,2025-05-16,2025-05-08,2025-05-08,22471.77,3.0
VT-F-99-010721,PEM107,Omni Channel,Actual,VT250043,Smart Shop,MTS,P45906,Sale,2025-05-16,2025-05-08,2025-05-08,20333.11,1.0
RS-F-99-070003,PEM107,Omni Channel,Actual,RS250185,End User,MTO,P45536,Sale,2025-06-06,2025-05-09,2025-05-09,1040.25,3.0
RS-F-99-070006,PEM107,Omni Channel,Actual,RS250176,Cambodia,MTO,P45676,Sale,2025-06-19,2025-05-09,2025-05-09,9777.6,30.0
RS-F-99-070005,PEM107,Omni Channel,Actual,RS250177,Cambodia,MTO,P46105,Sale,2025-06-19,2025-05-09,2025-05-09,3869.28,12.0
RS-F-99-041006,PEM107,Omni Channel,Actual,RS250178,Cambodia,MTO,P51318,Sale,2025-06-19,2025-05-09,2025-05-09,120193.56,12.0
RS-F-99-070003,PEM107,Omni Channel,Actual,RS250183,Contractor,MTO,P45536,Sale,2025-05-20,2025-05-13,2025-05-13,1040.25,3.0
RS-F-99-070006,PEM107,Omni Channel,Actual,RS250184,Contractor,MTO,P45676,Sale,2025-05-20,2025-05-13,2025-05-13,4888.8,15.0
CT-F-99-020704,PEM107,Omni Channel,Actual,CT250126,Contractor,MTO,P46093,Sale,2025-06-13,2025-05-13,2025-05-13,16133.16,2.0
VT-F-99-010303,PEM107,Omni Channel,Actual,VT250066,Contractor,MTS,P51638,Sale,2025-06-13,2025-05-13,2025-05-13,20502.78,2.0
CT-F-99-020503,PEM107,Omni Channel,Actual,CT250003,Contractor,MTS,P46070,Sale,2025-05-19,2025-05-13,2025-05-13,29328.88,4.0
VT-F-99-010203,PEM107,Omni Channel,Actual,VT250031,Contractor,MTS,P47174,Sale,2025-05-19,2025-05-13,2025-05-13,33056.12,4.0
CT-F-99-020511,PEM107,Omni Channel,Actual,CT250021,Contractor,MTS,P46077,Sale,2025-05-19,2025-05-13,2025-05-13,17602.42,2.0
VT-F-99-010203,PEM107,Omni Channel,Actual,VT250031,Contractor,MTS,P47174,Sale,2025-05-19,2025-05-13,2025-05-13,16528.06,2.0
CT-F-99-020508,PEM107,Omni Channel,Actual,CT250008,Smart Shop,MTS,P46075,Sale,2025-05-21,2025-05-13,2025-05-13,17212.7,2.0
VT-F-99-010721,PEM107,Omni Channel,Actual,VT250036,End User,MTS,P45906,Sale,2025-05-23,2025-05-14,2025-05-14,20333.11,1.0
CT-F-99-020502,PEM107,Omni Channel,Actual,CT250019 ,End User,MTS,P46069,Sale,2025-05-23,2025-05-14,2025-05-14,21781.65,3.0
CT-F-99-020506,PPS,Tendering,Actual,CTR-2025-02440,Local Utility,MTO,P46073,Sale,2025-07-04,2025-05-14,2025-05-14,4056775.5,411.0
CT-F-99-020507,PPS,Tendering,Actual,CTR-2025-02440,Local Utility,MTO,P46074,Sale,2025-07-04,2025-05-14,2025-05-14,2881910.5,287.0
CT-F-99-020701,PPS,Tendering,Actual,CTR-2025-02440,Local Utility,MTO,P46090,Sale,2025-08-13,2025-05-14,2025-05-14,7957861.2,556.0
CT-F-99-020702,PPS,Tendering,Actual,CTR-2025-02440,Local Utility,MTO,P46091,Sale,2025-07-04,2025-05-14,2025-05-14,3792865.5,265.0
CT-F-99-020703,PPS,Tendering,Actual,CTR-2025-02440,Local Utility,MTO,P46092,Sale,2025-07-04,2025-05-14,2025-05-14,1532454.0,107.0
CT-F-99-020706,PPS,Tendering,Actual,CTR-2025-02440,Local Utility,MTO,P46095,Sale,2025-07-04,2025-05-14,2025-05-14,431055.0,30.0
CT-F-99-020708,PPS,Tendering,Actual,CTR-2025-02440,Local Utility,MTO,P46096,Sale,2025-07-04,2025-05-14,2025-05-14,751514.4,52.0
CT-F-99-020709,PPS,Tendering,Actual,CTR-2025-02440,Local Utility,MTO,P46098,Sale,2025-07-04,2025-05-14,2025-05-14,30541.2,2.0
CT-F-99-020707,PPS,Tendering,Actual,CTR-2025-02440,Local Utility,MTO,P51530,Sale,2025-07-04,2025-05-14,2025-05-14,259637.4,18.0
CT-F-99-020710,PPS,Tendering,Actual,CTR-2025-02440,Local Utility,MTO,P51720,Sale,2025-07-04,2025-05-14,2025-05-14,121420.8,8.0
CT-F-99-020508,PEM107,Omni Channel,Actual,CT250008,Contractor,MTS,P46075,Sale,2025-05-27,2025-05-14,2025-05-14,25027.8,3.0
VT-F-99-010715,PEM107,Omni Channel,Actual,VT240191,Contractor,MTS,P46029,Sale,2025-05-29,2025-05-14,2025-05-14,17679.12,1.0
CT-F-99-020507,PEM107,Omni Channel,Actual,CT250060,Contractor,MTS,P46074,Sale,2025-05-29,2025-05-14,2025-05-14,21418.62,3.0
CT-F-99-020504,PEM107,Omni Channel,Actual,CT250094,Contractor,MTS,P46071,Sale,2025-06-04,2025-05-14,2025-05-14,21996.66,3.0
CT-F-99-020501,PEM107,Omni Channel,Actual,CT250018,Contractor,MTS,P46123,Sale,2025-06-06,2025-05-14,2025-05-14,21341.43,3.0
CT-F-99-020508,PTS,Tendering,Actual,CTR-2025-02462,การไฟฟ้าส่วนภูมิภาค เขต 3 (ภาคตะวันออกเฉียงเหนือ),MTO,P46075,Sale,2025-07-25,2025-05-15,2025-05-15,21686.0,2.0
VT-F-99-010721,PEM107,Omni Channel,Actual,VT250054 ,Contractor,MTS,P45906,Sale,2025-06-06,2025-05-14,2025-05-14,20333.11,1.0
CT-F-99-020511,PTS,Tendering,Actual,CTR-2025-02462,การไฟฟ้าส่วนภูมิภาค เขต 3 (ภาคตะวันออกเฉียงเหนือ),MTO,P46077,Sale,2025-07-25,2025-05-15,2025-05-15,184680.0,16.0
VT-F-99-010203,PTS,Tendering,Actual,CTR-2025-02462,การไฟฟ้าส่วนภูมิภาค เขต 3 (ภาคตะวันออกเฉียงเหนือ),MTO,P47174,Sale,2025-07-25,2025-05-15,2025-05-15,226827.0,18.0
CT-F-99-020530,PEM107,Omni Channel,Actual,CT250068,Contractor,MTS,P45966,Sale,2025-05-16,2025-05-15,2025-05-15,50750.64,3.0
VT-F-99-010721,PEM107,Omni Channel,Actual,VT250029 ,Contractor,MTS,P45906,Sale,2025-05-16,2025-05-15,2025-05-15,20333.11,1.0
CT-F-99-020510,PEM107,Omni Channel,Actual,CT250065,การไฟฟ้าส่วนภูมิภาค เขต 3 (ภาคตะวันออกเฉียงเหนือ),MTS,P46076,Sale,2025-06-13,2025-05-15,2025-05-15,17584.32,2.0
CT-F-99-020511,PEM107,Omni Channel,Actual,"CT250108,CT250122",การไฟฟ้าส่วนภูมิภาค เขต 3 (ภาคตะวันออกเฉียงเหนือ),MTS,P46077,Sale,2025-06-13,2025-05-15,2025-05-15,52807.26,6.0
VT-F-99-010203,PEM107,Omni Channel,Actual,VT250071,การไฟฟ้าส่วนภูมิภาค เขต 3 (ภาคตะวันออกเฉียงเหนือ),MTS,P47174,Sale,2025-06-13,2025-05-15,2025-05-15,66112.24,8.0
CT-F-99-020508,PEM107,Omni Channel,Actual,CT250109,Inside Group,MTS,P46075,Sale,2025-06-13,2025-05-15,2025-05-15,17212.7,2.0
CT-F-99-020511,PEM107,Omni Channel,Actual,"CT250108,CT250116",Inside Group,MTS,P46077,Sale,2025-06-13,2025-05-15,2025-05-15,140819.36,16.0
VT-F-99-010203,PEM107,Omni Channel,Actual,"VT250064,VT250071",Inside Group,MTS,P47174,Sale,2025-06-13,2025-05-15,2025-05-15,148752.54,18.0
VT-F-99-010721,PEM107,Omni Channel,Actual,VT250054 ,Factory,MTS,P45906,Sale,2025-05-17,2025-05-15,2025-05-15,20333.11,1.0
CT-F-99-020504,PEM107,Omni Channel,Actual,CT250094,Factory,MTS,P46071,Sale,2025-05-17,2025-05-15,2025-05-15,21996.66,3.0
CT-F-99-020504,PEM107,Omni Channel,Actual,CT250058,Contractor,MTS,P46071,Sale,2025-05-21,2025-05-16,2025-05-16,14664.44,2.0
CT-F-99-020505,PEM107,Omni Channel,Actual,CT250095,Contractor,MTS,P46072,Sale,2025-05-21,2025-05-16,2025-05-16,29288.96,4.0
VT-F-99-010203,PEM107,Omni Channel,Actual,VT250031,Contractor,MTS,P47174,Sale,2025-05-21,2025-05-16,2025-05-16,49584.18,6.0
VT-F-99-010203,PEM107,Omni Channel,Actual,VT250064,การไฟฟ้าส่วนภูมิภาค เขต 3 (ภาคตะวันออกเฉียงเหนือ),MTS,P47174,Sale,2025-06-13,2025-05-16,2025-05-16,16528.06,2.0
CT-F-99-020508,PEM107,Omni Channel,Actual,CT250069,การไฟฟ้าส่วนภูมิภาค เขต 3 (ภาคตะวันออกเฉียงเหนือ),MTS,P46075,Sale,2025-06-13,2025-05-16,2025-05-16,17212.7,2.0
VT-F-99-010721,PEM107,Omni Channel,Actual,VT250036,Contractor,MTS,P45906,Sale,2025-05-23,2025-05-16,2025-05-16,20333.11,1.0
CT-F-99-020525,PEM107,Omni Channel,Actual,CT240294,Contractor,MTS,P45923,Sale,2025-05-23,2025-05-16,2025-05-16,46757.58,3.0
CT-F-99-020510,PEM107,Omni Channel,Actual,CT250009,Contractor,MTS,P46076,Sale,2025-05-23,2025-05-16,2025-05-16,17584.32,2.0
CT-F-99-020527,PEM107,Omni Channel,Actual,CT250072,Contractor,MTS,P46935,Sale,2025-12-26,2025-05-16,2025-05-16,47039.43,3.0
CT-F-99-020726,PEM107,Omni Channel,MPS,CT250130,Contractor,MTO,P46037,Sale,2026-10-30,2025-05-19,2025-05-19,49245.0,3.0
VT-F-99-010819,PEM107,Omni Channel,MPS,VT250018,Contractor,MTO,P46038,Sale,2026-10-30,2025-05-19,2025-05-19,25533.27,1.0
CT-F-99-020508,PEM107,Omni Channel,Actual,CT250069,Contractor,MTS,P46075,Sale,2025-07-01,2025-05-19,2025-05-19,25819.05,3.0
VT-F-99-010721,PEM107,Omni Channel,Actual,VT250059 ,Contractor,MTS,P45906,Sale,2025-07-01,2025-05-19,2025-05-19,20333.11,1.0
CT-F-99-020501,PDEMO,Omni Channel,Actual,,Foreign Industry,,P46123,Sale,2025-10-08,2025-05-19,2025-05-19,465000.0,50.0
CT-F-99-020514,PDEMO,Omni Channel,Actual,,Foreign Industry,MTO,P51982,Sale,2025-08-20,2025-05-19,2025-05-19,93000.0,10.0
CT-F-99-020502,PDEMO,Omni Channel,Actual,,Foreign Industry,MTO,P46069,Sale,2025-10-08,2025-05-19,2025-05-19,186000.0,20.0
RS-F-99-090011,PEM107,Omni Channel,Actual,RS250194,Contractor,MTS,P51507,Sale,2025-06-05,2025-05-19,2025-05-19,3972.69,3.0
CT-F-99-020703,PEM107,Omni Channel,Actual,CT250131,Contractor,MTO,P46092,Sale,2025-06-20,2025-05-19,2025-05-19,24163.62,3.0
VT-F-99-010818,PEM107,Omni Channel,Actual,VT250080,Contractor,MTO,P51459,Sale,2025-06-20,2025-05-19,2025-05-19,24416.39,1.0
VT-F-99-010721,PEM107,Omni Channel,Actual,VT250054,,,P45906,Sale,2025-05-23,2025-05-19,2025-05-19,20333.11,1.0
CT-F-99-020510,PEM107,Omni Channel,Actual,CT250009,,,P46076,Sale,2025-05-23,2025-05-19,2025-05-19,26376.48,3.0
VT-F-99-010721,PEM107,Omni Channel,Actual,VT250054,,,P45906,Sale,2025-05-23,2025-05-19,2025-05-19,20333.11,1.0
CT-F-99-020505,PEM107,Omni Channel,Actual,CT250045,,,P46072,Sale,2025-05-23,2025-05-19,2025-05-19,19210.59,3.0
CT-F-99-020503,PDEMO,Omni Channel,Actual,,Foreign Industry,MTO,P46070,Sale,2025-08-20,2025-05-19,2025-05-19,93000.0,10.0
CT-F-99-020504,PDEMO,Omni Channel,Actual,,Foreign Industry,MTO,P46071,Sale,2025-10-08,2025-05-19,2025-05-19,37880.0,4.0
CT-F-99-020505,PDEMO,Omni Channel,Actual,,Foreign Industry,MTO,P46072,Sale,2025-06-20,2025-05-19,2025-05-19,38400.0,4.0
RS-F-99-070003,PDEMO,Omni Channel,Actual,,Foreign Industry,MTO,P45536,Sale,2025-08-20,2025-05-19,2025-05-19,85680.0,168.0
RS-F-99-070006,PDEMO,Omni Channel,Actual,,Foreign Industry,MTO,P45676,Sale,2025-08-20,2025-05-19,2025-05-19,153000.0,300.0
VT-F-99-010203,PDEMO,Omni Channel,Actual,,Foreign Industry,MTO,P47174,Sale,2026-01-19,2025-05-19,2025-05-19,291600.0,24.0
CT-F-99-020506,PEM107,Omni Channel,Actual,CT250096,Contractor,MTS,P46073,Sale,2025-05-21,2025-05-20,2025-05-20,22384.26,3.0
VT-F-99-010721,PEM107,Omni Channel,Actual,VT250054,Contractor,MTS,P45906,Sale,2025-05-21,2025-05-20,2025-05-20,20333.11,1.0
VT-F-99-010721,PEM107,Omni Channel,Actual,VT250054,Contractor,MTS,P45906,Sale,2025-05-26,2025-05-20,2025-05-20,20333.11,1.0
CT-F-99-020504,PEM107,Omni Channel,Actual,CT250094,Contractor,MTS,P46071,Sale,2025-05-26,2025-05-20,2025-05-20,21996.66,3.0
CT-F-99-020524,PEM107,Omni Channel,Actual,LB250078 CT250061,Contractor,MTS,P45905,Sale,2025-06-30,2025-05-16,2025-05-16,47029.2,3.0
RS-F-99-090027,PEM107,Omni Channel,Actual,RS250200,Large Coporation,MTO,P47274,Sale,2025-06-16,2025-05-20,2025-05-20,7105.74,3.0
CT-F-99-020526,PEM107,Omni Channel,Actual,CT250046,Contractor,MTS,P45936,Sale,2025-05-30,2025-05-20,2025-05-20,17272.28,1.0
VT-F-99-010721,PEM107,Omni Channel,Actual,VT250054,End User,MTS,P45906,Sale,2025-05-27,2025-05-21,2025-05-21,20333.11,1.0
CT-F-99-020510,PEM107,Omni Channel,Actual,CT250009,End User,MTS,P46076,Sale,2025-05-27,2025-05-21,2025-05-21,26376.48,3.0
CT-F-99-020508,PEM107,Omni Channel,Actual,CT250008,Contractor,MTS,P46075,Sale,2025-05-30,2025-05-21,2025-05-21,25819.05,3.0
VT-F-99-010721,PEM107,Omni Channel,Actual,VT250054 ,Contractor,MTS,P45906,Sale,2025-05-30,2025-05-21,2025-05-21,20333.11,1.0
RS-F-99-070005,PEM107,Omni Channel,Actual,RS250196,Cambodia,MTO,P46105,Sale,2025-06-11,2025-05-21,2025-05-21,7738.56,24.0
RS-F-99-041033,PEM107,Omni Channel,Actual,RS250197,Cambodia,MTO,P48829,Sale,2025-06-11,2025-05-21,2025-05-21,141330.75,15.0
RS-F-99-041005,PEM107,Omni Channel,Actual,RS250198,Cambodia,MTO,P51317,Sale,2025-06-11,2025-05-21,2025-05-21,59599.56,6.0
CT-F-99-020507,PEM107,Omni Channel,Actual,CT250060,Contractor,MTS,P46074,Sale,2025-06-06,2025-05-22,2025-05-22,22471.77,3.0
VT-F-99-010721,PEM107,Omni Channel,Actual,VT250043,Contractor,MTS,P45906,Sale,2025-06-06,2025-05-22,2025-05-22,20333.11,1.0
CT-F-99-020506,PEM107,Tendering,Actual,"CT250039,CT250083",Inside Group,MTO,P46073,Sale,2025-07-01,2025-05-22,2025-05-22,3066643.62,411.0
CT-F-99-020507,PEM107,Tendering,Actual,"CT250040,CT250084",Inside Group,MTO,P46074,Sale,2025-07-01,2025-05-22,2025-05-22,2149799.33,287.0
CT-F-99-020701,PEM107,Tendering,Actual,"CT250041,CT250085",Inside Group,MTO,P46090,Sale,2025-07-01,2025-05-22,2025-05-22,4439598.84,556.0
CT-F-99-020702,PEM107,Tendering,Actual,"CT250042,CT250086",Inside Group,MTO,P46091,Sale,2025-07-01,2025-05-22,2025-05-22,2112693.95,265.0
CT-F-99-020703,PEM107,Tendering,Actual,"CT250043,CT250087",Inside Group,MTO,P46092,Sale,2025-07-01,2025-05-22,2025-05-22,861835.78,107.0
CT-F-99-020706,PEM107,Tendering,Actual,CT250088,Inside Group,MTO,P46095,Sale,2025-07-01,2025-05-22,2025-05-22,237516.0,30.0
CT-F-99-020708,PEM107,Tendering,Actual,CT250090,Inside Group,MTO,P46096,Sale,2025-07-01,2025-05-22,2025-05-22,468506.48,52.0
CT-F-99-020709,PEM107,Tendering,Actual,CT250092,Inside Group,MTO,P46098,Sale,2025-07-01,2025-05-22,2025-05-22,18899.3,2.0
CT-F-99-020707,PEM107,Tendering,Actual,CT250089,Inside Group,MTO,P51530,Sale,2025-07-01,2025-05-22,2025-05-22,144438.48,18.0
CT-F-99-020710,PEM107,Tendering,Actual,CT250091,Inside Group,MTO,P51720,Sale,2025-07-01,2025-05-22,2025-05-22,73701.44,8.0
VT-F-99-010721,PEM107,Omni Channel,Actual,VT250059,Contractor,MTS,P45906,Sale,2025-07-28,2025-05-22,2025-05-22,20333.11,1.0
CT-F-99-020528,PEM107,Omni Channel,Actual,CT250099,Contractor,MTS,P45962,Sale,2025-07-28,2025-05-22,2025-05-22,51237.24,3.0
VT-F-99-010721,PEM107,Omni Channel,Actual,VT250059,Contractor,MTS,P45906,Sale,2025-07-28,2025-05-22,2025-05-22,20333.11,1.0
CT-F-99-020528,PEM107,Omni Channel,Actual,"CT250099, CT250113 ",Contractor,MTS,P45962,Sale,2025-07-28,2025-05-22,2025-05-22,51237.24,3.0
CT-F-99-020510,PEM107,Omni Channel,Actual,CT250065,End User,MTS,P46076,Sale,2025-05-29,2025-05-22,2025-05-22,26376.48,3.0
VT-F-99-010721,PEM107,Omni Channel,Actual,VT250054,End User,MTS,P45906,Sale,2025-05-29,2025-05-22,2025-05-22,20333.11,1.0
CT-F-99-020503,PEM107,Omni Channel,Actual,CT250003,Contractor,MTS,P46070,Sale,2025-05-30,2025-05-23,2025-05-23,21996.66,3.0
VT-F-99-010721,PEM107,Omni Channel,Actual,VT250043,Contractor,MTS,P45906,Sale,2025-05-30,2025-05-23,2025-05-23,20333.11,1.0
VT-F-99-010721,PEM107,Omni Channel,Actual,VT250043,Contractor,MTS,P45906,Sale,2025-06-02,2025-05-23,2025-05-23,20333.11,1.0
CT-F-99-020506,PEM107,Omni Channel,Actual,CT250096,Contractor,MTS,P46073,Sale,2025-06-02,2025-05-23,2025-05-23,22384.26,3.0
CT-F-99-020502,PEM107,Omni Channel,Actual,"CT250019,CT250062",Contractor,MTS,P46069,Sale,2025-05-26,2025-05-23,2025-05-23,87126.6,12.0
VT-F-99-010721,PEM107,Omni Channel,Actual,VT250055,Contractor,MTS,P45906,Sale,2025-05-26,2025-05-23,2025-05-23,81332.44,4.0
RS-F-99-070003,PEM107,Omni Channel,Actual,RS250204,Inside Group,MTO,P45536,Sale,2025-09-30,2025-05-26,2025-05-26,104025.0,300.0
RS-F-99-070006,PEM107,Omni Channel,Actual,RS250205,Inside Group,MTO,P45676,Sale,2025-09-30,2025-05-26,2025-05-26,97776.0,300.0
CT-F-99-020502,PEM107,Omni Channel,Actual,CT250135,Inside Group,MTO,P46069,Sale,2025-10-08,2025-05-26,2025-05-26,145211.0,20.0
CT-F-99-020503,PEM107,Omni Channel,Actual,CT250129,Inside Group,MTO,P46070,Sale,2025-09-30,2025-05-26,2025-05-26,73322.2,10.0
CT-F-99-020504,PEM107,Omni Channel,Actual,CT250139,Inside Group,MTO,P46071,Sale,2025-09-30,2025-05-26,2025-05-26,29328.88,4.0
CT-F-99-020505,PEM107,Omni Channel,Actual,CT250140,Inside Group,MTO,P46072,Sale,2025-06-20,2025-05-26,2025-05-26,29288.96,4.0
CT-F-99-020501,PEM107,Omni Channel,Actual,CT250133,Inside Group,MTO,P46123,Sale,2025-10-08,2025-05-26,2025-05-26,355690.5,50.0
VT-F-99-010203,PEM107,Omni Channel,Actual,VT250085,Inside Group,MTO,P47174,Sale,2025-12-15,2025-05-26,2025-05-26,413201.5,50.0
CT-F-99-020514,PEM107,Omni Channel,Actual,CT250134,Inside Group,MTO,P51982,Sale,2025-09-30,2025-05-26,2025-05-26,71979.1,10.0
VT-F-99-010721,PEM107,Omni Channel,Actual,VT250083,Contractor,MTS,P45906,Sale,2025-07-04,2025-05-27,2025-05-27,40666.22,2.0
CT-F-99-020527,PEM107,Omni Channel,Actual,CT250072,Contractor,MTO,P45922,Sale,2025-07-04,2025-05-27,2025-05-27,47039.43,3.0
CT-F-99-020526,PEM107,Omni Channel,Actual,"CT240327, CT250046",Contractor,MTS,P45936,Sale,2025-07-04,2025-05-27,2025-05-27,51816.84,3.0
RS-F-99-070006,PDEMO,Omni Channel,Actual,,Foreign Industry,MTO,P45676,Sale,2025-06-20,2025-05-27,2025-05-27,52020.0,102.0
CT-F-99-020505,PEM107,Omni Channel,Actual,CT250095,Contractor,MTS,P46072,Sale,2025-06-30,2025-05-07,2025-05-07,21966.72,3.0
VT-F-99-010721,PEM107,Omni Channel,Actual,VT250029 ,Contractor,MTS,P45906,Sale,2025-05-30,2025-05-27,2025-05-27,20333.11,1.0
VT-F-99-010202,PEM107,Omni Channel,Actual,VT250038,Contractor,MTS,P45854,Sale,2025-05-27,2025-05-27,2025-05-27,19082.56,2.0
VT-F-99-010721,PEM107,Omni Channel,Actual,VT250059,Contractor,MTS,P45906,Sale,2025-06-06,2025-05-27,2025-05-27,20333.11,1.0
CT-F-99-020504,PEM107,Omni Channel,Actual,CT250094,Contractor,MTS,P46071,Sale,2025-06-06,2025-05-27,2025-05-27,21996.66,3.0
VT-F-99-010820,PEM107,Omni Channel,Actual,VT250013,,MTS,P45997,Sale,2025-07-04,2025-05-27,2025-05-27,240195.62,7.0
VT-F-99-010303,PEM107,Omni Channel,Actual,VT250066 ,Contractor,MTS,P51638,Sale,2025-06-24,2025-05-28,2025-05-28,20502.78,2.0
CT-F-99-020703,PEM107,Omni Channel,Actual,CT250147,Contractor,MTO,P46092,Sale,2025-06-24,2025-05-28,2025-05-28,16109.08,2.0
VT-F-99-010303,PEM107,Omni Channel,Actual,VT250077,Contractor,MTS,P51638,Sale,2025-06-24,2025-05-28,2025-05-28,61508.34,6.0
CT-F-99-020701,PEM107,Omni Channel,Actual,CT250148,Contractor,MTO,P46090,Sale,2025-06-24,2025-05-28,2025-05-28,31939.56,4.0
CT-F-99-020702,PEM107,Omni Channel,Actual,CT250149,Contractor,MTO,P46091,Sale,2025-06-24,2025-05-28,2025-05-28,15944.86,2.0
VT-F-99-010721,PEM107,Omni Channel,Actual,VT250043,Contractor,MTS,P45906,Sale,2025-06-19,2025-05-28,2025-05-28,20333.11,1.0
CT-F-99-020507,PEM107,Omni Channel,Actual,CT250060,Contractor,MTS,P46074,Sale,2025-06-19,2025-05-28,2025-05-28,22471.77,3.0
VT-F-99-010721,PEM107,Omni Channel,Actual,VT250083,Contractor,MTS,P45906,Sale,2025-06-26,2025-05-28,2025-05-28,121998.66,6.0
CT-F-99-020506,PEM107,Omni Channel,Actual,"CT250096,CT250120",Contractor,MTS,P46073,Sale,2025-06-26,2025-05-28,2025-05-28,134305.56,18.0
CT-F-99-020505,PEM107,Omni Channel,Actual,CT250095,Contractor,MTS,P46072,Sale,2025-06-26,2025-05-28,2025-05-28,21966.72,3.0
VT-F-99-010819,PEM107,Omni Channel,Actual,VT250018,Contractor,MTS,P46038,Sale,2025-06-26,2025-05-28,2025-05-28,51066.54,2.0
CT-F-99-020705,PEM107,Omni Channel,Actual,CT250150,Contractor,MTO,P46094,Sale,2025-06-26,2025-05-28,2025-05-28,24132.84,3.0
CT-F-99-020704,PEM107,Omni Channel,Actual,CT250151,Contractor,MTO,P46093,Sale,2025-06-26,2025-05-28,2025-05-28,24199.74,3.0
CT-F-99-020510,PEM107,Omni Channel,Actual,CT250065,การไฟฟ้าส่วนภูมิภาค เขต 3 (ภาคตะวันออกเฉียงเหนือ),MTS,P46076,Sale,2025-06-17,2025-05-29,2025-05-29,17584.32,2.0
CT-F-99-020511,PEM107,Omni Channel,Actual,CT250108,การไฟฟ้าส่วนภูมิภาค เขต 3 (ภาคตะวันออกเฉียงเหนือ),MTS,P46077,Sale,2025-06-17,2025-05-29,2025-05-29,17602.42,2.0
VT-F-99-010203,PEM107,Omni Channel,Actual,VT250064,การไฟฟ้าส่วนภูมิภาค เขต 3 (ภาคตะวันออกเฉียงเหนือ),MTS,P47174,Sale,2025-06-17,2025-05-29,2025-05-29,33056.12,4.0
RS-F-99-010124,PEM107,Omni Channel,Actual,RS250212,Contractor,MTO,P46978,Sale,2025-08-21,2025-05-29,2025-05-29,18759.46,2.0
VT-F-99-010722,PEM107,Omni Channel,Actual,VT250061,Dealer,MTS,P45848,Sale,2025-06-30,2025-05-29,2025-05-29,54081.78,2.0
CT-F-99-020502,PEM107,Omni Channel,Actual,CT250062,Contractor,MTS,P46069,Sale,2025-06-06,2025-05-30,2025-05-30,14521.1,2.0
CT-F-99-020501,PEM107,Omni Channel,Actual,CT250018,Contractor,MTS,P46123,Sale,2025-06-06,2025-05-30,2025-05-30,14227.62,2.0
VT-F-99-010203,PEM107,Omni Channel,Actual,VT250031,Contractor,MTS,P47174,Sale,2025-06-06,2025-05-30,2025-05-30,16528.06,2.0
VT-F-99-010203,PEM107,Omni Channel,Actual,VT250031,Contractor,MTS,P47174,Sale,2025-06-06,2025-05-30,2025-05-30,16528.06,2.0
VT-F-99-010721,PEM107,Omni Channel,Actual,VT250105,Contractor,MTS,P45906,Sale,2025-08-29,2025-05-30,2025-05-30,20333.11,1.0
CT-F-99-020528,PEM107,Omni Channel,Actual,CT250180,Contractor,MTS,P45962,Sale,2025-08-29,2025-05-30,2025-05-30,51237.24,3.0
VT-F-99-010203,PEM107,Omni Channel,Actual,VT250026,Contractor,MTS,P47174,Sale,2025-06-02,2025-05-30,2025-05-30,16528.06,2.0
CT-F-99-020503,PEM107,Omni Channel,Actual,CT250003,Contractor,MTS,P46070,Sale,2025-06-02,2025-05-30,2025-05-30,14664.44,2.0
VT-F-99-010820,PCE101,Omni Channel,Actual,J25083,การไฟฟ้าส่วนภูมิภาค เขต 3 (ภาคใต้),MTS,P45997,Sale,2025-07-02,2025-05-30,2025-05-30,401016.0,7.0
CT-F-99-020524,PEM107,Omni Channel,Actual,CT250097,Contractor,MTS,P45905,Sale,2025-06-17,2025-05-30,2025-05-30,47029.2,3.0
VT-F-99-010721,PEM107,Omni Channel,Actual,VT250059,Contractor,MTS,P45906,Sale,2025-06-17,2025-05-30,2025-05-30,20333.11,1.0
VT-F-99-010721,PEM107,Omni Channel,Actual,VT250059,Contractor,MTS,P45906,Sale,2025-06-13,2025-05-30,2025-05-30,20333.11,1.0
CT-F-99-020504,PEM107,Omni Channel,Actual,CT250094,Contractor,MTS,P46071,Sale,2025-06-13,2025-05-30,2025-05-30,21996.66,3.0
CT-F-99-020511,PEM107,Omni Channel,Actual,CT250021,Contractor,MTS,P46077,Sale,2025-06-06,2025-05-30,2025-05-30,17602.42,2.0
VT-F-99-010721,PEM107,Omni Channel,Actual,VT250059,Contractor,MTS,P45906,Sale,2025-06-02,2025-06-02,2025-06-02,20333.11,1.0
CT-F-99-020525,PEM107,Omni Channel,Actual,CT250075,Contractor,MTS,P45923,Sale,2025-06-02,2025-06-02,2025-06-02,46757.58,3.0
VT-F-99-010721,PEM107,Omni Channel,Actual,VT250097,Factory,MTS,P45906,Sale,2026-02-27,2025-06-02,2025-06-02,20333.11,1.0
CT-F-99-020532,PEM107,Omni Channel,Actual,CT250154,Factory,MTO,P46031,Sale,2026-02-27,2025-06-02,2025-06-02,57149.91,3.0
CT-F-99-020513,PEM107,Omni Channel,Actual,CT250153,Factory,MTO,P46079,Sale,2026-02-27,2025-06-02,2025-06-02,85203.0,9.0
VT-F-99-010721,PEM107,Omni Channel,Actual,VT250097,Contractor,MTS,P45906,Sale,2025-08-06,2025-06-02,2025-06-02,20333.11,1.0
CT-F-99-020528,PEM107,Omni Channel,Actual,CT250113,Contractor,MTS,P45962,Sale,2025-08-06,2025-06-02,2025-06-02,51237.24,3.0
VT-F-99-010302,PPS,Tendering,Actual,CTR-2025-02834,Local Utility,MTO,P46715,Sale,2025-07-18,2025-06-02,2025-06-02,309771.0,9.0
VT-F-99-010303,PEM107,Omni Channel,Actual,VT250087,Contractor,MTS,P51638,Sale,2025-06-30,2025-06-04,2025-06-04,20502.78,2.0
CT-F-99-020702,PEM107,Omni Channel,Actual,CT250155,Contractor,MTO,P46091,Sale,2025-06-30,2025-06-04,2025-06-04,15944.86,2.0
VT-F-99-010715,PEM107,Omni Channel,Actual,VT240191,Contractor,MTS,P46029,Sale,2026-03-17,2025-06-04,2025-06-04,19790.51,1.0
CT-F-99-020506,PEM107,Omni Channel,Actual,CT250096,Contractor,MTS,P46073,Sale,2026-03-17,2025-06-04,2025-06-04,22384.26,3.0
CT-F-99-020525,PEM107,Omni Channel,Actual,CT250075,Contractor,MTS,P45923,Sale,2025-06-17,2025-06-04,2025-06-04,46757.58,3.0
CT-F-99-020506,PEM107,Omni Channel,Actual,CT250096,,MTS,P46073,Sale,2025-06-06,2025-06-04,2025-06-04,20244.93,3.0
VT-F-99-010721,PEM107,Omni Channel,Actual,VT250059,End User,MTS,P45906,Sale,2025-06-16,2025-06-04,2025-06-04,20333.11,1.0
CT-F-99-020508,PEM107,Omni Channel,Actual,CT250069,End User,MTS,P46075,Sale,2025-06-16,2025-06-04,2025-06-04,25819.05,3.0
VT-F-99-010303,PEM107,Omni Channel,Actual,VT250087,Contractor,MTS,P51638,Sale,2025-06-26,2025-06-05,2025-06-05,20502.78,2.0
CT-F-99-020502,PEM107,Omni Channel,Actual,"CT250019,CT250062",Contractor,MTS,P46069,Sale,2025-07-08,2025-06-05,2025-06-05,65344.95,9.0
VT-F-99-010721,PEM107,Omni Channel,Actual,VT250054,Contractor,MTS,P45906,Sale,2025-07-08,2025-06-05,2025-06-05,60999.33,3.0
CT-F-99-020502,PEM107,Omni Channel,Actual,CT250062,Contractor,MTS,P46069,Sale,2025-07-01,2025-06-05,2025-06-05,43563.3,6.0
VT-F-99-010721,PEM107,Omni Channel,Actual,VT250059,Contractor,MTS,P45906,Sale,2025-07-01,2025-06-05,2025-06-05,40666.22,2.0
CT-F-99-020702,PEM107,Omni Channel,Actual,CT250155,Contractor,MTS,P46091,Sale,2025-07-04,2025-06-05,2025-06-05,23917.29,3.0
VT-F-99-010819,PEM107,Omni Channel,Actual,VT250094,Contractor,MTS,P46038,Sale,2025-07-04,2025-06-05,2025-06-05,25533.27,1.0
CT-F-99-020702,PEM107,Omni Channel,Actual,CT250155,Contractor,MTO,P46091,Sale,2025-07-04,2025-06-05,2025-06-05,47834.58,6.0
VT-F-99-010819,PEM107,Omni Channel,Actual,VT250018,Contractor,MTS,P46038,Sale,2025-07-04,2025-06-05,2025-06-05,51066.54,2.0
VT-F-99-010202,PEM107,Tendering,Actual,VT250044,Inside Group,MTO,P45854,Sale,2025-07-18,2025-06-05,2025-06-05,162201.76,17.0
VT-F-99-010302,PEM107,Tendering,Actual,VT250045,Inside Group,MTO,P46715,Sale,2025-07-18,2025-06-05,2025-06-05,103158.9,9.0
RS-F-99-070006,PEM107,Omni Channel,Actual,RS250215,Inside Group,MTO,P45676,Sale,2025-06-30,2025-06-05,2025-06-05,97776.0,300.0
CT-F-99-020504,PEM107,Omni Channel,Actual,CT250121,Smart Shop,MTS,P46071,Sale,2025-06-09,2025-06-05,2025-06-05,21996.66,3.0
VT-F-99-010715,PEM107,Omni Channel,Actual,VT240191,Smart Shop,MTS,P46029,Sale,2025-06-09,2025-06-05,2025-06-05,19790.51,1.0
CT-F-99-020504,PDEMO,Omni Channel,Actual,,Foreign Industry,MTO,P46071,Sale,2025-08-20,2025-06-06,2025-06-06,37880.0,4.0
CT-F-99-020505,PDEMO,Omni Channel,Actual,,Foreign Industry,MTO,P46072,Sale,2025-08-20,2025-06-06,2025-06-06,38400.0,4.0
RS-F-99-070006,PDEMO,Omni Channel,Actual,,Foreign Industry,MTO,P45676,Sale,2025-11-17,2025-06-06,2025-06-06,153000.0,300.0
VT-F-99-010819,PEM107,Omni Channel,Actual,VT250018,private company,MTS,P46038,Sale,2025-07-25,2025-06-06,2025-06-06,25533.27,1.0
CT-F-99-020706,PEM107,Omni Channel,Actual,CT250158,private company,MTS,P46095,Sale,2025-07-25,2025-06-06,2025-06-06,23751.6,3.0
VT-F-99-010715,PEM107,Omni Channel,Actual,VT240191,Contractor,MTS,P46029,Sale,2025-07-18,2025-06-09,2025-06-09,19790.51,1.0
CT-F-99-020503,PEM107,Omni Channel,Actual,CT250003,Contractor,MTS,P46070,Sale,2025-07-18,2025-06-09,2025-06-09,21996.66,3.0
CT-F-99-020709,PEM107,Omni Channel,Actual,CT250161,,MTO,P46098,Sale,2025-07-25,2025-06-09,2025-06-09,28580.49,3.0
CT-F-99-020508,PEM107,Omni Channel,Actual,CT250069,private company,MTS,P46075,Sale,2025-06-18,2025-06-09,2025-06-09,24789.39,3.0
VT-F-99-010721,PEM107,Omni Channel,Actual,LB250089 VT250086,,MTS,P45906,Sale,2025-07-25,2025-06-09,2025-06-09,18099.94,1.0
CT-F-99-020510,PEM107,Omni Channel,Actual,LB250089 CT250065,,MTS,P46076,Sale,2025-07-25,2025-06-09,2025-06-09,26328.0,3.0
VT-F-99-010721,PEM107,Omni Channel,Actual,VT250059,private company,MTS,P45906,Sale,2025-07-03,2025-06-09,2025-06-09,18099.94,1.0
CT-F-99-020507,PEM107,Omni Channel,Actual,CT250060,private company,MTS,P46074,Sale,2025-07-03,2025-06-09,2025-06-09,21418.62,3.0
CT-F-99-020508,PEM107,Omni Channel,Actual,CT250109,การไฟฟ้าส่วนภูมิภาค เขต 3 (ภาคตะวันออกเฉียงเหนือ),MTS,P46075,Sale,2025-06-17,2025-04-21,2025-04-21,34425.4,4.0
CT-F-99-020506,PEM107,Omni Channel,Actual,CT250059,Contractor,MTS,P46073,Sale,2025-06-10,2025-06-09,2025-06-09,7461.42,1.0
VT-F-99-010721,PEM107,Omni Channel,Actual,VT250083,Smart Shop,MTS,P45906,Sale,2025-06-20,2025-06-09,2025-06-09,20333.11,1.0
CT-F-99-020508,PEM107,Omni Channel,Actual,CT250069,Smart Shop,MTS,P46075,Sale,2025-06-20,2025-06-09,2025-06-09,25819.05,3.0
VT-F-99-010722,PEM107,Omni Channel,Actual,VT250084,การไฟฟ้าส่วนภูมิภาค เขต 1 (ภาคใต้),MTS,P45848,Sale,2025-07-15,2025-06-10,2025-06-10,27040.89,1.0
CT-F-99-020506,PEM107,Omni Channel,Actual,CT250162,Contractor,MTS,P46073,Sale,2025-08-29,2025-06-10,2025-06-10,22384.26,3.0
VT-F-99-010721,PEM107,Omni Channel,Actual,VT250105,Contractor,MTS,P45906,Sale,2025-08-29,2025-06-10,2025-06-10,20333.11,1.0
CT-F-99-020527,PEM107,Omni Channel,Actual,CT250146,Contractor,MTS,P45922,Sale,2025-06-13,2025-06-10,2025-06-10,31359.62,2.0
CT-F-99-020527,PEM107,Omni Channel,Actual,CT250146,Contractor,MTS,P46935,Sale,2025-07-09,2025-06-10,2025-06-10,47039.43,3.0
RS-F-99-010129,PEM107,Omni Channel,Actual,RS250230,Smart Shop,MTO,P52003,Sale,2025-07-09,2025-06-10,2025-06-10,18913.0,2.0
CT-F-99-020506,PEM107,Omni Channel,Actual,CT250096,Contractor,MTS,P46073,Sale,2025-06-12,2025-06-10,2025-06-10,14922.84,2.0
CT-F-99-020505,PEM107,Omni Channel,Actual,CT250045,Contractor,MTS,P46072,Sale,2025-07-09,2025-06-10,2025-06-10,21966.72,3.0
VT-F-99-010721,PEM107,Omni Channel,Actual,VT250059,Contractor,MTS,P45906,Sale,2025-07-09,2025-06-10,2025-06-10,20333.11,1.0
VT-F-99-010209,PEM107,Omni Channel,Actual,VT250095,Contractor,MTO,P45569,Sale,2025-06-12,2025-06-10,2025-06-10,16567.8,2.0
RS-F-99-070003,PEM107,Omni Channel,Actual,RS250217,Cambodia,MTO,P45536,Sale,2025-07-07,2025-06-11,2025-06-11,20684.4,60.0
RS-F-99-070005,PEM107,Omni Channel,Actual,RS250218,Cambodia,MTO,P46105,Sale,2025-07-07,2025-06-11,2025-06-11,9526.8,30.0
RS-F-99-070002,PEM107,Omni Channel,Actual,RS240308,Cambodia,MTO,P46106,Sale,2025-07-07,2025-06-11,2025-06-11,23962.2,60.0
RS-F-99-041010,PEM107,Omni Channel,Actual,RS250219,Cambodia,MTO,P48851,Sale,2025-07-07,2025-06-11,2025-06-11,58621.74,6.0
RS-F-99-070006,PEM107,Omni Channel,Actual,RS250232,Inside Group,MTO,P45676,Sale,2025-11-28,2025-06-11,2025-06-11,97776.0,300.0
CT-F-99-020504,PEM107,Omni Channel,Actual,CT250165,Inside Group,MTO,P46071,Sale,2025-08-29,2025-06-11,2025-06-11,29328.88,4.0
CT-F-99-020505,PEM107,Omni Channel,Actual,CT250166,Inside Group,MTO,P46072,Sale,2025-08-29,2025-06-11,2025-06-11,29288.96,4.0
VT-F-99-010721,PEM107,Omni Channel,Actual,VT250054 ,Contractor,MTS,P45906,Sale,2025-06-19,2025-06-11,2025-06-11,20333.11,1.0
VT-F-99-010722,PEM107,Omni Channel,Actual,VT250084,Inside Group,MTS,P45848,Sale,2025-07-07,2025-06-11,2025-06-11,27040.89,1.0
CT-F-99-020506,PEM107,Omni Channel,Actual,CT250096,Contractor,MTS,P46073,Sale,2025-06-13,2025-06-12,2025-06-12,22384.26,3.0
VT-F-99-010721,PEM107,Omni Channel,Actual,VT250086,Smart Shop,MTS,P45906,Sale,2025-07-07,2025-06-12,2025-06-12,20333.11,1.0
CT-F-99-020530,PEM107,Omni Channel,Actual,CT250114,Smart Shop,MTS,P45966,Sale,2025-07-07,2025-06-12,2025-06-12,50750.64,3.0
VT-F-99-010819,PEM107,Omni Channel,Actual,VT250018,Smart Shop,MTS,P46038,Sale,2025-07-15,2025-06-12,2025-06-12,25533.27,1.0
CT-F-99-020722,PEM107,Omni Channel,Actual,CT250167,Smart Shop,MTO,P46605,Sale,2025-07-15,2025-06-12,2025-06-12,47087.64,3.0
VT-F-99-010819,PEM107,Omni Channel,Actual,VT250018,,MTS,P46038,Sale,2025-06-19,2025-06-12,2025-06-12,25533.27,1.0
VT-F-99-010721,PEM107,Omni Channel,Actual,VT250086,Factory,MTS,P45906,Sale,2025-07-03,2025-06-13,2025-06-13,40666.22,2.0
CT-F-99-020526,PEM107,Omni Channel,Actual,CT250055,Factory,MTS,P45936,Sale,2025-07-03,2025-06-13,2025-06-13,103633.68,6.0
VT-F-99-010721,PEM107,Omni Channel,Actual,VT250086,Contractor,MTO,P45906,Sale,2025-07-31,2025-06-16,2025-06-16,18099.94,1.0
RS-F-99-100001,PEM107,Omni Channel,Actual,RS250234,Contractor,MTO,P51328,Sale,2025-07-31,2025-06-16,2025-06-16,77793.36,6.0
CT-F-99-020504,PEM107,Omni Channel,Actual,CT250121,Contractor,MTS,P46071,Sale,2025-06-30,2025-06-16,2025-06-16,21996.66,3.0
VT-F-99-010721,PEM107,Omni Channel,Actual,VT250083,Contractor,MTS,P45906,Sale,2025-06-30,2025-06-16,2025-06-16,20333.11,1.0
VT-F-99-010721,PEM107,Omni Channel,Actual,VT250083,Contractor,MTS,P45906,Sale,2025-06-20,2025-06-16,2025-06-16,20333.11,1.0
CT-F-99-020507,PEM107,Omni Channel,Actual,CT250060,Contractor,MTS,P46074,Sale,2025-06-20,2025-06-16,2025-06-16,22471.77,3.0
CT-F-99-020503,PEM107,Omni Channel,Actual,CT250003,Contractor,MTS,P46070,Sale,2025-06-18,2025-06-16,2025-06-16,21996.66,3.0
VT-F-99-010721,PEM107,Omni Channel,Actual,VT250083,Contractor,MTS,P45906,Sale,2025-06-18,2025-06-16,2025-06-16,20333.11,1.0
CT-F-99-020506,PEM107,Omni Channel,Actual,"CT250059,CT250096",Main Contractor,MTS,P46073,Sale,2025-06-18,2025-06-16,2025-06-16,14922.84,2.0
VT-F-99-010721,PEM107,Omni Channel,Actual,VT250083,End User,MTS,P45906,Sale,2025-06-20,2025-06-17,2025-06-17,20333.11,1.0
CT-F-99-020510,PEM107,Omni Channel,Actual,CT250065,End User,MTS,P46076,Sale,2025-06-20,2025-06-17,2025-06-17,26376.48,3.0
CT-F-99-020524,PEM107,Omni Channel,Actual,CT250097,private company,MTS,P45905,Sale,2025-06-20,2025-06-17,2025-06-17,47029.2,3.0
VT-F-99-010721,PEM107,Omni Channel,Actual,VT250083,private company,MTS,P45906,Sale,2025-06-20,2025-06-17,2025-06-17,20333.11,1.0
CT-F-99-020504,PEM107,Omni Channel,Actual,CT250121,Contractor,MTS,P46071,Sale,2025-06-18,2025-06-18,2025-06-18,21996.66,3.0
CT-F-99-020504,PEM107,Omni Channel,Actual,CT250121,Contractor,MTS,P46071,Sale,2025-06-24,2025-06-18,2025-06-18,21996.66,3.0
VT-F-99-010721,PEM107,Omni Channel,Actual,VT250083,Contractor,MTS,P45906,Sale,2025-06-24,2025-06-18,2025-06-18,20333.11,1.0
VT-F-99-010819,PEM107,Omni Channel,Actual,VT250018,Smart Shop,MTS,P46038,Sale,2025-07-17,2025-06-18,2025-06-18,25533.27,1.0
CT-F-99-020725,PEM107,Omni Channel,Actual,CT250169,Smart Shop,MTO,P46697,Sale,2025-07-17,2025-06-18,2025-06-18,49515.66,3.0
VT-F-99-010721,PEM107,Omni Channel,Actual,VT250083,Contractor,MTS,P45906,Sale,2025-07-03,2025-06-20,2025-06-20,20333.11,1.0
CT-F-99-020505,PEM107,Omni Channel,Actual,CT250045,Contractor,MTS,P46072,Sale,2025-07-03,2025-06-20,2025-06-20,21966.72,3.0
CT-F-99-020527,PEM107,Omni Channel,Actual,CT250072,Smart Shop,MTS,P45922,Sale,2025-06-25,2025-06-20,2025-06-20,47039.43,3.0
VT-F-99-010203,PEM107,Omni Channel,Actual,VT240138,Contractor / Private / End user,MTO,P47174,Sale,2025-11-21,2024-08-21,2024-08-21,441972.5,50.0
CT-F-99-020511,PEM107,Omni Channel,Actual,CT250122,Contractor,MTS,P46077,Sale,2025-06-25,2025-06-23,2025-06-23,17602.42,2.0
VT-F-99-010203,PEM107,Omni Channel,Actual,VT250031,Contractor,MTS,P47174,Sale,2025-06-25,2025-06-23,2025-06-23,16528.06,2.0
CT-F-99-020511,PEM107,Omni Channel,Actual,CT250122,Contractor,MTS,P46077,Sale,2025-06-25,2025-06-23,2025-06-23,17602.42,2.0
VT-F-99-010203,PEM107,Omni Channel,Actual,VT250031,Contractor,MTS,P47174,Sale,2025-06-25,2025-06-23,2025-06-23,16528.06,2.0
VT-F-99-010203,PPD101,Omni Channel,Actual,,Foreign Industry,MTO,P3555,Sale,2025-11-17,2024-08-14,2024-08-14,826200.0,68.0
VT-F-99-010715,PEM107,Omni Channel,Actual,VT240191,Contractor,MTS,P46029,Sale,2025-08-20,2025-06-24,2025-06-24,19790.51,1.0
CT-F-99-020506,PEM107,Omni Channel,Actual,CT250120,Contractor,MTS,P46073,Sale,2025-08-20,2025-06-24,2025-06-24,22384.26,3.0
RS-F-99-070006,PDEMO,Omni Channel,Actual,,Foreign Industry,MTO,P45676,Sale,2025-08-20,2025-05-27,2025-05-27,100980.0,198.0
VT-F-99-010203,PEM107,Omni Channel,Actual,VT250026,Smart Shop,MTS,P47174,Sale,2025-07-15,2025-06-24,2025-06-24,16528.06,2.0
CT-F-99-020508,PEM107,Omni Channel,Actual,CT250008,Smart Shop,MTS,P46075,Sale,2025-07-15,2025-06-24,2025-06-24,17212.7,2.0
CT-F-99-020501,PDEMO,Omni Channel,Actual,,Foreign Industry,,P46123,Sale,2025-08-20,2025-03-24,2025-03-24,465000.0,50.0
RS-F-99-120006,PEM107,Omni Channel,Actual,RS250254,Smart Shop,MTO,P51953,Sale,2025-08-07,2025-06-25,2025-06-25,46010.12,2.0
CT-F-99-020505,PEM107,Omni Channel,Actual,CT250141,Smart Shop,MTS,P46072,Sale,2025-06-25,2025-06-25,2025-06-25,14644.48,2.0
VT-F-99-010721,PEM107,Omni Channel,Actual,VT250059,Smart Shop,MTS,P45906,Sale,2025-07-14,2025-06-25,2025-06-25,20333.11,1.0
CT-F-99-020511,PEM107,Omni Channel,Actual,CT250021,Smart Shop,MTS,P46077,Sale,2025-07-14,2025-06-25,2025-06-25,26403.63,3.0
VT-F-99-010819,PEM107,Omni Channel,Actual,VT250018,Contractor,MTS,P46038,Sale,2025-07-15,2025-06-25,2025-06-25,25533.27,1.0
CT-F-99-020709,PEM107,Omni Channel,Actual,CT250172,Contractor,MTO,P46098,Sale,2025-07-15,2025-06-25,2025-06-25,28348.95,3.0
VT-F-99-010721,PEM107,Omni Channel,Actual,VT250086,Contractor,MTS,P45906,Sale,2025-07-03,2025-06-25,2025-06-25,20333.11,1.0
VT-F-99-010203,PEM107,Omni Channel,Actual,VT250026,Contractor,MTS,P47174,Sale,2025-07-14,2025-06-25,2025-06-25,16528.06,2.0
CT-F-99-020506,PEM107,Omni Channel,Actual,CT250162,Contractor,MTS,P46073,Sale,2025-07-14,2025-06-25,2025-06-25,14922.84,2.0
VT-F-99-010203,PEM107,Omni Channel,Actual,VT250031,Cambodia,MTS,P47174,Sale,2025-07-07,2025-06-26,2025-06-26,8264.03,1.0
RS-F-99-090026,PEM107,Omni Channel,Actual,RS250255,End User,MTO,P47270,Sale,2025-07-07,2025-06-26,2025-06-26,25840.92,12.0
VT-F-99-010721,PEM107,Omni Channel,Actual,VT250086,Smart Shop,MTS,P45906,Sale,2025-07-04,2025-06-27,2025-06-27,20333.11,1.0
CT-F-99-020528,PEM107,Omni Channel,Actual,CT250113,Smart Shop,MTS,P45962,Sale,2025-07-04,2025-06-27,2025-06-27,51237.24,3.0
CT-F-99-020527,PEM107,Omni Channel,Actual,CT250146,Contractor,MTS,P46935,Sale,2025-06-27,2025-06-27,2025-06-27,47039.43,3.0
RS-F-99-041006,PEM107,Omni Channel,Actual,RS250253,Smart Shop,MTO,P51318,Sale,2025-08-07,2025-06-25,2025-06-25,20032.26,2.0
CT-F-99-020504,PEM107,Omni Channel,Actual,CT250058,Factory,MTS,P46071,Sale,2025-07-25,2025-06-30,2025-06-30,14664.44,2.0
VT-F-99-010203,PEM107,Omni Channel,Actual,VT250031,Factory,MTS,P47174,Sale,2025-07-25,2025-06-30,2025-06-30,16528.06,2.0
VT-F-99-010721,PEM107,Omni Channel,Actual,VT250097,Contractor,MTS,P45906,Sale,2025-08-29,2025-07-01,2025-07-01,20333.11,1.0
VT-F-99-010701,PEM107,Omni Channel,Actual,VT250062,Contractor,MTS,P46255,Sale,2025-07-04,2025-07-01,2025-07-01,20503.23,1.0
CT-F-99-020508,PEM107,Omni Channel,Actual,CT250128,Contractor,MTS,P46075,Sale,2025-07-15,2025-07-01,2025-07-01,25819.05,3.0
VT-F-99-010721,PEM107,Omni Channel,Actual,VT250086,Contractor,MTS,P45906,Sale,2025-07-15,2025-07-01,2025-07-01,20333.11,1.0
CT-F-99-020502,PEM107,Omni Channel,Actual,CT250144,Contractor,MTS,P46069,Sale,2025-08-07,2025-07-01,2025-07-01,21781.65,3.0
VT-F-99-010721,PEM107,Omni Channel,Actual,VT250086 ,Contractor,MTS,P45906,Sale,2025-08-07,2025-07-01,2025-07-01,20333.11,1.0
VT-F-99-010715,PEM107,Omni Channel,Actual,VT250093,End User,MTS,P46029,Sale,2025-07-28,2025-06-30,2025-06-30,19790.51,1.0
VT-F-99-010203,PEM107,Omni Channel,Actual,VT250031,End User,MTS,P47174,Sale,2025-07-07,2025-07-02,2025-07-02,16528.06,2.0
VT-F-99-010721,PEM107,Omni Channel,Actual,VT250083,End User,MTS,P45906,Sale,2025-07-08,2025-07-02,2025-07-02,40666.22,2.0
CT-F-99-020507,PEM107,Omni Channel,Actual,CT250060,End User,MTS,P46074,Sale,2025-07-08,2025-07-02,2025-07-02,22471.77,3.0
CT-F-99-020509,PEM107,Omni Channel,Actual,CT250178,End User,MTS,P51627,Sale,2025-07-08,2025-07-02,2025-07-02,26658.3,3.0
CT-F-99-020526,PEM107,Omni Channel,Actual,CT250168,Contractor,MTS,P45936,Sale,2025-08-29,2025-04-22,2025-04-22,51816.84,3.0
VT-F-99-010721,PEM107,Omni Channel,Actual,VT250086,End User,MTS,P45906,Sale,2025-07-04,2025-07-03,2025-07-03,20333.11,1.0
CT-F-99-020528,PEM107,Omni Channel,Actual,CT250157 ,End User,MTS,P45962,Sale,2025-07-04,2025-07-03,2025-07-03,51237.24,3.0
CT-F-99-020524,PEM107,Omni Channel,Actual,CT250152,Contractor,MTS,P45905,Sale,2025-07-25,2025-07-03,2025-07-03,47029.2,3.0
VT-F-99-010721,PEM107,Omni Channel,Actual,VT250086,Contractor,MTS,P45906,Sale,2025-07-25,2025-07-03,2025-07-03,20333.11,1.0
VT-F-99-010721,PEM107,Omni Channel,Actual,VT250086,,MTS,P45906,Sale,2025-07-09,2025-07-03,2025-07-03,18063.45,1.0
CT-F-99-020506,PEM107,Omni Channel,Actual,CT250120,,MTS,P46073,Sale,2025-07-09,2025-07-03,2025-07-03,21175.29,3.0
CT-F-99-020526,PEM107,Omni Channel,Actual,CT250046,Contractor,MTS,P45936,Sale,2025-07-16,2025-07-03,2025-07-03,17272.28,1.0
CT-F-99-020508,PEM107,Omni Channel,Actual,CT250128,Contractor,MTS,P46075,Sale,2025-08-07,2025-07-04,2025-07-04,25819.05,3.0
VT-F-99-010721,PEM107,Omni Channel,Actual,VT250086,Contractor,MTS,P45906,Sale,2025-08-07,2025-07-04,2025-07-04,18063.45,1.0
CT-F-99-020528,PEM107,Omni Channel,Actual,CT250157,,MTS,P45962,Sale,2025-07-04,2025-07-04,2025-07-04,34158.16,2.0
CT-F-99-020527,PEM107,Omni Channel,Actual,CT250164,Contractor,MTS,P46935,Sale,2025-07-14,2025-07-04,2025-07-04,47039.43,3.0
VT-F-99-010721,PEM107,Omni Channel,Actual,VT250086,VSPP/SPP,MTS,P45906,Sale,2025-07-22,2025-07-04,2025-07-04,18063.45,1.0
CT-F-99-020506,PEM107,Omni Channel,Actual,CT250120,VSPP/SPP,MTS,P46073,Sale,2025-07-22,2025-07-04,2025-07-04,22384.26,3.0
CT-F-99-020506,PEM107,Omni Channel,Actual,CT250120,Smart Shop,MTS,P46073,Sale,2025-07-09,2025-07-04,2025-07-04,22384.26,3.0
VT-F-99-010721,PEM107,Omni Channel,Actual,VT250086,Smart Shop,MTS,P45906,Sale,2025-07-09,2025-07-04,2025-07-04,18063.45,1.0
RS-F-99-100001,PEM107,Omni Channel,Actual,RS250267,Smart Shop,MTO,P51328,Sale,2025-08-01,2025-07-07,2025-07-07,46946.01,3.0
VT-F-99-010721,PEM107,Omni Channel,Actual,VT250086 ,Smart Shop,MTS,P45906,Sale,2025-07-14,2025-07-07,2025-07-07,18063.45,1.0
CT-F-99-020507,PEM107,Omni Channel,Actual,CT250098,Smart Shop,MTS,P46074,Sale,2025-07-14,2025-07-07,2025-07-07,22471.77,3.0
VT-F-99-010721,PEM107,Omni Channel,Actual,VT250086,End User,MTS,P45906,Sale,2025-07-09,2025-07-07,2025-07-07,18063.45,1.0
CT-F-99-020530,PEM107,Omni Channel,Actual,CT250114,End User,MTS,P45966,Sale,2025-07-09,2025-07-07,2025-07-07,50750.64,3.0
VT-F-99-010721,PEM107,Omni Channel,Actual,VT250086,Contractor,MTS,P45906,Sale,2025-07-08,2025-07-07,2025-07-07,18063.45,1.0
CT-F-99-020505,PEM107,Omni Channel,Actual,CT250095,Contractor,MTS,P46072,Sale,2025-07-08,2025-07-07,2025-07-07,21966.72,3.0
VT-F-99-010701,PEM107,Omni Channel,Actual,VT250062,Contractor,MTS,P46255,Sale,2025-07-14,2025-07-07,2025-07-07,20503.23,1.0
VT-F-99-010715,PEM107,Omni Channel,Actual,VT250093,Contractor,MTS,P46029,Sale,2025-07-18,2025-07-08,2025-07-08,19790.51,1.0
CT-F-99-020506,PEM107,Omni Channel,Actual,CT250120,Contractor,MTS,P46073,Sale,2025-07-18,2025-07-08,2025-07-08,22384.26,3.0
RS-F-99-070004,PEM107,Omni Channel,Actual,,Smart Shop,MTS,P46104,Sale,2025-07-09,2025-07-08,2025-07-08,1870.98,6.0
VT-F-99-010203,PEM107,Omni Channel,Actual,VT250079,Retailer,MTS,P47174,Sale,2025-07-16,2025-07-08,2025-07-08,132224.48,16.0
CT-F-99-020531,PEM107,Omni Channel,Actual,CT240323 ,,MTS,P46162,Sale,2025-07-09,2025-07-09,2025-07-09,46411.71,3.0
VT-F-99-010819,PEM107,Omni Channel,Actual,VT250094,Contractor,MTS,P46038,Sale,2025-08-07,2025-07-14,2025-07-14,25533.27,1.0
CT-F-99-020722,PEM107,Omni Channel,Actual,CT250190,Contractor,MTO,P46605,Sale,2025-08-07,2025-07-14,2025-07-14,47087.64,3.0
CT-F-99-020508,PEM107,Omni Channel,Actual,CT250109,Smart Shop,MTS,P46075,Sale,2025-07-22,2025-06-24,2025-06-24,17212.7,2.0
VT-F-99-010209,PEM107,Omni Channel,Actual,VT250108,Smart Shop,MTO,P45569,Sale,2025-07-22,2025-06-24,2025-06-24,16567.8,2.0
VT-F-99-010819,PEM107,Omni Channel,Actual,VT250094,Contractor,MTS,P46038,Sale,2025-08-14,2025-07-14,2025-07-14,25533.27,1.0
CT-F-99-020703,PEM107,Omni Channel,Actual,CT250191,Contractor,MTO,P46092,Sale,2025-08-14,2025-07-14,2025-07-14,24163.62,3.0
CT-F-99-020504,PEM107,Omni Channel,Actual,CT250121,Contractor,MTS,P46071,Sale,2025-07-30,2025-07-14,2025-07-14,21996.66,3.0
VT-F-99-010721,PEM107,Omni Channel,Actual,VT250097,Contractor,MTS,P45906,Sale,2025-07-30,2025-07-14,2025-07-14,18063.45,1.0
VT-F-99-010721,PEM107,Omni Channel,Actual,VT250097,,MTS,P45906,Sale,2025-08-15,2025-07-14,2025-07-14,18017.08,1.0
CT-F-99-020507,PEM107,Omni Channel,Actual,CT250098,,MTS,P46074,Sale,2025-08-15,2025-07-14,2025-07-14,21569.61,3.0
CT-F-99-020504,PEM107,Omni Channel,Actual,CT250121,Contractor,MTS,P46071,Sale,2025-07-15,2025-07-14,2025-07-14,14664.44,2.0
CT-F-99-020504,PEM107,Omni Channel,Actual,CT250121,Contractor,MTS,P46071,Sale,2025-07-31,2025-07-14,2025-07-14,14664.44,2.0
VT-F-99-010203,PEM107,Omni Channel,Actual,VT250079,Contractor,MTS,P47174,Sale,2025-07-15,2025-07-14,2025-07-14,16528.06,2.0
VT-F-99-010203,PEM107,Omni Channel,Actual,VT250079,Contractor,MTS,P47174,Sale,2025-07-31,2025-07-14,2025-07-14,16528.06,2.0
CT-F-99-020507,PEM107,Omni Channel,Actual,CT250098,Contractor,MTS,P46074,Sale,2025-08-29,2025-07-14,2025-07-14,22471.77,3.0
VT-F-99-010721,PEM107,Omni Channel,Actual,VT250097,Contractor,MTS,P45906,Sale,2025-08-29,2025-07-14,2025-07-14,18063.45,1.0
VT-F-99-010721,PEM107,Omni Channel,Actual,VT250086,End User,MTS,P45906,Sale,2025-07-18,2025-07-15,2025-07-15,18063.45,1.0
CT-F-99-020526,PEM107,Omni Channel,Actual,CT250046,End User,MTS,P45936,Sale,2025-07-18,2025-07-15,2025-07-15,51816.84,3.0
CT-F-99-020528,PEM107,Omni Channel,Actual,CT250157,End User,MTS,P45962,Sale,2025-07-18,2025-07-15,2025-07-15,51237.24,3.0
VT-F-99-010721,PEM107,Omni Channel,Actual,VT250086,End User,MTS,P45906,Sale,2025-07-18,2025-07-15,2025-07-15,18063.45,1.0
CT-F-99-020506,PEM107,Omni Channel,Actual,CT250120,Contractor,MTS,P46073,Sale,2025-07-16,2025-07-15,2025-07-15,22384.26,3.0
VT-F-99-010721,PEM107,Omni Channel,Actual,VT250086,End User,MTS,P45906,Sale,2025-08-01,2025-07-15,2025-07-15,18063.45,1.0
CT-F-99-020507,PEM107,Omni Channel,Actual,CT250098,End User,MTS,P46074,Sale,2025-08-01,2025-07-15,2025-07-15,22471.77,3.0
CT-F-99-020503,PEM107,Omni Channel,Actual,CT250063,Contractor,MTS,P46070,Sale,2025-07-16,2025-07-15,2025-07-15,14664.44,2.0
VT-F-99-010203,PEM107,Omni Channel,Actual,VT250031,Contractor,MTS,P47174,Sale,2025-07-16,2025-07-15,2025-07-15,16528.06,2.0
CT-F-99-020506,PEM107,Omni Channel,Actual,CT250162,Factory,MTS,P46073,Sale,2025-07-18,2025-07-15,2025-07-15,22384.26,3.0
VT-F-99-010721,PEM107,Omni Channel,Actual,VT250086,Factory,MTS,P45906,Sale,2025-07-18,2025-07-15,2025-07-15,18063.45,1.0
VT-F-99-010820,PEM107,Omni Channel,Actual,VT250109,Contractor,MTO,P45997,Sale,2025-10-03,2025-07-15,2025-07-15,823527.84,24.0
VT-F-99-010721,PEM107,Omni Channel,Actual,VT250097,Contractor,MTS,P45906,Sale,2025-08-10,2025-07-16,2025-07-16,18063.45,1.0
CT-F-99-020505,PEM107,Omni Channel,Actual,CT250095,Contractor,MTS,P46072,Sale,2025-08-10,2025-07-16,2025-07-16,21966.72,3.0
VT-F-99-010721,PEM107,Omni Channel,Actual,VT250097,Contractor,MTS,P45906,Sale,2025-07-25,2025-07-16,2025-07-16,18063.45,1.0
CT-F-99-020505,PEM107,Omni Channel,Actual,CT250095,Contractor,MTS,P46072,Sale,2025-07-25,2025-07-16,2025-07-16,21966.72,3.0
CT-F-99-020508,PEM107,Omni Channel,Actual,CT250109,Smart Shop,MTS,P46075,Sale,2025-07-18,2025-07-16,2025-07-16,25819.05,3.0
CT-F-99-020506,PEM107,Omni Channel,Actual,CT250162,Contractor,MTS,P46073,Sale,2025-09-19,2025-07-16,2025-07-16,22384.26,3.0
RS-F-99-070007,PEM107,Omni Channel,Actual,RS250281,Foreign Industry,MTO,P46746,Sale,2025-10-08,2025-07-17,2025-07-17,62761.62,102.0
RS-F-99-070002,PEM107,Omni Channel,Actual,RS250280,Foreign Industry,MTO,P45535,Sale,2025-08-20,2025-07-17,2025-07-17,64112.52,157.0
CT-F-99-020507,PEM107,Omni Channel,Actual,CT250192,Foreign Industry,MTS,P46074,Sale,2025-10-08,2025-07-17,2025-07-17,29962.36,4.0
VT-F-99-010721,PEM107,Omni Channel,Actual,VT250086,private company,MTS,P45906,Sale,2025-07-18,2025-07-17,2025-07-17,18017.08,1.0
CT-F-99-020507,PEM107,Omni Channel,Actual,CT250098,private company,MTS,P46074,Sale,2025-07-18,2025-07-17,2025-07-17,22471.77,3.0
RS-F-99-010123,PEM107,Omni Channel,Actual,RS250278,Contractor,MTO,P46977,Sale,2025-08-29,2025-07-17,2025-07-17,19301.34,2.0
CT-F-99-020504,PEM107,Omni Channel,Actual,CT250121,Contractor,MTS,P46071,Sale,2025-08-29,2025-07-17,2025-07-17,21996.66,3.0
VT-F-99-010721,PEM107,Omni Channel,Actual,VT250097,Contractor,MTS,P45906,Sale,2025-08-29,2025-07-17,2025-07-17,18063.45,1.0
CT-F-99-020504,PEM107,Omni Channel,Actual,CT250121,Contractor,MTS,P46071,Sale,2025-07-23,2025-07-17,2025-07-17,28559.08,4.0
VT-F-99-010203,PEM107,Omni Channel,Actual,VT250079,Contractor,MTS,P47174,Sale,2025-07-23,2025-07-17,2025-07-17,30203.28,4.0
VT-F-99-010721,PEM107,Omni Channel,Actual,VT250083,Smart Shop,MTS,P45906,Sale,2025-07-30,2025-07-18,2025-07-18,18063.45,1.0
CT-F-99-020531,PEM107,Omni Channel,Actual,CT250071,Smart Shop,MTO,P46162,Sale,2025-07-30,2025-07-18,2025-07-18,46411.71,3.0
CT-F-99-020527,PEM107,Omni Channel,Actual,CT250164,Contractor,MTS,P45922,Sale,2025-07-30,2025-07-18,2025-07-18,47039.43,3.0
VT-F-99-010721,PEM107,Omni Channel,Actual,VT250086,Contractor,MTS,P45906,Sale,2025-07-29,2025-07-21,2025-07-21,18063.45,1.0
CT-F-99-020510,PEM107,Omni Channel,Actual,CT250193,Foreign Industry,MTO,P46076,Sale,2025-10-08,2025-07-21,2025-07-21,35168.64,4.0
VT-F-99-010721,PEM107,Omni Channel,Actual,VT250086,Factory,MTS,P45906,Sale,2025-07-30,2025-07-21,2025-07-21,18063.45,1.0
CT-F-99-020505,PEM107,Omni Channel,Actual,CT250095,Factory,MTS,P46072,Sale,2025-07-30,2025-07-21,2025-07-21,21966.72,3.0
CT-F-99-020506,PEM107,Omni Channel,Actual,CT250096,End User,MTS,P46073,Sale,2025-08-22,2025-07-21,2025-07-21,22384.26,3.0
VT-F-99-010722,PEM102,Omni Channel,Actual,SS250189,Inside Group,MTS,P52486,Sale,2025-10-31,2025-07-18,2025-07-18,336000.0,12.0
VT-F-99-010721,PEM107,Omni Channel,Actual,VT250086,private company,MTS,P45906,Sale,2025-07-25,2025-07-22,2025-07-22,18063.45,1.0
CT-F-99-020505,PEM107,Omni Channel,Actual,CT250095,private company,MTS,P46072,Sale,2025-07-25,2025-07-22,2025-07-22,21966.72,3.0
VT-F-99-010701,PEM107,Omni Channel,Actual,VT250106,Smart Shop,MTS,P46255,Sale,2025-08-04,2025-07-22,2025-07-22,20503.23,1.0
CT-F-99-020705,PEM107,Omni Channel,Actual,CT250194,Contractor,MTO,P46094,Sale,2025-08-20,2025-07-22,2025-07-22,24132.84,3.0
VT-F-99-010818,PEM107,Omni Channel,Actual,VT250113,Contractor,MTO,P51459,Sale,2025-08-20,2025-07-22,2025-07-22,24416.39,1.0
CT-F-99-020510,PEM107,Omni Channel,Actual,CT250009,Smart Shop,MTS,P46076,Sale,2025-07-30,2025-07-22,2025-07-22,8792.16,1.0
VT-F-99-010721,PEM107,Omni Channel,Actual,VT250097,Smart Shop,MTS,P45906,Sale,2025-07-30,2025-07-22,2025-07-22,18063.45,1.0
VT-F-99-010819,PEM107,Omni Channel,Actual,VT250094 ,Contractor,MTS,P46038,Sale,2025-09-19,2025-07-22,2025-07-22,25533.27,1.0
CT-F-99-020707,PEM107,Omni Channel,Actual,CT250199,Contractor,MTO,P51530,Sale,2025-09-19,2025-07-22,2025-07-22,24073.08,3.0
CT-F-99-020504,PEM107,Omni Channel,Actual,CT250094,Contractor,MTS,P46071,Sale,2025-07-25,2025-07-22,2025-07-22,21996.66,3.0
VT-F-99-010721,PEM107,Omni Channel,Actual,VT250086,Contractor,MTS,P45906,Sale,2025-07-25,2025-07-22,2025-07-22,18063.45,1.0
VT-F-99-010721,PEM107,Omni Channel,Actual,VT250086,,MTS,P45906,Sale,2025-07-25,2025-07-22,2025-07-22,18017.08,1.0
CT-F-99-020505,PEM107,Omni Channel,Actual,CT250095,,MTS,P46072,Sale,2025-07-25,2025-07-22,2025-07-22,19348.53,3.0
CT-F-99-020532,PEM107,Omni Channel,Actual,CT250200,Contractor,MTO,P46031,Sale,2025-08-25,2025-07-22,2025-07-22,57149.91,3.0
CT-F-99-020503,PEM107,Omni Channel,Actual,CT250063,Contractor,MTS,P46070,Sale,2025-08-01,2025-07-23,2025-07-23,21996.66,3.0
VT-F-99-010721,PEM107,Omni Channel,Actual,VT250097,Contractor,MTS,P45906,Sale,2025-08-01,2025-07-23,2025-07-23,18063.45,1.0
CT-F-99-020510,PEM107,Omni Channel,Actual,CT250065,Smart Shop,MTS,P46076,Sale,2025-07-25,2025-07-23,2025-07-23,26376.48,3.0
CT-F-99-020527,PEM107,Omni Channel,Actual,CT250164,Smart Shop,MTS,P45922,Sale,2025-08-05,2025-07-24,2025-07-24,47039.43,3.0
VT-F-99-010721,PEM107,Omni Channel,Actual,VT250097,Smart Shop,MTS,P45906,Sale,2025-08-05,2025-07-24,2025-07-24,18063.45,1.0
VT-F-99-010203,PEM107,Omni Channel,Actual,VT250079,Contractor,MTS,P47174,Sale,2025-07-24,2025-07-24,2025-07-24,8264.03,1.0
VT-F-99-010819,PEM107,Omni Channel,Actual,VT250094,Contractor,MTS,P46038,Sale,2025-08-19,2025-07-25,2025-07-25,25533.27,1.0
CT-F-99-020705,PEM107,Omni Channel,Actual,CT250203,Contractor,MTO,P46094,Sale,2025-08-19,2025-07-25,2025-07-25,24132.84,3.0
CT-F-99-020507,PTS,Tendering,Actual,CTR-2025-03947,การไฟฟ้าส่วนภูมิภาค เขต 2  (ภาคกลาง),MTO,P46074,Sale,2025-08-25,2025-07-29,2025-07-29,42854.4,4.0
CT-F-99-020508,PTS,Tendering,Actual,CTR-2025-03947,การไฟฟ้าส่วนภูมิภาค เขต 2  (ภาคกลาง),MTO,P46075,Sale,2025-08-25,2025-07-29,2025-07-29,21687.6,2.0
CT-F-99-020510,PTS,Tendering,Actual,CTR-2025-03947,การไฟฟ้าส่วนภูมิภาค เขต 2  (ภาคกลาง),MTO,P46076,Sale,2025-08-25,2025-07-29,2025-07-29,45258.0,4.0
CT-F-99-020512,PTS,Tendering,Actual,CTR-2025-03947,การไฟฟ้าส่วนภูมิภาค เขต 2  (ภาคกลาง),MTO,P46078,Sale,2025-08-25,2025-07-29,2025-07-29,355110.0,30.0
VT-F-99-010203,PTS,Tendering,Actual,CTR-2025-03947,การไฟฟ้าส่วนภูมิภาค เขต 2  (ภาคกลาง),MTO,P47174,Sale,2025-08-25,2025-07-29,2025-07-29,1869151.2,148.0
VT-F-99-010721,PEM107,Omni Channel,Actual,VT250097,End User,MTS,P45906,Sale,2025-08-14,2025-07-29,2025-07-29,18063.45,1.0
CT-F-99-020528,PEM107,Omni Channel,Actual,CT250180 ,End User,MTS,P45962,Sale,2025-08-14,2025-07-29,2025-07-29,51237.24,3.0
VT-F-99-010721,PEM107,Omni Channel,Actual,VT250097,End User,MTS,P45906,Sale,2025-08-20,2025-07-29,2025-07-29,18063.45,1.0
CT-F-99-020530,PEM107,Omni Channel,Actual,CT250160,End User,MTS,P45966,Sale,2025-08-20,2025-07-29,2025-07-29,50750.64,3.0
VT-F-99-010721,PEM107,Omni Channel,Actual,VT250105,End User,MTS,P45906,Sale,2025-09-03,2025-07-29,2025-07-29,18063.45,1.0
CT-F-99-020530,PEM107,Omni Channel,Actual,CT250160,End User,MTS,P45966,Sale,2025-09-03,2025-07-29,2025-07-29,50750.64,3.0
VT-F-99-010721,PEM107,Omni Channel,Actual,VT250097,Contractor,MTS,P45906,Sale,2025-08-15,2025-07-29,2025-07-29,18063.45,1.0
CT-F-99-020507,PEM107,Omni Channel,Actual,CT250098,Contractor,MTS,P46074,Sale,2025-08-15,2025-07-29,2025-07-29,22471.77,3.0
VT-F-99-010721,PEM107,Omni Channel,Actual,VT250097,Contractor,MTS,P45906,Sale,2025-08-22,2025-07-29,2025-07-29,18063.45,1.0
VT-F-99-010203,PEM107,Omni Channel,Actual,VT250079,Contractor,MTS,P47174,Sale,2025-08-15,2025-07-29,2025-07-29,16528.06,2.0
VT-F-99-010203,PEM107,Omni Channel,Actual,VT250079,Smart Shop,MTS,P47174,Sale,2025-08-01,2025-07-30,2025-07-30,16528.06,2.0
CT-F-99-020503,PEM107,Omni Channel,Actual,CT250063,Smart Shop,MTO,P46070,Sale,2025-08-01,2025-07-30,2025-07-30,14664.44,2.0
CT-F-99-020528,PEM107,Omni Channel,Actual,CT250113,Contractor,MTS,P45962,Sale,2025-07-31,2025-07-30,2025-07-30,51237.24,3.0
VT-F-99-010721,PEM107,Omni Channel,Actual,VT250086,Contractor,MTS,P45906,Sale,2025-07-31,2025-07-30,2025-07-30,18063.45,1.0
VT-F-99-010722,PEM107,Omni Channel,Actual,LB250107 CU250015 SS250191 VT2,Dealer,MTS,P45848,Sale,2025-08-29,2025-07-30,2025-07-30,54081.78,2.0
VT-F-99-010701,PEM107,Omni Channel,Actual,VT250106,Smart Shop,MTS,P46255,Sale,2025-08-04,2025-07-31,2025-07-31,20503.23,1.0
CT-F-99-020507,PEM107,Omni Channel,Actual,CT250026,End User,MTS,P46074,Sale,2025-08-06,2025-07-31,2025-07-31,14981.18,2.0
VT-F-99-010203,PEM107,Omni Channel,Actual,VT250079,Smart Shop,MTS,P47174,Sale,2025-08-07,2025-07-31,2025-07-31,16528.06,2.0
CT-F-99-020505,PEM107,Omni Channel,Actual,CT250141,Smart Shop,MTS,P46072,Sale,2025-08-07,2025-07-31,2025-07-31,14644.48,2.0
VT-F-99-010203,PEM107,Omni Channel,Actual,VT250079,Smart Shop,MTS,P47174,Sale,2025-08-05,2025-08-01,2025-08-01,66112.24,8.0
CT-F-99-020501,PEM107,Omni Channel,Actual,CT250018,Smart Shop,MTS,P46123,Sale,2025-08-05,2025-08-01,2025-08-01,56910.48,8.0
VT-F-99-010203,PEM107,Omni Channel,Actual,VT250079,Smart Shop,MTS,P47174,Sale,2025-08-05,2025-08-01,2025-08-01,49584.18,6.0
CT-F-99-020502,PEM107,Omni Channel,Actual,CT250062,Smart Shop,MTS,P46069,Sale,2025-08-05,2025-08-01,2025-08-01,43563.3,6.0
VT-F-99-010715,PEM107,Omni Channel,Actual,VT250093,Contractor,MTS,P46029,Sale,2025-08-20,2025-08-01,2025-08-01,19790.51,1.0
CT-F-99-020504,PEM107,Omni Channel,Actual,CT250121,Contractor,MTS,P46071,Sale,2025-08-20,2025-08-01,2025-08-01,21996.66,3.0
CT-F-99-020506,PEM107,Omni Channel,Actual,CT250162,Contractor,MTS,P46073,Sale,2025-08-08,2025-08-01,2025-08-01,22384.26,3.0
VT-F-99-010819,PEM107,Omni Channel,Actual,VT250094,End User,MTS,P46038,Sale,2025-08-14,2025-08-04,2025-08-04,25533.27,1.0
CT-F-99-020730,PEM107,Omni Channel,Actual,CT250206,End User,MTO,P46604,Sale,2025-08-14,2025-08-04,2025-08-04,53300.19,3.0
CT-F-99-020505,PEM107,Omni Channel,Actual,CT250141,Contractor,MTS,P46072,Sale,2025-08-13,2025-08-04,2025-08-04,21966.72,3.0
VT-F-99-010721,PEM107,Omni Channel,Actual,VT250097,Contractor,MTS,P45906,Sale,2025-08-13,2025-08-04,2025-08-04,18063.45,1.0
VT-F-99-010303,PEM107,Omni Channel,Actual,VT250087,Contractor,MTS,P51638,Sale,2025-09-01,2025-08-04,2025-08-04,10251.39,1.0
VT-F-99-010721,PEM107,Omni Channel,Actual,VT250097,Contractor,MTS,P45906,Sale,2025-08-11,2025-08-04,2025-08-04,18063.45,1.0
VT-F-99-010202,PEM107,Omni Channel,Actual,VT250067,Contractor,MTS,P45854,Sale,2025-08-11,2025-08-04,2025-08-04,9541.28,1.0
VT-F-99-010721,PEM107,Omni Channel,Actual,VT250105,Contractor,MTS,P45906,Sale,2025-08-31,2025-08-04,2025-08-04,18063.45,1.0
CT-F-99-020504,PEM107,Omni Channel,Actual,CT250132,Contractor,MTS,P46071,Sale,2025-08-31,2025-08-04,2025-08-04,21996.66,3.0
VT-F-99-010721,PEM107,Omni Channel,Actual,VT250105,Contractor,MTS,P45906,Sale,2025-08-31,2025-08-04,2025-08-04,18063.45,1.0
CT-F-99-020504,PEM107,Omni Channel,Actual,CT250132,Contractor,MTS,P46071,Sale,2025-08-31,2025-08-04,2025-08-04,21996.66,3.0
VT-F-99-010721,PEM107,Omni Channel,Actual,VT250105,Contractor,MTS,P45906,Sale,2025-08-31,2025-08-04,2025-08-04,18063.45,1.0
CT-F-99-020503,PEM107,Omni Channel,Actual,CT250145,Contractor,MTS,P46070,Sale,2025-08-31,2025-08-04,2025-08-04,21996.66,3.0
CT-F-99-020505,PEM107,Omni Channel,Actual,CT250141,Contractor,MTS,P46072,Sale,2025-08-15,2025-07-29,2025-07-29,14644.48,2.0
VT-F-99-010721,PEM107,Omni Channel,Actual,VT250105,Contractor,MTS,P45906,Sale,2025-08-31,2025-08-05,2025-08-05,18063.45,1.0
CT-F-99-020504,PEM107,Omni Channel,Actual,CT250132,Contractor,MTS,P46071,Sale,2025-08-31,2025-08-05,2025-08-05,21996.66,3.0
VT-F-99-010721,PEM107,Omni Channel,Actual,VT250105,Contractor,MTS,P45906,Sale,2025-08-31,2025-08-05,2025-08-05,18063.45,1.0
CT-F-99-020502,PEM107,Omni Channel,Actual,CT250144,Contractor,MTS,P46069,Sale,2025-08-31,2025-08-05,2025-08-05,21781.65,3.0
VT-F-99-010721,PEM107,Omni Channel,Actual,VT250105,Contractor,MTS,P45906,Sale,2025-08-31,2025-08-05,2025-08-05,18063.45,1.0
CT-F-99-020503,PEM107,Omni Channel,Actual,CT250145,Contractor,MTS,P46070,Sale,2025-08-31,2025-08-05,2025-08-05,21996.66,3.0
VT-F-99-010721,PEM107,Omni Channel,Actual,VT250105,Contractor,MTS,P45906,Sale,2025-08-31,2025-08-05,2025-08-05,18063.45,1.0
CT-F-99-020503,PEM107,Omni Channel,Actual,CT250145,Contractor,MTS,P46070,Sale,2025-08-31,2025-08-05,2025-08-05,21996.66,3.0
VT-F-99-010721,PEM107,Omni Channel,Actual,VT250105,Contractor,MTS,P45906,Sale,2025-08-31,2025-08-05,2025-08-05,18063.45,1.0
CT-F-99-020501,PEM107,Omni Channel,Actual,CT250018,Contractor,MTS,P46123,Sale,2025-08-31,2025-08-05,2025-08-05,21341.43,3.0
VT-F-99-010721,PEM107,Omni Channel,Actual,VT250105,Contractor,MTS,P45906,Sale,2025-08-31,2025-08-05,2025-08-05,18063.45,1.0
CT-F-99-020502,PEM107,Omni Channel,Actual,CT250144,Contractor,MTS,P46069,Sale,2025-08-31,2025-08-05,2025-08-05,21781.65,3.0
VT-F-99-010721,PEM107,Omni Channel,Actual,VT250105,Contractor,MTS,P45906,Sale,2025-08-31,2025-08-05,2025-08-05,18063.45,1.0
CT-F-99-020502,PEM107,Omni Channel,Actual,CT250144,Contractor,MTS,P46069,Sale,2025-08-31,2025-08-05,2025-08-05,21781.65,3.0
VT-F-99-010721,PEM107,Omni Channel,Actual,VT250105,Contractor,MTS,P45906,Sale,2025-08-31,2025-08-05,2025-08-05,18063.45,1.0
CT-F-99-020502,PEM107,Omni Channel,Actual,CT250144,Contractor,MTS,P46069,Sale,2025-08-31,2025-08-05,2025-08-05,21781.65,3.0
VT-F-99-010721,PEM107,Omni Channel,Actual,VT250105,Contractor,MTS,P45906,Sale,2025-08-31,2025-08-05,2025-08-05,18063.45,1.0
CT-F-99-020505,PEM107,Omni Channel,Actual,CT250141,Contractor,MTS,P46072,Sale,2025-08-31,2025-08-05,2025-08-05,21966.72,3.0
VT-F-99-010721,PEM107,Omni Channel,Actual,VT250105,Contractor,MTS,P45906,Sale,2025-08-31,2025-08-05,2025-08-05,18063.45,1.0
CT-F-99-020501,PEM107,Omni Channel,Actual,CT250118,Contractor,MTS,P46123,Sale,2025-08-31,2025-08-05,2025-08-05,21341.43,3.0
VT-F-99-010721,PEM107,Omni Channel,Actual,VT250105,Contractor,MTS,P45906,Sale,2025-08-31,2025-08-05,2025-08-05,18063.45,1.0
CT-F-99-020504,PEM107,Omni Channel,Actual,CT250132,Contractor,MTS,P46071,Sale,2025-08-31,2025-08-05,2025-08-05,21996.66,3.0
VT-F-99-010721,PEM107,Omni Channel,Actual,VT250105,Contractor,MTS,P45906,Sale,2025-08-31,2025-08-05,2025-08-05,18063.45,1.0
CT-F-99-020503,PEM107,Omni Channel,Actual,CT250145,Contractor,MTS,P46070,Sale,2025-08-31,2025-08-05,2025-08-05,21996.66,3.0
VT-F-99-010721,PEM107,Omni Channel,Actual,VT250105,Contractor,MTS,P45906,Sale,2025-08-31,2025-08-05,2025-08-05,18063.45,1.0
CT-F-99-020502,PEM107,Omni Channel,Actual,CT250144,Contractor,MTS,P46069,Sale,2025-08-31,2025-08-05,2025-08-05,21781.65,3.0
VT-F-99-010721,PEM107,Omni Channel,Actual,VT250105,Smart Shop,MTS,P45906,Sale,2025-08-15,2025-08-05,2025-08-05,36126.9,2.0
CT-F-99-020502,PEM107,Omni Channel,Actual,CT250144,Smart Shop,MTS,P46069,Sale,2025-08-15,2025-08-05,2025-08-05,21781.65,3.0
CT-F-99-020504,PEM107,Omni Channel,Actual,CT250121,Smart Shop,MTS,P46071,Sale,2025-08-15,2025-08-05,2025-08-05,21996.66,3.0
VT-F-99-010721,PEM107,Omni Channel,Actual,VT250105,Smart Shop,MTS,P45906,Sale,2025-08-15,2025-08-05,2025-08-05,90317.25,5.0
CT-F-99-020502,PEM107,Omni Channel,Actual,CT250144,Smart Shop,MTS,P46069,Sale,2025-08-15,2025-08-05,2025-08-05,65344.95,9.0
CT-F-99-020503,PEM107,Omni Channel,Actual,CT250145,Smart Shop,MTS,P46070,Sale,2025-08-15,2025-08-05,2025-08-05,43993.32,6.0
VT-F-99-010203,PEM107,Omni Channel,Actual,VT250079,Smart Shop,MTS,P47174,Sale,2025-08-25,2025-08-06,2025-08-06,16528.06,2.0
CT-F-99-020502,PEM107,Omni Channel,Actual,CT250181,Smart Shop,MTS,P46069,Sale,2025-08-25,2025-08-06,2025-08-06,14521.1,2.0
CT-F-99-020504,PEM107,Omni Channel,Actual,"CT250132,CT250183",Smart Shop,MTS,P46071,Sale,2025-08-11,2025-08-06,2025-08-06,65989.98,9.0
VT-F-99-010721,PEM107,Omni Channel,Actual,VT250097,Smart Shop,MTS,P45906,Sale,2025-08-11,2025-08-06,2025-08-06,54190.35,3.0
RS-F-99-070003,PEM107,Omni Channel,Actual,RS250307,Cambodia,MTO,P45536,Sale,2025-09-08,2025-08-06,2025-08-06,20805.0,60.0
RS-F-99-070006,PEM107,Omni Channel,Actual,RS250308,Cambodia,MTO,P45676,Sale,2025-09-08,2025-08-06,2025-08-06,9777.6,30.0
VT-F-99-010202,PEM107,Omni Channel,Actual,VT250114,Cambodia,MTO,P45854,Sale,2025-09-08,2025-08-06,2025-08-06,143119.2,15.0
RS-F-99-070004,PEM107,Omni Channel,Actual,RS240309,Cambodia,MTO,P46104,Sale,2025-09-08,2025-08-06,2025-08-06,18709.8,60.0
RS-F-99-070005,PEM107,Omni Channel,Actual,RS250310,Cambodia,MTO,P46105,Sale,2025-09-08,2025-08-06,2025-08-06,9673.2,30.0
RS-F-99-070002,PEM107,Omni Channel,Actual,RS250306,Cambodia,MTO,P46106,Sale,2025-09-08,2025-08-06,2025-08-06,24501.6,60.0
RS-F-99-070007,PEM107,Omni Channel,Actual,RS250305,Cambodia,MTO,P46746,Sale,2025-09-08,2025-08-06,2025-08-06,36846.6,60.0
VT-F-99-010721,PEM107,Omni Channel,Actual,VT250105,Contractor,MTS,P45906,Sale,2025-08-29,2025-08-06,2025-08-06,90317.25,5.0
VT-F-99-010721,PEM107,Omni Channel,Actual,VT250097,Contractor,MTS,P45906,Sale,2025-08-07,2025-08-06,2025-08-06,18063.45,1.0
CT-F-99-020506,PEM107,Omni Channel,Actual,CT250162,Contractor,MTS,P46073,Sale,2025-08-07,2025-08-06,2025-08-06,22384.26,3.0
VT-F-99-010721,PEM107,Omni Channel,Actual,VT250097,,MTS,P45906,Sale,2025-08-14,2025-08-07,2025-08-07,18017.08,1.0
CT-F-99-020504,PEM107,Omni Channel,Actual,CT250132,,MTS,P46071,Sale,2025-08-14,2025-08-07,2025-08-07,21996.66,3.0
VT-F-99-010721,PEM107,Omni Channel,Actual,VT250105,Smart Shop,MTS,P45906,Sale,2025-09-03,2025-08-07,2025-08-07,18063.45,1.0
CT-F-99-020506,PEM107,Omni Channel,Actual,CT250185,Smart Shop,MTS,P46073,Sale,2025-09-03,2025-08-07,2025-08-07,22384.26,3.0
CT-F-99-020502,PEM107,Omni Channel,Actual,CT250213,Foreign Industry,MTO,P46069,Sale,2025-11-25,2025-08-07,2025-08-07,145211.0,20.0
CT-F-99-020503,PEM107,Omni Channel,Actual,CT250215,Foreign Industry,MTO,P46070,Sale,2025-11-25,2025-08-07,2025-08-07,146644.4,20.0
CT-F-99-020504,PEM107,Omni Channel,Actual,CT250217,Foreign Industry,MTO,P46071,Sale,2025-10-08,2025-08-07,2025-08-07,73322.2,10.0
CT-F-99-020505,PEM107,Omni Channel,Actual,CT250219,Foreign Industry,MTO,P46072,Sale,2025-11-25,2025-08-07,2025-08-07,73222.4,10.0
CT-F-99-020506,PEM107,Omni Channel,Actual,CT250220,Foreign Industry,MTO,P46073,Sale,2025-10-08,2025-08-07,2025-08-07,59691.36,8.0
CT-F-99-020514,PEM107,Omni Channel,Actual,CT250212,Foreign Industry,MTO,P51982,Sale,2025-10-08,2025-08-07,2025-08-07,143958.2,20.0
CT-F-99-020510,PEM107,Omni Channel,Actual,"VT250060,CT250143",,MTS,P50700,Sale,2025-08-13,2025-08-07,2025-08-07,26376.48,3.0
CT-F-99-020503,PEM107,Omni Channel,Actual,CT250063,Smart Shop,MTS,P46070,Sale,2025-08-15,2025-08-07,2025-08-07,21996.66,3.0
VT-F-99-010721,PEM107,Omni Channel,Actual,VT250097,Smart Shop,MTS,P45906,Sale,2025-08-15,2025-08-07,2025-08-07,18063.45,1.0
VT-F-99-010721,PEM107,Omni Channel,Actual,VT250105 ,End User,MTS,P45906,Sale,2025-08-22,2025-08-08,2025-08-08,18063.45,1.0
CT-F-99-020504,PEM107,Omni Channel,Actual,CT250183,End User,MTS,P46071,Sale,2025-08-22,2025-08-08,2025-08-08,21996.66,3.0
CT-F-99-020510,PEM107,Omni Channel,Actual,CT250143,Contractor,MTS,P46076,Sale,2025-08-08,2025-08-08,2025-08-08,26376.48,3.0
RS-F-99-070003,PDEMO,Omni Channel,Actual,,Foreign Industry,MTO,P45536,Sale,2025-10-08,2025-05-19,2025-05-19,67320.0,132.0
CT-F-99-020507,PEM107,Omni Channel,Actual,CT250098,Inside Group,MTS,P46074,Sale,2025-09-30,2025-08-11,2025-08-11,29962.36,4.0
CT-F-99-020508,PEM107,Omni Channel,Actual,CT250128,Inside Group,MTS,P46075,Sale,2025-09-30,2025-08-11,2025-08-11,17212.7,2.0
CT-F-99-020510,PEM107,Omni Channel,Actual,CT250115,Inside Group,MTS,P46076,Sale,2025-09-30,2025-08-11,2025-08-11,35168.64,4.0
CT-F-99-020512,PEM107,Omni Channel,Actual,CT250163,Inside Group,MTS,P46078,Sale,2025-09-30,2025-08-11,2025-08-11,281564.7,30.0
VT-F-99-010203,PEM107,Omni Channel,Actual,VT250096,Inside Group,MTS,P47174,Sale,2025-09-30,2025-08-11,2025-08-11,1223076.44,148.0
CT-F-99-020510,PEM107,Omni Channel,Actual,CT250143,Contractor,MTS,P46076,Sale,2025-08-15,2025-08-11,2025-08-11,26376.48,3.0
VT-F-99-010721,PEM107,Omni Channel,Actual,VT250097,Contractor,MTS,P45906,Sale,2025-08-15,2025-08-11,2025-08-11,18063.45,1.0
CT-F-99-020527,PEM107,Omni Channel,Actual,CT250164,Contractor,MTS,P45922,Sale,2025-08-13,2025-08-11,2025-08-11,15679.81,1.0
VT-F-99-010721,PEM107,Omni Channel,Actual,VT250105,Contractor,MTS,P45906,Sale,2025-09-05,2025-08-13,2025-08-13,18063.45,1.0
CT-F-99-020506,PEM107,Omni Channel,Actual,CT250162,Contractor,MTS,P46073,Sale,2025-09-05,2025-08-13,2025-08-13,22384.26,3.0
CT-F-99-020703,PEM107,Omni Channel,Actual,CT250225,Contractor,MTO,P46092,Sale,2025-09-12,2025-08-14,2025-08-14,24163.62,3.0
VT-F-99-010818,PEM107,Omni Channel,Actual,VT250120,Contractor,MTO,P51459,Sale,2025-09-12,2025-08-14,2025-08-14,24416.39,1.0
CT-F-99-020506,PEM107,Omni Channel,Actual,CT250185,Contractor,MTS,P46073,Sale,2025-09-10,2025-08-14,2025-08-14,22384.26,3.0
CT-F-99-020703,PEM107,Omni Channel,Actual,CT250225,Contractor,MTO,P46092,Sale,2025-09-12,2025-08-14,2025-08-14,24163.62,3.0
VT-F-99-010819,PEM107,Omni Channel,Actual,VT250094 ,Contractor,MTS,P46038,Sale,2025-09-12,2025-08-14,2025-08-14,25533.27,1.0
VT-F-99-010721,PEM107,Omni Channel,Actual,VT250097,,MTS,P45906,Sale,2025-08-15,2025-08-14,2025-08-14,18063.45,1.0
CT-F-99-020507,PEM107,Omni Channel,Actual,CT250098,,MTS,P46074,Sale,2025-08-15,2025-08-14,2025-08-14,22471.77,3.0
VT-F-99-010203,PEM107,Omni Channel,Actual,VT250079,Contractor,MTS,P47174,Sale,2025-08-15,2025-08-15,2025-08-15,16528.06,2.0
CT-F-99-020504,PEM107,Omni Channel,Actual,CT250121,Contractor,MTS,P46071,Sale,2025-08-15,2025-08-15,2025-08-15,14664.44,2.0
CT-F-99-020525,PEM107,Omni Channel,Actual,CT250075,Contractor,MTS,P45923,Sale,2025-08-28,2025-08-15,2025-08-15,46757.58,3.0
VT-F-99-010721,PEM107,Omni Channel,Actual,VT250097,Contractor,MTS,P45906,Sale,2025-08-28,2025-08-15,2025-08-15,18063.45,1.0
VT-F-99-010721,PEM107,Omni Channel,Actual,VT250105,Contractor,MTS,P45906,Sale,2025-08-15,2025-08-15,2025-08-15,18063.45,1.0
CT-F-99-020531,PEM107,Omni Channel,Actual,CT250071,Contractor,MTS,P46162,Sale,2025-08-15,2025-08-15,2025-08-15,46411.71,3.0
RS-F-99-100013,PEM107,Omni Channel,Actual,RS250322,Contractor,MTO,P51622,Sale,2025-09-15,2025-08-15,2025-08-15,45721.17,3.0
CT-F-99-020504,PEM107,Omni Channel,Actual,CT250304,Contractor,MTS,P46071,Sale,2025-12-08,2025-08-15,2025-08-15,21996.66,3.0
CT-F-99-020502,PEM107,Omni Channel,Actual,CT250181,Contractor,MTS,P46069,Sale,2025-08-18,2025-08-18,2025-08-18,21781.65,3.0
VT-F-99-010721,PEM107,Omni Channel,Actual,VT250097,Contractor,MTS,P45906,Sale,2025-08-18,2025-08-18,2025-08-18,18063.45,1.0
CT-F-99-020502,PEM107,Omni Channel,Actual,CT250181,Contractor,MTS,P46069,Sale,2025-08-26,2025-08-18,2025-08-18,21781.65,3.0
VT-F-99-010721,PEM107,Omni Channel,Actual,VT250105,Contractor,MTS,P45906,Sale,2025-08-26,2025-08-18,2025-08-18,18063.45,1.0
CT-F-99-020502,PEM107,Omni Channel,Actual,CT250181,Contractor,MTS,P46069,Sale,2025-09-12,2025-08-18,2025-08-18,21781.65,3.0
VT-F-99-010721,PEM107,Omni Channel,Actual,VT250105,Contractor,MTS,P45906,Sale,2025-09-12,2025-08-18,2025-08-18,18063.45,1.0
CT-F-99-020506,PEM107,Omni Channel,Actual,CT250162,Contractor,MTS,P46073,Sale,2025-08-18,2025-08-18,2025-08-18,22384.26,3.0
VT-F-99-010203,PEM107,Omni Channel,Actual,VT250078,Smart Shop,MTS,P47174,Sale,2025-08-20,2025-08-18,2025-08-18,16528.06,2.0
CT-F-99-020503,PEM107,Omni Channel,Actual,CT250063,Smart Shop,MTS,P46070,Sale,2025-08-20,2025-08-18,2025-08-18,14664.44,2.0
CT-F-99-020502,PEM107,Omni Channel,Actual,CT250181,Contractor,MTS,P46069,Sale,2025-08-28,2025-08-18,2025-08-18,21781.65,3.0
VT-F-99-010721,PEM107,Omni Channel,Actual,VT250105,Contractor,MTS,P45906,Sale,2025-08-28,2025-08-18,2025-08-18,18063.45,1.0
CT-F-99-020502,PEM107,Omni Channel,Actual,CT250181,Contractor,MTS,P46069,Sale,2025-10-07,2025-08-18,2025-08-18,21781.65,3.0
VT-F-99-010721,PEM107,Omni Channel,Actual,VT250105,Contractor,MTS,P45906,Sale,2025-08-21,2025-08-18,2025-08-18,18063.45,1.0
CT-F-99-020503,PEM107,Omni Channel,Actual,CT250145,Contractor,MTS,P46070,Sale,2025-08-20,2025-08-18,2025-08-18,21996.66,3.0
VT-F-99-010721,PEM107,Omni Channel,Actual,VT250105,Contractor,MTS,P45906,Sale,2025-10-07,2025-08-18,2025-08-18,18063.45,1.0
CT-F-99-020503,PEM107,Omni Channel,Actual,CT250145,Contractor,MTS,P46070,Sale,2025-08-26,2025-08-18,2025-08-18,21996.66,3.0
VT-F-99-010721,PEM107,Omni Channel,Actual,VT250105,Contractor,MTS,P45906,Sale,2025-08-26,2025-08-18,2025-08-18,18063.45,1.0
CT-F-99-020503,PEM107,Omni Channel,Actual,CT250145,Contractor,MTS,P46070,Sale,2025-10-07,2025-08-18,2025-08-18,21996.66,3.0
VT-F-99-010721,PEM107,Omni Channel,Actual,VT250105,Contractor,MTS,P45906,Sale,2025-08-27,2025-08-18,2025-08-18,18063.45,1.0
CT-F-99-020502,PEM107,Omni Channel,Actual,CT250181,Contractor,MTS,P46069,Sale,2025-08-25,2025-08-18,2025-08-18,21781.65,3.0
VT-F-99-010721,PEM107,Omni Channel,Actual,VT250105,Contractor,MTS,P45906,Sale,2025-10-07,2025-08-18,2025-08-18,18063.45,1.0
CT-F-99-020504,PEM107,Omni Channel,Actual,CT250132,Smart Shop,MTS,P46071,Sale,2025-09-01,2025-08-18,2025-08-18,14664.44,2.0
VT-F-99-010721,PEM107,Omni Channel,Actual,VT250097,Contractor,MTS,P45906,Sale,2025-08-19,2025-08-18,2025-08-18,18063.45,1.0
CT-F-99-020504,PEM107,Omni Channel,Actual,CT250183,Contractor,MTS,P46071,Sale,2025-09-26,2025-08-18,2025-08-18,21996.66,3.0
VT-F-99-010721,PEM107,Omni Channel,Actual,VT250105,Contractor,MTS,P45906,Sale,2025-08-29,2025-08-18,2025-08-18,18063.45,1.0
CT-F-99-020505,PEM107,Omni Channel,Actual,CT250141,Contractor,MTS,P46072,Sale,2025-08-22,2025-08-18,2025-08-18,21966.72,3.0
VT-F-99-010721,PEM107,Omni Channel,Actual,VT250105,Contractor,MTS,P45906,Sale,2025-08-22,2025-08-18,2025-08-18,18063.45,1.0
CT-F-99-020506,PEM107,Omni Channel,Actual,CT250185,Contractor,MTS,P46073,Sale,2025-08-22,2025-08-18,2025-08-18,22384.26,3.0
VT-F-99-010721,PEM107,Omni Channel,Actual,VT250105,Contractor,MTS,P45906,Sale,2025-09-26,2025-08-18,2025-08-18,18063.45,1.0
VT-F-99-010203,PEM107,Omni Channel,Actual,VT250078,private company,MTS,P47174,Sale,2025-09-02,2025-08-18,2025-08-18,49584.18,6.0
CT-F-99-020503,PEM107,Omni Channel,Actual,CT250063,private company,MTS,P46070,Sale,2025-09-02,2025-08-18,2025-08-18,43993.32,6.0
VT-F-99-010721,PEM107,Omni Channel,Actual,VT250105,private company,MTS,P45906,Sale,2025-08-28,2025-08-19,2025-08-19,18017.08,1.0
CT-F-99-020508,PEM107,Omni Channel,Actual,CT250109,private company,MTS,P46075,Sale,2025-08-28,2025-08-19,2025-08-19,23875.28,3.0
VT-F-99-010615,PEM107,Tendering,Actual,VT250101,Local Utility,MTO,P51718,Sale,2026-03-31,2025-08-19,2025-08-19,209734.2,9.0
VT-F-99-010722,PTS,Tendering,Actual,CTR-2025-04414,การไฟฟ้าส่วนภูมิภาค เขต 3  (ภาคกลาง),MTO,P52486,Sale,2025-10-01,2025-08-19,2025-08-19,580320.0,12.0
VT-F-99-010721,PEM107,Omni Channel,Actual,VT250105,Contractor,MTS,P45906,Sale,2025-09-10,2025-08-19,2025-08-19,18063.45,1.0
CT-F-99-020531,PEM107,Omni Channel,Actual,CT250188,Contractor,MTS,P46162,Sale,2025-09-10,2025-08-19,2025-08-19,46411.71,3.0
VT-F-99-010616,PEM107,Omni Channel,Actual,VT250121,Smart Shop,MTO,P51700,Sale,2025-09-19,2025-08-20,2025-08-20,22819.95,3.0
VT-F-99-010721,PEM107,Omni Channel,Actual,VT250105,Contractor,MTS,P45906,Sale,2025-10-14,2025-08-20,2025-08-20,18063.45,1.0
CT-F-99-020529,PEM107,Omni Channel,Actual,CT250228,Contractor,MTO,P46384,Sale,2025-10-14,2025-08-20,2025-08-20,52130.52,3.0
CT-F-99-020510,PEM107,Omni Channel,Actual,CT250143,Contractor,MTS,P46076,Sale,2025-08-22,2025-08-20,2025-08-20,26376.48,3.0
VT-F-99-010721,PEM107,Omni Channel,Actual,VT250105 ,Contractor,MTS,P45906,Sale,2025-08-22,2025-08-20,2025-08-20,18063.45,1.0
CT-F-99-020502,PEM107,Omni Channel,Actual,CT250181,Smart Shop,MTS,P46069,Sale,2025-09-01,2025-08-20,2025-08-20,21781.65,3.0
CT-F-99-020504,PEM107,Omni Channel,Actual,CT250183,Smart Shop,MTS,P46071,Sale,2025-09-01,2025-08-20,2025-08-20,21996.66,3.0
CT-F-99-020506,PEM107,Omni Channel,Actual,CT250185,Smart Shop,MTO,P46073,Sale,2025-09-01,2025-08-20,2025-08-20,22384.26,3.0
VT-F-99-010721,PEM107,Omni Channel,Actual,VT250105,Smart Shop,MTS,P45906,Sale,2025-09-01,2025-08-20,2025-08-20,54190.35,3.0
VT-F-99-010721,PEM107,Omni Channel,Actual,VT250105,Contractor,MTS,P45906,Sale,2025-08-28,2025-08-20,2025-08-20,18063.45,1.0
CT-F-99-020527,PEM107,Omni Channel,Actual,CT250189,Contractor,MTS,P45922,Sale,2025-08-28,2025-08-20,2025-08-20,47039.43,3.0
VT-F-99-010721,PEM107,Omni Channel,Actual,"VT250105,CT250181,CT250183",Smart Shop,MTO,P45906,Sale,2025-09-01,2025-08-20,2025-08-20,36126.9,2.0
RS-F-99-041010,PEM107,Omni Channel,Actual,RS250316,Cambodia,MTO,P48851,Sale,2025-09-26,2025-08-20,2025-08-20,60834.12,6.0
RS-F-99-041006,PEM107,Omni Channel,Actual,RS250317,Cambodia,MTO,P51318,Sale,2025-09-26,2025-08-20,2025-08-20,63346.2,6.0
RS-F-99-041007,PEM107,Omni Channel,Actual,RS250318,Cambodia,MTO,P51319,Sale,2025-09-26,2025-08-20,2025-08-20,30749.46,3.0
RS-F-99-041008,PEM107,Omni Channel,Actual,RS250319,Cambodia,MTO,P51320,Sale,2025-09-26,2025-08-20,2025-08-20,61145.76,6.0
CT-F-99-020502,PEM107,Omni Channel,Actual,"CT250181,CT250222",End User,MTO,P46069,Sale,2025-09-10,2025-08-21,2025-08-21,50823.85,7.0
CT-F-99-020503,PEM107,Omni Channel,Actual,CT250063,End User,MTS,P46070,Sale,2025-09-10,2025-08-21,2025-08-21,51325.54,7.0
CT-F-99-020504,PEM107,Omni Channel,Actual,CT250183,End User,MTS,P46071,Sale,2025-09-10,2025-08-21,2025-08-21,58657.76,8.0
VT-F-99-010303,PEM107,Omni Channel,Actual,VT250087,Dealer,MTS,P51638,Sale,2025-09-17,2025-08-21,2025-08-21,10251.39,1.0
CT-F-99-020709,PEM107,Omni Channel,Actual,CT250232,Dealer,MTO,P46098,Sale,2025-09-17,2025-08-21,2025-08-21,9449.65,1.0
VT-F-99-010203,PEM107,Omni Channel,Actual,VT250078,Dealer,MTS,P47174,Sale,2025-08-28,2025-08-21,2025-08-21,132224.48,16.0
CT-F-99-020507,PEM107,Omni Channel,Actual,CT250186,Contractor,MTS,P46074,Sale,2025-08-22,2025-08-21,2025-08-21,22471.77,3.0
VT-F-99-010721,PEM107,Omni Channel,Actual,VT250105,Contractor,MTS,P45906,Sale,2025-08-22,2025-08-21,2025-08-21,18063.45,1.0
VT-F-99-010203,PEM107,Omni Channel,Actual,VT250078,Smart Shop,MTS,P47174,Sale,2025-09-12,2025-08-21,2025-08-21,16528.06,2.0
RS-F-99-070002,PEM107,Omni Channel,Actual,RS250280,Foreign Industry,MTO,P45535,Sale,2025-10-08,2025-07-17,2025-07-17,33893.88,83.0
VT-F-99-010203,PEM107,Omni Channel,Actual,VT250078,Smart Shop,MTS,P47174,Sale,2025-09-12,2025-08-21,2025-08-21,16528.06,2.0
CT-F-99-020502,PEM107,Omni Channel,Actual,CT250222,Smart Shop,MTS,P46069,Sale,2025-09-12,2025-08-21,2025-08-21,14521.1,2.0
CT-F-99-020503,PEM107,Omni Channel,Actual,CT250145,Contractor,MTS,P46070,Sale,2025-08-29,2025-08-21,2025-08-21,21996.66,3.0
CT-F-99-020506,PEM107,Omni Channel,Actual,CT250185,Contractor,MTS,P46073,Sale,2025-08-25,2025-08-21,2025-08-21,22384.26,3.0
VT-F-99-010721,PEM107,Omni Channel,Actual,VT250105,Contractor,MTS,P45906,Sale,2025-08-25,2025-08-21,2025-08-21,18063.45,1.0
CT-F-99-020505,PEM107,Omni Channel,Actual,CT250045,Contractor,MTS,P46072,Sale,2025-08-29,2025-08-21,2025-08-21,21966.72,3.0
VT-F-99-010203,PPD101,Omni Channel,Actual,,Foreign Industry,MTO,P3555,Sale,2025-10-08,2024-08-14,2024-08-14,874800.0,72.0
RS-F-99-010127,PEM107,Omni Channel,Actual,RS250330,Contractor,MTO,P45771,Sale,2025-10-30,2025-08-22,2025-08-22,18353.82,2.0
RS-F-99-010128,PEM107,Omni Channel,Actual,RS250329,Contractor,MTO,P45547,Sale,2025-10-30,2025-08-22,2025-08-22,37170.2,4.0
RS-F-99-010123,PEM107,Omni Channel,Actual,RS250331,Contractor,MTO,P46977,Sale,2025-10-30,2025-08-22,2025-08-22,18796.96,2.0
VT-F-99-010722,PEM107,Omni Channel,Actual,VT250098,Contractor,MTS,P45848,Sale,2025-09-04,2025-08-22,2025-08-22,54081.78,2.0
CT-F-99-020507,PEM107,Omni Channel,Actual,CT250186,Contractor,MTS,P46074,Sale,2025-09-16,2025-08-25,2025-08-25,22471.77,3.0
VT-F-99-010721,PEM107,Omni Channel,Actual,VT250105,Contractor,MTS,P45906,Sale,2025-09-16,2025-08-25,2025-08-25,18063.45,1.0
CT-F-99-020508,PEM107,Omni Channel,Actual,CT250142,Contractor,MTS,P46075,Sale,2025-09-17,2025-08-25,2025-08-25,25819.05,3.0
VT-F-99-010721,PEM107,Omni Channel,Actual,VT250105,Contractor,MTS,P45906,Sale,2025-09-17,2025-08-25,2025-08-25,18063.45,1.0
CT-F-99-020508,PEM107,Omni Channel,Actual,CT250128,Contractor,MTS,P46075,Sale,2025-09-24,2025-08-25,2025-08-25,25819.05,3.0
VT-F-99-010721,PEM107,Omni Channel,Actual,VT250105,Contractor,MTS,P45906,Sale,2025-09-24,2025-08-25,2025-08-25,18063.45,1.0
CT-F-99-020708,PEM107,Omni Channel,Actual,CT250234,Contractor,MTS,P46096,Sale,2025-09-12,2025-08-25,2025-08-25,27029.22,3.0
VT-F-99-010819,PEM107,Omni Channel,Actual,VT250094,Contractor,MTS,P46038,Sale,2025-09-12,2025-08-25,2025-08-25,25533.27,1.0
CT-F-99-020508,PEM107,Omni Channel,Actual,CT250128,Contractor,MTS,P46075,Sale,2025-09-22,2025-08-25,2025-08-25,25819.05,3.0
VT-F-99-010721,PEM107,Omni Channel,Actual,VT250105,Contractor,MTS,P45906,Sale,2025-09-22,2025-08-25,2025-08-25,18063.45,1.0
CT-F-99-020507,PEM107,Omni Channel,Actual,CT250186,Contractor,MTS,P46074,Sale,2025-09-18,2025-08-25,2025-08-25,22471.77,3.0
CT-F-99-020507,PEM107,Omni Channel,Actual,CT250186,Contractor,MTS,P46074,Sale,2025-08-29,2025-08-25,2025-08-25,22471.77,3.0
CT-F-99-020507,PEM107,Omni Channel,Actual,CT250186,Contractor,MTS,P46074,Sale,2025-09-23,2025-08-25,2025-08-25,22471.77,3.0
CT-F-99-020507,PEM107,Omni Channel,Actual,CT250186,Contractor,MTS,P46074,Sale,2025-09-17,2025-08-25,2025-08-25,22471.77,3.0
CT-F-99-020507,PEM107,Omni Channel,Actual,CT250186,Contractor,MTS,P46074,Sale,2025-09-23,2025-08-25,2025-08-25,22471.77,3.0
CT-F-99-020508,PEM107,Omni Channel,Actual,CT250142,Contractor,MTS,P46075,Sale,2025-09-16,2025-08-25,2025-08-25,25819.05,3.0
CT-F-99-020507,PEM107,Omni Channel,Actual,CT250186,Contractor,MTS,P46074,Sale,2025-09-22,2025-08-25,2025-08-25,22471.77,3.0
CT-F-99-020507,PEM107,Omni Channel,Actual,CT250186,Contractor,MTS,P46074,Sale,2025-09-18,2025-08-25,2025-08-25,22471.77,3.0
CT-F-99-020508,PEM107,Omni Channel,Actual,CT250142,Contractor,MTS,P46075,Sale,2025-09-17,2025-08-25,2025-08-25,25819.05,3.0
CT-F-99-020508,PEM107,Omni Channel,Actual,CT250142,Contractor,MTS,P46075,Sale,2025-09-23,2025-08-25,2025-08-25,25819.05,3.0
CT-F-99-020506,PEM107,Omni Channel,Actual,CT250162,Contractor,MTS,P46073,Sale,2025-08-31,2025-08-25,2025-08-25,22384.26,3.0
VT-F-99-010721,PEM107,Omni Channel,Actual,VT250105,Contractor,MTS,P45906,Sale,2025-08-31,2025-08-25,2025-08-25,18063.45,1.0
VT-F-99-010721,PEM107,Omni Channel,Actual,VT250105,,MTS,P45906,Sale,2025-08-29,2025-08-25,2025-08-25,17945.63,1.0
CT-F-99-020528,PEM107,Omni Channel,Actual,CT250180,,MTS,P45962,Sale,2025-08-29,2025-08-25,2025-08-25,44676.18,3.0
VT-F-99-010721,PEM107,Omni Channel,Actual,VT250105,Contractor,MTS,P45906,Sale,2025-08-26,2025-08-26,2025-08-26,18063.45,1.0
CT-F-99-020502,PEM107,Omni Channel,Actual,CT250181,Contractor,MTS,P46069,Sale,2025-08-26,2025-08-26,2025-08-26,21781.65,3.0
CT-F-99-020530,PEM107,Omni Channel,Actual,CT250197 ,Contractor,MTS,P45966,Sale,2025-08-26,2025-08-26,2025-08-26,50750.64,3.0
VT-F-99-010721,PEM107,Omni Channel,Actual,VT250105,Contractor,MTS,P45906,Sale,2025-10-24,2025-08-26,2025-08-26,17945.63,1.0
CT-F-99-020504,PEM107,Omni Channel,Actual,CT250183,Contractor,MTS,P46071,Sale,2025-10-24,2025-08-26,2025-08-26,20514.0,3.0
CT-F-99-020528,PEM107,Omni Channel,Actual,CT250180,Contractor,MTS,P45962,Sale,2025-08-27,2025-08-26,2025-08-26,51237.24,3.0
VT-F-99-010721,PEM107,Omni Channel,Actual,VT250097,Contractor,MTS,P45906,Sale,2025-08-27,2025-08-26,2025-08-26,18063.45,1.0
CT-F-99-020524,PEM107,Omni Channel,Actual,"VT250097,CT250180 ,SL250008",Contractor,MTS,P45905,Sale,2025-09-01,2025-07-24,2025-07-24,47029.2,3.0
CT-F-99-020530,PEM107,Omni Channel,Actual,CT250197,Contractor,MTS,P45966,Sale,2025-09-03,2025-08-27,2025-08-27,50750.64,3.0
VT-F-99-010721,PEM107,Omni Channel,Actual,VT250105,Contractor,MTS,P45906,Sale,2025-08-29,2025-08-27,2025-08-27,18063.45,1.0
VT-F-99-010203,PEM107,Omni Channel,Actual,SR250017 VT250116,Smart Shop,MTS,P47174,Sale,2025-10-07,2025-05-13,2025-05-13,16528.06,2.0
CT-F-99-020511,PEM107,Omni Channel,Actual,SR250017 CT250137,Smart Shop,MTO,P46077,Sale,2025-10-07,2025-05-13,2025-05-13,17602.42,2.0
VT-F-99-010721,PEM107,Omni Channel,Actual,VT250105,Contractor,MTS,P45906,Sale,2025-08-29,2025-08-21,2025-08-21,18063.45,1.0
VT-F-99-010721,PEM107,Omni Channel,Actual,VT250105,Contractor,MTS,P45906,Sale,2025-08-29,2025-08-21,2025-08-21,18063.45,1.0
VT-F-99-010721,PEM107,Omni Channel,Actual,VT250105,,MTS,P45906,Sale,2025-09-19,2025-08-28,2025-08-28,18063.45,1.0
CT-F-99-020506,PEM107,Omni Channel,Actual,CT250185,,MTS,P46073,Sale,2025-09-19,2025-08-28,2025-08-28,22384.26,3.0
VT-F-99-010721,PEM107,Omni Channel,Actual,VT250105,Contractor,MTS,P45906,Sale,2025-09-03,2025-08-28,2025-08-28,18063.45,1.0
CT-F-99-020506,PEM107,Omni Channel,Actual,CT250185,Contractor,MTS,P46073,Sale,2025-09-03,2025-08-28,2025-08-28,22384.26,3.0
VT-F-99-010715,PEM107,Omni Channel,Actual,VT250093,Contractor,MTS,P46029,Sale,2025-09-19,2025-08-28,2025-08-28,19790.51,1.0
CT-F-99-020507,PEM107,Omni Channel,Actual,CT250186,Contractor,MTS,P46074,Sale,2025-09-19,2025-08-28,2025-08-28,22471.77,3.0
CT-F-99-020508,PEM107,Omni Channel,Actual,CT250187,Contractor,MTS,P46075,Sale,2025-09-26,2025-08-29,2025-08-29,25819.05,3.0
CT-F-99-020506,PEM107,Omni Channel,Actual,CT250185,Contractor,MTS,P46073,Sale,2025-09-04,2025-08-29,2025-08-29,22384.26,3.0
VT-F-99-010721,PEM107,Omni Channel,Actual,VT250105,Contractor,MTS,P45906,Sale,2025-09-04,2025-08-29,2025-08-29,18063.45,1.0
VT-F-99-010721,PEM107,Omni Channel,Actual,VT250105,Contractor,MTS,P45906,Sale,2025-08-30,2025-08-29,2025-08-29,18063.45,1.0
CT-F-99-020508,PEM107,Omni Channel,Actual,CT250142,Contractor,MTS,P46075,Sale,2025-08-30,2025-08-29,2025-08-29,25819.05,3.0
CT-F-99-020504,PEM107,Omni Channel,Actual,CT250183,Dealer,MTS,P46071,Sale,2025-09-19,2025-08-29,2025-08-29,21996.66,3.0
CT-F-99-020501,PDEMO,Omni Channel,Actual,,Foreign Industry,,P46123,Sale,2025-11-17,2025-05-19,2025-05-19,465000.0,50.0
VT-F-99-010203,PDEMO,Omni Channel,Actual,,Foreign Industry,MTO,P47174,Sale,2025-12-22,2025-05-19,2025-05-19,607500.0,50.0
CT-F-99-020507,PEM107,Omni Channel,Actual,CT250224,Contractor,MTS,P46074,Sale,2025-09-08,2025-08-29,2025-08-29,22471.77,3.0
VT-F-99-010721,PEM107,Omni Channel,Actual,VT250105,Contractor,MTS,P45906,Sale,2025-09-08,2025-08-29,2025-08-29,18063.45,1.0
CT-F-99-020510,PEM107,Omni Channel,Actual,"CT250009, CT250065",Dealer,MTS,P46076,Sale,2025-10-24,2025-08-29,2025-08-29,26376.48,3.0
VT-F-99-010203,PEM107,Omni Channel,Actual,VT250078,Smart Shop,MTS,P47174,Sale,2025-09-03,2025-09-01,2025-09-01,16528.06,2.0
CT-F-99-020504,PEM107,Omni Channel,Actual,CT250183,Smart Shop,MTS,P46071,Sale,2025-09-03,2025-09-01,2025-09-01,14664.44,2.0
VT-F-99-010721,PEM107,Omni Channel,Actual,VT250105,Contractor,MTS,P45906,Sale,2026-05-29,2025-09-01,2025-09-01,18063.45,1.0
CT-F-99-020504,PEM107,Omni Channel,Actual,CT250183,Contractor,MTS,P46071,Sale,2026-05-29,2025-09-01,2025-09-01,20514.0,3.0
VT-F-99-010721,PEM107,Omni Channel,Actual,VT250105,Contractor,MTS,P45906,Sale,2025-09-05,2025-09-01,2025-09-01,18063.45,1.0
CT-F-99-020504,PEM107,Omni Channel,Actual,CT250183,Contractor,MTS,P46071,Sale,2025-09-05,2025-09-01,2025-09-01,20514.01,3.0
VT-F-99-010721,PEM107,Omni Channel,Actual,VT250105,Contractor,MTS,P45906,Sale,2025-09-10,2025-09-02,2025-09-02,18063.45,1.0
CT-F-99-020528,PEM107,Omni Channel,Actual,CT250180,Contractor,MTS,P45962,Sale,2025-09-10,2025-09-02,2025-09-02,17079.08,1.0
CT-F-99-020508,PEM107,Omni Channel,Actual,CT250187,Contractor,MTS,P46075,Sale,2025-10-03,2025-09-02,2025-09-02,25819.05,3.0
VT-F-99-010721,PEM107,Omni Channel,Actual,VT250105,Contractor,MTS,P45906,Sale,2025-10-03,2025-09-02,2025-09-02,18063.45,1.0
CT-F-99-020504,PEM107,Omni Channel,Actual,CT250183,Contractor,MTS,P46071,Sale,2025-09-19,2025-09-02,2025-09-02,21996.66,3.0
VT-F-99-010721,PEM107,Omni Channel,Actual,VT250122,Contractor,MTS,P45906,Sale,2025-09-19,2025-09-02,2025-09-02,18063.45,1.0
CT-F-99-020504,PEM107,Omni Channel,Actual,CT250183,Contractor,MTS,P46071,Sale,2025-09-25,2025-09-02,2025-09-02,21996.66,3.0
VT-F-99-010721,PEM107,Omni Channel,Actual,VT250122,Contractor,MTS,P45906,Sale,2025-09-25,2025-09-02,2025-09-02,18063.45,1.0
CT-F-99-020504,PEM107,Omni Channel,Actual,CT250183,Contractor,MTS,P46071,Sale,2025-09-15,2025-09-02,2025-09-02,21996.66,3.0
VT-F-99-010721,PEM107,Omni Channel,Actual,VT250122,Contractor,MTS,P45906,Sale,2025-09-15,2025-09-02,2025-09-02,18063.45,1.0
CT-F-99-020530,PEM107,Omni Channel,Actual,CT250197,Contractor,MTS,P45966,Sale,2025-09-22,2025-09-02,2025-09-02,50750.64,3.0
VT-F-99-010701,PEM107,Omni Channel,Actual,VT250106,Contractor,MTS,P46255,Sale,2025-09-30,2025-09-02,2025-09-02,20503.23,1.0
CT-F-99-020527,PEM107,Omni Channel,Actual,CT250189,Contractor,MTS,P46935,Sale,2025-09-05,2025-09-02,2025-09-02,47039.43,3.0
CT-F-99-020527,PEM107,Omni Channel,Actual,CT250189,Contractor,MTS,P45922,Sale,2025-09-05,2025-09-03,2025-09-03,47039.43,3.0
VT-F-99-010721,PEM107,Omni Channel,Actual,VT250105,Contractor,MTS,P45906,Sale,2025-09-05,2025-09-03,2025-09-03,18063.45,1.0
CT-F-99-020505,PEM107,Omni Channel,Actual,CT250141,Smart Shop,MTS,P46072,Sale,2025-09-11,2025-09-03,2025-09-03,43933.44,6.0
VT-F-99-010721,PEM107,Omni Channel,Actual,VT250105,Smart Shop,MTS,P45906,Sale,2025-09-11,2025-09-03,2025-09-03,36126.9,2.0
CT-F-99-020507,PEM107,Omni Channel,Actual,"VT250060,CT250132",Contractor,MTS,P46074,Sale,2025-09-05,2025-08-08,2025-08-08,22471.77,3.0
VT-F-99-010721,PEM107,Omni Channel,Actual,VT250122,End User,MTS,P45906,Sale,2025-09-18,2025-09-03,2025-09-03,18063.45,1.0
CT-F-99-020510,PEM107,Omni Channel,Actual,CT250115,End User,MTS,P46076,Sale,2025-09-18,2025-09-03,2025-09-03,26376.48,3.0
CT-F-99-020508,PEM107,Omni Channel,Actual,CT250142,End User,MTS,P46075,Sale,2025-09-12,2025-09-03,2025-09-03,25819.05,3.0
CT-F-99-020506,PEM107,Omni Channel,Actual,CT250185,Contractor,MTS,P46073,Sale,2025-09-15,2025-09-03,2025-09-03,22384.26,3.0
CT-F-99-020507,PEM107,Omni Channel,Actual,CT250224,Smart Shop,MTS,P46074,Sale,2025-09-12,2025-09-03,2025-09-03,22471.77,3.0
VT-F-99-010721,PEM107,Omni Channel,Actual,VT250105,Smart Shop,MTS,P45906,Sale,2025-09-12,2025-09-03,2025-09-03,18063.45,1.0
VT-F-99-010721,PEM107,Omni Channel,Actual,VT250122,,MTS,P45906,Sale,2025-09-19,2025-09-05,2025-09-05,18063.45,1.0
CT-F-99-020506,PEM107,Omni Channel,Actual,CT250185,,MTS,P46073,Sale,2025-09-19,2025-09-05,2025-09-05,22384.26,3.0
CT-F-99-020528,PEM107,Omni Channel,Actual,CT250205,private company,MTS,P45962,Sale,2025-09-26,2025-09-05,2025-09-05,51237.24,3.0
CT-F-99-020506,PEM107,Omni Channel,Actual,CT250162,Contractor,MTS,P46073,Sale,2025-09-09,2025-09-08,2025-09-08,14922.84,2.0
VT-F-99-010203,PEM107,Omni Channel,Actual,VT250116,Smart Shop,MTS,P47174,Sale,2025-09-12,2025-09-08,2025-09-08,16528.06,2.0
CT-F-99-020503,PEM107,Omni Channel,Actual,CT250063,Smart Shop,MTS,P46070,Sale,2025-09-12,2025-09-08,2025-09-08,14664.44,2.0
VT-F-99-010701,PEM107,Omni Channel,Actual,VT250118,End User,MTS,P46255,Sale,2025-09-12,2025-09-08,2025-09-08,20503.23,1.0
CT-F-99-020510,PEM107,Omni Channel,Actual,CT250202,การไฟฟ้าส่วนภูมิภาค เขต 2  (ภาคกลาง),MTS,P46076,Sale,2025-10-03,2025-09-08,2025-09-08,35168.64,4.0
VT-F-99-010203,PEM107,Omni Channel,Actual,VT250116,การไฟฟ้าส่วนภูมิภาค เขต 2  (ภาคกลาง),MTS,P47174,Sale,2025-10-03,2025-09-08,2025-09-08,33056.12,4.0
VT-F-99-010819,PEM107,Omni Channel,Actual,VT250094,การไฟฟ้าส่วนภูมิภาค เขต 3 (ภาคใต้),MTS,P46038,Sale,2025-10-16,2025-09-09,2025-09-09,25533.27,1.0
CT-F-99-020706,PEM107,Omni Channel,Actual,CT250239,การไฟฟ้าส่วนภูมิภาค เขต 3 (ภาคใต้),MTO,P46095,Sale,2025-10-16,2025-09-09,2025-09-09,23751.6,3.0
VT-F-99-010203,PEM107,Omni Channel,Actual,"VT250119,VT250127",Dealer,MTS,P47174,Sale,2025-10-03,2025-09-09,2025-09-09,33056.12,4.0
CT-F-99-020510,PEM107,Omni Channel,Actual,CT250202,Dealer,MTS,P46076,Sale,2025-10-03,2025-09-09,2025-09-09,17584.32,2.0
CT-F-99-020511,PEM107,Omni Channel,Actual,CT250122,Dealer,MTS,P46077,Sale,2025-10-03,2025-09-09,2025-09-09,17602.42,2.0
VT-F-99-010721,PEM107,Omni Channel,Actual,VT250122,End User,MTS,P45906,Sale,2025-09-15,2025-09-10,2025-09-10,18063.45,1.0
VT-F-99-010721,PEM107,Omni Channel,Actual,"VT250083,VT250105",Contractor,MTS,P45906,Sale,2025-09-16,2025-09-10,2025-09-10,36126.9,2.0
CT-F-99-020508,PEM107,Omni Channel,Actual,CT250128,Contractor,MTS,P46075,Sale,2025-09-16,2025-09-10,2025-09-10,25819.05,3.0
CT-F-99-020510,PEM107,Omni Channel,Actual,CT250115,Contractor,MTS,P46076,Sale,2025-09-16,2025-09-10,2025-09-10,26376.48,3.0
VT-F-99-010721,PEM107,Omni Channel,Actual,VT250122,Smart Shop,MTS,P45906,Sale,2025-09-19,2025-09-10,2025-09-10,18063.45,1.0
CT-F-99-020504,PEM107,Omni Channel,Actual,CT250183,Smart Shop,MTS,P46071,Sale,2025-09-19,2025-09-10,2025-09-10,21996.66,3.0
CT-F-99-020504,PEM107,Omni Channel,Actual,CT250183,Smart Shop,MTS,P46071,Sale,2025-09-30,2025-09-11,2025-09-11,14664.44,2.0
CT-F-99-020506,PEM107,Omni Channel,Actual,"CT250162,CT250185",Smart Shop,MTS,P46073,Sale,2025-09-30,2025-09-11,2025-09-11,44768.52,6.0
VT-F-99-010209,PEM107,Omni Channel,Actual,VT250129,Smart Shop,MTO,P45569,Sale,2025-09-30,2025-09-11,2025-09-11,66271.2,8.0
VT-F-99-010303,PEM107,Omni Channel,Actual,VT250090,Contractor,MTS,P51638,Sale,2025-10-10,2025-09-11,2025-09-11,41005.56,4.0
CT-F-99-020703,PEM107,Omni Channel,Actual,CT250242,Contractor,MTO,P46092,Sale,2025-10-10,2025-09-11,2025-09-11,16109.08,2.0
CT-F-99-020702,PEM107,Omni Channel,Actual,CT250241,Contractor,MTO,P46091,Sale,2025-10-10,2025-09-11,2025-09-11,15944.86,2.0
CT-F-99-020506,PEM107,Omni Channel,Actual,CT250185,Contractor,MTS,P46073,Sale,2025-09-12,2025-09-11,2025-09-11,22384.26,3.0
VT-F-99-010203,PEM107,Omni Channel,Actual,VT250127,Contractor,MTS,P47174,Sale,2025-10-07,2025-09-11,2025-09-11,108763.62,14.0
CT-F-99-020508,PEM107,Omni Channel,Actual,CT250236 ,Contractor,MTS,P46075,Sale,2025-10-07,2025-09-11,2025-09-11,16236.12,2.0
CT-F-99-020510,PEM107,Omni Channel,Actual,CT250202,Contractor,MTS,P46076,Sale,2025-10-07,2025-09-11,2025-09-11,16980.3,2.0
CT-F-99-020511,PEM107,Omni Channel,Actual,CT250122,Contractor,MTS,P46077,Sale,2025-10-07,2025-09-11,2025-09-11,86914.3,10.0
VT-F-99-010715,PEM107,Omni Channel,Actual,VT250139,Contractor,MTS,P46029,Sale,2025-11-30,2025-09-12,2025-09-12,19790.51,1.0
CT-F-99-020505,PEM107,Omni Channel,Actual,CT250141,Contractor,MTS,P46072,Sale,2025-11-30,2025-09-12,2025-09-12,21966.72,3.0
VT-F-99-010203,PEM107,Omni Channel,Actual,VT250130,Dealer,MTS,P47174,Sale,2025-10-10,2025-09-12,2025-09-12,148752.54,18.0
CT-F-99-020508,PEM107,Omni Channel,Actual,CT250236,Dealer,MTS,P46075,Sale,2025-10-10,2025-09-12,2025-09-12,86063.5,10.0
CT-F-99-020510,PEM107,Omni Channel,Actual,CT250243,Dealer,MTS,P46076,Sale,2025-10-10,2025-09-12,2025-09-12,35168.64,4.0
CT-F-99-020511,PEM107,Omni Channel,Actual,CT250122,Dealer,MTS,P46077,Sale,2025-10-10,2025-09-12,2025-09-12,35204.84,4.0
VT-F-99-010203,PEM107,Omni Channel,Actual,VT250130,Dealer,MTS,P47174,Sale,2025-10-10,2025-09-12,2025-09-12,99168.36,12.0
CT-F-99-020508,PEM107,Omni Channel,Actual,CT250236,Dealer,MTS,P46075,Sale,2025-10-10,2025-09-12,2025-09-12,17212.7,2.0
CT-F-99-020510,PEM107,Omni Channel,Actual,CT250243,Dealer,MTS,P46076,Sale,2025-10-10,2025-09-12,2025-09-12,35168.64,4.0
CT-F-99-020511,PEM107,Omni Channel,Actual,CT250066,Dealer,MTS,P46077,Sale,2025-10-10,2025-09-12,2025-09-12,52807.26,6.0
VT-F-99-010303,PEM107,Omni Channel,Actual,VT250090,Contractor,MTO,P51638,Sale,2025-10-10,2025-09-12,2025-09-12,20502.78,2.0
CT-F-99-020703,PEM107,Omni Channel,Actual,CT250244,Contractor,MTO,P46092,Sale,2025-10-10,2025-09-12,2025-09-12,16109.08,2.0
VT-F-99-010203,PEM107,Omni Channel,Actual,VT250131,Dealer,MTS,P47174,Sale,2025-10-07,2025-09-12,2025-09-12,132224.48,16.0
CT-F-99-020508,PEM107,Omni Channel,Actual,CT250236,Dealer,MTS,P46075,Sale,2025-10-07,2025-09-12,2025-09-12,51638.1,6.0
CT-F-99-020510,PEM107,Omni Channel,Actual,CT250243,Dealer,MTS,P46076,Sale,2025-10-07,2025-09-12,2025-09-12,35168.64,4.0
CT-F-99-020511,PEM107,Omni Channel,Actual,CT250201,Dealer,MTS,P46077,Sale,2025-10-07,2025-09-12,2025-09-12,52807.26,6.0
VT-F-99-010721,PEM107,Omni Channel,Actual,VT250122,Smart Shop,MTS,P45906,Sale,2025-09-19,2025-09-12,2025-09-12,18063.45,1.0
CT-F-99-020503,PEM107,Omni Channel,Actual,CT250182,Smart Shop,MTS,P46070,Sale,2025-09-19,2025-09-12,2025-09-12,21996.66,3.0
CT-F-99-020508,PEM107,Omni Channel,Actual,CT250109,Smart Shop,MTS,P46075,Sale,2025-09-17,2025-09-15,2025-09-15,17212.7,2.0
RS-F-99-010128,PEM107,Omni Channel,Actual,RS250347,Contractor,MTO,P45547,Sale,2025-11-03,2025-09-15,2025-09-15,18585.1,2.0
RS-F-99-010122,PEM107,Omni Channel,Actual,RS250348,Contractor,MTO,P46976,Sale,2025-11-03,2025-09-15,2025-09-15,37991.68,4.0
RS-F-99-010124,PEM107,Omni Channel,Actual,RS250349,Contractor,MTO,P46978,Sale,2025-11-03,2025-09-15,2025-09-15,18759.46,2.0
VT-F-99-010203,PEM107,Omni Channel,Actual,VT250131,Dealer,MTS,P47174,Sale,2025-10-10,2025-09-15,2025-09-15,132224.48,16.0
CT-F-99-020508,PEM107,Omni Channel,Actual,CT250245,Dealer,MTS,P46075,Sale,2025-10-10,2025-09-15,2025-09-15,17212.7,2.0
CT-F-99-020510,PEM107,Omni Channel,Actual,CT250243,Dealer,MTS,P46076,Sale,2025-10-10,2025-09-15,2025-09-15,70337.28,8.0
CT-F-99-020511,PEM107,Omni Channel,Actual,CT250248,Dealer,MTS,P46077,Sale,2025-10-10,2025-09-15,2025-09-15,52807.26,6.0
CT-F-99-020506,PEM107,Omni Channel,Actual,CT250185,Contractor,MTS,P46073,Sale,2025-09-25,2025-09-15,2025-09-15,22384.26,3.0
CT-F-99-020505,PEM107,Omni Channel,Actual,CT250141,Contractor,MTS,P46072,Sale,2025-09-26,2025-09-15,2025-09-15,21966.72,3.0
VT-F-99-010721,PEM107,Omni Channel,Actual,VT250122,Contractor,MTS,P45906,Sale,2025-09-26,2025-09-15,2025-09-15,18063.45,1.0
CT-F-99-020503,PEM107,Omni Channel,Actual,CT250063,Contractor,MTS,P46070,Sale,2025-09-25,2025-09-15,2025-09-15,21996.66,3.0
RS-F-99-090028,PEM107,Omni Channel,Actual,RS250350,Small Enduser,MTO,P47269,Sale,2025-10-31,2025-09-15,2025-09-15,11558.75,5.0
VT-F-99-010721,PEM107,Omni Channel,Actual,VT250122,Contractor,MTS,P45906,Sale,2025-09-25,2025-09-15,2025-09-15,18063.45,1.0
VT-F-99-010721,PEM107,Omni Channel,Actual,VT250105,Contractor,MTS,P45906,Sale,2025-09-19,2025-09-16,2025-09-16,18063.45,1.0
CT-F-99-020505,PEM107,Omni Channel,Actual,CT250141,Contractor,MTS,P46072,Sale,2025-09-19,2025-09-16,2025-09-16,21966.72,3.0
CT-F-99-020505,PEM107,Omni Channel,Actual,CT250184,Contractor,MTS,P46072,Sale,2025-12-19,2025-09-16,2025-09-16,21966.72,3.0
CT-F-99-020504,PEM107,Omni Channel,Actual,CT250183,Contractor,MTS,P46071,Sale,2025-12-19,2025-09-16,2025-09-16,21996.66,3.0
VT-F-99-010721,PEM107,Omni Channel,Actual,VT250122,Contractor,MTS,P45906,Sale,2025-12-19,2025-09-16,2025-09-16,36126.9,2.0
CT-F-99-020508,PEM107,Omni Channel,Actual,CT250187,Contractor,MTS,P46075,Sale,2025-09-19,2025-09-16,2025-09-16,25819.05,3.0
VT-F-99-010203,PEM107,Omni Channel,Actual,VT250116,Smart Shop,MTS,P47174,Sale,2025-09-19,2025-09-16,2025-09-16,16528.06,2.0
CT-F-99-020502,PEM107,Omni Channel,Actual,CT250222,Smart Shop,MTS,P46069,Sale,2025-09-19,2025-09-16,2025-09-16,14521.1,2.0
VT-F-99-010203,PEM107,Omni Channel,Actual,VT250116,Dealer,MTS,P47174,Sale,2025-09-16,2025-09-16,2025-09-16,16528.06,2.0
CT-F-99-020504,PEM107,Omni Channel,Actual,CT250183,Dealer,MTS,P46071,Sale,2025-09-16,2025-09-16,2025-09-16,14664.44,2.0
VT-F-99-010721,PEM107,Omni Channel,Actual,VT250122,Contractor,MTS,P45906,Sale,2025-09-25,2025-09-16,2025-09-16,18063.45,1.0
CT-F-99-020530,PEM107,Omni Channel,Actual,CT250197,Contractor,MTS,P45966,Sale,2025-09-25,2025-09-16,2025-09-16,50750.64,3.0
CT-F-99-020506,PEM107,Omni Channel,Actual,"DB250161,CT250231",VSPP/SPP,MTS,P46073,Sale,2025-10-03,2025-09-17,2025-09-17,29845.68,4.0
VT-F-99-010203,PEM107,Omni Channel,Actual,DB250161 VT250116,VSPP/SPP,MTS,P47174,Sale,2025-10-03,2025-09-17,2025-09-17,33056.12,4.0
VT-F-99-010203,PEM107,Omni Channel,Actual,VT250131,Contractor,MTS,P47174,Sale,2025-10-14,2025-09-18,2025-09-18,33056.12,4.0
CT-F-99-020508,PEM107,Omni Channel,Actual,CT250245,Contractor,MTS,P46075,Sale,2025-10-14,2025-09-18,2025-09-18,34425.4,4.0
VT-F-99-010202,PEM107,Omni Channel,Actual,VT250067,Smart Shop,MTS,P45854,Sale,2025-10-03,2025-09-18,2025-09-18,9541.28,1.0
VT-F-99-010203,PEM107,Omni Channel,Actual,VT250116,Smart Shop,MTS,P47174,Sale,2025-09-22,2025-09-18,2025-09-18,16528.06,2.0
CT-F-99-020503,PEM107,Omni Channel,Actual,CT250063,Smart Shop,MTS,P46070,Sale,2025-09-22,2025-09-18,2025-09-18,14664.44,2.0
CT-F-99-020503,PEM107,Omni Channel,Actual,CT250223,Contractor,MTS,P46070,Sale,2025-10-05,2025-09-19,2025-09-19,29328.88,4.0
VT-F-99-010203,PEM107,Omni Channel,Actual,VT250116,Contractor,MTS,P47174,Sale,2025-10-05,2025-09-19,2025-09-19,33056.12,4.0
VT-F-99-010203,PEM107,Omni Channel,Actual,"VT250131,VT250132",Dealer,MTS,P47174,Sale,2025-10-17,2025-09-19,2025-09-19,49584.18,6.0
CT-F-99-020510,PEM107,Omni Channel,Actual,CT250243,Dealer,MTS,P46076,Sale,2025-10-17,2025-09-19,2025-09-19,17584.32,2.0
CT-F-99-020511,PEM107,Omni Channel,Actual,CT250248,Dealer,MTS,P46077,Sale,2025-10-17,2025-09-19,2025-09-19,35204.84,4.0
CT-F-99-020508,PEM107,Omni Channel,Actual,CT250187,,MTS,P46075,Sale,2025-10-10,2025-09-19,2025-09-19,24528.04,3.0
VT-F-99-010715,PEM107,Omni Channel,Actual,VT250093,Contractor,MTS,P46029,Sale,2025-10-31,2025-09-23,2025-09-23,19790.51,1.0
CT-F-99-020507,PEM107,Omni Channel,Actual,CT250224,Contractor,MTS,P46074,Sale,2025-10-31,2025-09-23,2025-09-23,22471.77,3.0
CT-F-99-020703,PEM107,Omni Channel,Actual,CT250258,Contractor,MTO,P46092,Sale,2025-10-24,2025-09-23,2025-09-23,24163.62,3.0
VT-F-99-010819,PEM107,Omni Channel,Actual,VT250094,Contractor,MTS,P46038,Sale,2025-10-24,2025-09-23,2025-09-23,25533.27,1.0
VT-F-99-010721,PEM107,Omni Channel,Actual,VT250122,Contractor,MTS,P45906,Sale,2025-10-22,2025-09-23,2025-09-23,18063.45,1.0
RS-F-99-070007,PEM107,Omni Channel,Actual,RS250281,Foreign Industry,MTO,P46746,Sale,2025-11-25,2025-07-17,2025-07-17,121831.38,198.0
CT-F-99-020504,PEM107,Omni Channel,Actual,CT250230,Contractor,MTS,P46071,Sale,2025-09-25,2025-09-23,2025-09-23,14664.44,2.0
VT-F-99-010203,PEM107,Omni Channel,Actual,VT250116,Contractor,MTS,P47174,Sale,2025-09-25,2025-09-23,2025-09-23,16528.06,2.0
VT-F-99-010722,PEM102,Omni Channel,Actual,CTR-2025-05153,Inside Group,MTS,P52486,Sale,2025-10-31,2025-09-23,2025-09-23,28000.0,1.0
VT-F-99-010722,PTS,Tendering,Actual,CTR-2025-05154,การไฟฟ้าส่วนภูมิภาค เขต 3  (ภาคกลาง),MTO,P52486,Sale,2025-10-20,2025-09-24,2025-09-24,48360.0,1.0
VT-F-99-010203,PEM107,Omni Channel,Actual,VT250079,End User,MTS,P47174,Sale,2025-10-08,2025-09-24,2025-09-24,8264.03,1.0
VT-F-99-010203,PEM107,Omni Channel,Actual,VT250116,Smart Shop,MTS,P47174,Sale,2025-10-15,2025-09-25,2025-09-25,66112.24,8.0
CT-F-99-020511,PEM107,Omni Channel,Actual,CT250201,Smart Shop,MTS,P46077,Sale,2025-10-15,2025-09-25,2025-09-25,71770.4,8.0
VT-F-99-010701,PEM107,Omni Channel,Actual,VT250118,Contractor,MTS,P46255,Sale,2025-10-06,2025-09-26,2025-09-26,18156.09,1.0
VT-F-99-010721,PEM107,Omni Channel,Actual,VT250122,Contractor,MTS,P45906,Sale,2025-10-03,2025-09-26,2025-09-26,17943.81,1.0
CT-F-99-020531,PEM107,Omni Channel,Actual,CT250188,Contractor,MTS,P46162,Sale,2025-10-03,2025-09-26,2025-09-26,40503.87,3.0
CT-F-99-020701,PEM107,Omni Channel,Actual,CT250259,Contractor,MTO,P46090,Sale,2025-10-24,2025-09-26,2025-09-26,15793.86,2.0
VT-F-99-010303,PEM107,Omni Channel,Actual,VT250133,Contractor,MTO,P51638,Sale,2025-10-24,2025-09-26,2025-09-26,19117.56,2.0
CT-F-99-020510,PEM107,Omni Channel,Actual,CT250143,Dealer,MTS,P46076,Sale,2025-09-29,2025-09-26,2025-09-26,26235.33,3.0
CT-F-99-020508,PEM107,Omni Channel,Actual,CT250245,Inside Group,MTS,P46075,Sale,2025-10-24,2025-09-26,2025-09-26,81760.1,10.0
CT-F-99-020510,PEM107,Omni Channel,Actual,"CT250247,CT250251",Inside Group,MTS,P46076,Sale,2025-10-24,2025-09-26,2025-09-26,244863.08,28.0
CT-F-99-020508,PTS,Omni Channel,Actual,CTR-2025-05231,การไฟฟ้าส่วนภูมิภาค เขต 2  (ภาคกลาง),MTO,P46075,Sale,2026-01-23,2025-09-29,2025-09-29,81760.1,10.0
VT-F-99-010721,PEM107,Omni Channel,Actual,VT250122,,MTS,P45906,Sale,2025-10-03,2025-09-26,2025-09-26,18063.45,1.0
CT-F-99-020528,PEM107,Omni Channel,Actual,CT250205,,MTS,P45962,Sale,2025-10-03,2025-09-26,2025-09-26,51235.2,3.0
CT-F-99-020510,PTS,Omni Channel,Actual,CTR-2025-05231,การไฟฟ้าส่วนภูมิภาค เขต 2  (ภาคกลาง),MTO,P46076,Sale,2025-10-23,2025-09-29,2025-09-29,244863.08,28.0
VT-F-99-010721,PEM107,Omni Channel,Actual,VT250122,Contractor,MTS,P45906,Sale,2025-10-03,2025-09-29,2025-09-29,17943.81,1.0
CT-F-99-020504,PEM107,Omni Channel,Actual,CT250183,Contractor,MTS,P46071,Sale,2025-10-03,2025-09-29,2025-09-29,20536.71,3.0
VT-F-99-010721,PEM107,Omni Channel,Actual,VT250122,Smart Shop,MTS,P45906,Sale,2025-10-03,2025-09-29,2025-09-29,17943.81,1.0
CT-F-99-020524,PEM107,Omni Channel,Actual,CT250152 ,Smart Shop,MTS,P45905,Sale,2025-10-03,2025-09-29,2025-09-29,40439.16,3.0
VT-F-99-010819,PEM107,Omni Channel,MPS,LB250139 VT250115,Contractor,MTS,P46038,Sale,2026-09-30,2025-09-29,2025-09-29,22249.33,1.0
CT-F-99-020726,PEM107,Omni Channel,MPS,LB250139 CT250260,Contractor,MTO,P46037,Sale,2026-09-30,2025-09-29,2025-09-29,41173.11,3.0
VT-F-99-010721,PEM107,Omni Channel,Actual,VT250122,Contractor,MTS,P45906,Sale,2025-12-26,2025-09-29,2025-09-29,17943.81,1.0
CT-F-99-020530,PEM107,Omni Channel,Actual,CT250238,Contractor,MTS,P45966,Sale,2025-12-26,2025-09-29,2025-09-29,46686.36,3.0
CT-F-99-020506,PEM107,Omni Channel,Actual,CT250185,Contractor,MTS,P46073,Sale,2025-10-08,2025-09-29,2025-09-29,14505.0,2.0
CT-F-99-020504,PEM107,Omni Channel,Actual,CT250183,Contractor,MTS,P46071,Sale,2025-10-31,2025-09-29,2025-09-29,20536.71,3.0
VT-F-99-010721,PEM107,Omni Channel,Actual,VT250122,Contractor,MTS,P45906,Sale,2025-10-31,2025-09-29,2025-09-29,17943.81,1.0
CT-F-99-020508,PEM107,Omni Channel,Actual,CT250142,Contractor,MTS,P46075,Sale,2025-09-30,2025-09-30,2025-09-30,8176.01,1.0
RS-F-99-070003,PEM107,Omni Channel,Actual,RS250361,Foreign Industry,MTO,P45536,Sale,2025-12-19,2025-09-30,2025-09-30,49357.5,150.0
RS-F-99-070006,PEM107,Omni Channel,Actual,RS250362,Foreign Industry,MTS,P45676,Sale,2025-12-19,2025-09-30,2025-09-30,63606.45,201.0
VT-F-99-010701,PEM107,Omni Channel,Actual,VT250118,การไฟฟ้าส่วนภูมิภาค เขต 3 (ภาคตะวันออกเฉียงเหนือ),MTS,P46255,Sale,2025-10-10,2025-09-30,2025-09-30,18156.09,1.0
CT-F-99-020504,PEM107,Omni Channel,Actual,CT250230,Dealer,MTS,P46071,Sale,2025-10-30,2025-09-30,2025-09-30,20536.71,3.0
CT-F-99-020703,PEM107,Omni Channel,Actual,CT250261,Dealer,MTO,P46092,Sale,2025-10-30,2025-09-30,2025-09-30,23945.22,3.0
VT-F-99-010819,PEM107,Omni Channel,Actual,VT250115,Dealer,MTS,P46038,Sale,2025-10-30,2025-09-30,2025-09-30,22249.33,1.0
CT-F-99-020717,PEM107,Omni Channel,Actual,CT250262,Dealer,MTO,P46156,Sale,2025-10-30,2025-09-30,2025-09-30,39450.72,3.0
VT-F-99-010721,PEM107,Omni Channel,Actual,VT250122 ,Contractor,MTS,P45906,Sale,2025-10-10,2025-09-30,2025-09-30,17943.81,1.0
CT-F-99-020505,PEM107,Omni Channel,Actual,CT250141,Contractor,MTS,P46072,Sale,2025-10-10,2025-09-30,2025-09-30,19625.46,3.0
VT-F-99-010203,PEM107,Omni Channel,Actual,VT250116,Smart Shop,MTS,P47174,Sale,2025-10-08,2025-10-02,2025-10-02,15548.02,2.0
CT-F-99-020502,PEM107,Omni Channel,Actual,CT250222,Smart Shop,MTS,P46069,Sale,2025-10-08,2025-10-02,2025-10-02,13420.46,2.0
RS-F-99-070007,PEM107,Omni Channel,Actual,RS250363,Foreign Industry,MTO,P46746,Sale,2025-12-19,2025-09-30,2025-09-30,92116.5,150.0
VT-F-99-010721,PEM107,Omni Channel,Actual,VT250122,End User,MTS,P45906,Sale,2025-10-10,2025-10-02,2025-10-02,17943.81,1.0
CT-F-99-020504,PEM107,Omni Channel,Actual,CT250183,End User,MTS,P46071,Sale,2025-10-10,2025-10-02,2025-10-02,20536.71,3.0
CT-F-99-020506,PEM107,Omni Channel,Actual,CT250185,Contractor,MTS,P46073,Sale,2025-10-03,2025-09-29,2025-09-29,21757.5,3.0
VT-F-99-010721,PEM107,Omni Channel,Actual,VT250122,Contractor,MTS,P45906,Sale,2025-10-03,2025-09-29,2025-09-29,17943.81,1.0
CT-F-99-020504,PEM107,Omni Channel,Actual,CT250230,Contractor,MTS,P46071,Sale,2025-10-22,2025-10-02,2025-10-02,20536.71,3.0
VT-F-99-010721,PEM107,Omni Channel,Actual,VT250122,Contractor,MTS,P45906,Sale,2025-10-22,2025-10-02,2025-10-02,17943.81,1.0
CT-F-99-020508,PEM107,Omni Channel,Actual,CT250187,Contractor,MTS,P46075,Sale,2025-10-17,2025-10-03,2025-10-03,24528.03,3.0
CT-F-99-020506,PEM107,Omni Channel,Actual,CT250185,Smart Shop,MTS,P46073,Sale,2025-10-20,2025-10-03,2025-10-03,21757.5,3.0
VT-F-99-010715,PEM107,Omni Channel,Actual,VT250093,Smart Shop,MTS,P46029,Sale,2025-10-20,2025-10-03,2025-10-03,17425.84,1.0
CT-F-99-020705,PEM107,Omni Channel,Actual,CT250263,Smart Shop,MTO,P46094,Sale,2025-11-20,2025-10-03,2025-10-03,22054.59,3.0
VT-F-99-010818,PEM107,Omni Channel,Actual,VT250143,Smart Shop,MTO,P51459,Sale,2025-11-20,2025-10-03,2025-10-03,21898.2,1.0
VT-F-99-010722,PTS,Tendering,Actual,CTR-2025-05360,การไฟฟ้าส่วนภูมิภาค เขต 1 (ภาคตะวันออกเฉียงเหนือ),MTO,P45848,Sale,2025-12-10,2025-10-03,2025-10-03,1015560.0,21.0
VT-F-99-010715,PEM107,Omni Channel,Actual,VT250093,Contractor,MTS,P46029,Sale,2025-10-31,2025-10-06,2025-10-06,17425.84,1.0
CT-F-99-020506,PEM107,Omni Channel,Actual,CT250185,Contractor,MTS,P46073,Sale,2025-10-31,2025-10-06,2025-10-06,21757.5,3.0
VT-F-99-010722,PTS,Tendering,Actual,CTR-2025-05372,การไฟฟ้าส่วนภูมิภาค เขต 2  (ภาคกลาง),MTO,P45848,Sale,2025-11-07,2025-10-15,2025-10-15,1910000.0,40.0
VT-F-99-010721,PEM107,Omni Channel,Actual,VT250122,End User,MTS,P45906,Sale,2025-10-29,2025-10-06,2025-10-06,17943.81,1.0
CT-F-99-020508,PEM107,Omni Channel,Actual,CT250249,End User,MTS,P46075,Sale,2025-10-29,2025-10-06,2025-10-06,24528.03,3.0
VT-F-99-010721,PEM107,Omni Channel,Actual,VT250122,,MTS,P45906,Sale,2025-10-09,2025-10-06,2025-10-06,18063.45,1.0
CT-F-99-020507,PEM107,Omni Channel,Actual,CT250224,,MTS,P46074,Sale,2025-10-09,2025-10-06,2025-10-06,22161.72,3.0
VT-F-99-010721,PEM107,Omni Channel,Actual,VT250122,,MTS,P45906,Sale,2025-10-09,2025-10-06,2025-10-06,18063.45,1.0
CT-F-99-020508,PEM107,Omni Channel,Actual,CT250187,,MTS,P46075,Sale,2025-10-09,2025-10-06,2025-10-06,24528.03,3.0
VT-F-99-010721,PEM107,Omni Channel,Actual,VT250122,,MTS,P45906,Sale,2025-10-09,2025-10-06,2025-10-06,18063.45,1.0
CT-F-99-020530,PEM107,Omni Channel,Actual,CT250238 ,,MTS,P45966,Sale,2025-10-09,2025-10-06,2025-10-06,46686.36,3.0
CT-F-99-020501,PEM107,Omni Channel,Actual,CT250018,Smart Shop,MTS,P46123,Sale,2025-10-21,2025-10-06,2025-10-06,38089.26,6.0
VT-F-99-010721,PEM107,Omni Channel,Actual,VT250122,Smart Shop,MTS,P45906,Sale,2025-10-21,2025-10-06,2025-10-06,35887.62,2.0
CT-F-99-020501,PEM107,Omni Channel,Actual,CT250133,Inside Group,MTO,P46123,Sale,2025-11-28,2025-05-26,2025-05-26,355690.5,50.0
VT-F-99-010819,PEM107,Omni Channel,Actual,VT250115,Contractor,MTS,P46038,Sale,2025-11-06,2025-10-06,2025-10-06,22249.33,1.0
CT-F-99-020717,PEM107,Omni Channel,Actual,CT250265,Contractor,MTO,P46156,Sale,2025-11-06,2025-10-06,2025-10-06,39450.72,3.0
CT-F-99-020505,PEM107,Omni Channel,Actual,CT250184,Smart Shop,MTS,P46072,Sale,2025-10-08,2025-08-20,2025-08-20,19625.46,3.0
CT-F-99-020503,PEM107,Omni Channel,Actual,CT250182,Smart Shop,MTS,P46070,Sale,2025-10-08,2025-08-20,2025-08-20,19885.47,3.0
CT-F-99-020508,PEM107,Omni Channel,Actual,CT250249,Contractor,MTS,P46075,Sale,2025-10-17,2025-10-06,2025-10-06,16352.02,2.0
VT-F-99-010203,PEM107,Omni Channel,Actual,VT250116,Contractor,MTS,P47174,Sale,2025-10-17,2025-10-06,2025-10-06,15548.02,2.0
VT-F-99-010819,PEM107,Omni Channel,Actual,VT250115,Dealer,MTS,P46038,Sale,2025-11-04,2025-10-06,2025-10-06,22249.33,1.0
CT-F-99-020728,PEM107,Omni Channel,Actual,CT250264,Dealer,MTO,P46410,Sale,2025-11-04,2025-10-06,2025-10-06,39421.95,3.0
CT-F-99-020524,PEM107,Omni Channel,Actual,"CT250179,CT250273",Contractor,MTS,P45905,Sale,2025-12-22,2025-10-07,2025-10-07,40439.16,3.0
VT-F-99-010721,PEM107,Omni Channel,Actual,VT250126,Contractor,MTS,P45906,Sale,2025-12-22,2025-10-07,2025-10-07,17943.81,1.0
CT-F-99-020524,PEM107,Omni Channel,Actual,CT250152,Contractor,MTS,P45905,Sale,2025-11-28,2025-10-07,2025-10-07,40439.16,3.0
VT-F-99-010721,PEM107,Omni Channel,Actual,VT250122,Contractor,MTS,P45906,Sale,2025-11-28,2025-10-07,2025-10-07,17943.81,1.0
CT-F-99-020530,PEM107,Omni Channel,Actual,CT250238 ,Contractor,MTS,P45966,Sale,2025-10-14,2025-10-07,2025-10-07,46686.36,3.0
VT-F-99-010203,PEM107,Omni Channel,Actual,VT240138,Contractor / Private / End user,MTO,P47174,Sale,2025-11-28,2024-08-21,2024-08-21,441972.5,50.0
VT-F-99-010721,PEM107,Omni Channel,Actual,VT250122,Contractor,MTS,P45906,Sale,2025-10-10,2025-09-29,2025-09-29,17943.81,1.0
CT-F-99-020507,PEM107,Omni Channel,Actual,CT250224,Contractor,MTS,P46074,Sale,2025-10-10,2025-09-29,2025-09-29,22161.72,3.0
CT-F-99-020501,PEM107,Omni Channel,Actual,CT250127,private company,MTS,P46123,Sale,2025-11-20,2025-10-08,2025-10-08,12696.42,2.0
VT-F-99-010203,PEM107,Omni Channel,Actual,VT250116,private company,MTS,P47174,Sale,2025-11-20,2025-10-08,2025-10-08,15548.02,2.0
CT-F-99-020527,PEM107,Omni Channel,Actual,"CT250189,CT250226",Contractor,MTS,P45922,Sale,2025-11-07,2025-10-09,2025-10-09,40782.12,3.0
RS-F-99-041008,PEM107,Omni Channel,Actual,RS250376,Smart Shop,MTO,P51320,Sale,2025-11-21,2025-10-10,2025-10-10,20381.9,2.0
VT-F-99-010715,PEM107,Omni Channel,Actual,VT250093,Inside Group,MTS,P46029,Sale,2025-10-16,2025-10-14,2025-10-14,17425.84,1.0
CT-F-99-020506,PEM107,Omni Channel,Actual,CT250231,Inside Group,MTS,P46073,Sale,2025-10-16,2025-10-14,2025-10-14,21757.5,3.0
CT-F-99-020726,PEM107,Omni Channel,Actual,CT250268,Contractor,MTO,P46037,Sale,2025-11-15,2025-10-14,2025-10-14,41173.11,3.0
VT-F-99-010819,PEM107,Omni Channel,Actual,VT250115,Contractor,MTS,P46038,Sale,2025-11-15,2025-10-14,2025-10-14,22249.33,1.0
CT-F-99-020507,PEM107,Omni Channel,Actual,CT240269,Factory,MTS,P46074,Sale,2025-10-21,2025-10-14,2025-10-14,14774.48,2.0
VT-F-99-010203,PEM107,Omni Channel,Actual,VT250116,Factory,MTS,P47174,Sale,2025-10-21,2025-10-14,2025-10-14,15548.02,2.0
VT-F-99-010819,PEM107,Omni Channel,Actual,VT250115,,MTS,P46038,Sale,2025-11-12,2025-10-14,2025-10-14,22249.33,1.0
CT-F-99-020706,PEM107,Omni Channel,Actual,CT250267,,MTO,P46095,Sale,2025-11-12,2025-10-14,2025-10-14,24199.47,3.0
VT-F-99-010721,PEM107,Omni Channel,Actual,VT250122,Contractor,MTS,P45906,Sale,2025-11-03,2025-10-15,2025-10-15,17943.81,1.0
CT-F-99-020527,PEM107,Omni Channel,Actual,CT250226,Contractor,MTS,P45922,Sale,2025-11-03,2025-10-15,2025-10-15,40782.12,3.0
CT-F-99-020505,PEM107,Omni Channel,Actual,CT250184,Contractor,MTS,P46072,Sale,2025-10-16,2025-10-16,2025-10-16,19625.46,3.0
VT-F-99-010721,PEM107,Omni Channel,Actual,VT250122,Contractor,MTS,P45906,Sale,2025-10-16,2025-10-16,2025-10-16,17943.81,1.0
CT-F-99-020524,PEM107,Omni Channel,Actual,CT250179 ,Contractor,MTS,P45905,Sale,2026-03-31,2025-10-16,2025-10-16,40439.16,3.0
CT-F-99-020530,PEM107,Omni Channel,Actual,CT250266,Contractor,MTS,P45966,Sale,2025-11-28,2025-10-16,2025-10-16,46686.36,3.0
VT-F-99-010721,PEM107,Omni Channel,Actual,VT250122,Contractor,MTS,P45906,Sale,2025-11-28,2025-10-16,2025-10-16,17943.81,1.0
CT-F-99-020528,PEM107,Omni Channel,Actual,CT250205 ,Contractor,MTS,P45962,Sale,2025-11-28,2025-10-16,2025-10-16,45588.63,3.0
VT-F-99-010721,PEM107,Omni Channel,Actual,VT250122,Contractor,MTS,P45906,Sale,2025-11-28,2025-10-16,2025-10-16,17943.81,1.0
VT-F-99-010721,PEM107,Omni Channel,Actual,VT250122,Contractor,MTS,P45906,Sale,2025-10-21,2025-10-16,2025-10-16,17943.81,1.0
CT-F-99-020527,PEM107,Omni Channel,Actual,CT250226,Contractor,MTS,P45922,Sale,2025-10-21,2025-10-16,2025-10-16,40782.12,3.0
VT-F-99-010202,PEM107,Omni Channel,Actual,VT250067,Contractor,MTS,P45854,Sale,2025-10-21,2025-10-16,2025-10-16,8931.37,1.0
RS-F-99-090028,PEM107,Omni Channel,Actual,RS250377,Small Enduser,MTO,P47269,Sale,2025-11-18,2025-10-16,2025-10-16,32856.84,12.0
VT-F-99-010721,PEM107,Omni Channel,Actual,VT250122,Contractor,MTS,P45906,Sale,2025-12-19,2025-10-16,2025-10-16,18063.45,1.0
CT-F-99-020530,PEM107,Omni Channel,Actual,CT250238,Contractor,MTS,P45966,Sale,2025-12-19,2025-10-16,2025-10-16,46602.3,3.0
VT-F-99-010721,PEM107,Omni Channel,Actual,VT250122,End User,MTS,P45906,Sale,2025-10-22,2025-10-16,2025-10-16,17943.81,1.0
CT-F-99-020508,PEM107,Omni Channel,Actual,"CT250142,CT250187",End User,MTS,P46075,Sale,2025-10-22,2025-10-16,2025-10-16,24528.03,3.0
VT-F-99-010721,PEM107,Omni Channel,Actual,VT250122,End User,MTS,P45906,Sale,2025-10-22,2025-10-16,2025-10-16,17943.81,1.0
VT-F-99-010721,PEM107,Omni Channel,Actual,VT250126,Contractor,MTS,P45906,Sale,2025-10-31,2025-10-17,2025-10-17,17943.81,1.0
CT-F-99-020506,PEM107,Omni Channel,Actual,CT250231,Contractor,MTS,P46073,Sale,2025-10-31,2025-10-17,2025-10-17,21757.5,3.0
VT-F-99-010721,PEM107,Omni Channel,Actual,VT250126,private company,MTS,P45906,Sale,2025-10-24,2025-10-17,2025-10-17,18063.45,1.0
CT-F-99-020506,PEM107,Omni Channel,Actual,CT250231,private company,MTS,P46073,Sale,2025-10-24,2025-10-17,2025-10-17,21757.5,3.0
CT-F-99-020505,PEM107,Omni Channel,Actual,CT250184,Contractor,MTS,P46072,Sale,2025-10-24,2025-10-17,2025-10-17,19625.46,3.0
VT-F-99-010721,PEM107,Omni Channel,Actual,VT250122,Contractor,MTS,P45906,Sale,2025-10-24,2025-10-17,2025-10-17,17943.81,1.0
CT-F-99-020504,PEM107,Omni Channel,Actual,CT250230,Contractor,MTS,P46071,Sale,2025-10-22,2025-10-17,2025-10-17,20536.71,3.0
VT-F-99-010721,PEM107,Omni Channel,Actual,VT250126,Contractor,MTS,P45906,Sale,2025-10-22,2025-10-17,2025-10-17,17943.81,1.0
CT-F-99-020504,PEM107,Omni Channel,Actual,CT250230,Contractor,MTS,P46071,Sale,2025-10-22,2025-10-17,2025-10-17,20536.71,3.0
VT-F-99-010721,PEM107,Omni Channel,Actual,VT250126,Contractor,MTS,P45906,Sale,2025-10-22,2025-10-17,2025-10-17,17943.81,1.0
CT-F-99-020506,PEM107,Omni Channel,Actual,CT250231,Contractor,MTS,P46073,Sale,2025-10-22,2025-10-17,2025-10-17,21757.5,3.0
CT-F-99-020506,PEM107,Omni Channel,Actual,CT250231,Contractor,MTS,P46073,Sale,2025-11-28,2025-10-17,2025-10-17,21757.5,3.0
CT-F-99-020505,PEM107,Omni Channel,Actual,CT250184,Contractor,MTS,P46072,Sale,2025-10-24,2025-10-17,2025-10-17,19625.46,3.0
VT-F-99-010721,PEM107,Omni Channel,Actual,VT250122,Contractor,MTS,P45906,Sale,2025-10-24,2025-10-17,2025-10-17,17943.81,1.0
CT-F-99-020508,PEM107,Omni Channel,Actual,CT250249,Contractor,MTS,P46075,Sale,2025-10-24,2025-10-17,2025-10-17,24528.03,3.0
VT-F-99-010721,PEM107,Omni Channel,Actual,VT250126,Contractor,MTS,P45906,Sale,2025-10-24,2025-10-17,2025-10-17,17943.81,1.0
CT-F-99-020508,PEM107,Omni Channel,Actual,CT250245,Smart Shop,MTS,P46075,Sale,2025-10-29,2025-10-20,2025-10-20,16352.02,2.0
VT-F-99-010721,PEM107,Omni Channel,Actual,VT250122,,MTS,P45906,Sale,2025-12-26,2025-10-20,2025-10-20,18063.45,1.0
CT-F-99-020507,PEM107,Omni Channel,Actual,CT250224,,MTS,P46074,Sale,2025-12-26,2025-10-20,2025-10-20,22161.72,3.0
VT-F-99-010721,PEM107,Omni Channel,Actual,VT250162,,MTS,P45906,Sale,2025-12-26,2025-10-20,2025-10-20,18063.45,1.0
CT-F-99-020510,PEM107,Omni Channel,Actual,CT250202,,MTS,P46076,Sale,2025-12-26,2025-10-20,2025-10-20,26235.33,3.0
VT-F-99-010721,PEM107,Omni Channel,Actual,VT250122,End User,MTS,P45906,Sale,2025-10-22,2025-10-20,2025-10-20,17943.81,1.0
CT-F-99-020511,PEM107,Omni Channel,Actual,CT250021,End User,MTS,P46077,Sale,2025-10-22,2025-10-20,2025-10-20,26913.9,3.0
CT-F-99-020506,PEM107,Omni Channel,Actual,CT250231,Contractor,MTS,P46073,Sale,2025-10-21,2025-10-20,2025-10-20,7252.5,1.0
VT-F-99-010722,PEM102,Omni Channel,Actual,SS250255,Inside Group,MTS,P52486,Sale,2025-12-26,2025-10-20,2025-10-20,26735.0,1.0
CT-F-99-020504,PEM107,Omni Channel,Actual,CT250183,Smart Shop,MTS,P46071,Sale,2025-11-05,2025-10-20,2025-10-20,20536.71,3.0
VT-F-99-010721,PEM107,Omni Channel,Actual,VT250126,Smart Shop,MTS,P45906,Sale,2025-11-05,2025-10-20,2025-10-20,17943.81,1.0
VT-F-99-010203,PEM107,Omni Channel,Actual,VT250116,Contractor,MTS,P47174,Sale,2025-12-19,2025-10-20,2025-10-20,15548.02,2.0
VT-F-99-010203,PEM107,Omni Channel,Actual,VT250137,Contractor,MTS,P46251,Sale,2025-12-19,2025-10-20,2025-10-20,7774.01,1.0
VT-F-99-010203,PEM107,Omni Channel,Actual,VT250116,Contractor,MTS,P46251,Sale,2025-12-19,2025-10-20,2025-10-20,7774.01,1.0
RS-F-99-010127,PEM107,Omni Channel,Actual,RS250381,Contractor,MTO,P45771,Sale,2025-12-15,2025-10-20,2025-10-20,20842.68,2.0
RS-F-99-010128,PEM107,Omni Channel,Actual,RS250380,Contractor,MTO,P45547,Sale,2025-12-15,2025-10-20,2025-10-20,21996.46,2.0
RS-F-99-010122,PEM107,Omni Channel,Actual,RS250383,Contractor,MTO,P46976,Sale,2025-12-15,2025-10-20,2025-10-20,44619.08,4.0
RS-F-99-010123,PEM107,Omni Channel,Actual,RS250384,Contractor,MTO,P46977,Sale,2025-12-15,2025-10-20,2025-10-20,21175.08,2.0
VT-F-99-010721,PEM107,Omni Channel,Actual,VT250126 ,private company,MTS,P45906,Sale,2025-11-07,2025-10-21,2025-10-21,18063.45,1.0
CT-F-99-020504,PEM107,Omni Channel,Actual,CT250230,private company,MTS,P46071,Sale,2025-11-07,2025-10-21,2025-10-21,20536.71,3.0
VT-F-99-010202,PEM107,Omni Channel,Actual,VT250146,Contractor,MTO,P45854,Sale,2025-11-11,2025-10-21,2025-10-21,89313.7,10.0
VT-F-99-010721,PEM107,Omni Channel,Actual,VT250126 ,,MTS,P45906,Sale,2025-10-30,2025-10-21,2025-10-21,18063.45,1.0
CT-F-99-020506,PEM107,Omni Channel,Actual,CT250231,,MTS,P46073,Sale,2025-10-30,2025-10-21,2025-10-21,21757.5,3.0
CT-F-99-020508,PEM107,Omni Channel,Actual,CT250245,Factory,MTS,P46075,Sale,2025-10-28,2025-10-21,2025-10-21,16352.02,2.0
VT-F-99-010203,PEM107,Omni Channel,Actual,VT250116,Factory,MTS,P47174,Sale,2025-10-28,2025-10-21,2025-10-21,15548.02,2.0
VT-F-99-010722,PEM107,Omni Channel,Actual,VT250138,Contractor,MTS,P45848,Sale,2025-10-30,2025-10-22,2025-10-22,26734.95,1.0
RS-F-99-090003,PEM107,Omni Channel,Actual,RS250385,Contractor,MTO,P45871,Sale,2025-11-03,2025-10-21,2025-10-21,5230.5,3.0
RS-F-99-090027,PEM107,Omni Channel,Actual,RS250389,End User,MTO,P47274,Sale,2025-12-01,2025-10-22,2025-10-22,8489.67,3.0
CT-F-99-020524,PEM107,Omni Channel,Actual,CT250179 ,Contractor,MTS,P45905,Sale,2025-10-24,2025-10-24,2025-10-24,13479.72,1.0
CT-F-99-020526,PEM107,Omni Channel,Actual,"CT250046,CT250168,CT250198",Contractor,MTS,P45936,Sale,2025-12-19,2025-10-24,2025-10-24,45466.11,3.0
VT-F-99-010722,PTS,Tendering,Actual,CTR-2025-05678,การไฟฟ้าส่วนภูมิภาค เขต 1 (ภาคตะวันออกเฉียงเหนือ),MTS,P52486,Sale,2025-12-26,2025-10-21,2025-10-21,48360.0,1.0
VT-F-99-010721,PEM107,Omni Channel,Actual,VT250126,,MTS,P45906,Sale,2025-10-30,2025-10-24,2025-10-24,17943.81,1.0
CT-F-99-020508,PEM107,Omni Channel,Actual,CT250249,,MTS,P46075,Sale,2025-10-30,2025-10-24,2025-10-24,24528.03,3.0
CT-F-99-020511,PEM107,Omni Channel,Actual,CT250201,End User,MTS,P46077,Sale,2025-11-04,2025-10-24,2025-10-24,26913.9,3.0
VT-F-99-010721,PEM107,Omni Channel,Actual,VT250126,End User,MTS,P45906,Sale,2025-11-04,2025-10-24,2025-10-24,17943.81,1.0
VT-F-99-010715,PEM107,Omni Channel,Actual,VT250139,Contractor,MTS,P46029,Sale,2025-12-05,2025-10-27,2025-10-27,17425.84,1.0
CT-F-99-020506,PEM107,Omni Channel,Actual,CT250231,Contractor,MTS,P46073,Sale,2025-12-05,2025-10-27,2025-10-27,21757.5,3.0
VT-F-99-010715,PEM107,Omni Channel,Actual,VT250153,Contractor,MTS,P46029,Sale,2025-11-21,2025-10-27,2025-10-27,34851.68,2.0
CT-F-99-020505,PEM107,Omni Channel,Actual,CT250184,Contractor,MTS,P46072,Sale,2025-11-21,2025-10-27,2025-10-27,39250.92,6.0
VT-F-99-010721,PEM107,Omni Channel,Actual,VT250126,Factory,MTS,P45906,Sale,2025-12-31,2025-10-27,2025-10-27,17943.81,1.0
CT-F-99-020506,PEM107,Omni Channel,Actual,CT250231,Factory,MTS,P46073,Sale,2025-12-31,2025-10-27,2025-10-27,21757.5,3.0
VT-F-99-010721,PEM107,Omni Channel,Actual,VT250126,Factory,MTS,P45906,Sale,2025-12-31,2025-10-27,2025-10-27,17943.81,1.0
CT-F-99-020506,PEM107,Omni Channel,Actual,CT250231,Factory,MTS,P46073,Sale,2025-12-31,2025-10-27,2025-10-27,21757.5,3.0
VT-F-99-010722,PEM102,Omni Channel,Actual,SS250258,Inside Group,MTS,P52486,Sale,2025-11-10,2025-10-28,2025-10-28,1054580.0,40.0
CT-F-99-020507,PEM107,Omni Channel,Actual,CT250224,Contractor,MTS,P46074,Sale,2026-06-30,2025-10-28,2025-10-28,22161.72,3.0
VT-F-99-010721,PEM107,Omni Channel,Actual,VT250122,Contractor,MTS,P45906,Sale,2026-03-31,2025-10-28,2025-10-28,17943.81,1.0
VT-F-99-010715,PEM107,Omni Channel,Actual,VT250139,Inside Group,MTS,P46029,Sale,2025-11-04,2025-10-28,2025-10-28,17425.84,1.0
CT-F-99-020506,PEM107,Omni Channel,Actual,CT250231,Inside Group,MTS,P46073,Sale,2025-11-04,2025-10-28,2025-10-28,21757.5,3.0
VT-F-99-010721,PEM107,Omni Channel,Actual,VT240194,Contractor,MTS,P45906,Sale,2025-11-11,2025-10-28,2025-10-28,17943.81,1.0
CT-F-99-020530,PEM107,Omni Channel,Actual,CT250266,Contractor,MTS,P45966,Sale,2025-11-11,2025-10-28,2025-10-28,46686.36,3.0
CT-F-99-020505,PEM107,Omni Channel,Actual,CT250184,Contractor,MTS,P46072,Sale,2025-11-03,2025-10-28,2025-10-28,19625.46,3.0
VT-F-99-010721,PEM107,Omni Channel,Actual,VT250122,Contractor,MTS,P45906,Sale,2025-11-03,2025-10-28,2025-10-28,17943.81,1.0
VT-F-99-010721,PEM107,Omni Channel,Actual,VT250126,private company,MTS,P45906,Sale,2025-11-07,2025-10-29,2025-10-29,18063.45,1.0
CT-F-99-020506,PEM107,Omni Channel,Actual,CT250231,private company,MTS,P46073,Sale,2025-11-07,2025-10-29,2025-10-29,21757.5,3.0
RS-F-99-090027,PEM107,Omni Channel,Actual,RS250394,End User,MTO,P47274,Sale,2025-12-01,2025-10-29,2025-10-29,8489.67,3.0
VT-F-99-010721,PEM107,Omni Channel,Actual,VT250122,Contractor,MTS,P45906,Sale,2025-10-31,2025-10-29,2025-10-29,17943.81,1.0
CT-F-99-020526,PEM107,Omni Channel,Actual,CT250168,Contractor,MTS,P45936,Sale,2025-10-31,2025-10-29,2025-10-29,45466.11,3.0
CT-F-99-020501,PEM107,Omni Channel,Actual,CT250127,Smart Shop,MTS,P46123,Sale,2025-11-11,2025-10-29,2025-10-29,6348.21,1.0
CT-F-99-020502,PEM107,Omni Channel,Actual,CT250222,Contractor,MTS,P46069,Sale,2025-11-15,2025-10-29,2025-10-29,20130.69,3.0
VT-F-99-010721,PEM107,Omni Channel,Actual,VT250126,Contractor,MTS,P45906,Sale,2025-11-15,2025-10-29,2025-10-29,17943.81,1.0
VT-F-99-010721,PEM107,Omni Channel,Actual,VT250126,Contractor,MTS,P45906,Sale,2025-11-15,2025-10-29,2025-10-29,17943.81,1.0
CT-F-99-020505,PEM107,Omni Channel,Actual,CT250256,Contractor,MTS,P46072,Sale,2025-11-15,2025-10-29,2025-10-29,19625.46,3.0
VT-F-99-010721,PEM107,Omni Channel,Actual,VT250126,Contractor,MTS,P45906,Sale,2025-11-15,2025-10-29,2025-10-29,17943.81,1.0
VT-F-99-010721,PEM107,Omni Channel,Actual,VT250126,Contractor,MTS,P45906,Sale,2025-11-15,2025-10-29,2025-10-29,17943.81,1.0
CT-F-99-020502,PEM107,Omni Channel,Actual,CT250222,Contractor,MTS,P46069,Sale,2025-11-15,2025-10-29,2025-10-29,20130.69,3.0
VT-F-99-010721,PEM107,Omni Channel,Actual,VT250126,Contractor,MTS,P45906,Sale,2025-11-15,2025-10-29,2025-10-29,17943.81,1.0
CT-F-99-020505,PEM107,Omni Channel,Actual,CT250184,Contractor,MTS,P46072,Sale,2025-11-15,2025-10-29,2025-10-29,19625.46,3.0
VT-F-99-010721,PEM107,Omni Channel,Actual,VT250126,Contractor,MTS,P45906,Sale,2025-11-15,2025-10-29,2025-10-29,17943.81,1.0
CT-F-99-020505,PEM107,Omni Channel,Actual,CT250184,Contractor,MTS,P46072,Sale,2025-11-15,2025-10-29,2025-10-29,19625.46,3.0
VT-F-99-010721,PEM107,Omni Channel,Actual,VT250126,Contractor,MTS,P45906,Sale,2025-11-15,2025-10-29,2025-10-29,17943.81,1.0
CT-F-99-020503,PEM107,Omni Channel,Actual,CT250182,Contractor,MTS,P46070,Sale,2025-11-15,2025-10-29,2025-10-29,19885.47,3.0
VT-F-99-010721,PEM107,Omni Channel,Actual,VT250126,Contractor,MTS,P45906,Sale,2025-11-15,2025-10-29,2025-10-29,17943.81,1.0
CT-F-99-020503,PEM107,Omni Channel,Actual,CT250182,Contractor,MTS,P46070,Sale,2025-11-15,2025-10-29,2025-10-29,19885.47,3.0
VT-F-99-010721,PEM107,Omni Channel,Actual,VT250126,Contractor,MTS,P45906,Sale,2025-11-15,2025-10-29,2025-10-29,17943.81,1.0
CT-F-99-020503,PEM107,Omni Channel,Actual,CT250182,Contractor,MTS,P46070,Sale,2025-11-15,2025-10-29,2025-10-29,19885.47,3.0
VT-F-99-010721,PEM107,Omni Channel,Actual,VT250126,Contractor,MTS,P45906,Sale,2025-11-15,2025-10-29,2025-10-29,17943.81,1.0
CT-F-99-020503,PEM107,Omni Channel,Actual,CT250182,Contractor,MTS,P46070,Sale,2025-11-15,2025-10-29,2025-10-29,19885.47,3.0
VT-F-99-010721,PEM107,Omni Channel,Actual,VT250126,Contractor,MTS,P45906,Sale,2025-11-15,2025-10-29,2025-10-29,17943.81,1.0
CT-F-99-020503,PEM107,Omni Channel,Actual,CT250182,Contractor,MTS,P46070,Sale,2025-11-15,2025-10-29,2025-10-29,19885.47,3.0
VT-F-99-010721,PEM107,Omni Channel,Actual,VT250126,Contractor,MTS,P45906,Sale,2025-11-15,2025-10-29,2025-10-29,17943.81,1.0
CT-F-99-020502,PEM107,Omni Channel,Actual,CT250222,Contractor,MTS,P46069,Sale,2025-11-15,2025-10-29,2025-10-29,20130.69,3.0
VT-F-99-010722,PEM102,Omni Channel,Actual,SS250261,Inside Group,MTS,P52486,Sale,2025-12-26,2025-10-30,2025-10-30,561435.0,21.0
CT-F-99-020503,PEM107,Omni Channel,Actual,CT250182,Smart Shop,MTS,P46070,Sale,2025-11-03,2025-10-31,2025-10-31,19885.47,3.0
VT-F-99-010715,PEM107,Omni Channel,Actual,VT250139,Smart Shop,MTS,P46029,Sale,2025-11-03,2025-10-31,2025-10-31,17425.84,1.0
CT-F-99-020529,PEM107,Omni Channel,Actual,CT250110,Contractor,MTO,P46384,Sale,2025-11-07,2025-11-03,2025-11-03,48355.02,3.0
VT-F-99-010721,PEM107,Omni Channel,Actual,VT250122,Contractor,MTS,P45906,Sale,2025-11-07,2025-11-03,2025-11-03,17943.81,1.0
CT-F-99-020505,PEM107,Omni Channel,Actual,CT250184,Contractor,MTS,P46072,Sale,2025-11-03,2025-11-03,2025-11-03,19625.46,3.0
VT-F-99-010819,PEM107,Omni Channel,Actual,VT250115,Contractor,MTS,P46038,Sale,2025-12-03,2025-11-03,2025-11-03,22249.33,1.0
CT-F-99-020706,PEM107,Omni Channel,Actual,CT250280,Contractor,MTO,P46095,Sale,2025-12-03,2025-11-03,2025-11-03,24199.47,3.0
VT-F-99-010721,PEM107,Omni Channel,Actual,VT250126,Contractor,MTS,P45906,Sale,2025-11-28,2025-11-03,2025-11-03,18063.45,1.0
CT-F-99-020530,PEM107,Omni Channel,Actual,CT250266,Contractor,MTS,P45966,Sale,2025-11-28,2025-11-03,2025-11-03,46686.36,3.0
VT-F-99-010721,PEM107,Omni Channel,Actual,VT250126 ,Contractor,MTS,P45906,Sale,2025-11-07,2025-11-03,2025-11-03,53831.43,3.0
CT-F-99-020506,PEM107,Omni Channel,Actual,CT250231,Contractor,MTS,P46073,Sale,2025-11-07,2025-11-03,2025-11-03,43515.0,6.0
VT-F-99-010721,PEM107,Omni Channel,Actual,VT250126,private company,MTS,P45906,Sale,2025-11-27,2025-11-03,2025-11-03,18063.45,1.0
VT-F-99-010721,PEM107,Omni Channel,Actual,VT250126 ,Smart Shop,MTS,P45906,Sale,2025-11-06,2025-11-03,2025-11-03,17943.81,1.0
CT-F-99-020524,PEM107,Omni Channel,Actual,CT250179,Smart Shop,MTS,P45905,Sale,2025-11-06,2025-11-03,2025-11-03,40439.16,3.0
CT-F-99-020508,PEM107,Omni Channel,Actual,CT250246,Factory,MTS,P46075,Sale,2025-12-12,2025-11-03,2025-11-03,16352.02,2.0
CT-F-99-020530,PEM107,Omni Channel,Actual,CT250281,private company,MTS,P45966,Sale,2025-11-27,2025-11-03,2025-11-03,46686.36,3.0
CT-F-99-020508,PEM107,Omni Channel,Actual,,Contractor,MTS,P46075,Sale,2025-11-04,2025-11-03,2025-11-03,24528.03,3.0
VT-F-99-010721,PEM107,Omni Channel,Actual,VT250126 ,End User,MTS,P45906,Sale,2025-11-24,2025-11-04,2025-11-04,17943.81,1.0
CT-F-99-020513,PEM107,Omni Channel,Actual,CT250282,End User,MTO,P46079,Sale,2025-11-24,2025-11-04,2025-11-04,28434.12,3.0
VT-F-99-010203,PEM107,Omni Channel,Actual,VT250026,Smart Shop,MTS,P47174,Sale,2025-11-20,2025-11-04,2025-11-04,15548.02,2.0
CT-F-99-020510,PEM107,Omni Channel,Actual,CT250243,Smart Shop,MTS,P46076,Sale,2025-11-20,2025-11-04,2025-11-04,17490.22,2.0
CT-F-99-020530,PEM107,Omni Channel,Actual,CT250266 ,Contractor,MTS,P45966,Sale,2025-11-05,2025-11-04,2025-11-04,31124.24,2.0
VT-F-99-010721,PEM107,Omni Channel,Actual,VT250122,Contractor,MTS,P45906,Sale,2025-11-13,2025-11-05,2025-11-05,17943.81,1.0
CT-F-99-020504,PEM107,Omni Channel,Actual,CT250230,Contractor,MTS,P46071,Sale,2025-11-13,2025-11-05,2025-11-05,20536.71,3.0
CT-F-99-020528,PEM107,Omni Channel,Actual,CT250237 ,Smart Shop,MTS,P45962,Sale,2025-11-07,2025-11-05,2025-11-05,15196.21,1.0
CT-F-99-020501,PEM107,Omni Channel,Actual,CT250127,Smart Shop,MTS,P46123,Sale,2025-11-18,2025-11-05,2025-11-05,19044.63,3.0
VT-F-99-010721,PEM107,Omni Channel,Actual,VT250126,Smart Shop,MTS,P45906,Sale,2025-11-18,2025-11-05,2025-11-05,17943.81,1.0
CT-F-99-020504,PEM107,Omni Channel,Actual,CT240189,Smart Shop,MTS,P46071,Sale,2025-11-18,2025-11-05,2025-11-05,20536.71,3.0
VT-F-99-010721,PEM107,Omni Channel,Actual,VT250126,Smart Shop,MTS,P45906,Sale,2025-11-18,2025-11-05,2025-11-05,17943.81,1.0
VT-F-99-010721,PEM107,Omni Channel,Actual,VT250126,Smart Shop,MTS,P45906,Sale,2025-11-21,2025-11-05,2025-11-05,17943.81,1.0
CT-F-99-020503,PEM107,Omni Channel,Actual,CT250223,Smart Shop,MTS,P46070,Sale,2025-11-21,2025-11-05,2025-11-05,19885.47,3.0
VT-F-99-010721,PEM107,Omni Channel,Actual,VT250126,Smart Shop,MTS,P45906,Sale,2025-11-21,2025-11-05,2025-11-05,17943.81,1.0
CT-F-99-020510,PEM107,Omni Channel,Actual,CT250202,Smart Shop,MTS,P46076,Sale,2025-11-21,2025-11-05,2025-11-05,26235.33,3.0
VT-F-99-010721,PEM107,Omni Channel,Actual,VT250126,Smart Shop,MTS,P45906,Sale,2025-11-21,2025-11-05,2025-11-05,17943.81,1.0
CT-F-99-020505,PEM107,Omni Channel,Actual,CT250256,Smart Shop,MTS,P46072,Sale,2025-11-21,2025-11-05,2025-11-05,19625.46,3.0
CT-F-99-020505,PEM107,Omni Channel,Actual,CT250256,Smart Shop,MTS,P46072,Sale,2025-11-21,2025-11-05,2025-11-05,19625.46,3.0
VT-F-99-010721,PEM107,Omni Channel,Actual,VT250126,Smart Shop,MTS,P45906,Sale,2025-11-21,2025-11-05,2025-11-05,17943.81,1.0
CT-F-99-020502,PEM107,Omni Channel,Actual,CT250181,Smart Shop,MTS,P46069,Sale,2025-11-21,2025-11-05,2025-11-05,20130.69,3.0
VT-F-99-010721,PEM107,Omni Channel,Actual,VT250126,Smart Shop,MTS,P45906,Sale,2025-11-21,2025-11-05,2025-11-05,17943.81,1.0
VT-F-99-010819,PEM107,Omni Channel,Actual,VT240166,Contractor,MTS,P46038,Sale,2025-12-07,2025-11-06,2025-11-06,22249.33,1.0
CT-F-99-020706,PEM107,Omni Channel,Actual,CT250283,Contractor,MTO,P46095,Sale,2025-12-07,2025-11-06,2025-11-06,24199.47,3.0
VT-F-99-010721,PEM107,Omni Channel,Actual,VT250122 ,Contractor,MTS,P45906,Sale,2025-11-13,2025-11-06,2025-11-06,17943.81,1.0
CT-F-99-020508,PEM107,Omni Channel,Actual,CT250249,Contractor,MTS,P46075,Sale,2025-11-13,2025-11-06,2025-11-06,24528.03,3.0
VT-F-99-010721,PEM107,Omni Channel,Actual,VT250122 ,Contractor,MTS,P45906,Sale,2025-11-07,2025-11-06,2025-11-06,17943.81,1.0
CT-F-99-020524,PEM107,Omni Channel,Actual,CT250179,Contractor,MTS,P45905,Sale,2026-01-30,2025-11-06,2025-11-06,40439.16,3.0
VT-F-99-010721,PEM107,Omni Channel,Actual,VT250126,Contractor,MTS,P45906,Sale,2026-01-30,2025-11-06,2025-11-06,17943.81,1.0
CT-F-99-020529,PEM107,Omni Channel,Actual,CT250284,Contractor,MTO,P46384,Sale,2025-12-22,2025-11-06,2025-11-06,48355.02,3.0
VT-F-99-010721,PEM107,Omni Channel,Actual,VT250126,Contractor,MTS,P45906,Sale,2025-12-22,2025-11-06,2025-11-06,17943.81,1.0
CT-F-99-020511,PEM107,Omni Channel,Actual,CT250201,Contractor,MTS,P46077,Sale,2025-11-12,2025-11-06,2025-11-06,26913.9,3.0
VT-F-99-010721,PEM107,Omni Channel,Actual,VT250122,Contractor,MTS,P45906,Sale,2025-11-12,2025-11-06,2025-11-06,17943.81,1.0
CT-F-99-020510,PEM107,Omni Channel,Actual,CT250143,Contractor,MTS,P46076,Sale,2025-11-12,2025-11-06,2025-11-06,26235.33,3.0
VT-F-99-010721,PEM107,Omni Channel,Actual,VT250122,Contractor,MTS,P45906,Sale,2025-11-12,2025-11-06,2025-11-06,17943.81,1.0
VT-F-99-010701,PEM107,Omni Channel,Actual,VT250158,Smart Shop,MTS,P46255,Sale,2025-12-09,2025-11-07,2025-11-07,18156.09,1.0
CT-F-99-020508,PEM107,Omni Channel,Actual,CT250249,,MTS,P46075,Sale,2026-01-20,2025-11-07,2025-11-07,24528.03,3.0
VT-F-99-010701,PEM107,Omni Channel,Actual,VT250144,Smart Shop,MTS,P46255,Sale,2025-11-19,2025-11-07,2025-11-07,18156.09,1.0
CT-F-99-020504,PEM107,Omni Channel,Actual,CT250230,Contractor,MTS,P46071,Sale,2025-11-11,2025-11-07,2025-11-07,13691.14,2.0
CT-F-99-020505,PEM107,Omni Channel,Actual,CT250184,Contractor,MTS,P46072,Sale,2025-11-11,2025-11-07,2025-11-07,13083.64,2.0
VT-F-99-010203,PEM107,Omni Channel,Actual,VT250116,Contractor,MTS,P47174,Sale,2025-11-11,2025-11-07,2025-11-07,31096.04,4.0
CT-F-99-020506,PEM107,Omni Channel,Actual,CT250231,Smart Shop,MTS,P46073,Sale,2025-11-13,2025-11-10,2025-11-10,21757.5,3.0
VT-F-99-010721,PEM107,Omni Channel,Actual,VT250126,Smart Shop,MTS,P45906,Sale,2025-11-21,2025-11-10,2025-11-10,17943.81,1.0
VT-F-99-010721,PEM107,Omni Channel,Actual,VT250122,Contractor,MTS,P45906,Sale,2025-11-12,2025-11-10,2025-11-10,17943.81,1.0
CT-F-99-020528,PEM107,Omni Channel,Actual,CT250205,Contractor,MTS,P45962,Sale,2025-11-12,2025-11-10,2025-11-10,45588.63,3.0
VT-F-99-010202,PEM107,Omni Channel,Actual,VT250067 ,Contractor,MTS,P45854,Sale,2025-11-12,2025-11-10,2025-11-10,8931.37,1.0
CT-F-99-020504,PEM107,Omni Channel,Actual,CT250230,Smart Shop,MTS,P46071,Sale,2025-11-14,2025-11-10,2025-11-10,13691.14,2.0
VT-F-99-010721,PEM107,Omni Channel,Actual,VT250126,Contractor,MTS,P45906,Sale,2026-01-22,2025-11-10,2025-11-10,17943.81,1.0
VT-F-99-010721,PEM107,Omni Channel,Actual,VT250126,Contractor,MTS,P45906,Sale,2025-12-19,2025-11-10,2025-11-10,89719.05,5.0
CT-F-99-020503,PEM107,Omni Channel,Actual,CT250223,Contractor,MTS,P46070,Sale,2025-12-19,2025-11-10,2025-11-10,19885.47,3.0
CT-F-99-020504,PEM107,Omni Channel,Actual,CT250230,Contractor,MTS,P46071,Sale,2025-12-19,2025-11-10,2025-11-10,82146.84,12.0
CT-F-99-020502,PEM107,Omni Channel,Actual,CT250181,Smart Shop,MTS,P46069,Sale,2025-11-21,2025-11-10,2025-11-10,20130.69,3.0
CT-F-99-020510,PEM107,Omni Channel,Actual,CT250202,Smart Shop,MTS,P46076,Sale,2025-11-14,2025-11-10,2025-11-10,26235.33,3.0
CT-F-99-020510,PEM107,Omni Channel,Actual,CT250202,Contractor,MTS,P46076,Sale,2025-11-14,2025-11-10,2025-11-10,26235.33,3.0
VT-F-99-010721,PEM107,Omni Channel,Actual,VT250126,Smart Shop,MTS,P45906,Sale,2025-12-20,2025-11-11,2025-11-11,17943.81,1.0
CT-F-99-020703,PEM107,Omni Channel,Actual,CT250285,Contractor,MTO,P46092,Sale,2025-12-16,2025-11-11,2025-11-11,23945.22,3.0
CT-F-99-020510,PEM107,Omni Channel,Actual,CT250250,Smart Shop,MTS,P46076,Sale,2025-12-20,2025-11-11,2025-11-11,26235.33,3.0
VT-F-99-010818,PEM107,Omni Channel,Actual,VT250157,Contractor,MTO,P51459,Sale,2025-12-16,2025-11-11,2025-11-11,21898.2,1.0
VT-F-99-010202,PEM107,Omni Channel,Actual,VT250146,Smart Shop,MTS,P45854,Sale,2025-12-20,2025-11-11,2025-11-11,8931.37,1.0
VT-F-99-010721,PEM107,Omni Channel,Actual,VT250122,,MTS,P45906,Sale,2025-11-12,2025-11-11,2025-11-11,18063.45,1.0
CT-F-99-020506,PEM107,Omni Channel,Actual,CT250231,,MTS,P46073,Sale,2025-11-12,2025-11-11,2025-11-11,22266.57,3.0
CT-F-99-020503,PTS,Tendering,Actual,CTR-2025-06116,การไฟฟ้าส่วนภูมิภาค เขต 2  (ภาคกลาง),MTO,P46070,Sale,2025-12-19,2025-11-11,2025-11-11,505845.6,52.0
VT-F-99-010721,PEM107,Omni Channel,Actual,VT250126,Contractor,MTS,P45906,Sale,2026-06-30,2025-11-11,2025-11-11,53831.43,3.0
CT-F-99-020506,PEM107,Omni Channel,Actual,CT250231,Contractor,MTS,P46073,Sale,2025-11-17,2025-11-11,2025-11-11,21757.5,3.0
CT-F-99-020507,PEM107,Omni Channel,Actual,CT250224,Contractor,MTS,P46074,Sale,2025-11-17,2025-11-11,2025-11-11,22161.72,3.0
CT-F-99-020510,PEM107,Omni Channel,Actual,CT250202,Contractor,MTS,P46076,Sale,2026-12-30,2025-11-11,2025-11-11,26235.33,3.0
CT-F-99-020511,PEM107,Omni Channel,Actual,CT240090,Contractor,MTS,P46077,Sale,2025-11-21,2025-11-11,2025-11-11,26913.9,3.0
CT-F-99-020506,PEM107,Omni Channel,Actual,CT250231,Contractor,MTS,P46073,Sale,2025-11-14,2025-11-11,2025-11-11,21757.5,3.0
CT-F-99-020506,PEM107,Omni Channel,Actual,CT250231,Contractor,MTS,P46073,Sale,2025-11-17,2025-11-11,2025-11-11,21757.5,3.0
VT-F-99-010721,PEM107,Omni Channel,Actual,VT250126,Contractor,MTS,P45906,Sale,2025-11-17,2025-11-11,2025-11-11,17943.81,1.0
CT-F-99-020507,PTS,Tendering,Actual,CTR-2025-06116,การไฟฟ้าส่วนภูมิภาค เขต 2  (ภาคกลาง),MTO,P46074,Sale,2025-12-19,2025-11-11,2025-11-11,60152.4,6.0
CT-F-99-020508,PTS,Tendering,Actual,CTR-2025-06116,การไฟฟ้าส่วนภูมิภาค เขต 2  (ภาคกลาง),MTO,P46075,Sale,2025-12-19,2025-11-11,2025-11-11,51822.5,5.0
CT-F-99-020511,PTS,Tendering,Actual,CTR-2025-06116,การไฟฟ้าส่วนภูมิภาค เขต 2  (ภาคกลาง),MTO,P46077,Sale,2025-12-19,2025-11-11,2025-11-11,10801.5,1.0
RS-F-99-070004,PTS,Tendering,Actual,CTR-2025-06116,การไฟฟ้าส่วนภูมิภาค เขต 2  (ภาคกลาง),MTO,P46104,Sale,2025-12-19,2025-11-11,2025-11-11,444008.04,826.0
CT-F-99-020528,PEM107,Omni Channel,Actual,CT250237,Contractor,MTS,P45962,Sale,2025-11-14,2025-11-11,2025-11-11,45588.63,3.0
VT-F-99-010721,PEM107,Omni Channel,Actual,VT250126,private company,MTS,P45906,Sale,2025-12-04,2025-11-12,2025-11-12,18063.45,1.0
CT-F-99-020528,PEM107,Omni Channel,Actual,CT250237 ,private company,MTS,P45962,Sale,2025-12-04,2025-11-12,2025-11-12,45588.63,3.0
VT-F-99-010721,PEM107,Omni Channel,Actual,VT250126,,MTS,P45906,Sale,2025-11-21,2025-11-12,2025-11-12,18063.45,1.0
CT-F-99-020528,PEM107,Omni Channel,Actual,CT250237,,MTS,P45962,Sale,2025-11-21,2025-11-12,2025-11-12,45588.63,3.0
CT-F-99-020507,PEM107,Omni Channel,Actual,CT250026,Factory,MTS,P46074,Sale,2025-11-14,2025-11-12,2025-11-12,14774.48,2.0
VT-F-99-010203,PEM107,Omni Channel,Actual,VT250116,Factory,MTS,P47174,Sale,2025-11-14,2025-11-12,2025-11-12,15548.02,2.0
VT-F-99-010721,PEM107,Omni Channel,Actual,VT250126,Smart Shop,MTS,P45906,Sale,2025-12-02,2025-11-12,2025-11-12,17943.81,1.0
CT-F-99-020526,PEM107,Omni Channel,Actual,CT250168,Smart Shop,MTS,P45936,Sale,2025-12-02,2025-11-12,2025-11-12,45466.11,3.0
VT-F-99-010203,PEM107,Omni Channel,Actual,VT250136,Contractor,MTS,P47174,Sale,2025-11-21,2025-11-12,2025-11-12,15548.02,2.0
CT-F-99-020503,PEM107,Omni Channel,Actual,CT250223,Contractor,MTS,P46070,Sale,2025-11-21,2025-11-12,2025-11-12,13256.98,2.0
VT-F-99-010202,PEM107,Omni Channel,Actual,VT250067,Contractor,MTS,P45854,Sale,2025-11-12,2025-11-10,2025-11-10,8931.37,1.0
VT-F-99-010721,PEM107,Omni Channel,Actual,VT250126,Contractor,MTS,P45906,Sale,2025-11-12,2025-11-10,2025-11-10,17943.81,1.0
CT-F-99-020528,PEM107,Omni Channel,Actual,CT250205,Contractor,MTS,P45962,Sale,2025-11-12,2025-11-10,2025-11-10,45588.63,3.0
VT-F-99-010203,PEM107,Omni Channel,Actual,"VT250132,VT250136",Contractor,MTS,P47174,Sale,2025-11-21,2025-11-13,2025-11-13,326508.42,42.0
CT-F-99-020501,PEM107,Omni Channel,Actual,CT250127,Contractor,MTS,P46123,Sale,2025-11-21,2025-11-13,2025-11-13,50785.68,8.0
CT-F-99-020502,PEM107,Omni Channel,Actual,CT250229,Contractor,MTS,P46069,Sale,2025-11-21,2025-11-13,2025-11-13,80522.76,12.0
CT-F-99-020503,PEM107,Omni Channel,Actual,CT250223,Contractor,MTS,P46070,Sale,2025-11-21,2025-11-13,2025-11-13,26513.96,4.0
CT-F-99-020504,PEM107,Omni Channel,Actual,CT250230,Contractor,MTS,P46071,Sale,2025-11-21,2025-11-13,2025-11-13,41073.42,6.0
CT-F-99-020505,PEM107,Omni Channel,Actual,CT250256,Contractor,MTS,P46072,Sale,2025-11-21,2025-11-13,2025-11-13,78501.84,12.0
VT-F-99-010722,PEM102,Omni Channel,Actual,SS250258-1,Inside Group,MTO,P52486,Sale,2025-11-28,2025-11-13,2025-11-13,2900095.0,110.0
CT-F-99-020704,PEM107,Omni Channel,Actual,CT250289,Foreign Industry,MTO,P46093,Sale,2025-12-25,2025-11-13,2025-11-13,15126.16,2.0
VT-F-99-010721,PEM107,Omni Channel,Actual,VT250122,Contractor,MTS,P45906,Sale,2025-11-14,2025-11-13,2025-11-13,17943.81,1.0
CT-F-99-020504,PEM107,Omni Channel,Actual,CT250230,Smart Shop,MTS,P46071,Sale,2025-11-14,2025-11-13,2025-11-13,13691.14,2.0
VT-F-99-010721,PEM107,Omni Channel,Actual,VT250126,private company,MTS,P45906,Sale,2025-11-28,2025-11-13,2025-11-13,18063.45,1.0
CT-F-99-020506,PEM107,Omni Channel,Actual,CT250231,private company,MTS,P46073,Sale,2025-11-28,2025-11-13,2025-11-13,21757.5,3.0
VT-F-99-010721,PEM107,Omni Channel,Actual,VT250126,End User,MTS,P45906,Sale,2025-11-26,2025-11-13,2025-11-13,17943.81,1.0
CT-F-99-020524,PEM107,Omni Channel,Actual,CT240130,End User,MTS,P45905,Sale,2025-11-26,2025-11-13,2025-11-13,40439.16,3.0
CT-F-99-020527,PEM107,Omni Channel,Actual,CT250226,Contractor,MTS,P45922,Sale,2025-11-14,2025-11-13,2025-11-13,40782.12,3.0
VT-F-99-010715,PEM107,Omni Channel,Actual,VT250139,Contractor,MTS,P46029,Sale,2025-12-16,2025-11-14,2025-11-14,17425.84,1.0
CT-F-99-020506,PEM107,Omni Channel,Actual,CT250231,Contractor,MTS,P46073,Sale,2025-12-16,2025-11-14,2025-11-14,21757.5,3.0
VT-F-99-010819,PEM107,Omni Channel,Actual,VT250115 ,Contractor,MTS,P46038,Sale,2025-12-10,2025-11-14,2025-11-14,22249.33,1.0
CT-F-99-020717,PEM107,Omni Channel,Actual,CT250290,Contractor,MTO,P46156,Sale,2025-12-10,2025-11-14,2025-11-14,39450.72,3.0
CT-F-99-020704,PEM107,Omni Channel,Actual,CT250293,Contractor,MTO,P46093,Sale,2025-12-04,2025-11-14,2025-11-14,15126.16,2.0
VT-F-99-010303,PEM107,Omni Channel,Actual,"VT240180,VT250160",Contractor,MTO,P51638,Sale,2025-12-04,2025-11-14,2025-11-14,19117.56,2.0
CT-F-99-020504,PEM107,Omni Channel,Actual,"CT250230,CT250255",Contractor,MTS,P46071,Sale,2025-11-14,2025-11-14,2025-11-14,13691.14,2.0
VT-F-99-010203,PEM107,Omni Channel,Actual,VT250136,Contractor,MTS,P47174,Sale,2025-11-14,2025-11-14,2025-11-14,15548.02,2.0
CT-F-99-020503,PEM107,Omni Channel,Actual,CT250223,Contractor,MTS,P46070,Sale,2025-12-26,2025-11-14,2025-11-14,13256.98,2.0
VT-F-99-010203,PEM107,Omni Channel,Actual,VT250136,Contractor,MTS,P47174,Sale,2025-12-26,2025-11-14,2025-11-14,15548.02,2.0
VT-F-99-010721,PEM107,Omni Channel,Actual,VT250126,Contractor,MTS,P45906,Sale,2025-11-26,2025-11-14,2025-11-14,17943.81,1.0
CT-F-99-020504,PEM107,Omni Channel,Actual,CT250255,Contractor,MTS,P46071,Sale,2025-11-26,2025-11-14,2025-11-14,20536.71,3.0
VT-F-99-010303,PEM107,Omni Channel,Actual,VT250160,Contractor,MTS,P51638,Sale,2025-12-03,2025-11-14,2025-11-14,19117.56,2.0
CT-F-99-020504,PEM107,Omni Channel,Actual,CT250255,Contractor,MTS,P46071,Sale,2025-12-03,2025-11-14,2025-11-14,13691.14,2.0
CT-F-99-020507,PEM107,Omni Channel,Actual,CT250026,Contractor,MTS,P46074,Sale,2025-12-03,2025-11-14,2025-11-14,14774.48,2.0
CT-F-99-020703,PEM107,Omni Channel,Actual,CT250294,Contractor,MTS,P46092,Sale,2025-12-03,2025-11-14,2025-11-14,23945.22,3.0
CT-F-99-020503,PEM107,Omni Channel,Actual,CT250223,Contractor,MTS,P46070,Sale,2025-12-03,2025-11-14,2025-11-14,13256.98,2.0
CT-F-99-020506,PEM107,Omni Channel,Actual,CT250185,Contractor,MTS,P46073,Sale,2025-11-20,2025-11-14,2025-11-14,14505.0,2.0
CT-F-99-020704,PEM107,Omni Channel,Actual,CT250293,Contractor,MTO,P46093,Sale,2025-12-04,2025-11-14,2025-11-14,15126.16,2.0
VT-F-99-010303,PEM107,Omni Channel,Actual,VT250133,Contractor,MTO,P51638,Sale,2025-12-04,2025-11-14,2025-11-14,19117.56,2.0
CT-F-99-020503,PEM107,Omni Channel,Actual,CT250223,Contractor,MTS,P46070,Sale,2025-11-20,2025-11-14,2025-11-14,13256.98,2.0
CT-F-99-020503,PEM107,Omni Channel,Actual,CT250223,Contractor,MTS,P46070,Sale,2025-11-20,2025-11-14,2025-11-14,13256.98,2.0
CT-F-99-020705,PEM107,Omni Channel,Actual,CT250295,Contractor,MTS,P46094,Sale,2025-12-04,2025-11-14,2025-11-14,14703.06,2.0
VT-F-99-010303,PEM107,Omni Channel,Actual,VT250133,Contractor,MTO,P51638,Sale,2025-12-04,2025-11-14,2025-11-14,19117.56,2.0
CT-F-99-020507,PEM107,Omni Channel,Actual,CT250224,Contractor,MTS,P46074,Sale,2025-11-20,2025-11-14,2025-11-14,22161.72,3.0
CT-F-99-020705,PEM107,Omni Channel,Actual,CT250295,Contractor,MTO,P46094,Sale,2025-12-04,2025-11-14,2025-11-14,14703.06,2.0
VT-F-99-010303,PEM107,Omni Channel,Actual,VT250160,Contractor,MTO,P51638,Sale,2025-12-04,2025-11-14,2025-11-14,19117.56,2.0
CT-F-99-020504,PEM107,Omni Channel,Actual,CT250230,Contractor,MTS,P46071,Sale,2025-11-20,2025-11-14,2025-11-14,20536.71,3.0
CT-F-99-020705,PEM107,Omni Channel,Actual,CT250295,Contractor,MTO,P46094,Sale,2025-12-03,2025-11-14,2025-11-14,14703.06,2.0
VT-F-99-010209,PEM107,Omni Channel,Actual,VT250164,Contractor,MTO,P45569,Sale,2025-12-03,2025-11-14,2025-11-14,16535.9,2.0
VT-F-99-010203,PEM107,Omni Channel,Actual,VT250136,Contractor,MTS,P47174,Sale,2025-12-03,2025-11-14,2025-11-14,15548.02,2.0
VT-F-99-010203,PEM107,Omni Channel,Actual,VT250136,Contractor,MTS,P47174,Sale,2025-12-03,2025-11-14,2025-11-14,15548.02,2.0
VT-F-99-010203,PEM107,Omni Channel,Actual,VT250136,Contractor,MTS,P47174,Sale,2025-11-20,2025-11-14,2025-11-14,15548.02,2.0
VT-F-99-010203,PEM107,Omni Channel,Actual,VT250136,Contractor,MTS,P47174,Sale,2025-11-20,2025-11-14,2025-11-14,15548.02,2.0
VT-F-99-010203,PEM107,Omni Channel,Actual,VT250136,Contractor,MTS,P47174,Sale,2025-11-20,2025-11-14,2025-11-14,15548.02,2.0
CT-F-99-020506,PEM107,Omni Channel,Actual,CT250231,Contractor,MTS,P46073,Sale,2025-12-15,2025-11-17,2025-11-17,14505.0,2.0
VT-F-99-010203,PEM107,Omni Channel,Actual,VT250136,Contractor,MTS,P47174,Sale,2025-12-15,2025-11-17,2025-11-17,15548.02,2.0
CT-F-99-020505,PEM107,Omni Channel,Actual,CT250256,Contractor,MTS,P46072,Sale,2025-11-18,2025-10-29,2025-10-29,19625.46,3.0
VT-F-99-010721,PEM107,Omni Channel,Actual,VT250126,Contractor,MTS,P45906,Sale,2025-11-26,2025-11-17,2025-11-17,17943.81,1.0
CT-F-99-020531,PEM107,Omni Channel,Actual,CT250188,Contractor,MTS,P46162,Sale,2025-11-26,2025-11-17,2025-11-17,40503.87,3.0
VT-F-99-010203,PEM107,Omni Channel,Actual,VT250136,Smart Shop,MTS,P47174,Sale,2025-12-01,2025-11-17,2025-11-17,15548.02,2.0
CT-F-99-020504,PEM107,Omni Channel,Actual,CT250255,Smart Shop,MTS,P46071,Sale,2025-12-01,2025-11-17,2025-11-17,13691.14,2.0
VT-F-99-010721,PEM107,Omni Channel,Actual,VT250126,,MTS,P45906,Sale,2025-11-21,2025-11-18,2025-11-18,18063.45,1.0
CT-F-99-020506,PEM107,Omni Channel,Actual,CT250231,,MTS,P46073,Sale,2025-11-21,2025-11-18,2025-11-18,21757.5,3.0
VT-F-99-010202,PEM107,Omni Channel,Actual,VT250146,การไฟฟ้าส่วนภูมิภาค เขต 1 (ภาคกลาง),MTS,P45854,Sale,2025-12-17,2025-11-18,2025-11-18,8931.37,1.0
VT-F-99-010202,PEM107,Omni Channel,Actual,VT250146 ,การไฟฟ้าส่วนภูมิภาค เขต 1 (ภาคกลาง),MTS,P45854,Sale,2025-12-17,2025-11-18,2025-11-18,8931.37,1.0
VT-F-99-010202,PEM107,Omni Channel,Actual,VT250146 ,การไฟฟ้าส่วนภูมิภาค เขต 1 (ภาคกลาง),MTS,P45854,Sale,2025-12-17,2025-11-18,2025-11-18,8931.37,1.0
CT-F-99-020507,PEM107,Omni Channel,Actual,CT250235,Contractor,MTS,P46074,Sale,2025-12-19,2025-11-18,2025-11-18,22161.72,3.0
VT-F-99-010721,PEM107,Omni Channel,Actual,VT250155 ,Contractor,MTS,P45906,Sale,2025-12-19,2025-11-18,2025-11-18,17943.81,1.0
VT-F-99-010202,PEM107,Omni Channel,Actual,"VT250146,VT260003 ",Contractor,MTS,P45854,Sale,2025-12-19,2025-11-18,2025-11-18,8931.37,1.0
CT-F-99-020505,PEM107,Omni Channel,Actual,CT250305,Contractor,MTS,P46072,Sale,2026-03-31,2025-11-18,2025-11-18,19625.46,3.0
VT-F-99-010721,PEM107,Omni Channel,Actual,VT260001,Contractor,MTS,P45906,Sale,2026-03-31,2025-11-18,2025-11-18,17943.81,1.0
VT-F-99-010202,PEM107,Omni Channel,Actual,VT250146 ,Contractor,MTS,P45854,Sale,2026-03-31,2025-11-18,2025-11-18,8931.37,1.0
CT-F-99-020514,PEM107,Omni Channel,Actual,CT250296,Contractor,MTS,P51982,Sale,2026-03-31,2025-11-18,2025-11-18,13261.06,2.0
VT-F-99-010203,PEM107,Omni Channel,Actual,VT250136,Contractor,MTS,P47174,Sale,2026-03-31,2025-11-18,2025-11-18,15548.02,2.0
CT-F-99-020528,PEM107,Omni Channel,Actual,"CT250237,CT250288",Contractor,MTS,P45962,Sale,2025-12-26,2025-11-18,2025-11-18,45588.63,3.0
VT-F-99-010721,PEM107,Omni Channel,Actual,VT250155,Contractor,MTS,P45906,Sale,2025-12-26,2025-11-18,2025-11-18,17943.81,1.0
VT-F-99-010202,PEM107,Omni Channel,Actual,VT250146,Contractor,MTS,P45854,Sale,2025-12-26,2025-11-18,2025-11-18,8931.37,1.0
CT-F-99-020505,PEM107,Omni Channel,Actual,CT250274,Contractor,MTS,P46072,Sale,2025-12-26,2025-11-18,2025-11-18,13083.64,2.0
VT-F-99-010203,PEM107,Omni Channel,Actual,VT250136,Contractor,MTS,P47174,Sale,2025-12-26,2025-11-18,2025-11-18,15548.02,2.0
CT-F-99-020530,PEM107,Omni Channel,Actual,"CT250281, CT250300",Contractor,MTS,P45966,Sale,2025-12-26,2025-11-18,2025-11-18,46686.36,3.0
VT-F-99-010721,PEM107,Omni Channel,Actual,VT250155,Contractor,MTS,P45906,Sale,2025-12-26,2025-11-18,2025-11-18,17943.81,1.0
VT-F-99-010202,PEM107,Omni Channel,Actual,VT250146,Contractor,MTS,P45854,Sale,2025-12-26,2025-11-18,2025-11-18,8931.37,1.0
VT-F-99-010203,PEM107,Omni Channel,Actual,VT250136,Contractor,MTS,P47174,Sale,2025-12-26,2025-11-18,2025-11-18,15548.02,2.0
CT-F-99-020506,PEM107,Omni Channel,Actual,CT250257,Contractor,MTS,P46073,Sale,2025-12-24,2025-11-18,2025-11-18,21757.5,3.0
VT-F-99-010721,PEM107,Omni Channel,Actual,VT250155,Contractor,MTS,P45906,Sale,2025-12-24,2025-11-18,2025-11-18,17943.81,1.0
VT-F-99-010202,PEM107,Omni Channel,Actual,VT250166,Contractor,MTS,P45854,Sale,2025-12-24,2025-11-18,2025-11-18,8931.37,1.0
CT-F-99-020502,PEM107,Omni Channel,Actual,CT250229,Contractor,MTS,P46069,Sale,2025-12-24,2025-11-18,2025-11-18,13420.46,2.0
VT-F-99-010203,PEM107,Omni Channel,Actual,VT250136,Contractor,MTS,P47174,Sale,2025-12-24,2025-11-18,2025-11-18,15548.02,2.0
CT-F-99-020506,PEM107,Omni Channel,Actual,CT250257,Contractor,MTS,P46073,Sale,2026-03-31,2025-11-18,2025-11-18,21757.5,3.0
VT-F-99-010721,PEM107,Omni Channel,Actual,VT250155,Contractor,MTS,P45906,Sale,2026-03-31,2025-11-18,2025-11-18,17943.81,1.0
VT-F-99-010202,PEM107,Omni Channel,Actual,VT250166,Contractor,MTS,P45854,Sale,2026-01-30,2025-11-18,2025-11-18,8931.37,1.0
VT-F-99-010203,PEM107,Omni Channel,Actual,VT250136,Contractor,MTS,P47174,Sale,2025-12-17,2025-11-18,2025-11-18,15548.02,2.0
VT-F-99-010721,PEM107,Omni Channel,Actual,VT250126,Contractor,MTS,P45906,Sale,2025-11-20,2025-11-14,2025-11-14,17943.81,1.0
VT-F-99-010819,PEM107,Omni Channel,Actual,VT250115,Contractor,MTS,P46038,Sale,2025-12-03,2025-11-14,2025-11-14,22249.33,1.0
VT-F-99-010721,PEM107,Omni Channel,Actual,VT250126,Contractor,MTS,P45906,Sale,2025-11-20,2025-11-14,2025-11-14,17943.81,1.0
CT-F-99-020508,PEM107,Omni Channel,Actual,CT250246,Contractor,MTS,P46075,Sale,2025-12-04,2025-11-19,2025-11-19,24528.03,3.0
VT-F-99-010721,PEM107,Omni Channel,Actual,VT250155 ,Contractor,MTS,P45906,Sale,2025-12-04,2025-11-19,2025-11-19,17943.81,1.0
VT-F-99-010721,PEM107,Omni Channel,Actual,VT250126 ,Contractor,MTS,P45906,Sale,2025-11-20,2025-11-19,2025-11-19,17943.81,1.0
CT-F-99-020530,PEM107,Omni Channel,Actual,CT250281,Contractor,MTS,P45966,Sale,2025-11-20,2025-11-19,2025-11-19,46686.36,3.0
VT-F-99-010202,PEM107,Omni Channel,Actual,VT250146,Contractor,MTS,P45854,Sale,2025-11-20,2025-11-19,2025-11-19,8931.37,1.0
RS-F-99-041033,PEM107,Omni Channel,Actual,RS250416,Cambodia,MTO,P48829,Sale,2025-12-30,2025-11-20,2025-11-20,145424.4,15.0
RS-F-99-041034,PEM107,Omni Channel,Actual,RS250417,Cambodia,MTO,P48840,Sale,2025-12-30,2025-11-20,2025-11-20,146515.5,15.0
RS-F-99-041010,PEM107,Omni Channel,Actual,RS250418,Cambodia,MTO,P48851,Sale,2025-12-30,2025-11-20,2025-11-20,304170.6,30.0
RS-F-99-041035,PEM107,Omni Channel,Actual,"RS220330,RS250420",Cambodia,MTO,P49105,Sale,2025-12-30,2025-11-20,2025-11-20,124584.96,12.0
RS-F-99-041001,PEM107,Omni Channel,Actual,RS250414,Cambodia,MTO,P51313,Sale,2025-12-30,2025-11-20,2025-11-20,144676.8,15.0
RS-F-99-041002,PEM107,Omni Channel,Actual,RS250415,Cambodia,MTO,P51314,Sale,2025-12-30,2025-11-20,2025-11-20,147003.15,15.0
RS-F-99-041006,PEM107,Omni Channel,Actual,RS250419,Cambodia,MTO,P51318,Sale,2026-02-02,2025-11-20,2025-11-20,126841.68,12.0
RS-F-99-041007,PEM107,Omni Channel,Actual,RS250421,Cambodia,MTO,P51319,Sale,2025-12-30,2025-11-20,2025-11-20,122997.84,12.0
RS-F-99-041008,PEM107,Omni Channel,Actual,RS250422,Cambodia,MTO,P51320,Sale,2025-12-30,2025-11-20,2025-11-20,125691.24,12.0
VT-F-99-010721,PEM107,Omni Channel,Actual,VT250155,private company,MTS,P45906,Sale,2026-01-23,2025-11-20,2025-11-20,18063.45,1.0
CT-F-99-020528,PEM107,Omni Channel,Actual,CT250299,private company,MTS,P45962,Sale,2026-01-23,2025-11-20,2025-11-20,45588.63,3.0
VT-F-99-010721,PEM107,Omni Channel,Actual,VT250155,private company,MTS,P45906,Sale,2026-01-30,2025-11-20,2025-11-20,18063.45,1.0
VT-F-99-010721,PEM107,Omni Channel,MPS,VT250155,,MTS,P45906,Sale,2026-10-09,2025-11-20,2025-11-20,18063.45,1.0
CT-F-99-020504,PEM107,Omni Channel,MPS,CT260021,,MTS,P46071,Sale,2026-10-09,2025-11-20,2025-11-20,20536.74,3.0
VT-F-99-010721,PEM107,Omni Channel,Actual,VT250155,,MTS,P45906,Sale,2025-12-26,2025-11-20,2025-11-20,18063.45,1.0
CT-F-99-020506,PEM107,Omni Channel,Actual,CT250257,,MTS,P46073,Sale,2025-12-26,2025-11-20,2025-11-20,22266.57,3.0
VT-F-99-010721,PEM107,Omni Channel,Actual,VT250155,private company,MTS,P45906,Sale,2025-12-04,2025-11-20,2025-11-20,18063.45,1.0
CT-F-99-020507,PEM107,Omni Channel,Actual,CT250235,private company,MTS,P46074,Sale,2025-12-04,2025-11-20,2025-11-20,22272.84,3.0
VT-F-99-010721,PEM107,Omni Channel,Actual,VT250155,,MTS,P45906,Sale,2025-12-26,2025-11-20,2025-11-20,18063.45,1.0
CT-F-99-020508,PEM107,Omni Channel,Actual,CT250246,,MTS,P46075,Sale,2025-12-26,2025-11-20,2025-11-20,24676.92,3.0
CT-F-99-020527,PEM107,Omni Channel,Actual,CT250269,private company,MTS,P45922,Sale,2026-01-30,2025-11-20,2025-11-20,40782.12,3.0
CT-F-99-020530,PEM107,Omni Channel,Actual,CT250238,Contractor,MTS,P45966,Sale,2025-12-19,2025-11-20,2025-11-20,46686.36,3.0
CT-F-99-020506,PEM107,Omni Channel,Actual,CT250257,,MTS,P46073,Sale,2025-12-04,2025-11-20,2025-11-20,21757.5,3.0
CT-F-99-020504,PEM107,Omni Channel,Actual,CT250230,Factory,MTS,P46071,Sale,2025-11-21,2025-11-21,2025-11-21,20536.71,3.0
VT-F-99-010721,PEM107,Omni Channel,Actual,VT250126,Factory,MTS,P45906,Sale,2025-11-21,2025-11-21,2025-11-21,17943.81,1.0
CT-F-99-020506,PEM107,Omni Channel,Actual,CT250257,Contractor,MTS,P46073,Sale,2025-11-25,2025-11-21,2025-11-21,21757.5,3.0
VT-F-99-010715,PEM107,Omni Channel,Actual,VT250153,Contractor,MTS,P46029,Sale,2025-11-26,2025-11-21,2025-11-21,17425.84,1.0
CT-F-99-020505,PEM107,Omni Channel,Actual,CT250256,Contractor,MTS,P46072,Sale,2025-11-26,2025-11-21,2025-11-21,19625.46,3.0
VT-F-99-010721,PEM107,Omni Channel,Actual,VT250126,Contractor,MTS,P45906,Sale,2025-11-28,2025-11-21,2025-11-21,17943.81,1.0
CT-F-99-020505,PEM107,Omni Channel,Actual,CT250274,Contractor,MTS,P46072,Sale,2025-11-28,2025-11-21,2025-11-21,19625.46,3.0
VT-F-99-010721,PEM107,Omni Channel,Actual,VT250126,Contractor,MTS,P45906,Sale,2025-12-02,2025-11-21,2025-11-21,17943.81,1.0
CT-F-99-020528,PEM107,Omni Channel,Actual,"CT250237,CT250288",Contractor,MTS,P45962,Sale,2025-12-02,2025-11-21,2025-11-21,45588.63,3.0
VT-F-99-010202,PEM107,Omni Channel,Actual,VT250146,Dealer,MTS,P45854,Sale,2025-12-19,2025-11-21,2025-11-21,8931.37,1.0
CT-F-99-020504,PEM107,Omni Channel,Actual,CT250255,Contractor,MTS,P46071,Sale,2025-12-04,2025-11-21,2025-11-21,20536.71,3.0
CT-F-99-020529,PEM107,Omni Channel,Actual,CT250325,private company,MTO,P46384,Sale,2025-12-19,2025-11-20,2025-11-20,48355.02,3.0
CT-F-99-020504,PEM107,Omni Channel,Actual,CT250255,Contractor,MTS,P46071,Sale,2025-11-28,2025-11-21,2025-11-21,20536.71,3.0
VT-F-99-010721,PEM107,Omni Channel,Actual,VT250126 ,Contractor,MTS,P45906,Sale,2025-11-28,2025-11-21,2025-11-21,17943.81,1.0
CT-F-99-020504,PEM107,Omni Channel,Actual,CT250255,Contractor,MTS,P46071,Sale,2026-03-31,2025-11-21,2025-11-21,20536.71,3.0
VT-F-99-010721,PEM107,Omni Channel,Actual,VT250155 ,Contractor,MTS,P45906,Sale,2025-11-28,2025-11-21,2025-11-21,18063.45,1.0
CT-F-99-020505,PEM107,Omni Channel,Actual,CT250274,Contractor,MTS,P46072,Sale,2025-11-28,2025-11-21,2025-11-21,19625.46,3.0
VT-F-99-010715,PEM107,Omni Channel,Actual,VT250153,Contractor,MTO,P46029,Sale,2025-12-08,2025-11-21,2025-11-21,17425.84,1.0
CT-F-99-020505,PEM107,Omni Channel,Actual,CT250274,Contractor,MTS,P46072,Sale,2025-12-08,2025-11-21,2025-11-21,19625.46,3.0
VT-F-99-010721,PEM107,Omni Channel,Actual,VT250155,private company,MTS,P45906,Sale,2025-12-16,2025-11-24,2025-11-24,18063.45,1.0
CT-F-99-020506,PEM107,Omni Channel,Actual,CT250257,private company,MTS,P46073,Sale,2025-12-16,2025-11-24,2025-11-24,21757.5,3.0
VT-F-99-010721,PEM107,Omni Channel,Actual,VT250126,,MTS,P45906,Sale,2025-11-25,2025-11-24,2025-11-24,18063.45,1.0
CT-F-99-020508,PEM107,Omni Channel,Actual,CT250246,,MTS,P46075,Sale,2025-11-25,2025-11-24,2025-11-24,24528.03,3.0
CT-F-99-020527,PEM107,Omni Channel,Actual,CT250269,Contractor,MTS,P45922,Sale,2025-11-24,2025-11-24,2025-11-24,40782.12,3.0
VT-F-99-010701,PEM107,Omni Channel,Actual,VT250158,Contractor,MTS,P46255,Sale,2025-12-02,2025-11-24,2025-11-24,18156.09,1.0
CT-F-99-020708,PEM107,Omni Channel,Actual,CT250322,Contractor,MTO,P46096,Sale,2025-12-19,2025-11-24,2025-11-24,30718.35,3.0
VT-F-99-010819,PEM107,Omni Channel,Actual,VT250161,Contractor,MTS,P46038,Sale,2025-12-19,2025-11-24,2025-11-24,22249.33,1.0
CT-F-99-020528,PEM107,Omni Channel,Actual,CT250288,Contractor,MTS,P45962,Sale,2025-11-27,2025-11-24,2025-11-24,75981.05,5.0
VT-F-99-010721,PEM107,Omni Channel,Actual,VT250162,End User,MTS,P45906,Sale,2025-12-22,2025-11-24,2025-11-24,17943.81,1.0
CT-F-99-020522,PEM107,Omni Channel,Actual,CT250323,End User,MTO,P45904,Sale,2025-12-22,2025-11-24,2025-11-24,38929.23,3.0
CT-F-99-020504,PEM107,Omni Channel,Actual,CT250230,Contractor,MTS,P46071,Sale,2025-11-27,2025-11-24,2025-11-24,20536.71,3.0
VT-F-99-010721,PEM107,Omni Channel,Actual,VT250155,End User,MTS,P45906,Sale,2025-12-04,2025-11-25,2025-11-25,17943.81,1.0
CT-F-99-020504,PEM107,Omni Channel,Actual,CT250255,End User,MTS,P46071,Sale,2025-12-04,2025-11-25,2025-11-25,20536.71,3.0
VT-F-99-010203,PEM107,Omni Channel,Actual,VT250116,Contractor,MTS,P47174,Sale,2025-11-28,2025-11-25,2025-11-25,7774.01,1.0
VT-F-99-010721,PEM107,Omni Channel,Actual,VT250162,Contractor,MTS,P45906,Sale,2026-01-30,2025-11-25,2025-11-25,17943.81,1.0
CT-F-99-020530,PEM107,Omni Channel,Actual,CT250300,Contractor,MTS,P45966,Sale,2025-12-26,2025-11-25,2025-11-25,46686.36,3.0
VT-F-99-010202,PEM107,Omni Channel,Actual,VT250166,Contractor,MTS,P45854,Sale,2026-01-30,2025-11-25,2025-11-25,8931.37,1.0
CT-F-99-020527,PEM107,Omni Channel,Actual,CT250269,Dealer,MTS,P45922,Sale,2025-12-19,2025-11-26,2025-11-26,40782.12,3.0
CT-F-99-020523,PEM107,Omni Channel,Actual,CT250324,Contractor,MTO,P45899,Sale,2025-12-15,2025-11-26,2025-11-26,47709.27,3.0
VT-F-99-010721,PEM107,Omni Channel,Actual,VT250162,Contractor,MTS,P45906,Sale,2025-12-15,2025-11-26,2025-11-26,17943.81,1.0
CT-F-99-020523,PEM107,Omni Channel,Actual,CT250324,Contractor,MTO,P45899,Sale,2025-12-15,2025-11-26,2025-11-26,47709.27,3.0
VT-F-99-010721,PEM107,Omni Channel,Actual,VT250162,Contractor,MTS,P45906,Sale,2025-12-15,2025-11-26,2025-11-26,17943.81,1.0
CT-F-99-020507,PEM107,Omni Channel,Actual,CT250235,Smart Shop,MTS,P46074,Sale,2025-11-28,2025-11-26,2025-11-26,22161.72,3.0
VT-F-99-010721,PEM107,Omni Channel,Actual,VT250126,Smart Shop,MTS,P45906,Sale,2025-11-28,2025-11-26,2025-11-26,17943.81,1.0
VT-F-99-010721,PEM107,Omni Channel,Actual,VT250155,private company,MTS,P45906,Sale,2025-12-26,2025-11-26,2025-11-26,18063.45,1.0
CT-F-99-020505,PEM107,Omni Channel,Actual,CT250274,private company,MTS,P46072,Sale,2025-12-26,2025-11-26,2025-11-26,19625.46,3.0
VT-F-99-010721,PEM107,Omni Channel,Actual,VT250162,,MTS,P45906,Sale,2025-12-26,2025-11-26,2025-11-26,18063.45,1.0
VT-F-99-010721,PEM107,Omni Channel,Actual,VT250162,Contractor,MTS,P45906,Sale,2025-12-12,2025-11-26,2025-11-26,17943.81,1.0
CT-F-99-020528,PEM107,Omni Channel,Actual,CT250314,Contractor,MTS,P45962,Sale,2025-12-12,2025-11-26,2025-11-26,45588.63,3.0
CT-F-99-020506,PEM107,Omni Channel,Actual,CT250257,,MTS,P46073,Sale,2025-12-26,2025-11-26,2025-11-26,21757.5,3.0
VT-F-99-010721,PEM107,Omni Channel,Actual,VT250162,Contractor,MTS,P45906,Sale,2025-12-15,2025-11-19,2025-11-19,17943.81,1.0
CT-F-99-020530,PEM107,Omni Channel,Actual,CT250266,Contractor,MTS,P45966,Sale,2025-12-15,2025-11-19,2025-11-19,46686.36,3.0
VT-F-99-010202,PEM107,Omni Channel,Actual,VT250166,Contractor,MTS,P45854,Sale,2025-12-15,2025-11-19,2025-11-19,8931.37,1.0
CT-F-99-020511,PEM107,Omni Channel,Actual,CT250248,Smart Shop,MTS,P46077,Sale,2025-12-19,2025-11-27,2025-11-27,26913.9,3.0
VT-F-99-010721,PEM107,Omni Channel,Actual,VT250162,Smart Shop,MTS,P45906,Sale,2025-12-19,2025-11-27,2025-11-27,17943.81,1.0
VT-F-99-010203,PEM107,Omni Channel,Actual,VT250137,Smart Shop,MTS,P47174,Sale,2025-12-22,2025-11-27,2025-11-27,7774.01,1.0
VT-F-99-010721,PEM107,Omni Channel,Actual,VT250126,Contractor,MTS,P45906,Sale,2025-12-09,2025-11-27,2025-11-27,17943.81,1.0
CT-F-99-020508,PEM107,Omni Channel,Actual,CT250246,Contractor,MTS,P46075,Sale,2025-12-09,2025-11-27,2025-11-27,24528.03,3.0
CT-F-99-020503,PEM107,Omni Channel,Actual,CT250223,Dealer,MTS,P46070,Sale,2025-12-19,2025-11-27,2025-11-27,19885.47,3.0
VT-F-99-010721,PEM107,Omni Channel,Actual,VT250126,Contractor,MTS,P45906,Sale,2025-12-09,2025-11-27,2025-11-27,17943.81,1.0
CT-F-99-020508,PEM107,Omni Channel,Actual,CT250246,Contractor,MTS,P46075,Sale,2025-12-09,2025-11-27,2025-11-27,24528.03,3.0
CT-F-99-020505,PEM107,Omni Channel,Actual,CT250305,Contractor,MTS,P46072,Sale,2025-12-19,2025-11-27,2025-11-27,19625.46,3.0
VT-F-99-010721,PEM107,Omni Channel,Actual,VT250162,Contractor,MTS,P45906,Sale,2025-12-19,2025-11-27,2025-11-27,17943.81,1.0
CT-F-99-020504,PEM107,Omni Channel,Actual,CT250255,Contractor,MTS,P46071,Sale,2026-03-31,2025-11-27,2025-11-27,20536.71,3.0
CT-F-99-020505,PEM107,Omni Channel,Actual,CT250305,Contractor,MTS,P46072,Sale,2025-12-04,2025-11-27,2025-11-27,19625.46,3.0
VT-F-99-010721,PEM107,Omni Channel,Actual,VT250162,Contractor,MTS,P45906,Sale,2025-12-04,2025-11-27,2025-11-27,17943.81,1.0
VT-F-99-010203,PEM107,Omni Channel,Actual,VT250136,Smart Shop,MTS,P47174,Sale,2025-12-19,2025-11-27,2025-11-27,15548.02,2.0
CT-F-99-020505,PEM107,Omni Channel,Actual,CT250274,Smart Shop,MTS,P46072,Sale,2025-12-19,2025-11-27,2025-11-27,13083.64,2.0
VT-F-99-010721,PEM107,Omni Channel,MPS,VT250162,,MTS,P45906,Sale,2026-10-09,2025-11-28,2025-11-28,18063.45,1.0
CT-F-99-020530,PEM107,Omni Channel,MPS,CT250317,,MTS,P45966,Sale,2026-10-09,2025-11-28,2025-11-28,46686.36,3.0
VT-F-99-010721,PEM107,Omni Channel,Actual,VT250155,Contractor,MTS,P45906,Sale,2026-03-20,2025-11-28,2025-11-28,18063.45,1.0
CT-F-99-020531,PEM107,Omni Channel,Actual,CT250301,Smart Shop,MTS,P46162,Sale,2025-12-26,2025-11-28,2025-11-28,13501.29,1.0
CT-F-99-020524,PEM107,Omni Channel,Actual,CT250273,Smart Shop,MTS,P45905,Sale,2025-12-26,2025-11-28,2025-11-28,13479.72,1.0
CT-F-99-020528,PEM107,Omni Channel,Actual,CT250288,Smart Shop,MTS,P45962,Sale,2025-12-26,2025-11-28,2025-11-28,15196.21,1.0
CT-F-99-020530,PEM107,Omni Channel,Actual,CT250317,Smart Shop,MTS,P45966,Sale,2025-12-26,2025-11-28,2025-11-28,15562.12,1.0
CT-F-99-020526,PEM107,Omni Channel,Actual,CT250198,Smart Shop,MTS,P45936,Sale,2025-12-26,2025-11-28,2025-11-28,15155.37,1.0
CT-F-99-020503,PEM107,Omni Channel,Actual,CT250240,Inside Group,MTS,P46070,Sale,2025-12-23,2025-11-28,2025-11-28,344681.48,52.0
CT-F-99-020507,PEM107,Omni Channel,Actual,CT250235,Inside Group,MTS,P46074,Sale,2025-12-23,2025-11-28,2025-11-28,44323.44,6.0
CT-F-99-020508,PEM107,Omni Channel,Actual,CT250252,Inside Group,MTS,P46075,Sale,2025-12-23,2025-11-28,2025-11-28,40880.05,5.0
CT-F-99-020511,PEM107,Omni Channel,Actual,CT240090,Inside Group,MTS,P46077,Sale,2025-12-23,2025-11-28,2025-11-28,8971.3,1.0
RS-F-99-070004,PEM107,Omni Channel,Actual,"RS240309,RS250346",Inside Group,MTS,P46104,Sale,2025-12-23,2025-11-28,2025-11-28,258166.3,826.0
CT-F-99-020506,PEM107,Omni Channel,Actual,CT250257,Contractor,MTS,P46073,Sale,2025-12-04,2025-11-28,2025-11-28,21757.5,3.0
VT-F-99-010721,PEM107,Omni Channel,Actual,VT250162,Contractor,MTS,P45906,Sale,2025-12-04,2025-11-28,2025-11-28,17943.81,1.0
CT-F-99-020502,PEM107,Omni Channel,Actual,CT250229,Contractor,MTS,P46069,Sale,2025-12-12,2025-11-28,2025-11-28,20130.69,3.0
VT-F-99-010721,PEM107,Omni Channel,Actual,VT250162,Contractor,MTS,P45906,Sale,2025-12-12,2025-11-28,2025-11-28,17943.81,1.0
VT-F-99-010202,PEM107,Omni Channel,Actual,VT250171,Contractor,MTS,P45854,Sale,2025-12-12,2025-11-28,2025-11-28,8931.37,1.0
CT-F-99-020506,PEM107,Omni Channel,Actual,CT250272,Contractor,MTS,P46073,Sale,2025-12-09,2025-11-28,2025-11-28,21757.5,3.0
VT-F-99-010721,PEM107,Omni Channel,Actual,VT250162,Contractor,MTS,P45906,Sale,2025-12-09,2025-11-28,2025-11-28,17943.81,1.0
VT-F-99-010202,PEM107,Omni Channel,Actual,VT250171,Contractor,MTS,P45854,Sale,2025-12-09,2025-11-28,2025-11-28,8931.37,1.0
CT-F-99-020504,PEM107,Omni Channel,Actual,CT250304,Contractor,MTS,P46071,Sale,2025-12-09,2025-11-28,2025-11-28,20536.71,3.0
VT-F-99-010721,PEM107,Omni Channel,Actual,VT250162,Contractor,MTS,P45906,Sale,2025-12-09,2025-11-28,2025-11-28,17943.81,1.0
VT-F-99-010202,PEM107,Omni Channel,Actual,VT250171,Contractor,MTS,P45854,Sale,2025-12-09,2025-11-28,2025-11-28,8931.37,1.0
CT-F-99-020502,PEM107,Omni Channel,Actual,CT250229,End User,MTS,P46069,Sale,2025-12-04,2025-11-28,2025-11-28,13420.46,2.0
CT-F-99-020510,PEM107,Omni Channel,Actual,CT250250,End User,MTS,P46076,Sale,2025-12-04,2025-11-28,2025-11-28,34980.44,4.0
VT-F-99-010203,PEM107,Omni Channel,Actual,VT250136,End User,MTS,P47174,Sale,2025-12-04,2025-11-28,2025-11-28,46644.06,6.0
VT-F-99-010721,PEM107,Omni Channel,Actual,VT250126,End User,MTS,P45906,Sale,2025-12-04,2025-11-28,2025-11-28,17943.81,1.0
CT-F-99-020508,PEM107,Omni Channel,Actual,CT250246,End User,MTS,P46075,Sale,2025-12-04,2025-11-28,2025-11-28,24528.03,3.0
VT-F-99-010203,PEM107,Omni Channel,Actual,VT250137,Dealer,MTO,P47174,Sale,2025-12-03,2025-12-01,2025-12-01,15548.02,2.0
CT-F-99-020503,PEM107,Omni Channel,Actual,CT250303,Dealer,MTS,P46070,Sale,2025-12-03,2025-12-01,2025-12-01,13256.98,2.0
VT-F-99-010203,PEM107,Omni Channel,Actual,VT250085,Inside Group,MTO,P47174,Sale,2026-01-19,2025-05-26,2025-05-26,198336.72,24.0
VT-F-99-010819,PEM107,Omni Channel,Actual,VT250161,End User,MTO,P46038,Sale,2026-01-15,2025-12-01,2025-12-01,22249.33,1.0
RS-F-99-070005,PEM107,Omni Channel,Actual,CTR-2025-06612,Contractor,MTS,P46105,Sale,2025-12-02,2025-12-01,2025-12-01,939.81,3.0
CT-F-99-020704,PEM107,Omni Channel,Actual,CT260001,End User,MTO,P46093,Sale,2026-01-15,2025-12-01,2025-12-01,22689.24,3.0
CT-F-99-020506,PEM107,Omni Channel,Actual,CT250306,Contractor,MTS,P46073,Sale,2026-07-03,2025-12-02,2025-12-02,43515.0,6.0
CT-F-99-020508,PEM107,Omni Channel,Actual,CT250246,Contractor,MTS,P46075,Sale,2026-07-24,2025-12-02,2025-12-02,49056.06,6.0
CT-F-99-020510,PEM107,Omni Channel,Actual,CT250243,Contractor,MTS,P46076,Sale,2026-03-31,2025-12-02,2025-12-02,26235.33,3.0
CT-F-99-020527,PEM107,Omni Channel,Actual,CT250315 ,Contractor,MTS,P45922,Sale,2026-03-31,2025-12-02,2025-12-02,40782.12,3.0
CT-F-99-020528,PEM107,Omni Channel,Actual,"CT250316,CT260004",Contractor,MTS,P45962,Sale,2026-04-03,2025-12-02,2025-12-02,91177.26,6.0
CT-F-99-020530,PEM107,Omni Channel,Actual,CT250300,Contractor,MTS,P45966,Sale,2026-03-31,2025-12-02,2025-12-02,46686.36,3.0
VT-F-99-010721,PEM107,Omni Channel,Actual,VT250162,Contractor,MTS,P45906,Sale,2026-03-31,2025-12-02,2025-12-02,143550.48,8.0
VT-F-99-010202,PEM107,Omni Channel,Actual,VT250146,Contractor,MTS,P45854,Sale,2026-03-31,2025-12-02,2025-12-02,8931.37,1.0
CT-F-99-020510,PEM107,Omni Channel,Actual,CT250250,Contractor,MTS,P46076,Sale,2025-12-19,2025-12-02,2025-12-02,26235.33,3.0
VT-F-99-010721,PEM107,Omni Channel,Actual,VT250126 ,Smart Shop,MTS,P45906,Sale,2025-12-04,2025-12-02,2025-12-02,17943.81,1.0
CT-F-99-020507,PEM107,Omni Channel,Actual,CT250224,Smart Shop,MTS,P46074,Sale,2025-12-04,2025-12-02,2025-12-02,22161.72,3.0
CT-F-99-020505,PEM107,Omni Channel,Actual,CT250305,Contractor,MTS,P46072,Sale,2025-12-11,2025-12-02,2025-12-02,19625.46,3.0
VT-F-99-010721,PEM107,Omni Channel,Actual,VT250155,Contractor,MTS,P45906,Sale,2025-12-11,2025-12-02,2025-12-02,17943.81,1.0
VT-F-99-010203,PEM107,Omni Channel,Actual,VT250137,End User,MTS,P47174,Sale,2025-12-09,2025-12-03,2025-12-03,7774.01,1.0
CT-F-99-020506,PEM107,Omni Channel,Actual,CT250257,,MTS,P46073,Sale,2025-12-08,2025-12-03,2025-12-03,21757.5,3.0
CT-F-99-020507,PEM107,Omni Channel,Actual,CT250235,Contractor,MTS,P46074,Sale,2026-03-31,2025-12-04,2025-12-04,22161.72,3.0
VT-F-99-010721,PEM107,Omni Channel,Actual,VT250126,Contractor,MTS,P45906,Sale,2026-03-31,2025-12-04,2025-12-04,17943.81,1.0
CT-F-99-020504,PEM107,Omni Channel,Actual,CT250230,Contractor,MTS,P46071,Sale,2025-12-12,2025-12-04,2025-12-04,20536.71,3.0
VT-F-99-010302,PEM107,Omni Channel,Actual,VT250177,,MTS,P46715,Sale,2025-12-23,2025-12-04,2025-12-04,10089.95,1.0
VT-F-99-010302,PCE101,Total Customer Solution,Actual,J25225,การไฟฟ้าส่วนภูมิภาค เขต 2 (ภาคใต้),MTS,P46715,Sale,2025-12-24,2025-12-04,2025-12-04,32550.0,1.0
VT-F-99-010721,PEM107,Omni Channel,Actual,VT250155,Smart Shop,MTS,P45906,Sale,2025-12-16,2025-12-08,2025-12-08,17943.81,1.0
CT-F-99-020524,PEM107,Omni Channel,Actual,CT250287,Smart Shop,MTS,P45905,Sale,2025-12-16,2025-12-08,2025-12-08,40439.16,3.0
VT-F-99-010203,PEM107,Omni Channel,Actual,VT250116,Contractor,MTS,P47174,Sale,2025-12-12,2025-12-08,2025-12-08,7774.01,1.0
VT-F-99-010721,PEM107,Omni Channel,Actual,VT250126,Contractor,MTS,P45906,Sale,2025-12-09,2025-12-08,2025-12-08,18063.45,1.0
CT-F-99-020525,PEM107,Omni Channel,Actual,CT250156,Smart Shop,MTS,P45923,Sale,2025-12-16,2025-12-09,2025-12-09,38980.77,3.0
VT-F-99-010721,PEM107,Omni Channel,Actual,VT250162,Smart Shop,MTS,P45906,Sale,2025-12-16,2025-12-09,2025-12-09,17943.81,1.0
VT-F-99-010721,PEM107,Omni Channel,Actual,VT250162,private company,MTS,P45906,Sale,2025-12-25,2025-12-09,2025-12-09,18063.45,1.0
CT-F-99-020510,PEM107,Omni Channel,Actual,CT250243,private company,MTS,P46076,Sale,2025-12-25,2025-12-09,2025-12-09,26235.33,3.0
VT-F-99-010701,PEM107,Omni Channel,Actual,VT250158,Smart Shop,MTS,P46255,Sale,2025-12-22,2025-12-09,2025-12-09,18156.09,1.0
VT-F-99-010721,PEM107,Omni Channel,Actual,VT250162,Contractor,MTS,P45906,Sale,2026-01-19,2025-12-10,2025-12-10,17943.81,1.0
CT-F-99-020530,PEM107,Omni Channel,Actual,"CT250266,CT260002",Contractor,MTS,P45966,Sale,2026-01-19,2025-12-10,2025-12-10,46686.36,3.0
VT-F-99-010721,PEM107,Omni Channel,Actual,VT250162,Contractor,MTS,P45906,Sale,2026-01-19,2025-12-10,2025-12-10,17943.81,1.0
CT-F-99-020530,PEM107,Omni Channel,Actual,CT260002,Contractor,MTS,P45966,Sale,2026-01-19,2025-12-10,2025-12-10,46686.36,3.0
VT-F-99-010721,PEM107,Omni Channel,Actual,VT250162,Contractor,MTS,P45906,Sale,2025-12-26,2025-12-10,2025-12-10,17943.81,1.0
CT-F-99-020507,PEM107,Omni Channel,Actual,CT250235,Contractor,MTS,P46074,Sale,2025-12-26,2025-12-10,2025-12-10,22161.72,3.0
VT-F-99-010701,PEM107,Omni Channel,Actual,VT260002,Contractor,MTS,P46255,Sale,2026-01-15,2025-12-10,2025-12-10,18156.09,1.0
RS-F-99-090030,PEM107,Omni Channel,Actual,RS260015,Inside Group,MTO,P47268,Sale,2026-01-12,2025-12-11,2025-12-11,3963.27,1.0
VT-F-99-010721,PEM107,Omni Channel,Actual,VT250155,Smart Shop,MTS,P45906,Sale,2025-12-17,2025-12-11,2025-12-11,17943.81,1.0
CT-F-99-020503,PEM107,Omni Channel,Actual,CT250223,Smart Shop,MTS,P46070,Sale,2025-12-17,2025-12-11,2025-12-11,19885.47,3.0
VT-F-99-010721,PEM107,Omni Channel,Actual,VT250162,private company,MTS,P45906,Sale,2025-12-17,2025-12-11,2025-12-11,18063.45,1.0
CT-F-99-020510,PEM107,Omni Channel,Actual,CT250250,private company,MTS,P46076,Sale,2025-12-17,2025-12-11,2025-12-11,26235.33,3.0
VT-F-99-010721,PEM107,Omni Channel,Actual,VT250162,Smart Shop,MTS,P45906,Sale,2025-12-26,2025-11-28,2025-11-28,17943.81,1.0
CT-F-99-020502,PEM107,Omni Channel,Actual,CT250229,Contractor,MTS,P46069,Sale,2025-12-24,2025-12-12,2025-12-12,20130.69,3.0
VT-F-99-010721,PEM107,Omni Channel,Actual,VT250162,Contractor,MTS,P45906,Sale,2025-12-24,2025-12-12,2025-12-12,17943.81,1.0
VT-F-99-010721,PEM107,Omni Channel,Actual,VT260001 ,Contractor,MTS,P45906,Sale,2026-02-27,2025-12-12,2025-12-12,17943.81,1.0
CT-F-99-020530,PEM107,Omni Channel,Actual,CT250300,Contractor,MTS,P45966,Sale,2026-02-27,2025-12-12,2025-12-12,46686.36,3.0
VT-F-99-010202,PEM107,Omni Channel,Actual,VT260003,Contractor,MTS,P45854,Sale,2026-02-27,2025-12-12,2025-12-12,8931.37,1.0
VT-F-99-010202,PEM107,Omni Channel,Actual,VT260003,Contractor,MTS,P45854,Sale,2026-12-30,2025-12-12,2025-12-12,8931.37,1.0
VT-F-99-010721,PEM107,Omni Channel,Actual,VT260001,Contractor,MTS,P45906,Sale,2026-12-30,2025-12-12,2025-12-12,17943.81,1.0
CT-F-99-020528,PEM107,Omni Channel,Actual,CT250316,Contractor,MTS,P45962,Sale,2026-12-30,2025-12-12,2025-12-12,45588.63,3.0
VT-F-99-010722,PEM102,Omni Channel,Actual,SS250304,private company,MTS,P52486,Sale,2025-12-15,2025-12-12,2025-12-12,26982.48,1.0
CT-F-99-020502,PEM107,Omni Channel,Actual,CT250229,Contractor,MTS,P46069,Sale,2025-12-19,2025-12-12,2025-12-12,20130.69,3.0
VT-F-99-010721,PEM107,Omni Channel,Actual,VT250162 ,Contractor,MTS,P45906,Sale,2025-12-19,2025-12-12,2025-12-12,17943.81,1.0
RS-F-99-090003,PEM107,Omni Channel,Actual,RS260001,Contractor,MTO,P45871,Sale,2026-01-15,2025-12-15,2025-12-15,4500.0,3.0
CT-F-99-020503,PEM107,Omni Channel,Actual,CT250309,Contractor,MTS,P46070,Sale,2025-12-17,2025-11-18,2025-11-18,13256.98,2.0
VT-F-99-010721,PEM107,Omni Channel,Actual,VT250126,End User,MTS,P45906,Sale,2025-12-18,2025-12-16,2025-12-16,17943.81,1.0
CT-F-99-020506,PEM107,Omni Channel,Actual,CT250306,End User,MTS,P46073,Sale,2025-12-18,2025-12-16,2025-12-16,21757.5,3.0
VT-F-99-010721,PEM107,Omni Channel,Actual,VT250162,,MTS,P45906,Sale,2026-01-16,2025-12-16,2025-12-16,18063.45,1.0
CT-F-99-020506,PEM107,Omni Channel,Actual,CT250306,,MTS,P46073,Sale,2026-01-16,2025-12-16,2025-12-16,21757.5,3.0
CT-F-99-020506,PEM107,Omni Channel,Actual,CT250272,Contractor,MTS,P46073,Sale,2025-12-23,2025-12-16,2025-12-16,21757.5,3.0
VT-F-99-010721,PEM107,Omni Channel,Actual,VT250162,Contractor,MTS,P45906,Sale,2025-12-23,2025-12-16,2025-12-16,17943.81,1.0
VT-F-99-010202,PEM107,Omni Channel,Actual,VT250019,Contractor,MTS,P45854,Sale,2025-12-23,2025-12-16,2025-12-16,8931.37,1.0
CT-F-99-020501,PEM107,Omni Channel,Actual,CT250127,Contractor,MTS,P46123,Sale,2025-12-23,2025-12-16,2025-12-16,12696.42,2.0
VT-F-99-010203,PEM107,Omni Channel,Actual,VT250136,Contractor,MTS,P47174,Sale,2025-12-23,2025-12-16,2025-12-16,15548.02,2.0
VT-F-99-010721,PEM107,Omni Channel,Actual,VT250162,Factory,MTS,P45906,Sale,2025-12-24,2025-12-17,2025-12-17,17943.81,1.0
CT-F-99-020510,PEM107,Omni Channel,Actual,CT250202,Factory,MTS,P46076,Sale,2025-12-24,2025-12-17,2025-12-17,26235.33,3.0
CT-F-99-020504,PEM107,Omni Channel,Actual,CT250255,Contractor,MTS,P46071,Sale,2026-01-30,2025-12-17,2025-12-17,20536.71,3.0
VT-F-99-010721,PEM107,Omni Channel,Actual,VT250162,Contractor,MTS,P45906,Sale,2026-01-30,2025-12-17,2025-12-17,17943.81,1.0
VT-F-99-010721,PEM107,Omni Channel,Actual,VT250162,Contractor,MTS,P45906,Sale,2025-12-22,2025-12-17,2025-12-17,17943.81,1.0
CT-F-99-020504,PEM107,Omni Channel,Actual,CT250255,Contractor,MTS,P46071,Sale,2025-12-22,2025-12-17,2025-12-17,20536.71,3.0
VT-F-99-010721,PEM107,Omni Channel,Actual,VT250162,Contractor,MTS,P45906,Sale,2025-12-22,2025-12-17,2025-12-17,17943.81,1.0
CT-F-99-020505,PEM107,Omni Channel,Actual,CT250256,Contractor,MTS,P46072,Sale,2025-12-22,2025-12-17,2025-12-17,19625.46,3.0
VT-F-99-010722,PEM107,Omni Channel,Actual,VT250147,Contractor,MTS,P45848,Sale,2026-01-06,2025-12-19,2025-12-19,26734.95,1.0
VT-F-99-010721,PEM107,Omni Channel,Actual,VT260001,,MTS,P45906,Sale,2026-01-15,2025-12-19,2025-12-19,18063.45,1.0
CT-F-99-020508,PEM107,Omni Channel,Actual,CT250252,,MTS,P46075,Sale,2026-01-15,2025-12-19,2025-12-19,24528.03,3.0
CT-F-99-020510,PEM107,Omni Channel,Actual,CT250251,Factory,MTS,P46076,Sale,2026-01-14,2025-12-19,2025-12-19,17490.22,2.0
VT-F-99-010203,PEM107,Omni Channel,Actual,VT250137,Factory,MTS,P47174,Sale,2026-01-14,2025-12-19,2025-12-19,15548.02,2.0
CT-F-99-020505,PEM107,Omni Channel,MPS,CT250311,Factory,MTS,P46072,Sale,2026-10-30,2025-12-19,2025-12-19,13083.64,2.0
VT-F-99-010203,PEM107,Omni Channel,MPS,VT250137,Factory,MTS,P47174,Sale,2026-10-30,2025-12-19,2025-12-19,15548.02,2.0
CT-F-99-020505,PEM107,Omni Channel,MPS,CT250311,Factory,MTS,P46072,Sale,2026-10-30,2025-12-19,2025-12-19,13083.64,2.0
VT-F-99-010203,PEM107,Omni Channel,MPS,VT250137,Factory,MTS,P47174,Sale,2026-09-30,2025-12-19,2025-12-19,15548.02,2.0
CT-F-99-020503,PEM107,Omni Channel,Actual,CT250309,Factory,MTS,P46070,Sale,2026-01-14,2025-12-19,2025-12-19,13256.98,2.0
VT-F-99-010203,PEM107,Omni Channel,Actual,VT250137,Factory,MTS,P47174,Sale,2026-01-14,2025-12-19,2025-12-19,15548.02,2.0
CT-F-99-020524,PEM107,Omni Channel,Actual,CT250287 ,private company,MTS,P45905,Sale,2026-02-13,2025-12-22,2025-12-22,40439.16,3.0
VT-F-99-010721,PEM107,Omni Channel,Actual,VT260001,private company,MTS,P45906,Sale,2026-02-13,2025-12-22,2025-12-22,18063.45,1.0
VT-F-99-010203,PEM107,Omni Channel,Actual,VT250137,Contractor,MTS,P47174,Sale,2026-01-08,2025-12-23,2025-12-23,31096.04,4.0
CT-F-99-020506,PEM107,Omni Channel,Actual,CT250272,Contractor,MTS,P46073,Sale,2026-01-08,2025-12-23,2025-12-23,29010.0,4.0
CT-F-99-020506,PEM107,Omni Channel,Actual,CT250312,Contractor,MTS,P46073,Sale,2026-01-08,2025-12-23,2025-12-23,29010.0,4.0
VT-F-99-010203,PEM107,Omni Channel,Actual,VT250137,Smart Shop,MTS,P47174,Sale,2026-01-09,2025-12-24,2025-12-24,93288.12,12.0
CT-F-99-020506,PEM107,Omni Channel,Actual,"CT250306,CT250312",Smart Shop,MTS,P46073,Sale,2026-01-09,2025-12-24,2025-12-24,43515.0,6.0
CT-F-99-020511,PEM107,Omni Channel,Actual,CT250248,Smart Shop,MTS,P46077,Sale,2026-01-09,2025-12-24,2025-12-24,53827.8,6.0
VT-F-99-010203,PEM107,Omni Channel,Actual,VT250137,Dealer,MTS,P47174,Sale,2026-01-21,2025-12-24,2025-12-24,15548.02,2.0
VT-F-99-010721,PEM107,Omni Channel,Actual,VT250162 ,Contractor,MTS,P45906,Sale,2026-01-07,2025-12-24,2025-12-24,17943.81,1.0
CT-F-99-020504,PEM107,Omni Channel,Actual,CT250304,Contractor,MTS,P46071,Sale,2026-01-07,2025-12-24,2025-12-24,20536.71,3.0
RS-F-99-070005,PEM107,Omni Channel,Actual,RS260012,Foreign Industry,MTO,P45507,Sale,2026-01-16,2025-12-24,2025-12-24,18796.2,60.0
RS-F-99-070003,PEM107,Omni Channel,Actual,RS250361,Foreign Industry,MTO,P45536,Sale,2026-02-25,2025-09-30,2025-09-30,49357.5,150.0
RS-F-99-070006,PEM107,Omni Channel,Actual,RS250362,Foreign Industry,MTS,P45676,Sale,2026-02-25,2025-09-30,2025-09-30,78796.05,249.0
RS-F-99-070007,PEM107,Omni Channel,Actual,RS250363,Foreign Industry,MTO,P46746,Sale,2026-02-25,2025-09-30,2025-09-30,92116.5,150.0
VT-F-99-010203,PEM107,Omni Channel,Actual,VT250137,Dealer,MTS,P47174,Sale,2026-01-21,2025-12-25,2025-12-25,15548.02,2.0
VT-F-99-010721,PEM107,Omni Channel,Actual,VT250162,private company,MTS,P45906,Sale,2026-01-08,2025-12-26,2025-12-26,18063.45,1.0
CT-F-99-020507,PEM107,Omni Channel,Actual,CT250270,private company,MTS,P46074,Sale,2026-01-08,2025-12-26,2025-12-26,22161.72,3.0
CT-F-99-020504,PEM107,Omni Channel,Actual,CT250304,private company,MTS,P46071,Sale,2025-12-29,2025-12-26,2025-12-26,20536.71,3.0
VT-F-99-010721,PEM107,Omni Channel,Actual,VT250162 ,End User,MTS,P45906,Sale,2026-01-15,2026-01-05,2026-01-05,35887.62,2.0
CT-F-99-020505,PEM107,Omni Channel,Actual,CT250274,End User,MTS,P46072,Sale,2026-01-15,2026-01-05,2026-01-05,19625.46,3.0
CT-F-99-020508,PEM107,Omni Channel,Actual,CT250246,End User,MTS,P46075,Sale,2026-01-15,2026-01-05,2026-01-05,24528.03,3.0
CT-F-99-020506,PEM107,Omni Channel,Actual,CT250306,Smart Shop,MTS,P46073,Sale,2026-01-08,2026-01-06,2026-01-06,21757.5,3.0
VT-F-99-010721,PEM107,Omni Channel,Actual,VT250162,Smart Shop,MTS,P45906,Sale,2026-01-08,2026-01-06,2026-01-06,17943.81,1.0
VT-F-99-010721,PEM107,Omni Channel,Actual,VT260001,End User,MTS,P45906,Sale,2026-01-21,2026-01-06,2026-01-06,17943.81,1.0
CT-F-99-020504,PEM107,Omni Channel,Actual,CT250318,End User,MTS,P46071,Sale,2026-01-21,2026-01-06,2026-01-06,20536.71,3.0
VT-F-99-010203,PEM107,Omni Channel,Actual,VT250137,End User,MTS,P47174,Sale,2026-01-16,2026-01-06,2026-01-06,15548.02,2.0
CT-F-99-020504,PEM107,Omni Channel,Actual,CT250255,End User,MTS,P46071,Sale,2026-01-16,2026-01-06,2026-01-06,13691.14,2.0
CT-F-99-020504,PEM107,Omni Channel,Actual,CT250310,Contractor,MTS,P46071,Sale,2026-01-26,2026-01-06,2026-01-06,123220.26,18.0
CT-F-99-020506,PEM107,Omni Channel,Actual,CT250306,Contractor,MTS,P46073,Sale,2026-01-16,2026-01-06,2026-01-06,21757.5,3.0
VT-F-99-010721,PEM107,Omni Channel,Actual,VT250162,Contractor,MTS,P45906,Sale,2026-01-16,2026-01-06,2026-01-06,17943.81,1.0
CT-F-99-020506,PEM107,Omni Channel,Actual,CT250306,Contractor,MTS,P46073,Sale,2026-01-22,2025-11-10,2025-11-10,21757.5,3.0
RS-F-99-120002,PTS,Tendering,Actual,CTR-2026-00056,Local Utility,MTO,P3312,Sale,2026-01-23,2026-01-06,2026-01-06,14039280.0,600.0
RS-F-99-120002,PTS,Tendering,Actual,CTR-2026-00056,Local Utility,MTO,P3312,Sale,2026-02-23,2026-01-06,2026-01-06,14039280.0,600.0
RS-F-99-120002,PTS,Tendering,Actual,CTR-2026-00056,Local Utility,MTO,P3312,Sale,2026-03-25,2026-01-06,2026-01-06,14039280.0,600.0
RS-F-99-120002,PTS,Tendering,Actual,CTR-2026-00056,Local Utility,MTO,P3312,Sale,2026-04-25,2026-01-06,2026-01-06,14039280.0,600.0
CT-F-99-020528,PEM107,Omni Channel,Actual,CT260004,Contractor,MTS,P45962,Sale,2026-01-20,2026-01-07,2026-01-07,45588.63,3.0
VT-F-99-010721,PEM107,Omni Channel,Actual,VT260001,End User,MTS,P45906,Sale,2026-01-21,2026-01-07,2026-01-07,17943.81,1.0
CT-F-99-020504,PEM107,Omni Channel,Actual,CT250318,End User,MTS,P46071,Sale,2026-01-21,2026-01-07,2026-01-07,20536.71,3.0
VT-F-99-010203,PEM107,Omni Channel,Actual,VT250168,Smart Shop,MTS,P47174,Sale,2026-01-26,2026-01-07,2026-01-07,15548.02,2.0
CT-F-99-020504,PEM107,Omni Channel,Actual,CT250304,Smart Shop,MTS,P46071,Sale,2026-01-26,2026-01-07,2026-01-07,13691.14,2.0
CT-F-99-020504,PEM107,Omni Channel,Actual,CT260016,Foreign Industry,MTO,P46071,Sale,2026-02-25,2026-01-07,2026-01-07,41073.42,6.0
VT-F-99-010616,PEM107,Omni Channel,Actual,VT260011,Foreign Industry,MTO,P51700,Sale,2026-03-19,2026-01-07,2026-01-07,42644.76,6.0
RS-F-99-070003,PEM107,Omni Channel,Actual,RS260018,Foreign Industry,MTO,P45536,Sale,2026-03-19,2026-01-07,2026-01-07,98715.0,300.0
RS-F-99-070006,PEM107,Omni Channel,Actual,RS260019,Foreign Industry,MTO,P45676,Sale,2026-03-19,2026-01-07,2026-01-07,94935.0,300.0
CT-F-99-020510,PEM107,Omni Channel,Actual,CT250251,Contractor,MTS,P46076,Sale,2026-01-30,2026-01-07,2026-01-07,26235.33,3.0
VT-F-99-010721,PEM107,Omni Channel,Actual,VT260001,Contractor,MTS,P45906,Sale,2026-01-30,2026-01-07,2026-01-07,35887.62,2.0
CT-F-99-020505,PEM107,Omni Channel,Actual,CT250305,Contractor,MTS,P46072,Sale,2026-01-08,2026-01-07,2026-01-07,19625.46,3.0
VT-F-99-010721,PEM107,Omni Channel,Actual,VT250162,Contractor,MTS,P45906,Sale,2026-01-08,2026-01-07,2026-01-07,17943.81,1.0
CT-F-99-020524,PEM107,Omni Channel,Actual,CT250298,Contractor,MTS,P45905,Sale,2026-01-30,2026-01-07,2026-01-07,40439.16,3.0
VT-F-99-010721,PEM107,Omni Channel,Actual,VT260001,Contractor,MTS,P45906,Sale,2026-01-30,2026-01-07,2026-01-07,17943.81,1.0
VT-F-99-010819,PEM107,Omni Channel,Actual,VT250161,Contractor,MTS,P46038,Sale,2026-02-03,2026-01-07,2026-01-07,22249.33,1.0
CT-F-99-020706,PEM107,Omni Channel,Actual,CT260015,Contractor,MTO,P46095,Sale,2026-02-03,2026-01-07,2026-01-07,24199.47,3.0
CT-F-99-020506,PEM107,Omni Channel,Actual,CT250312,Contractor,MTS,P46073,Sale,2026-01-14,2026-01-08,2026-01-08,14505.0,2.0
VT-F-99-010203,PEM107,Omni Channel,Actual,VT250168,Contractor,MTS,P47174,Sale,2026-01-14,2026-01-08,2026-01-08,15548.02,2.0
CT-F-99-020528,PEM107,Omni Channel,Actual,CT250316,private company,MTS,P45962,Sale,2026-01-22,2026-01-08,2026-01-08,45588.63,3.0
VT-F-99-010721,PEM107,Omni Channel,Actual,VT260001,Contractor,MTS,P45906,Sale,2026-01-30,2026-01-08,2026-01-08,17943.81,1.0
CT-F-99-020502,PEM107,Omni Channel,Actual,CT250229,Contractor,MTS,P46069,Sale,2026-01-23,2026-01-08,2026-01-08,20130.69,3.0
CT-F-99-020530,PEM107,Omni Channel,Actual,CT250300,Contractor,MTS,P45966,Sale,2026-01-14,2026-01-08,2026-01-08,46375.25,3.0
VT-F-99-010721,PEM107,Omni Channel,Actual,VT260001,private company,MTS,P45906,Sale,2026-01-26,2026-01-08,2026-01-08,18063.45,1.0
CT-F-99-020530,PEM107,Omni Channel,Actual,CT260002 ,private company,MTS,P45966,Sale,2026-01-26,2026-01-08,2026-01-08,46686.36,3.0
VT-F-99-010721,PEM107,Omni Channel,Actual,VT260001,VSPP/SPP,MTS,P45906,Sale,2026-04-10,2026-01-08,2026-01-08,17943.81,1.0
CT-F-99-020528,PEM107,Omni Channel,Actual,CT260013,VSPP/SPP,MTS,P45962,Sale,2026-04-10,2026-01-08,2026-01-08,45588.63,3.0
VT-F-99-010721,PEM107,Omni Channel,Actual,VT260001,Smart Shop,MTS,P45906,Sale,2026-01-23,2026-01-09,2026-01-09,17943.81,1.0
CT-F-99-020504,PEM107,Omni Channel,Actual,CT260009,Contractor,MTS,P46071,Sale,2026-01-27,2026-01-09,2026-01-09,20536.71,3.0
CT-F-99-020705,PEM107,Omni Channel,Actual,CT260031,Contractor,MTO,P46094,Sale,2026-04-30,2026-01-09,2026-01-09,22054.59,3.0
VT-F-99-010818,PEM107,Omni Channel,Actual,VT250165 ,Contractor,MTO,P51459,Sale,2026-04-30,2026-01-09,2026-01-09,21898.2,1.0
VT-F-99-010715,PEM107,Omni Channel,Actual,VT250153,Contractor,MTS,P46029,Sale,2026-02-20,2026-01-09,2026-01-09,17425.84,1.0
CT-F-99-020504,PEM107,Omni Channel,Actual,CT250318,Contractor,MTS,P46071,Sale,2026-02-20,2026-01-09,2026-01-09,20536.71,3.0
CT-F-99-020704,PEM107,Omni Channel,Actual,CT260032,Contractor,MTO,P46093,Sale,2026-04-30,2026-01-09,2026-01-09,22689.24,3.0
VT-F-99-010818,PEM107,Omni Channel,Actual,VT250165,Contractor,MTO,P51459,Sale,2026-04-30,2026-01-09,2026-01-09,21898.2,1.0
CT-F-99-020508,PTS,Tendering,Actual,CTR-2026-00132,Local Utility,MTO,P46075,Sale,2026-03-23,2026-01-22,2026-01-22,2591125.0,250.0
CT-F-99-020508,PTS,Tendering,Actual,CTR-2026-00132,Local Utility,MTO,P46075,Sale,2026-04-22,2026-01-22,2026-01-22,507860.5,49.0
VT-F-99-010721,PEM107,Omni Channel,Actual,VT260001,Contractor,MTS,P45906,Sale,2026-01-23,2026-01-09,2026-01-09,17943.81,1.0
RS-F-99-120002,PEM107,Tendering,Actual,RS250368,Local Industry,MTO,P46827,Sale,2026-01-23,2026-01-09,2026-01-09,11783082.0,600.0
RS-F-99-120002,PEM107,Tendering,Actual,RS250369,Local Industry,MTO,P46827,Sale,2026-02-25,2026-01-09,2026-01-09,11783082.0,600.0
RS-F-99-120002,PEM107,Tendering,Actual,RS250370,Local Industry,MTO,P46827,Sale,2026-03-25,2026-01-09,2026-01-09,11783082.0,600.0
RS-F-99-120002,PEM107,Tendering,Actual,"RS250371,RS250372",Local Industry,MTO,P46827,Sale,2026-04-24,2026-01-09,2026-01-09,11783082.0,600.0
VT-F-99-010721,PEM107,Omni Channel,Actual,VT260001,Contractor,MTS,P45906,Sale,2026-01-16,2026-01-09,2026-01-09,17943.81,1.0
CT-F-99-020504,PEM107,Omni Channel,Actual,CT250255,Contractor,MTS,P46071,Sale,2026-01-16,2026-01-09,2026-01-09,20536.71,3.0
CT-F-99-020503,PEM107,Omni Channel,Actual,CT250303,Contractor,MTS,P46070,Sale,2026-02-11,2026-01-08,2026-01-08,19885.47,3.0
CT-F-99-020504,PEM107,Omni Channel,Actual,CT260016,Foreign Industry,MTO,P46071,Sale,2026-03-19,2026-01-12,2026-01-12,68455.7,10.0
CT-F-99-020506,PEM107,Omni Channel,Actual,CTR-2026-00168,Inside Group,MTO,P46073,Sale,2026-01-16,2026-01-12,2026-01-12,21757.5,3.0
CT-F-99-020506,PEM107,Omni Channel,Actual,CT250320,,MTS,P46073,Sale,2026-01-14,2026-01-13,2026-01-13,21757.5,3.0
VT-F-99-010721,PEM107,Omni Channel,Actual,VT260001,End User,MTS,P45906,Sale,2026-01-22,2026-01-13,2026-01-13,17943.81,1.0
CT-F-99-020508,PEM107,Omni Channel,Actual,CT250252,End User,MTS,P46075,Sale,2026-01-22,2026-01-13,2026-01-13,24528.03,3.0
CT-F-99-020506,PEM107,Omni Channel,Actual,CT260010,Smart Shop,MTS,P46073,Sale,2026-01-26,2026-01-13,2026-01-13,65272.5,9.0
CT-F-99-020706,PEM107,Omni Channel,Actual,CT260035,Smart Shop,MTO,P46095,Sale,2026-01-29,2026-01-13,2026-01-13,24199.47,3.0
CT-F-99-020706,PEM107,Omni Channel,Actual,CT260035,Smart Shop,MTO,P46095,Sale,2026-01-29,2026-01-13,2026-01-13,24199.47,3.0
VT-F-99-010818,PEM107,Omni Channel,Actual,VT260016,Smart Shop,MTO,P51459,Sale,2026-01-29,2026-01-13,2026-01-13,21898.2,1.0
VT-F-99-010818,PEM107,Omni Channel,Actual,VT260016,Smart Shop,MTO,P51459,Sale,2026-01-29,2026-01-13,2026-01-13,21898.2,1.0
VT-F-99-010715,PEM107,Omni Channel,Actual,VT250173,Smart Shop,MTS,P46029,Sale,2026-01-26,2026-01-13,2026-01-13,52277.52,3.0
CT-F-99-020503,PEM107,Omni Channel,Actual,CT250303,Contractor,MTS,P46070,Sale,2026-02-27,2026-01-13,2026-01-13,19885.47,3.0
CT-F-99-020523,PEM107,Omni Channel,Actual,CT260036,Smart Shop,MTO,P45899,Sale,2026-01-23,2026-01-09,2026-01-09,47709.27,3.0
VT-F-99-010819,PEM107,Omni Channel,Actual,VT250161,Contractor,MTS,P46038,Sale,2026-02-13,2026-01-14,2026-01-14,22249.33,1.0
CT-F-99-020704,PEM107,Omni Channel,Actual,CT260038,Contractor,MTO,P46093,Sale,2026-02-13,2026-01-14,2026-01-14,22689.24,3.0
CT-F-99-020506,PEM107,Omni Channel,Actual,CT250320,Smart Shop,MTS,P46073,Sale,2026-01-19,2026-01-13,2026-01-13,21757.5,3.0
VT-F-99-010715,PEM107,Omni Channel,Actual,VT250170 ,Smart Shop,MTS,P46029,Sale,2026-01-19,2026-01-13,2026-01-13,17425.84,1.0
CT-F-99-020506,PEM107,Omni Channel,Actual,"CT260010,CT260023",Smart Shop,MTS,P46073,Sale,2026-02-03,2026-01-15,2026-01-15,195817.5,27.0
CT-F-99-020524,PEM107,Omni Channel,Actual,"CT250273,CT260014",Smart Shop,MTS,P45905,Sale,2026-02-03,2026-01-15,2026-01-15,40439.16,3.0
VT-F-99-010721,PEM107,Omni Channel,Actual,VT260001,Smart Shop,MTS,P45906,Sale,2026-02-03,2026-01-15,2026-01-15,179438.1,10.0
VT-F-99-010819,PEM107,Omni Channel,Actual,VT250161,Contractor,MTS,P46038,Sale,2026-02-20,2026-01-16,2026-01-16,22249.33,1.0
CT-F-99-020717,PEM107,Omni Channel,Actual,CT260039,Contractor,MTO,P46156,Sale,2026-02-20,2026-01-16,2026-01-16,39450.72,3.0
VT-F-99-010721,PEM107,Omni Channel,Actual,VT260001,Contractor,MTS,P45906,Sale,2026-01-23,2026-01-16,2026-01-16,35887.62,2.0
CT-F-99-020527,PEM107,Omni Channel,Actual,CT250315,Contractor,MTS,P45922,Sale,2026-01-23,2026-01-16,2026-01-16,40782.12,3.0
CT-F-99-020504,PEM107,Omni Channel,Actual,CT250310,Contractor,MTS,P46071,Sale,2026-01-23,2026-01-16,2026-01-16,20536.71,3.0
VT-F-99-010701,PEM107,Omni Channel,Actual,VT260002,End User,MTS,P46255,Sale,2026-01-19,2026-01-16,2026-01-16,18156.09,1.0
VT-F-99-010819,PEM107,Omni Channel,Actual,VT250161,Contractor,MTS,P46038,Sale,2026-02-13,2026-01-16,2026-01-16,22249.33,1.0
CT-F-99-020708,PEM107,Omni Channel,Actual,CT260041,Contractor,MTO,P46096,Sale,2026-02-13,2026-01-16,2026-01-16,30718.35,3.0
RS-F-99-120006,PEM107,Omni Channel,Actual,RS260026,Smart Shop,MTO,P51953,Sale,2026-01-30,2026-01-16,2026-01-16,39473.24,2.0
RS-F-99-041005,PEM107,Omni Channel,Actual,RS260027,Smart Shop,MTO,P51317,Sale,2026-01-30,2026-01-16,2026-01-16,19587.96,2.0
VT-F-99-010203,PEM107,Omni Channel,Actual,VT250085,Inside Group,MTO,P47174,Sale,2026-02-27,2025-05-26,2025-05-26,214864.78,26.0
CT-F-99-020508,PEM107,Omni Channel,Actual,CT250252,private company,MTS,P46075,Sale,2026-01-30,2026-01-19,2026-01-19,24528.03,3.0
RS-F-99-050128,PEM107,Omni Channel,Actual,RS260028,Contractor,MTO,P46742,Sale,2026-02-14,2026-01-19,2026-01-19,3099.42,3.0
VT-F-99-010819,PEM107,Omni Channel,Actual,VT250161,Factory,MTS,P46038,Sale,2026-02-06,2026-01-19,2026-01-19,22249.33,1.0
CT-F-99-020704,PEM107,Omni Channel,Actual,CT260040,Factory,MTO,P46093,Sale,2026-02-06,2026-01-19,2026-01-19,22689.24,3.0
CT-F-99-020514,PEM107,Omni Channel,Actual,CT260043,Foreign Industry,MTO,P51982,Sale,2026-03-19,2026-01-19,2026-01-19,66305.3,10.0
CT-F-99-020506,PEM107,Omni Channel,Actual,CT260042,Foreign Industry,MTO,P46073,Sale,2026-03-19,2026-01-19,2026-01-19,29010.0,4.0
CT-F-99-020502,PEM107,Omni Channel,Actual,CT250229,End User,MTS,P46069,Sale,2026-01-27,2026-01-19,2026-01-19,13420.46,2.0
VT-F-99-010203,PEM107,Omni Channel,Actual,VT250168,End User,MTS,P47174,Sale,2026-01-27,2026-01-19,2026-01-19,15548.02,2.0
CT-F-99-020504,PEM107,Omni Channel,Actual,"CT250310,CT250318",Contractor,MTS,P46071,Sale,2026-03-31,2026-01-19,2026-01-19,20536.71,3.0
VT-F-99-010721,PEM107,Omni Channel,MPS,VT260001,,MTS,P45906,Sale,2026-10-09,2026-01-20,2026-01-20,18063.45,1.0
CT-F-99-020507,PEM107,Omni Channel,MPS,CT250270,,MTS,P46074,Sale,2026-10-09,2026-01-20,2026-01-20,22161.72,3.0
VT-F-99-010721,PEM107,Omni Channel,Actual,VT260001,private company,MTS,P45906,Sale,2026-01-29,2026-01-20,2026-01-20,18063.45,1.0
CT-F-99-020506,PEM107,Omni Channel,Actual,CT260023,private company,MTS,P46073,Sale,2026-01-29,2026-01-20,2026-01-20,21757.5,3.0
CT-F-99-020506,PEM107,Omni Channel,Actual,CT260023,Smart Shop,MTS,P46073,Sale,2026-01-30,2026-01-13,2026-01-13,21757.5,3.0
VT-F-99-010721,PEM107,Omni Channel,Actual,VT260001,Smart Shop,MTS,P45906,Sale,2026-01-30,2026-01-13,2026-01-13,17943.81,1.0
RS-F-99-070004,PEM107,Omni Channel,Actual,,Smart Shop,MTS,P46104,Sale,2026-01-23,2026-01-21,2026-01-21,1875.3,6.0
VT-F-99-010203,PDEMO,Omni Channel,Actual,,Foreign Industry,MTO,P47174,Sale,2026-02-25,2025-05-19,2025-05-19,315900.0,26.0
VT-F-99-010701,PEM107,Omni Channel,Actual,VT260002,Contractor,MTS,P46255,Sale,2026-01-27,2026-01-21,2026-01-21,18156.09,1.0
CT-F-99-020504,PEM107,Omni Channel,Actual,CT260009,Smart Shop,MTS,P46071,Sale,2026-02-05,2026-01-21,2026-01-21,20536.71,3.0
VT-F-99-010715,PEM107,Omni Channel,Actual,VT250170,Smart Shop,MTS,P46029,Sale,2026-02-05,2026-01-21,2026-01-21,17425.84,1.0
VT-F-99-010721,PEM107,Omni Channel,Actual,VT260001,Contractor,MTS,P45906,Sale,2026-02-13,2026-01-22,2026-01-22,17943.81,1.0
CT-F-99-020529,PEM107,Omni Channel,Actual,CT260020,Contractor,MTO,P46384,Sale,2026-02-13,2026-01-22,2026-01-22,48355.02,3.0
CT-F-99-020506,PEM107,Omni Channel,Actual,CT260010,Contractor,MTS,P46073,Sale,2026-01-30,2026-01-22,2026-01-22,21757.5,3.0
VT-F-99-010721,PEM107,Omni Channel,Actual,VT260001,Contractor,MTS,P45906,Sale,2026-01-30,2026-01-22,2026-01-22,17943.81,1.0
VT-F-99-010819,PEM107,Omni Channel,Actual,VT250161,,MTS,P46038,Sale,2026-02-20,2026-01-22,2026-01-22,22249.33,1.0
CT-F-99-020728,PEM107,Omni Channel,Actual,CT260047,,MTO,P46410,Sale,2026-02-20,2026-01-22,2026-01-22,39421.95,3.0
VT-F-99-010721,PEM107,Omni Channel,Actual,VT260001,Contractor,MTS,P45906,Sale,2026-02-03,2026-01-22,2026-01-22,17943.81,1.0
CT-F-99-020527,PEM107,Omni Channel,Actual,CT250315,Contractor,MTS,P45922,Sale,2026-02-03,2026-01-22,2026-01-22,40782.12,3.0
VT-F-99-010721,PEM107,Omni Channel,Actual,VT260001 ,Contractor,MTS,P45906,Sale,2026-02-02,2026-01-23,2026-01-23,17943.81,1.0
CT-F-99-020506,PEM107,Omni Channel,Actual,CT260023,Contractor,MTS,P46073,Sale,2026-02-02,2026-01-23,2026-01-23,21757.5,3.0
CT-F-99-020504,PEM107,Omni Channel,Actual,"CT250310,CT250318",Contractor,MTS,P46071,Sale,2026-02-06,2026-01-23,2026-01-23,20536.71,3.0
CT-F-99-020510,PEM107,Omni Channel,Actual,CT250251,Contractor,MTS,P46076,Sale,2026-04-30,2026-01-23,2026-01-23,26235.33,3.0
CT-F-99-020504,PEM107,Omni Channel,Actual,CT260009,Contractor,MTS,P46071,Sale,2026-03-31,2026-01-23,2026-01-23,20536.71,3.0
VT-F-99-010721,PEM107,Omni Channel,Actual,VT260001 ,Contractor,MTS,P45906,Sale,2026-03-31,2026-01-23,2026-01-23,17943.81,1.0
CT-F-99-020504,PEM107,Omni Channel,Actual,CT260021,Contractor,MTS,P46071,Sale,2026-03-31,2026-01-23,2026-01-23,20536.71,3.0
VT-F-99-010721,PEM107,Omni Channel,Actual,VT260001,Contractor,MTS,P45906,Sale,2026-03-31,2026-01-23,2026-01-23,17943.81,1.0
VT-F-99-010303,PEM107,Omni Channel,Actual,VT250160,Smart Shop,MTS,P51638,Sale,2026-02-23,2026-01-23,2026-01-23,28676.34,3.0
CT-F-99-020524,PEM107,Omni Channel,Actual,CT260014,Main Contractor,MTS,P45905,Sale,2026-02-09,2026-01-26,2026-01-26,13479.72,1.0
CT-F-99-020530,PEM107,Omni Channel,Actual,CT260012,Main Contractor,MTS,P45966,Sale,2026-02-09,2026-01-26,2026-01-26,15562.12,1.0
VT-F-99-010818,PEM107,Omni Channel,Actual,VT260023,Contractor,MTO,P51459,Sale,2026-02-20,2026-01-26,2026-01-26,21898.2,1.0
CT-F-99-020710,PEM107,Omni Channel,Actual,CT260048,Contractor,MTO,P51720,Sale,2026-02-20,2026-01-26,2026-01-26,28119.45,3.0
VT-F-99-010721,PEM107,Omni Channel,Actual,VT260001,Contractor,MTS,P45906,Sale,2026-02-25,2026-01-27,2026-01-27,17943.81,1.0
CT-F-99-020507,PEM107,Omni Channel,Actual,CT250270,Contractor,MTS,P46074,Sale,2026-02-25,2026-01-27,2026-01-27,22161.72,3.0
VT-F-99-010721,PEM107,Omni Channel,Actual,VT260001,Contractor,MTS,P45906,Sale,2026-02-25,2026-01-27,2026-01-27,17943.81,1.0
CT-F-99-020507,PEM107,Omni Channel,Actual,CT250270,Contractor,MTS,P46074,Sale,2026-02-25,2026-01-27,2026-01-27,22161.72,3.0
VT-F-99-010721,PEM107,Omni Channel,Actual,VT260001,Contractor,MTS,P45906,Sale,2026-01-28,2026-01-27,2026-01-27,17943.81,1.0
CT-F-99-020506,PEM107,Omni Channel,Actual,CT250320,Contractor,MTS,P46073,Sale,2026-01-28,2026-01-27,2026-01-27,21757.5,3.0
CT-F-99-020503,PEM107,Omni Channel,Actual,CT250303,Contractor,MTS,P46070,Sale,2026-03-31,2026-01-27,2026-01-27,19885.47,3.0
VT-F-99-010721,PEM107,Omni Channel,Actual,VT260001,Contractor,MTS,P45906,Sale,2026-03-31,2026-01-27,2026-01-27,17943.81,1.0
VT-F-99-010721,PEM107,Omni Channel,Actual,VT260001,Contractor,MTS,P45906,Sale,2026-03-31,2026-01-27,2026-01-27,17943.81,1.0
CT-F-99-020505,PEM107,Omni Channel,Actual,CT250305,Contractor,MTS,P46072,Sale,2026-03-31,2026-01-27,2026-01-27,19625.46,3.0
CT-F-99-020503,PEM107,Omni Channel,Actual,CT250303,Contractor,MTS,P46070,Sale,2026-03-31,2026-01-27,2026-01-27,19885.47,3.0
CT-F-99-020503,PEM107,Omni Channel,Actual,CT260044,Contractor,MTS,P46070,Sale,2026-03-31,2026-01-27,2026-01-27,19885.47,3.0
CT-F-99-020524,PEM107,Omni Channel,Actual,CT260014,Contractor,MTS,P45905,Sale,2026-02-13,2026-01-27,2026-01-27,40439.16,3.0
VT-F-99-010721,PEM107,Omni Channel,Actual,VT260001,Contractor,MTS,P45906,Sale,2026-02-13,2026-01-27,2026-01-27,17943.81,1.0
VT-F-99-010203,PEM107,Omni Channel,Actual,VT250168,Retailer,MTS,P47174,Sale,2026-02-03,2026-01-28,2026-01-28,77740.1,10.0
VT-F-99-010701,PEM107,Omni Channel,Actual,VT260002,Inside Group,MTS,P46255,Sale,2026-02-02,2026-01-28,2026-01-28,18156.09,1.0
RS-F-99-041001,PEM107,Omni Channel,Actual,RS250414,Cambodia,MTO,P51313,Sale,2026-02-02,2025-11-20,2025-11-20,144676.8,15.0
RS-F-99-041002,PEM107,Omni Channel,Actual,RS250415,Cambodia,MTO,P51314,Sale,2026-02-02,2025-11-20,2025-11-20,147003.15,15.0
RS-F-99-041033,PEM107,Omni Channel,Actual,RS250416,Cambodia,MTO,P48829,Sale,2026-02-02,2025-11-20,2025-11-20,145424.4,15.0
RS-F-99-041034,PEM107,Omni Channel,Actual,RS250417,Cambodia,MTO,P48840,Sale,2026-02-02,2025-11-20,2025-11-20,146515.5,15.0
RS-F-99-041035,PEM107,Omni Channel,Actual,"RS220330,RS250420",Cambodia,MTO,P49105,Sale,2026-02-02,2025-11-20,2025-11-20,62292.48,6.0
RS-F-99-041008,PEM107,Omni Channel,Actual,RS250422,Cambodia,MTO,P51320,Sale,2026-02-02,2025-11-20,2025-11-20,62845.62,6.0
VT-F-99-010721,PEM107,Omni Channel,Actual,VT260001,Smart Shop,MTS,P45906,Sale,2026-02-27,2026-01-28,2026-01-28,17943.81,1.0
CT-F-99-020504,PEM107,Omni Channel,Actual,CT260021,Smart Shop,MTS,P46071,Sale,2026-02-27,2026-01-28,2026-01-28,20536.71,3.0
CT-F-99-020524,PEM107,Omni Channel,MPS,"CT260014,CT260027",Contractor,MTS,P45905,Sale,2026-09-30,2025-10-16,2025-10-16,40439.16,3.0
VT-F-99-010721,PEM107,Omni Channel,Actual,VT260001 ,,MTS,P45906,Sale,2026-03-31,2026-01-29,2026-01-29,18063.45,1.0
CT-F-99-020506,PEM107,Omni Channel,Actual,CT260023,,MTS,P46073,Sale,2026-03-31,2026-01-29,2026-01-29,21757.5,3.0
VT-F-99-010721,PEM107,Omni Channel,Actual,VT260001,,MTS,P45906,Sale,2026-03-31,2026-01-29,2026-01-29,18063.45,1.0
CT-F-99-020508,PEM107,Omni Channel,Actual,CT250252,,MTS,P46075,Sale,2026-03-31,2026-01-29,2026-01-29,24528.03,3.0
CT-F-99-020704,PEM107,Omni Channel,Actual,CT260050,Contractor,MTS,P46093,Sale,2026-02-25,2026-01-29,2026-01-29,22689.24,3.0
VT-F-99-010819,PEM107,Omni Channel,Actual,VT250161 ,Contractor,MTS,P46038,Sale,2026-02-25,2026-01-29,2026-01-29,22249.33,1.0
CT-F-99-020704,PEM107,Omni Channel,Actual,CT260050,Contractor,MTS,P46093,Sale,2026-02-25,2026-01-29,2026-01-29,22689.24,3.0
VT-F-99-010819,PEM107,Omni Channel,Actual,VT250161,Contractor,MTS,P46038,Sale,2026-02-25,2026-01-29,2026-01-29,22249.33,1.0
VT-F-99-010721,PEM107,Omni Channel,Actual,VT260001,Contractor,MTS,P45906,Sale,2026-02-12,2026-01-30,2026-01-30,17943.81,1.0
CT-F-99-020528,PEM107,Omni Channel,Actual,CT250316,Contractor,MTS,P45962,Sale,2026-02-12,2026-01-30,2026-01-30,45588.63,3.0
VT-F-99-010721,PEM107,Omni Channel,Actual,VT260001,private company,MTS,P45906,Sale,2026-02-11,2026-01-30,2026-01-30,18063.45,1.0
CT-F-99-020506,PEM107,Omni Channel,Actual,CT260023,private company,MTS,P46073,Sale,2026-02-11,2026-01-30,2026-01-30,21757.5,3.0
CT-F-99-020508,PEM107,Tendering,Actual,CT250286,Local Industry,MTO,P46075,Sale,2026-03-20,2026-01-30,2026-01-30,2125000.0,250.0
CT-F-99-020508,PEM107,Tendering,Actual,CT250286,Local Industry,MTO,P46075,Sale,2026-04-20,2026-01-30,2026-01-30,416500.0,49.0
CT-F-99-020535,PEM107,Omni Channel,Actual,"CT240187,CT260051",Contractor,MTS,P46504,Sale,2026-02-27,2026-01-30,2026-01-30,48901.32,3.0
VT-F-99-010721,PEM107,Omni Channel,Actual,VT260013,Contractor,MTS,P45906,Sale,2026-02-27,2026-01-30,2026-01-30,17943.81,1.0
CT-F-99-020505,PEM107,Omni Channel,Actual,CT250305,Contractor,MTS,P46072,Sale,2026-02-06,2026-01-30,2026-01-30,19625.46,3.0
VT-F-99-010721,PEM107,Omni Channel,Actual,VT260001,Contractor,MTS,P45906,Sale,2026-02-06,2026-01-30,2026-01-30,17943.81,1.0
VT-F-99-010303,PEM107,Omni Channel,Actual,VT250160,Contractor,MTS,P51638,Sale,2026-02-02,2026-01-30,2026-01-30,9558.78,1.0
CT-F-99-020507,PEM107,Omni Channel,Actual,CT260052,Foreign Industry,MTO,P46074,Sale,2026-02-25,2026-02-03,2026-02-03,44323.44,6.0
VT-F-99-010615,PEM107,Omni Channel,MPS,VT260029,Local Industry,MTO,P51718,Sale,2026-10-30,2026-02-04,2026-02-04,207958.23,9.0
CT-F-99-020705,PCE101,Omni Channel,Actual,J26012,Contractor / Private / End user,MTO,P46094,Sale,2026-03-16,2026-02-04,2026-02-04,45000.0,1.0
VT-F-99-010203,PCE101,Omni Channel,Actual,J26012,Contractor / Private / End user,MTO,P47174,Sale,2026-03-16,2026-02-04,2026-02-04,49500.0,3.0
RS-F-99-070004,PEM107,Omni Channel,Actual,CTR-2026-00661,Contractor,MTO,P46104,Sale,2026-02-13,2026-02-04,2026-02-04,937.65,3.0
VT-F-99-010819,PEM107,Omni Channel,Actual,VT260021,Contractor,MTO,P46038,Sale,2026-03-04,2026-02-05,2026-02-05,22249.33,1.0
CT-F-99-020706,PEM107,Omni Channel,Actual,CT260058,Contractor,MTO,P46095,Sale,2026-03-04,2026-02-05,2026-02-05,24199.47,3.0
VT-F-99-010302,PEM107,Omni Channel,Actual,VT260028,,MTO,P46715,Sale,2026-02-11,2026-02-05,2026-02-05,10089.95,1.0
CT-F-99-020704,PEM107,Omni Channel,Actual,CT260057,Contractor,MTO,P46093,Sale,2026-03-02,2026-01-21,2026-01-21,22689.24,3.0
VT-F-99-010819,PEM107,Omni Channel,Actual,VT260021,Contractor,MTO,P46038,Sale,2026-03-02,2026-01-21,2026-01-21,22249.33,1.0
CT-F-99-020503,PEM107,Omni Channel,Actual,CT250303,Contractor,MTS,P46070,Sale,2026-03-31,2026-01-21,2026-01-21,19885.47,3.0
VT-F-99-010715,PEM107,Omni Channel,Actual,VT250173 ,Contractor,MTS,P46029,Sale,2026-02-13,2026-02-06,2026-02-06,17425.84,1.0
CT-F-99-020502,PEM107,Omni Channel,Actual,CT250229,Contractor,MTS,P46069,Sale,2026-02-13,2026-02-06,2026-02-06,20130.69,3.0
VT-F-99-010302,PCE101,Total Customer Solution,Actual,J26013,การไฟฟ้าส่วนภูมิภาค เขต 2 (ภาคใต้),MTS,P46715,Sale,2026-02-12,2026-02-09,2026-02-09,32550.0,1.0
CT-F-99-020507,PEM107,Omni Channel,Actual,CT260059,Foreign Industry,MTO,P46074,Sale,2026-03-19,2026-02-09,2026-02-09,44323.44,6.0
CT-F-99-020503,PEM107,Omni Channel,Actual,CT250303,Contractor,MTS,P46070,Sale,2026-02-27,2026-02-09,2026-02-09,19885.47,3.0
VT-F-99-010721,PEM107,Omni Channel,Actual,VT260001,Contractor,MTS,P45906,Sale,2026-02-27,2026-02-09,2026-02-09,17943.81,1.0
VT-F-99-010721,PEM107,Omni Channel,Actual,VT260001,Contractor,MTS,P45906,Sale,2026-02-12,2026-02-09,2026-02-09,18063.45,1.0
CT-F-99-020504,PEM107,Omni Channel,Actual,CT260009,Contractor,MTS,P46071,Sale,2026-02-27,2026-02-09,2026-02-09,20536.71,3.0
CT-F-99-020725,PEM107,Omni Channel,Actual,CT260060,Smart Shop,MTO,P46697,Sale,2026-03-11,2026-02-09,2026-02-09,15746.24,1.0
CT-F-99-020507,PEM107,Omni Channel,Actual,CT250235,Contractor,MTS,P46074,Sale,2026-02-13,2026-02-09,2026-02-09,22161.72,3.0
CT-F-99-020510,PEM107,Omni Channel,Actual,CT250251,Contractor,MTS,P46076,Sale,2026-04-30,2026-01-21,2026-01-21,26235.33,3.0
VT-F-99-010715,PEM107,Omni Channel,Actual,VT250173,Contractor,MTS,P46029,Sale,2026-03-16,2026-02-10,2026-02-10,17425.84,1.0
CT-F-99-020506,PEM107,Omni Channel,Actual,CT260023,Contractor,MTS,P46073,Sale,2026-03-16,2026-02-10,2026-02-10,21757.5,3.0
VT-F-99-010721,PEM107,Omni Channel,Actual,VT250162,,MTS,P45906,Sale,2026-03-31,2026-02-10,2026-02-10,18063.45,1.0
CT-F-99-020506,PEM107,Omni Channel,Actual,CT260023,,MTS,P46073,Sale,2026-03-31,2026-02-10,2026-02-10,21757.5,3.0
CT-F-99-020508,PEM107,Omni Channel,Actual,CT250252,Contractor,MTS,P46075,Sale,2026-02-13,2026-02-10,2026-02-10,24528.03,3.0
VT-F-99-010721,PEM107,Omni Channel,Actual,VT250162,Contractor,MTS,P45906,Sale,2026-02-12,2026-02-11,2026-02-11,17943.81,1.0
CT-F-99-020504,PEM107,Omni Channel,Actual,CT260021,Contractor,MTS,P46071,Sale,2026-02-12,2026-02-11,2026-02-11,20536.71,3.0
VT-F-99-010721,PEM107,Omni Channel,Actual,VT260001,End User,MTS,P45906,Sale,2026-02-16,2026-02-11,2026-02-11,17943.81,1.0
CT-F-99-020505,PEM107,Omni Channel,Actual,CT250305,End User,MTS,P46072,Sale,2026-02-16,2026-02-11,2026-02-11,19625.46,3.0
VT-F-99-010721,PEM107,Omni Channel,Actual,VT260013,End User,MTS,P45906,Sale,2026-03-05,2026-02-12,2026-02-12,17943.81,1.0
CT-F-99-020506,PEM107,Omni Channel,Actual,CT260023,End User,MTS,P46073,Sale,2026-03-05,2026-02-12,2026-02-12,21757.5,3.0
CT-F-99-020709,PEM107,Omni Channel,Actual,CT260061,Contractor,MTO,P46098,Sale,2026-03-11,2026-02-12,2026-02-12,20718.02,2.0
VT-F-99-010721,PEM107,Omni Channel,Actual,VT260013,,MTS,P45906,Sale,2026-02-20,2026-02-12,2026-02-12,18063.45,1.0
CT-F-99-020507,PEM107,Omni Channel,Actual,CT250270,,MTS,P46074,Sale,2026-02-20,2026-02-12,2026-02-12,22161.72,3.0
VT-F-99-010819,PEM107,Omni Channel,Actual,VT260021,,MTS,P46038,Sale,2026-03-12,2026-02-12,2026-02-12,22249.33,1.0
CT-F-99-020705,PEM107,Omni Channel,Actual,VT260021,,MTS,P46094,Sale,2026-03-12,2026-02-12,2026-02-12,22054.59,3.0
CT-F-99-020504,PEM107,Omni Channel,Actual,CT260021,Smart Shop,MTS,P46071,Sale,2026-02-19,2026-02-12,2026-02-12,20536.71,3.0
VT-F-99-010721,PEM107,Omni Channel,Actual,VT260013,Smart Shop,MTS,P45906,Sale,2026-02-19,2026-02-12,2026-02-12,17943.81,1.0
CT-F-99-020508,PEM107,Omni Channel,Actual,CT260011,End User,MTS,P46075,Sale,2026-02-19,2026-02-12,2026-02-12,24528.03,3.0
VT-F-99-010721,PEM107,Omni Channel,Actual,VT260013 ,End User,MTS,P45906,Sale,2026-02-19,2026-02-12,2026-02-12,17943.81,1.0
CT-F-99-020504,PEM107,Omni Channel,Actual,CT260021,Smart Shop,MTS,P46071,Sale,2026-02-13,2026-02-12,2026-02-12,20536.71,3.0
VT-F-99-010721,PEM107,Omni Channel,Actual,VT260001,Smart Shop,MTS,P45906,Sale,2026-02-13,2026-02-12,2026-02-12,17943.81,1.0
CT-F-99-020504,PEM107,Omni Channel,Actual,CT260021,Smart Shop,MTS,P46071,Sale,2026-02-20,2026-02-12,2026-02-12,20536.71,3.0
VT-F-99-010721,PEM107,Omni Channel,Actual,VT260013,Smart Shop,MTS,P45906,Sale,2026-02-20,2026-02-12,2026-02-12,17943.81,1.0
CT-F-99-020503,PEM107,Omni Channel,Actual,CT250309,Contractor,MTS,P46070,Sale,2026-02-16,2026-02-12,2026-02-12,13256.98,2.0
VT-F-99-010203,PEM107,Omni Channel,Actual,VT250168,Contractor,MTS,P47174,Sale,2026-02-16,2026-02-12,2026-02-12,15548.02,2.0
CT-F-99-020524,PEM107,Omni Channel,Actual,CT260027,Contractor,MTS,P45905,Sale,2026-03-31,2026-02-12,2026-02-12,40439.16,3.0
CT-F-99-020506,PEM107,Omni Channel,Actual,CT260049,Smart Shop,MTS,P46073,Sale,2026-02-27,2026-02-13,2026-02-13,21757.5,3.0
VT-F-99-010721,PEM107,Omni Channel,Actual,VT260013,Smart Shop,MTS,P45906,Sale,2026-02-27,2026-02-13,2026-02-13,17943.81,1.0
VT-F-99-010819,PEM107,Omni Channel,Actual,VT260021 ,Contractor,MTS,P46038,Sale,2026-03-19,2026-02-16,2026-02-16,22249.33,1.0
CT-F-99-020725,PEM107,Omni Channel,Actual,CT260063,Contractor,MTO,P46697,Sale,2026-03-19,2026-02-16,2026-02-16,44537.94,3.0
VT-F-99-010203,PEM107,Omni Channel,Actual,VT260006,End User,MTS,P47174,Sale,2026-02-20,2026-02-16,2026-02-16,15548.02,2.0
CT-F-99-020504,PEM107,Omni Channel,Actual,CT260064,Foreign Industry,MTO,P46071,Sale,2026-06-11,2026-02-16,2026-02-16,27598.4,4.0
RS-F-99-010114,PEM107,Omni Channel,Actual,RS260064,Smart Shop,MTO,P51463,Sale,2026-03-04,2026-02-16,2026-02-16,33315.96,3.0
CT-F-99-020502,PEM107,Omni Channel,Actual,CT260068,Foreign Industry,MTO,P46069,Sale,2026-06-11,2026-02-16,2026-02-16,67996.3,10.0
CT-F-99-020514,PEM107,Omni Channel,Actual,CT260067,Foreign Industry,MTO,P51982,Sale,2026-06-11,2026-02-16,2026-02-16,135829.2,20.0
CT-F-99-020508,PEM107,Omni Channel,Actual,CT260070,Foreign Industry,MTO,P46075,Sale,2026-03-19,2026-02-16,2026-02-16,32205.32,4.0
VT-F-99-010203,PEM107,Omni Channel,Actual,VT260006,Smart Shop,MTS,P47174,Sale,2026-02-23,2026-02-17,2026-02-17,7774.01,1.0
CT-F-99-020506,PEM107,Omni Channel,Actual,CT260049,Smart Shop,MTS,P46073,Sale,2026-02-25,2026-01-13,2026-01-13,43607.82,6.0
VT-F-99-010721,PEM107,Omni Channel,Actual,VT260001,Contractor,MTS,P45906,Sale,2026-02-20,2026-01-21,2026-01-21,17943.81,1.0
VT-F-99-010721,PEM107,Omni Channel,Actual,VT260013,private company,MTS,P45906,Sale,2026-03-13,2026-02-17,2026-02-17,17943.81,1.0
CT-F-99-020527,PEM107,Omni Channel,Actual,CT250269,private company,MTS,P45922,Sale,2026-03-13,2026-02-17,2026-02-17,40057.47,3.0
VT-F-99-010715,PEM107,Omni Channel,Actual,VT260017 ,Contractor,MTS,P46029,Sale,2026-03-09,2026-02-17,2026-02-17,17425.84,1.0
CT-F-99-020504,PEM107,Omni Channel,Actual,CT260021,Contractor,MTS,P46071,Sale,2026-03-09,2026-02-17,2026-02-17,20698.8,3.0
CT-F-99-020531,PEM107,Omni Channel,Actual,CT250188,Smart Shop,MTS,P46162,Sale,2026-03-02,2026-02-17,2026-02-17,41539.11,3.0
VT-F-99-010721,PEM107,Omni Channel,Actual,VT260013,Smart Shop,MTS,P45906,Sale,2026-03-02,2026-02-17,2026-02-17,17943.81,1.0
CT-F-99-020505,PEM107,Omni Channel,Actual,CT250305,Contractor,MTS,P46072,Sale,2026-04-01,2026-02-18,2026-02-18,19681.65,3.0
VT-F-99-010715,PEM107,Omni Channel,Actual,VT260013,Contractor,MTS,P46029,Sale,2026-04-01,2026-02-18,2026-02-18,17425.84,1.0
CT-F-99-020504,PEM107,Omni Channel,Actual,CT260021,Contractor,MTS,P46071,Sale,2026-02-20,2026-02-18,2026-02-18,20698.8,3.0
VT-F-99-010203,PEM107,Omni Channel,Actual,VT260006,Smart Shop,MTS,P47174,Sale,2026-03-09,2026-02-18,2026-02-18,15548.02,2.0
VT-F-99-010202,PEM107,Omni Channel,Actual,VT260034,Cambodia,MTO,P45854,Sale,2026-05-22,2026-02-18,2026-02-18,89313.7,10.0
RS-F-99-041035,PEM107,Omni Channel,Actual,RS260080,Cambodia,MTO,P51312,Sale,2026-05-22,2026-02-18,2026-02-18,63486.78,6.0
RS-F-99-041006,PEM107,Omni Channel,Actual,RS260079,Cambodia,MTO,P51318,Sale,2026-05-22,2026-02-18,2026-02-18,126841.68,12.0
RS-F-99-041007,PEM107,Omni Channel,Actual,RS260081,Cambodia,MTO,P51319,Sale,2026-05-29,2026-02-18,2026-02-18,123312.6,12.0
RS-F-99-041008,PEM107,Omni Channel,Actual,RS260082,Cambodia,MTO,P51320,Sale,2026-05-22,2026-02-18,2026-02-18,92775.96,9.0
VT-F-99-010721,PEM107,Omni Channel,Actual,VT260013,,MTS,P45906,Sale,2026-02-24,2026-02-19,2026-02-19,18063.45,1.0
CT-F-99-020508,PEM107,Omni Channel,Actual,CT260011,,MTS,P46075,Sale,2026-02-24,2026-02-19,2026-02-19,24153.99,3.0
VT-F-99-010616,PEM107,Omni Channel,Actual,VT260011,Foreign Industry,MTO,P51700,Sale,2026-02-25,2026-01-07,2026-01-07,106611.9,15.0
VT-F-99-010721,PEM107,Omni Channel,Actual,VT260001,Contractor,MTS,P45906,Sale,2026-02-23,2026-02-20,2026-02-20,17878.8,1.0
CT-F-99-020503,PEM107,Omni Channel,Actual,CT250303,Contractor,MTS,P46070,Sale,2026-02-23,2026-02-20,2026-02-20,20536.17,3.0
VT-F-99-010721,PEM107,Omni Channel,Actual,VT260013,Contractor,MTS,P45906,Sale,2026-05-15,2026-02-20,2026-02-20,18063.45,1.0
CT-F-99-020530,PEM107,Omni Channel,Actual,CT260012,Contractor,MTS,P45966,Sale,2026-05-15,2026-02-20,2026-02-20,46693.98,3.0
VT-F-99-010721,PEM107,Omni Channel,Actual,VT260013,End User,MTS,P45906,Sale,2026-02-27,2026-02-20,2026-02-20,17878.8,1.0
CT-F-99-020505,PEM107,Omni Channel,Actual,CT250311,End User,MTS,P46072,Sale,2026-02-27,2026-02-20,2026-02-20,19681.65,3.0
VT-F-99-010721,PEM107,Omni Channel,Actual,VT260013,End User,MTS,P45906,Sale,2026-03-20,2026-02-20,2026-02-20,17878.8,1.0
CT-F-99-020511,PEM107,Omni Channel,Actual,CT250248,End User,MTS,P46077,Sale,2026-03-20,2026-02-20,2026-02-20,26913.9,3.0
VT-F-99-010820,PCE101,Omni Channel,Actual,J26021,การไฟฟ้าส่วนภูมิภาค เขต 3 (ภาคใต้),MTS,P45997,Sale,2026-04-07,2026-02-20,2026-02-20,57288.0,1.0
VT-F-99-010820,PEM107,Omni Channel,Actual,VT250013,,MTS,P45997,Sale,2026-04-06,2026-02-20,2026-02-20,30426.31,1.0
CT-F-99-020505,PEM107,Omni Channel,Actual,CT250311,Contractor,MTS,P46072,Sale,2026-03-31,2026-02-18,2026-02-18,19681.65,3.0
VT-F-99-010721,PEM107,Omni Channel,Actual,CT250251,Contractor,MTS,P45906,Sale,2026-04-30,2026-01-21,2026-01-21,17878.8,1.0
VT-F-99-010721,PEM107,Omni Channel,Actual,VT260013,Contractor,MTS,P45906,Sale,2026-03-31,2026-01-27,2026-01-27,17878.8,1.0
VT-F-99-010721,PEM107,Omni Channel,Actual,VT260013,Contractor,MTS,P45906,Sale,2026-03-31,2026-01-27,2026-01-27,17878.8,1.0
CT-F-99-020510,PEM107,Omni Channel,Actual,CT250251,Contractor,MTS,P46076,Sale,2026-06-30,2026-02-24,2026-02-24,26235.33,3.0
VT-F-99-010721,PEM107,Omni Channel,Actual,VT260013 ,Contractor,MTS,P45906,Sale,2026-06-30,2026-02-24,2026-02-24,17878.8,1.0
VT-F-99-010715,PEM107,Omni Channel,Actual,VT260017,Contractor,MTS,P46029,Sale,2026-03-25,2026-02-25,2026-02-25,16864.11,1.0
CT-F-99-020505,PEM107,Omni Channel,Actual,CT250319,Contractor,MTS,P46072,Sale,2026-03-25,2026-02-25,2026-02-25,19681.65,3.0
VT-F-99-010721,PEM107,Omni Channel,Actual,VT260013,Contractor,MTS,P45906,Sale,2026-04-10,2026-02-25,2026-02-25,17878.8,1.0
CT-F-99-020528,PEM107,Omni Channel,Actual,CT260013,Contractor,MTS,P45962,Sale,2026-04-10,2026-02-25,2026-02-25,45675.63,3.0
VT-F-99-010721,PEM107,Omni Channel,Actual,VT260013,Contractor,MTS,P45906,Sale,2026-04-10,2026-02-25,2026-02-25,17878.8,1.0
CT-F-99-020528,PEM107,Omni Channel,Actual,CT260013,Contractor,MTS,P45962,Sale,2026-04-10,2026-02-25,2026-02-25,45675.63,3.0
VT-F-99-010715,PEM107,Omni Channel,Actual,VT260017,Contractor,MTS,P46029,Sale,2026-04-03,2026-02-25,2026-02-25,16864.11,1.0
CT-F-99-020505,PEM107,Omni Channel,Actual,CT250305,Contractor,MTS,P46072,Sale,2026-04-03,2026-02-25,2026-02-25,19681.65,3.0
VT-F-99-010203,PEM107,Omni Channel,Actual,VT260006,Dealer,MTS,P47174,Sale,2026-02-27,2026-02-25,2026-02-25,15501.38,2.0
CT-F-99-020505,PEM107,Omni Channel,Actual,CT250319,Dealer,MTS,P46072,Sale,2026-02-27,2026-02-25,2026-02-25,13121.1,2.0
CT-F-99-020705,PEM107,Omni Channel,Actual,CT260078,Contractor,MTO,P46094,Sale,2026-03-20,2026-02-26,2026-02-26,22713.78,3.0
VT-F-99-010819,PEM107,Omni Channel,Actual,VT260021 ,Contractor,MTS,P46038,Sale,2026-03-20,2026-02-26,2026-02-26,22677.94,1.0
CT-F-99-020506,PEM107,Omni Channel,Actual,CT260023,Contractor,MTS,P46073,Sale,2026-03-20,2026-02-26,2026-02-26,21803.91,3.0
VT-F-99-010721,PEM107,Omni Channel,Actual,VT260013,Contractor,MTS,P45906,Sale,2026-03-20,2026-02-26,2026-02-26,17878.8,1.0
CT-F-99-020507,PEM107,Omni Channel,Actual,CT250235,Contractor,MTS,P46074,Sale,2026-03-13,2026-02-26,2026-02-26,22545.03,3.0
CT-F-99-020507,PEM107,Omni Channel,Actual,CT250235,Contractor,MTS,P46074,Sale,2026-03-13,2026-02-26,2026-02-26,22545.03,3.0
CT-F-99-020507,PEM107,Omni Channel,Actual,CT250270,Contractor,MTS,P46074,Sale,2026-03-13,2026-02-26,2026-02-26,22545.03,3.0
VT-F-99-010721,PEM107,Omni Channel,Actual,VT260013,Contractor,MTS,P45906,Sale,2026-03-13,2026-02-26,2026-02-26,17878.8,1.0
VT-F-99-010721,PEM107,Omni Channel,Actual,VT260013,Contractor,MTS,P45906,Sale,2026-03-13,2026-02-26,2026-02-26,17878.8,1.0
VT-F-99-010721,PEM107,Omni Channel,Actual,VT260013,Contractor,MTS,P45906,Sale,2026-03-13,2026-02-26,2026-02-26,17878.8,1.0
CT-F-99-020507,PEM107,Omni Channel,Actual,CT250270,Contractor,MTS,P46074,Sale,2026-03-13,2026-02-26,2026-02-26,22545.03,3.0
CT-F-99-020505,PEM107,Omni Channel,Actual,CT250319,Contractor,MTS,P46072,Sale,2026-03-13,2026-02-26,2026-02-26,19681.65,3.0
CT-F-99-020505,PEM107,Omni Channel,Actual,CT250319,Contractor,MTS,P46072,Sale,2026-03-20,2026-02-26,2026-02-26,19681.65,3.0
VT-F-99-010721,PEM107,Omni Channel,Actual,VT260013,Contractor,MTS,P45906,Sale,2026-03-13,2026-02-26,2026-02-26,17878.8,1.0
VT-F-99-010721,PEM107,Omni Channel,Actual,VT260013,Contractor,MTS,P45906,Sale,2026-03-13,2026-02-26,2026-02-26,17878.8,1.0
VT-F-99-010721,PEM107,Omni Channel,Actual,VT260013,Contractor,MTS,P45906,Sale,2026-03-20,2026-02-26,2026-02-26,17878.8,1.0
VT-F-99-010721,PEM107,Omni Channel,Actual,VT260013,Contractor,MTS,P45906,Sale,2026-03-20,2026-02-26,2026-02-26,17878.8,1.0
CT-F-99-020506,PEM107,Omni Channel,Actual,CT260023,Contractor,MTS,P46073,Sale,2026-03-20,2026-02-26,2026-02-26,21803.91,3.0
CT-F-99-020508,PEM107,Omni Channel,Actual,CT260011,Contractor,MTS,P46075,Sale,2026-03-25,2026-02-26,2026-02-26,24153.99,3.0
VT-F-99-010721,PEM107,Omni Channel,Actual,VT260013,Contractor,MTS,P45906,Sale,2026-03-25,2026-02-26,2026-02-26,17878.8,1.0
VT-F-99-010819,PEM107,Omni Channel,Actual,VT260021,Contractor,MTS,P46038,Sale,2026-03-19,2026-02-26,2026-02-26,22677.94,1.0
CT-F-99-020706,PEM107,Omni Channel,Actual,CT260079,Contractor,MTO,P46095,Sale,2026-03-19,2026-02-26,2026-02-26,24266.76,3.0
CT-F-99-020502,PEM107,Omni Channel,Actual,CT250302,Contractor,MTS,P46069,Sale,2026-03-04,2026-03-02,2026-03-02,13599.26,2.0
VT-F-99-010203,PEM107,Omni Channel,Actual,VT260006,Contractor,MTS,P47174,Sale,2026-03-04,2026-03-02,2026-03-02,15501.38,2.0
VT-F-99-010721,PEM107,Omni Channel,Actual,VT260013,Contractor,MTS,P45906,Sale,2026-03-20,2026-03-02,2026-03-02,17878.8,1.0
CT-F-99-020506,PEM107,Omni Channel,Actual,CT260023,Contractor,MTO,P46073,Sale,2026-03-20,2026-03-02,2026-03-02,21803.91,3.0
VT-F-99-010721,PEM107,Omni Channel,Actual,VT260013,Contractor,MTS,P45906,Sale,2026-03-28,2026-03-04,2026-03-04,17878.8,1.0
CT-F-99-020535,PEM107,Omni Channel,Actual,CT260088,Contractor,MTO,P46504,Sale,2026-03-28,2026-03-04,2026-03-04,47147.88,3.0
CT-F-99-020507,PEM107,Omni Channel,Actual,CT260081,Foreign Industry,MTO,P46074,Sale,2026-03-19,2026-03-04,2026-03-04,47314.98,6.0
RS-F-99-070004,PEM107,Omni Channel,Actual,RS260099,Foreign Industry,MTO,P46104,Sale,2026-03-19,2026-03-04,2026-03-04,46882.5,150.0
CT-F-99-020508,PEM107,Omni Channel,Actual,"VT260013,CT250198",Contractor,MTS,P46075,Sale,2026-05-29,2026-02-24,2026-02-24,24153.99,3.0
VT-F-99-010721,PEM107,Omni Channel,Actual,"VT260013,CT250198",Contractor,MTS,P45906,Sale,2026-05-29,2026-02-24,2026-02-24,17878.8,1.0
VT-F-99-010721,PEM107,Omni Channel,Actual,VT260013,Contractor,MTS,P45906,Sale,2026-03-13,2026-03-04,2026-03-04,17878.8,1.0
CT-F-99-020506,PEM107,Omni Channel,Actual,CT260049,Contractor,MTS,P46073,Sale,2026-03-20,2026-03-04,2026-03-04,21803.91,3.0
CT-F-99-020507,PEM107,Omni Channel,Actual,"CT250270,CT250307",Contractor,MTS,P46074,Sale,2026-03-20,2026-03-04,2026-03-04,22545.03,3.0
VT-F-99-010721,PEM107,Omni Channel,Actual,VT260013,Contractor,MTS,P45906,Sale,2026-03-20,2026-03-04,2026-03-04,17878.8,1.0
CT-F-99-020706,PEM107,Omni Channel,Actual,CT260083,Contractor,MTS,P46095,Sale,2026-04-03,2026-03-04,2026-03-04,24266.76,3.0
CT-F-99-020705,PEM107,Omni Channel,Actual,CT260082,Contractor,MTO,P46094,Sale,2026-04-03,2026-03-04,2026-03-04,22713.78,3.0
VT-F-99-010819,PEM107,Omni Channel,Actual,VT260021,Contractor,MTS,P46038,Sale,2026-04-03,2026-03-04,2026-03-04,22677.94,1.0
CT-F-99-020504,PEM107,Omni Channel,Actual,CT260021,Contractor,MTS,P46071,Sale,2026-04-30,2026-03-04,2026-03-04,20698.8,3.0
VT-F-99-010721,PEM107,Omni Channel,Actual,VT260013,Contractor,MTS,P45906,Sale,2026-04-30,2026-03-04,2026-03-04,17878.8,1.0
VT-F-99-010721,PEM107,Omni Channel,Actual,VT260013,Contractor,MTS,P45906,Sale,2026-03-30,2026-03-04,2026-03-04,18063.45,1.0
CT-F-99-020528,PEM107,Omni Channel,Actual,CT260028,Contractor,MTS,P45962,Sale,2026-03-30,2026-03-04,2026-03-04,45588.63,3.0
CT-F-99-020504,PEM107,Omni Channel,Actual,CT260021,Contractor,MTS,P46071,Sale,2026-03-05,2026-03-04,2026-03-04,6899.6,1.0
CT-F-99-020507,PEM107,Omni Channel,Actual,"VT260013,VT260005,CT260049",Contractor,MTS,P46074,Sale,2026-03-20,2026-03-04,2026-03-04,22545.03,3.0
VT-F-99-010721,PEM107,Omni Channel,Actual,"VT260013,VT260005,CT260049",Contractor,MTS,P45906,Sale,2026-03-20,2026-03-04,2026-03-04,17878.8,1.0
VT-F-99-010819,PEM107,Omni Channel,Actual,"VT260021,CT260082",Contractor,MTO,P46038,Sale,2026-04-03,2026-03-04,2026-03-04,22677.94,1.0
VT-F-99-010721,PEM107,Omni Channel,Actual,VT260013,private company,MTS,P45906,Sale,2026-03-20,2026-03-05,2026-03-05,17878.8,1.0
CT-F-99-020530,PEM107,Omni Channel,Actual,CT260002,private company,MTS,P45966,Sale,2026-03-20,2026-03-05,2026-03-05,46693.98,3.0
CT-F-99-020502,PEM107,Omni Channel,Actual,CT250302,Contractor,MTS,P46069,Sale,2026-03-11,2026-03-06,2026-03-06,13599.26,2.0
VT-F-99-010203,PEM107,Omni Channel,Actual,VT260006,Contractor,MTS,P47174,Sale,2026-03-11,2026-03-06,2026-03-06,15501.38,2.0
VT-F-99-010721,PEM107,Omni Channel,Actual,VT260013,Contractor,MTS,P45906,Sale,2026-07-10,2026-03-06,2026-03-06,17878.8,1.0
VT-F-99-010721,PEM107,Omni Channel,Actual,VT260013,Contractor,MTS,P45906,Sale,2026-03-11,2026-03-09,2026-03-09,17878.8,1.0
CT-F-99-020503,PEM107,Omni Channel,Actual,CT250303,Smart Shop,MTS,P46070,Sale,2026-03-19,2026-03-09,2026-03-09,20536.17,3.0
VT-F-99-010721,PEM107,Omni Channel,Actual,VT260013,Smart Shop,MTS,P45906,Sale,2026-03-19,2026-03-09,2026-03-09,17878.8,1.0
VT-F-99-010203,PEM107,Omni Channel,Actual,VT260006,Retailer,MTS,P47174,Sale,2026-03-16,2026-03-09,2026-03-09,124011.04,16.0
CT-F-99-020502,PEM107,Omni Channel,Actual,CT250308,Retailer,MTS,P46069,Sale,2026-03-16,2026-03-09,2026-03-09,27198.52,4.0
CT-F-99-020504,PEM107,Omni Channel,Actual,CT260021,Retailer,MTS,P46071,Sale,2026-03-16,2026-03-09,2026-03-09,27598.4,4.0
CT-F-99-020506,PEM107,Omni Channel,Actual,"CT250320,CT260023",Retailer,MTS,P46073,Sale,2026-03-16,2026-03-09,2026-03-09,29071.88,4.0
RS-F-99-090010,PEM107,Omni Channel,Actual,RS260112,Contractor,MTO,P51506,Sale,2026-04-10,2026-03-09,2026-03-09,6315.24,3.0
VT-F-99-010721,PEM107,Omni Channel,Actual,VT260013,Contractor,MTS,P45906,Sale,2026-05-29,2026-03-09,2026-03-09,18063.45,1.0
CT-F-99-020527,PEM107,Omni Channel,Actual,CT260005 ,Contractor,MTS,P45922,Sale,2026-05-29,2026-03-09,2026-03-09,40057.47,3.0
VT-F-99-010715,PEM107,Omni Channel,Actual,VT260017,Contractor,MTS,P46029,Sale,2026-05-15,2026-03-10,2026-03-10,16864.11,1.0
CT-F-99-020504,PEM107,Omni Channel,Actual,CT260021,Contractor,MTS,P46071,Sale,2026-05-15,2026-03-10,2026-03-10,20698.8,3.0
VT-F-99-010721,PEM107,Omni Channel,Actual,VT260013 ,Dealer,MTS,P45906,Sale,2026-03-24,2026-03-10,2026-03-10,17878.8,1.0
CT-F-99-020504,PEM107,Omni Channel,Actual,CT260021,Dealer,MTS,P46071,Sale,2026-03-24,2026-03-10,2026-03-10,20698.8,3.0
CT-F-99-020535,PEM107,Omni Channel,Actual,CT260080,Dealer,MTO,P46504,Sale,2026-03-24,2026-03-10,2026-03-10,47147.88,3.0
CT-F-99-020504,PEM107,Omni Channel,Actual,CT260021,Contractor,MTS,P46071,Sale,2026-03-31,2026-03-10,2026-03-10,20698.8,3.0
CT-F-99-020501,PEM107,Omni Channel,Actual,CT250127,Smart Shop,MTS,P46123,Sale,2026-03-13,2026-03-11,2026-03-11,12696.42,2.0
CT-F-99-020507,PEM107,Omni Channel,Actual,CT250307,Smart Shop,MTS,P46074,Sale,2026-03-31,2026-03-11,2026-03-11,22545.03,3.0
VT-F-99-010721,PEM107,Omni Channel,Actual,VT260013,Smart Shop,MTS,P45906,Sale,2026-03-31,2026-03-11,2026-03-11,17878.8,1.0
VT-F-99-010701,PEM107,Omni Channel,Actual,VT260002,Contractor,MTS,P46255,Sale,2026-03-13,2026-03-11,2026-03-11,17933.0,1.0
VT-F-99-010721,PEM107,Omni Channel,Actual,VT260013,Contractor,MTS,P45906,Sale,2026-03-16,2026-03-12,2026-03-12,17878.8,1.0
CT-F-99-020508,PEM107,Omni Channel,Actual,CT260011,Contractor,MTS,P46075,Sale,2026-03-16,2026-03-12,2026-03-12,24153.99,3.0
VT-F-99-010721,PEM107,Omni Channel,Actual,VT260013 ,Contractor,MTS,P45906,Sale,2026-03-31,2026-03-12,2026-03-12,17878.8,1.0
CT-F-99-020508,PEM107,Omni Channel,Actual,CT260011,Contractor,MTS,P46075,Sale,2026-03-31,2026-03-12,2026-03-12,24153.99,3.0
VT-F-99-010203,PEM107,Omni Channel,Actual,VT260006,End User,MTO,P47174,Sale,2026-03-18,2026-03-12,2026-03-12,19425.44,2.0
CT-F-99-020504,PEM107,Omni Channel,Actual,CT260033,End User,MTO,P46071,Sale,2026-03-18,2026-03-12,2026-03-12,13799.2,2.0
CT-F-99-020510,PEM107,Omni Channel,Actual,CT250250,Contractor,MTO,P46076,Sale,2026-03-18,2026-03-12,2026-03-12,18589.22,2.0
VT-F-99-010820,PCE101,Total Customer Solution,Actual,J26038,การไฟฟ้าส่วนภูมิภาค เขต 2 (ภาคใต้),MTS,P45997,Sale,2026-03-30,2026-03-12,2026-03-12,55000.0,1.0
RS-F-99-070003,PEM107,Omni Channel,Actual,RS260108,Foreign Industry,MTO,P45536,Sale,2026-09-10,2026-03-13,2026-03-13,34790.0,100.0
RS-F-99-070006,PEM107,Omni Channel,MPS,RS260109,Foreign Industry,MTO,P45676,Sale,2026-11-25,2026-03-13,2026-03-13,101172.0,300.0
CT-F-99-020507,PEM107,Omni Channel,Actual,CT260092,Foreign Industry,MTO,P46074,Sale,2026-06-11,2026-03-13,2026-03-13,75150.1,10.0
CT-F-99-020501,PEM107,Omni Channel,Actual,CT260089,Foreign Industry,MTO,P46123,Sale,2026-07-08,2026-03-13,2026-03-13,431678.28,68.0
RS-F-99-070007,PEM107,Omni Channel,MPS,RS260110,Foreign Industry,MTO,P46746,Sale,2026-10-20,2026-03-13,2026-03-13,94434.0,150.0
VT-F-99-010203,PEM107,Omni Channel,Actual,VT260043,Foreign Industry,MTO,P47174,Sale,2026-08-06,2026-03-13,2026-03-13,46504.14,6.0
VT-F-99-010721,PEM107,Omni Channel,Actual,VT260013,Contractor,MTS,P45906,Sale,2026-03-18,2026-03-16,2026-03-16,24975.53,1.0
CT-F-99-020505,PEM107,Omni Channel,Actual,CT250305,Contractor,MTS,P46072,Sale,2026-03-18,2026-03-16,2026-03-16,23083.83,3.0
VT-F-99-010820,PEM102,Omni Channel,Actual,SS260035,,MTS,P53206,Sale,2026-03-20,2026-03-16,2026-03-16,31400.55,1.0
VT-F-99-010721,PEM107,Omni Channel,Actual,VT260031,End User,MTS,P45906,Sale,2026-04-03,2026-03-16,2026-03-16,49951.06,2.0
CT-F-99-020506,PEM107,Omni Channel,Actual,CT260049,End User,MTS,P46073,Sale,2026-04-03,2026-03-16,2026-03-16,23083.83,3.0
CT-F-99-020507,PEM107,Omni Channel,Actual,CT250321,End User,MTS,P46074,Sale,2026-04-03,2026-03-16,2026-03-16,23983.83,3.0
VT-F-99-010721,PEM107,Omni Channel,MPS,VT260031 ,,MTS,P45906,Sale,2026-10-09,2026-03-17,2026-03-17,18063.45,1.0
CT-F-99-020508,PEM107,Omni Channel,MPS,CT260011,,MTS,P46075,Sale,2026-10-09,2026-03-17,2026-03-17,26983.83,3.0
CT-F-99-020507,PEM107,Omni Channel,Actual,CT250321,Contractor,MTS,P46074,Sale,2026-03-20,2025-11-28,2025-11-28,23983.83,3.0
VT-F-99-010715,PEM107,Omni Channel,Actual,VT260038,Contractor,MTS,P46029,Sale,2026-05-15,2026-03-17,2026-03-17,24975.53,1.0
CT-F-99-020504,PEM107,Omni Channel,Actual,CT260021,Contractor,MTS,P46071,Sale,2026-05-15,2026-03-17,2026-03-17,23083.83,3.0
CT-F-99-020505,PEM107,Omni Channel,Actual,CT250319,Contractor,MTS,P46072,Sale,2026-04-30,2026-03-17,2026-03-17,23083.83,3.0
VT-F-99-010721,PEM107,Omni Channel,Actual,VT260031,Contractor,MTS,P45906,Sale,2026-04-30,2026-03-17,2026-03-17,24975.53,1.0
VT-F-99-010203,PEM107,Omni Channel,Actual,VT260006,Smart Shop,MTS,P47174,Sale,2026-03-25,2026-03-17,2026-03-17,19425.44,2.0
VT-F-99-010721,PEM107,Omni Channel,Actual,VT260031,Contractor,MTS,P45906,Sale,2026-03-26,2026-03-18,2026-03-18,24975.53,1.0
VT-F-99-010203,PEM107,Omni Channel,Actual,VT260006,Smart Shop,MTS,P47174,Sale,2026-04-10,2026-03-18,2026-03-18,9712.72,1.0
CT-F-99-020508,PEM107,Omni Channel,Actual,CT250246,Smart Shop,MTS,P46075,Sale,2026-04-10,2026-03-18,2026-03-18,8994.61,1.0
CT-F-99-020510,PEM107,Omni Channel,Actual,CT250251,Contractor,MTS,P46076,Sale,2026-03-27,2026-03-18,2026-03-18,27883.83,3.0
VT-F-99-010721,PEM107,Omni Channel,Actual,VT260031,Contractor,MTS,P45906,Sale,2026-03-27,2026-03-18,2026-03-18,24975.53,1.0
CT-F-99-020504,PEM107,Omni Channel,Actual,CT260021,Contractor,MTS,P46071,Sale,2026-03-20,2026-03-18,2026-03-18,20536.71,3.0
VT-F-99-010721,PEM107,Omni Channel,Actual,VT260013,,MTS,P45906,Sale,2026-03-31,2026-03-18,2026-03-18,17878.8,1.0
CT-F-99-020530,PEM107,Omni Channel,Actual,CT260002,,MTS,P45966,Sale,2026-03-31,2026-03-18,2026-03-18,46693.98,3.0
CT-F-99-020501,PEM107,Omni Channel,Actual,CT250127,Contractor,MTS,P46123,Sale,2026-04-03,2026-03-18,2026-03-18,14839.2,2.0
VT-F-99-010203,PEM107,Omni Channel,Actual,VT260006,Contractor,MTS,P47174,Sale,2026-04-03,2026-03-18,2026-03-18,19425.44,2.0
VT-F-99-010721,PEM107,Omni Channel,Actual,VT260013,Contractor,MTS,P45906,Sale,2026-03-20,2026-03-18,2026-03-18,18063.45,1.0
CT-F-99-020502,PEM107,Omni Channel,Actual,CT250229,Contractor,MTS,P46069,Sale,2026-03-20,2026-03-18,2026-03-18,20130.69,3.0
VT-F-99-010203,PEM107,Omni Channel,Actual,VT260006,Smart Shop,MTS,P47174,Sale,2026-03-20,2026-03-18,2026-03-18,19425.44,2.0
CT-F-99-020502,PEM107,Omni Channel,Actual,CT260045,Smart Shop,MTS,P46069,Sale,2026-03-20,2026-03-18,2026-03-18,14839.2,2.0
RS-F-99-070004,PEM107,Omni Channel,Actual,CTR-2026-01484,Contractor,MTO,P46104,Sale,2026-04-03,2026-03-18,2026-03-18,945.03,3.0
RS-F-99-070002,PEM107,Omni Channel,Actual,CTR-2026-01484,Contractor,MTO,P46106,Sale,2026-04-03,2026-03-18,2026-03-18,1305.03,3.0
VT-F-99-010721,PEM107,Omni Channel,Actual,VT260013,Smart Shop,MTS,P45906,Sale,2026-03-19,2026-03-18,2026-03-18,24975.53,1.0
CT-F-99-020506,PEM107,Omni Channel,Actual,CT260023,Smart Shop,MTS,P46073,Sale,2026-03-19,2026-03-18,2026-03-18,23083.83,3.0
VT-F-99-010721,PEM107,Omni Channel,Actual,VT260031 ,private company,MTS,P45906,Sale,2026-04-08,2026-03-19,2026-03-19,18063.45,1.0
CT-F-99-020528,PEM107,Omni Channel,Actual,CT260028,private company,MTS,P45962,Sale,2026-04-08,2026-03-19,2026-03-19,55963.17,3.0
RS-F-99-070006,PEMCSA,Omni Channel,Actual,CTR-2026-01504,Foreign Industry,MTO,P53875,Sale,2026-06-30,2026-03-13,2026-03-13,7489.35,3.0
VT-F-99-010721,PEM107,Omni Channel,Actual,VT260031,,MTS,P45906,Sale,2026-04-08,2026-03-19,2026-03-19,18063.45,1.0
CT-F-99-020511,PEM107,Omni Channel,Actual,CT250248,,MTS,P46077,Sale,2026-04-08,2026-03-19,2026-03-19,28183.83,3.0
VT-F-99-010721,PEM107,Omni Channel,Actual,VT260031,Contractor,MTS,P45906,Sale,2026-03-30,2026-03-20,2026-03-20,24975.53,1.0
CT-F-99-020506,PEM107,Omni Channel,Actual,CT260049,Contractor,MTS,P46073,Sale,2026-03-30,2026-03-20,2026-03-20,23083.83,3.0
RS-F-99-070002,PEM107,Omni Channel,Actual,,Smart Shop,MTS,P46106,Sale,2026-03-25,2026-03-20,2026-03-20,2610.06,6.0
VT-F-99-010721,PEM107,Omni Channel,Actual,VT260031,Smart Shop,MTS,P45906,Sale,2026-04-01,2026-03-20,2026-03-20,24975.53,1.0
CT-F-99-020504,PEM107,Omni Channel,Actual,CT260009,Contractor,MTS,P46071,Sale,2026-03-24,2026-03-20,2026-03-20,15389.22,2.0
VT-F-99-010203,PEM107,Omni Channel,Actual,VT260006,Contractor,MTS,P47174,Sale,2026-03-24,2026-03-20,2026-03-20,19425.44,2.0
CT-F-99-020507,PEM107,Omni Channel,Actual,CT260085,Contractor,MTS,P46074,Sale,2026-04-30,2026-03-23,2026-03-23,23983.83,3.0
VT-F-99-010721,PEM107,Omni Channel,Actual,VT260031,Contractor,MTS,P45906,Sale,2026-04-30,2026-03-23,2026-03-23,24975.53,1.0
CT-F-99-020507,PEM107,Omni Channel,Actual,CT260024,Contractor,MTS,P46074,Sale,2026-03-31,2026-03-23,2026-03-23,23983.83,3.0
VT-F-99-010721,PEM107,Omni Channel,Actual,VT260031,Contractor,MTS,P45906,Sale,2026-03-31,2026-03-23,2026-03-23,24975.53,1.0
CT-F-99-020525,PEM107,Omni Channel,Actual,CT250156 ,Smart Shop,MTS,P45923,Sale,2026-03-26,2026-03-23,2026-03-23,52363.17,3.0
VT-F-99-010721,PEM107,Omni Channel,Actual,VT260013 ,Smart Shop,MTS,P45906,Sale,2026-03-26,2026-03-23,2026-03-23,24975.53,1.0
CT-F-99-020527,PEM107,Omni Channel,Actual,CT260005,Smart Shop,MTS,P45922,Sale,2026-03-26,2026-03-23,2026-03-23,40057.47,3.0
VT-F-99-010721,PEM107,Omni Channel,Actual,VT260031,Contractor,MTS,P45906,Sale,2026-04-10,2026-03-23,2026-03-23,24975.53,1.0
CT-F-99-020530,PEM107,Omni Channel,Actual,CT250317 ,Contractor,MTS,P45966,Sale,2026-04-10,2026-03-23,2026-03-23,57163.17,3.0
VT-F-99-010819,PEM107,Omni Channel,Actual,VT260021,Contractor,MTS,P46038,Sale,2026-04-23,2026-03-23,2026-03-23,59966.42,2.0
CT-F-99-020704,PEM107,Omni Channel,Actual,CT260098,Contractor,MTO,P46093,Sale,2026-04-23,2026-03-23,2026-03-23,30883.83,3.0
CT-F-99-020705,PEM107,Omni Channel,Actual,CT260099,Contractor,MTO,P46094,Sale,2026-04-23,2026-03-23,2026-03-23,30883.83,3.0
VT-F-99-010202,PEM107,Omni Channel,Actual,VT260027,Contractor,MTS,P45854,Sale,2026-04-10,2026-03-23,2026-03-23,9762.91,1.0
VT-F-99-010721,PEM107,Omni Channel,Actual,VT260031 ,Contractor,MTS,P45906,Sale,2026-04-10,2026-03-23,2026-03-23,24975.53,1.0
VT-F-99-010202,PEM107,Omni Channel,Actual,VT260003,Contractor,MTS,P45854,Sale,2026-04-10,2026-03-23,2026-03-23,9762.91,1.0
CT-F-99-020507,PEM107,Omni Channel,Actual,CT260024,Contractor,MTS,P46074,Sale,2026-04-10,2026-03-23,2026-03-23,23983.83,3.0
CT-F-99-020506,PEM107,Omni Channel,Actual,CT260049,Contractor,MTS,P46073,Sale,2026-04-10,2026-03-23,2026-03-23,23083.83,3.0
VT-F-99-010721,PEM107,Omni Channel,Actual,VT260031,Contractor,MTS,P45906,Sale,2026-04-10,2026-03-23,2026-03-23,24975.53,1.0
CT-F-99-020503,PEM107,Omni Channel,Actual,CT260044,Contractor,MTS,P46070,Sale,2026-03-24,2026-03-23,2026-03-23,22558.8,3.0
VT-F-99-010721,PEM107,Omni Channel,Actual,VT260031,Contractor,MTS,P45906,Sale,2026-03-26,2026-03-24,2026-03-24,24975.53,1.0
CT-F-99-020503,PEM107,Omni Channel,Actual,CT260044,Contractor,MTS,P46070,Sale,2026-03-26,2026-03-24,2026-03-24,22558.8,3.0
CT-F-99-020506,PEM107,Omni Channel,Actual,CT260049,Contractor,MTS,P46073,Sale,2026-03-26,2026-03-18,2026-03-18,23083.83,3.0
CT-F-99-020528,PEM107,Omni Channel,Actual,CT260028,Contractor,MTS,P45962,Sale,2026-04-10,2026-03-24,2026-03-24,55963.17,3.0
CT-F-99-020506,PEM107,Omni Channel,Actual,CT260049,Smart Shop,MTS,P46073,Sale,2026-04-17,2026-03-26,2026-03-26,23083.83,3.0
VT-F-99-010721,PEM107,Omni Channel,Actual,VT260031,Smart Shop,MTS,P45906,Sale,2026-04-17,2026-03-26,2026-03-26,24975.53,1.0
CT-F-99-020508,PEM107,Omni Channel,Actual,CT260011,Smart Shop,MTS,P46075,Sale,2026-04-01,2026-03-20,2026-03-20,26983.83,3.0
CT-F-99-020507,PEM107,Omni Channel,Actual,CT260024,Smart Shop,MTS,P46074,Sale,2026-04-07,2026-03-26,2026-03-26,23983.83,3.0
VT-F-99-010721,PEM107,Omni Channel,Actual,VT260031,Smart Shop,MTS,P45906,Sale,2026-04-07,2026-03-26,2026-03-26,24975.53,1.0
CT-F-99-020506,PEM107,Omni Channel,Actual,CT260049,Contractor,MTS,P46073,Sale,2026-04-21,2026-03-26,2026-03-26,23083.83,3.0
VT-F-99-010721,PEM107,Omni Channel,Actual,VT260031,Contractor,MTS,P45906,Sale,2026-04-21,2026-03-26,2026-03-26,24975.53,1.0
VT-F-99-010715,PEM107,Omni Channel,Actual,VT260038 ,Contractor,MTS,P46029,Sale,2026-04-10,2026-03-26,2026-03-26,24975.53,1.0
CT-F-99-020504,PEM107,Omni Channel,Actual,CT260033,Contractor,MTS,P46071,Sale,2026-04-10,2026-03-26,2026-03-26,23083.83,3.0
CT-F-99-020506,PEM107,Omni Channel,Actual,CT260049,Contractor,MTS,P46073,Sale,2026-03-27,2026-03-26,2026-03-26,23083.83,3.0
CT-F-99-020531,PEM107,Omni Channel,Actual,"CT250301,CT260006 ",Contractor,MTS,P46162,Sale,2026-04-03,2026-03-27,2026-03-27,52363.17,3.0
VT-F-99-010721,PEM107,Omni Channel,Actual,VT260031,Contractor,MTS,P45906,Sale,2026-04-03,2026-03-27,2026-03-27,24975.53,1.0
VT-F-99-010203,PEM107,Omni Channel,Actual,VT260006,Contractor,MTS,P47174,Sale,2026-04-10,2026-03-27,2026-03-27,19425.44,2.0
CT-F-99-020505,PEM107,Omni Channel,Actual,CT250319,Contractor,MTS,P46072,Sale,2026-04-10,2026-03-27,2026-03-27,15389.22,2.0
VT-F-99-010721,PEM107,Omni Channel,Actual,VT260031,private company,MTS,P45906,Sale,2026-04-27,2026-03-30,2026-03-30,18063.45,1.0
CT-F-99-020526,PEM107,Omni Channel,Actual,CT250198 ,private company,MTS,P45936,Sale,2026-04-27,2026-03-30,2026-03-30,57913.17,3.0
VT-F-99-010721,PEM107,Omni Channel,Actual,VT260031,Contractor,MTS,P45906,Sale,2026-04-01,2026-03-30,2026-03-30,24975.53,1.0
CT-F-99-020503,PEM107,Omni Channel,Actual,CT260044,Contractor,MTS,P46070,Sale,2026-04-01,2026-03-30,2026-03-30,22558.8,3.0
VT-F-99-010721,PEM107,Omni Channel,Actual,VT260013,Smart Shop,MTS,P45906,Sale,2026-04-01,2026-03-30,2026-03-30,24975.53,1.0
CT-F-99-020507,PEM107,Omni Channel,Actual,CT260024,Contractor,MTS,P46074,Sale,2026-03-30,2026-03-30,2026-03-30,23983.83,3.0
VT-F-99-010721,PEM107,Omni Channel,Actual,VT260013,Contractor,MTS,P45906,Sale,2026-03-30,2026-03-30,2026-03-30,24975.53,1.0
RS-F-99-010123,PEM107,Omni Channel,Actual,RS260127,Contractor,MTO,P46977,Sale,2026-05-18,2026-03-31,2026-03-31,24902.56,2.0
RS-F-99-070002,PEM107,Omni Channel,Actual,CTR-2026-01767,Contractor,MTS,P46106,Sale,2026-04-20,2026-03-31,2026-03-31,1305.03,3.0
CT-F-99-020504,PEM107,Omni Channel,Actual,CT260033,Contractor,MTS,P46071,Sale,2026-04-03,2026-03-20,2026-03-20,15389.22,2.0
VT-F-99-010203,PEM107,Omni Channel,Actual,VT260006,Contractor,MTS,P47174,Sale,2026-04-03,2026-03-20,2026-03-20,19425.44,2.0
VT-F-99-010722,PEM107,Omni Channel,Actual,VT260010,Smart Shop,MTS,P45848,Sale,2026-04-06,2026-03-31,2026-03-31,31199.26,1.0
CT-F-99-020508,PEM107,Omni Channel,Actual,CT260011,Contractor,MTS,P46075,Sale,2026-04-10,2026-04-01,2026-04-01,26983.83,3.0
VT-F-99-010721,PEM107,Omni Channel,Actual,VT260031,Contractor,MTS,P45906,Sale,2026-04-10,2026-04-01,2026-04-01,24975.53,1.0
CT-F-99-020510,PEM107,Omni Channel,Actual,CT250251,Contractor,MTS,P46076,Sale,2026-04-10,2026-04-01,2026-04-01,27883.83,3.0
VT-F-99-010721,PEM107,Omni Channel,Actual,VT260031,Contractor,MTS,P45906,Sale,2026-04-10,2026-04-01,2026-04-01,24975.53,1.0
CT-F-99-020504,PEM107,Omni Channel,Actual,CT260139,Contractor,MTS,P46071,Sale,2026-07-21,2026-04-01,2026-04-01,23083.83,3.0
VT-F-99-010721,PEM107,Omni Channel,Actual,VT260050,Contractor,MTS,P45906,Sale,2026-07-21,2026-04-01,2026-04-01,24975.53,1.0
VT-F-99-010721,PEM107,Omni Channel,Actual,VT260013,Smart Shop,MTS,P45906,Sale,2026-04-07,2026-04-01,2026-04-01,24975.53,1.0
CT-F-99-020504,PEM107,Omni Channel,Actual,CT260021,Smart Shop,MTS,P46071,Sale,2026-04-07,2026-04-01,2026-04-01,23083.83,3.0
VT-F-99-010721,PEM107,Omni Channel,Actual,VT260031,Contractor,MTS,P45906,Sale,2026-04-06,2026-04-01,2026-04-01,24975.53,1.0
CT-F-99-020505,PEM107,Omni Channel,Actual,CT260022,Contractor,MTS,P46072,Sale,2026-04-06,2026-04-01,2026-04-01,23083.83,3.0
CT-F-99-020505,PEM107,Omni Channel,Actual,CT260022,Smart Shop,MTS,P46072,Sale,2026-04-03,2026-04-01,2026-04-01,23083.83,3.0
VT-F-99-010721,PEM107,Omni Channel,Actual,VT260031,Smart Shop,MTS,P45906,Sale,2026-04-03,2026-04-01,2026-04-01,24975.53,1.0
VT-F-99-010721,PEM107,Omni Channel,Actual,VT260031,private company,MTS,P45906,Sale,2026-04-09,2026-04-01,2026-04-01,18063.45,1.0
VT-F-99-010721,PEM107,Omni Channel,Actual,VT260031,private company,MTS,P45906,Sale,2026-04-09,2026-04-01,2026-04-01,18063.45,1.0
VT-F-99-010721,PEM107,Omni Channel,Actual,VT260031,private company,MTS,P45906,Sale,2026-04-09,2026-04-01,2026-04-01,18063.45,1.0
CT-F-99-020526,PEM107,Omni Channel,Actual,CT250198,private company,MTS,P45936,Sale,2026-04-09,2026-04-01,2026-04-01,57913.17,3.0
CT-F-99-020527,PEM107,Omni Channel,Actual,CT260026,private company,MTS,P45922,Sale,2026-04-09,2026-04-01,2026-04-01,40057.47,3.0
CT-F-99-020526,PEM107,Omni Channel,Actual,"CT250198,CT260077",private company,MTS,P45936,Sale,2026-04-09,2026-04-01,2026-04-01,57913.17,3.0
VT-F-99-010721,PEM107,Omni Channel,Actual,VT260031,Contractor,MTO,P45906,Sale,2026-04-10,2026-04-01,2026-04-01,24975.53,1.0
CT-F-99-020528,PEM107,Omni Channel,Actual,CT260076 ,Contractor,MTS,P45962,Sale,2026-04-10,2026-04-01,2026-04-01,55963.17,3.0
VT-F-99-010721,PEM107,Omni Channel,Actual,VT260031,,MTS,P45906,Sale,2026-04-30,2026-04-02,2026-04-02,18063.45,1.0
CT-F-99-020530,PEM107,Omni Channel,Actual,"CT260012,CT260029",,MTS,P45966,Sale,2026-04-30,2026-04-02,2026-04-02,57163.17,3.0
VT-F-99-010721,PEM107,Omni Channel,Actual,VT260037,,MTS,P45906,Sale,2026-05-29,2026-04-02,2026-04-02,18063.45,1.0
CT-F-99-020528,PEM107,Omni Channel,Actual,CT260096,,MTS,P45962,Sale,2026-05-29,2026-04-02,2026-04-02,55963.17,3.0
VT-F-99-010721,PEM107,Omni Channel,Actual,VT260031,Contractor,MTS,P45906,Sale,2026-04-06,2026-04-02,2026-04-02,24975.53,1.0
CT-F-99-020506,PEM107,Omni Channel,Actual,CT260049,Contractor,MTS,P46073,Sale,2026-04-06,2026-04-02,2026-04-02,23083.83,3.0
VT-F-99-010203,PEM107,Omni Channel,Actual,VT260043,Foreign Industry,MTO,P47174,Sale,2026-06-11,2026-03-13,2026-03-13,186016.56,24.0
RS-F-99-070003,PEM107,Omni Channel,MPS,RS260108,Foreign Industry,MTO,P45536,Sale,2026-10-20,2026-03-13,2026-03-13,69580.0,200.0
RS-F-99-070006,PEM107,Omni Channel,Actual,RS260109,Foreign Industry,MTO,P45676,Sale,2026-09-10,2026-03-13,2026-03-13,33724.0,100.0
CT-F-99-020502,PEM107,Omni Channel,Actual,CT260091,Foreign Industry,MTO,P46069,Sale,2026-07-08,2026-03-13,2026-03-13,135992.6,20.0
CT-F-99-020501,PEM107,Omni Channel,Actual,CT260089,Foreign Industry,MTO,P46123,Sale,2026-06-11,2026-03-13,2026-03-13,418981.86,66.0
CT-F-99-020501,PEM107,Omni Channel,Actual,CT260089,Foreign Industry,MTO,P46123,Sale,2026-08-06,2026-03-13,2026-03-13,101571.36,16.0
VT-F-99-010616,PEM107,Omni Channel,Actual,VT260042,Foreign Industry,MTO,P51700,Sale,2026-06-11,2026-03-13,2026-03-13,166468.08,24.0
CT-F-99-020514,PEM107,Omni Channel,Actual,CT260090,Foreign Industry,MTO,P51982,Sale,2026-07-08,2026-03-13,2026-03-13,135829.2,20.0
VT-F-99-010721,PEM107,Omni Channel,Actual,VT260031,Smart Shop,MTS,P45906,Sale,2026-04-10,2026-04-02,2026-04-02,24975.53,1.0
CT-F-99-020506,PEM107,Omni Channel,Actual,CT260073,Smart Shop,MTS,P46073,Sale,2026-04-10,2026-04-02,2026-04-02,23083.83,3.0
CT-F-99-020530,PEM107,Omni Channel,Actual,CT260029,Smart Shop,MTS,P45966,Sale,2026-04-17,2026-04-02,2026-04-02,57163.17,3.0
VT-F-99-010721,PEM107,Omni Channel,Actual,VT260031,Smart Shop,MTS,P45906,Sale,2026-04-17,2026-04-02,2026-04-02,24975.53,1.0
CT-F-99-020525,PEM107,Omni Channel,Actual,CT250156,Contractor,MTS,P45923,Sale,2026-05-29,2026-04-02,2026-04-02,52363.17,3.0
VT-F-99-010721,PEM107,Omni Channel,Actual,VT260031,Contractor,MTS,P45906,Sale,2026-05-29,2026-04-02,2026-04-02,24975.53,1.0
CT-F-99-020506,PEM107,Omni Channel,Actual,CT260073,Smart Shop,MTS,P46073,Sale,2026-04-22,2026-04-02,2026-04-02,23083.83,3.0
VT-F-99-010721,PEM107,Omni Channel,Actual,VT260031 ,Smart Shop,MTS,P45906,Sale,2026-04-22,2026-04-02,2026-04-02,24975.53,1.0
CT-F-99-020506,PEM107,Omni Channel,Actual,CT260073,Contractor,MTS,P46073,Sale,2026-04-10,2026-04-02,2026-04-02,23083.83,3.0
CT-F-99-020510,PEM107,Omni Channel,Actual,CT250251,Contractor,MTS,P46076,Sale,2026-04-03,2026-04-02,2026-04-02,27883.83,3.0
VT-F-99-010721,PEM107,Omni Channel,Actual,VT260031,Contractor,MTS,P45906,Sale,2026-04-03,2026-04-02,2026-04-02,24975.53,1.0
CT-F-99-020510,PEM107,Omni Channel,Actual,CT250251,Contractor,MTS,P46076,Sale,2026-04-03,2026-04-02,2026-04-02,27883.83,3.0
VT-F-99-010721,PEM107,Omni Channel,Actual,VT260031 ,Contractor,MTS,P45906,Sale,2026-04-03,2026-04-02,2026-04-02,24975.53,1.0
VT-F-99-010203,PEM107,Omni Channel,Actual,VT260006,End User,MTS,P47174,Sale,2026-04-08,2026-04-03,2026-04-03,19425.44,2.0
CT-F-99-020504,PEM107,Omni Channel,Actual,CT260033,End User,MTS,P46071,Sale,2026-04-08,2026-04-03,2026-04-03,15389.22,2.0
VT-F-99-010721,PEM107,Omni Channel,Actual,VT260031,Contractor,MTS,P45906,Sale,2026-05-15,2026-04-03,2026-04-03,24975.53,1.0
CT-F-99-020503,PEM107,Omni Channel,Actual,CT260044,Contractor,MTS,P46070,Sale,2026-05-15,2026-04-03,2026-04-03,22558.8,3.0
CT-F-99-020513,PEM107,Omni Channel,Actual,CT260110,Contractor,MTO,P46079,Sale,2026-04-30,2026-04-03,2026-04-03,59967.66,6.0
VT-F-99-010721,PEM107,Omni Channel,Actual,VT260031,Contractor,MTS,P45906,Sale,2026-04-03,2026-04-03,2026-04-03,24975.53,1.0
CT-F-99-020508,PEM107,Omni Channel,Actual,CT260011,Contractor,MTS,P46075,Sale,2026-04-03,2026-04-03,2026-04-03,26983.83,3.0
VT-F-99-010721,PEM107,Omni Channel,Actual,VT260031,Contractor,MTS,P45906,Sale,2026-04-03,2026-04-03,2026-04-03,24975.53,1.0
CT-F-99-020504,PEM107,Omni Channel,Actual,CT260046,Contractor,MTS,P46071,Sale,2026-04-27,2026-04-03,2026-04-03,23083.83,3.0
CT-F-99-020532,PEM107,Omni Channel,Actual,CT260109,Contractor,MTO,P46031,Sale,2026-05-29,2026-04-03,2026-04-03,61663.17,3.0
CT-F-99-020504,PEM107,Omni Channel,Actual,CT260046,Contractor,MTS,P46071,Sale,2026-05-29,2026-04-03,2026-04-03,23083.83,3.0
VT-F-99-010721,PEM107,Omni Channel,Actual,VT260031,Contractor,MTS,P45906,Sale,2026-05-29,2026-04-03,2026-04-03,24975.53,1.0
CT-F-99-020504,PEM107,Omni Channel,Actual,CT260046 ,Contractor,MTS,P46071,Sale,2026-05-29,2026-04-03,2026-04-03,23083.83,3.0
VT-F-99-010721,PEM107,Omni Channel,Actual,VT260031 ,Contractor,MTS,P45906,Sale,2026-05-29,2026-04-03,2026-04-03,24975.53,1.0
VT-F-99-010820,PCE101,Total Customer Solution,Actual,J26053,PEA Regional Office,MTO,P45997,Sale,2026-05-14,2026-04-03,2026-04-03,55000.0,1.0
VT-F-99-010721,PEM107,Omni Channel,Actual,VT260031,Contractor,MTS,P45906,Sale,2026-04-08,2026-04-03,2026-04-03,18063.45,1.0
CT-F-99-020504,PEM107,Omni Channel,Actual,CT260046,Contractor,MTS,P46071,Sale,2026-04-08,2026-04-03,2026-04-03,23083.83,3.0
RS-F-99-070002,PEM107,Omni Channel,Actual,RS260130,Foreign Industry,MTO,P45535,Sale,2026-07-08,2026-04-06,2026-04-06,43501.0,100.0
CT-F-99-020505,PEM107,Omni Channel,Actual,CT260104,Foreign Industry,MTO,P46072,Sale,2026-06-11,2026-04-06,2026-04-06,30778.44,4.0
CT-F-99-020507,PEM107,Omni Channel,Actual,CT260112,Foreign Industry,MTO,P46074,Sale,2026-06-10,2026-04-06,2026-04-06,79946.1,10.0
VT-F-99-010616,PEM107,Omni Channel,Actual,VT260053,Foreign Industry,MTO,P51700,Sale,2026-07-08,2026-04-06,2026-04-06,117753.12,12.0
CT-F-99-020504,PEM107,Omni Channel,Actual,"VT260031,CT260046",Smart Shop,MTO,P46071,Sale,2026-04-30,2026-04-06,2026-04-06,23083.83,3.0
VT-F-99-010721,PEM107,Omni Channel,Actual,"VT260031,CT260046",Smart Shop,MTO,P45906,Sale,2026-04-30,2026-04-06,2026-04-06,24975.53,1.0
CT-F-99-020504,PEM107,Omni Channel,Actual,CT260046,Smart Shop,MTO,P46071,Sale,2026-04-27,2026-04-06,2026-04-06,30778.44,4.0
VT-F-99-010820,PEM102,Omni Channel,Actual,SS260064,,MTS,P53206,Sale,2026-04-21,2026-04-07,2026-04-07,31400.55,1.0
VT-F-99-010820,PEM102,Omni Channel,Actual,SS260066,,MTS,P53206,Sale,2026-04-21,2026-04-07,2026-04-07,31400.55,1.0
CT-F-99-020504,PEM107,Omni Channel,Actual,CT260046,Contractor,MTS,P46071,Sale,2026-04-17,2026-04-07,2026-04-07,23083.83,3.0
CT-F-99-020505,PEM107,Omni Channel,Actual,CT260022,Contractor,MTS,P46072,Sale,2026-05-29,2026-04-07,2026-04-07,23083.83,3.0
VT-F-99-010721,PEM107,Omni Channel,Actual,VT260031,Contractor,MTS,P45906,Sale,2026-05-29,2026-04-07,2026-04-07,24975.53,1.0
CT-F-99-020527,PEM107,Omni Channel,Actual,CT260026,Contractor,MTS,P45922,Sale,2026-04-09,2026-04-07,2026-04-07,40057.47,3.0
VT-F-99-010721,PEM107,Omni Channel,Actual,VT260031,Contractor,MTS,P45906,Sale,2026-04-09,2026-04-07,2026-04-07,24975.53,1.0
CT-F-99-020506,PEM107,Omni Channel,Actual,CT260073,,MTS,P46073,Sale,2026-04-24,2026-04-07,2026-04-07,23083.83,3.0
CT-F-99-020525,PEM107,Omni Channel,Actual,CT250156 ,Dealer,MTS,P45923,Sale,2026-04-10,2026-04-07,2026-04-07,52363.17,3.0
VT-F-99-010721,PEM107,Omni Channel,Actual,VT260031,Dealer,MTS,P45906,Sale,2026-04-10,2026-04-07,2026-04-07,24975.53,1.0
CT-F-99-020506,PEM107,Omni Channel,Actual,CT260073,Smart Shop,MTS,P46073,Sale,2026-04-24,2026-04-07,2026-04-07,23083.83,3.0
VT-F-99-010715,PEM107,Omni Channel,Actual,VT260051,Contractor,MTS,P46029,Sale,2026-05-15,2026-04-07,2026-04-07,24975.53,1.0
CT-F-99-020503,PEM107,Omni Channel,Actual,CT260044,Contractor,MTS,P46070,Sale,2026-05-15,2026-04-07,2026-04-07,22558.8,3.0
VT-F-99-010722,PEM107,Omni Channel,Actual,VT250147,Contractor,MTS,P45848,Sale,2026-04-24,2026-04-08,2026-04-08,31199.26,1.0
CT-F-99-020530,PEM107,Omni Channel,Actual,CTR-2026-01974,Contractor,MTO,P45966,Sale,2026-04-10,2026-04-08,2026-04-08,57163.17,3.0
VT-F-99-010721,PEM107,Omni Channel,Actual,VT260031,Contractor,MTS,P45906,Sale,2026-04-20,2026-04-08,2026-04-08,24975.53,1.0
CT-F-99-020505,PEM107,Omni Channel,Actual,CT260022,Contractor,MTS,P46072,Sale,2026-04-20,2026-04-08,2026-04-08,23083.83,3.0
CT-F-99-020508,PEM107,Omni Channel,Actual,CT260011,Contractor,MTS,P46075,Sale,2026-04-10,2026-04-08,2026-04-08,26983.83,3.0
VT-F-99-010203,PEM107,Omni Channel,Actual,VT260006,Smart Shop,MTS,P47174,Sale,2026-04-20,2026-04-08,2026-04-08,116552.64,12.0
CT-F-99-020501,PEM107,Omni Channel,Actual,CT250127,Smart Shop,MTS,P46123,Sale,2026-04-20,2026-04-08,2026-04-08,59356.8,8.0
CT-F-99-020502,PEM107,Omni Channel,Actual,CT260045,Smart Shop,MTS,P46069,Sale,2026-04-20,2026-04-08,2026-04-08,29678.4,4.0
CT-F-99-020506,PEM107,Omni Channel,Actual,CT260073,Smart Shop,MTS,P46073,Sale,2026-04-22,2026-04-08,2026-04-08,23083.83,3.0
CT-F-99-020504,PEM107,Omni Channel,Actual,CT260033,Smart Shop,MTS,P46071,Sale,2026-04-23,2026-04-08,2026-04-08,23083.83,3.0
VT-F-99-010721,PEM107,Omni Channel,Actual,VT260031,Contractor,MTS,P45906,Sale,2026-05-08,2026-04-09,2026-04-09,24975.53,1.0
CT-F-99-020530,PEM107,Omni Channel,Actual,CT260101,Contractor,MTS,P45966,Sale,2026-05-08,2026-04-09,2026-04-09,57163.17,3.0
VT-F-99-010721,PEM107,Omni Channel,Actual,VT260037,,MTS,P45906,Sale,2026-05-13,2026-04-09,2026-04-09,36126.9,2.0
CT-F-99-020525,PEM107,Omni Channel,Actual,CT260025 ,Contractor,MTS,P45923,Sale,2026-04-10,2026-04-09,2026-04-09,52363.17,3.0
VT-F-99-010721,PEM107,Omni Channel,Actual,VT260031 ,Contractor,MTS,P45906,Sale,2026-04-10,2026-04-09,2026-04-09,24975.53,1.0
VT-F-99-010721,PEM107,Omni Channel,Actual,VT260031,Contractor,MTS,P45906,Sale,2026-04-23,2026-04-09,2026-04-09,24975.53,1.0
CT-F-99-020504,PEM107,Omni Channel,Actual,CT260046,Smart Shop,MTS,P46071,Sale,2026-04-21,2026-04-09,2026-04-09,23083.83,3.0
VT-F-99-010721,PEM107,Omni Channel,Actual,VT260031,Smart Shop,MTS,P45906,Sale,2026-04-21,2026-04-09,2026-04-09,24975.53,1.0
VT-F-99-010721,PEM107,Omni Channel,Actual,VT260037,Contractor,MTS,P45906,Sale,2026-06-30,2026-04-09,2026-04-09,24975.53,1.0
CT-F-99-020504,PEM107,Omni Channel,Actual,CT260071,Contractor,MTS,P46071,Sale,2026-06-30,2026-04-09,2026-04-09,23083.83,3.0
CT-F-99-020504,PEM107,Omni Channel,Actual,CT260071,Contractor,MTS,P46071,Sale,2026-06-30,2026-04-09,2026-04-09,23083.83,3.0
VT-F-99-010721,PEM107,Omni Channel,Actual,VT260037 ,Contractor,MTS,P45906,Sale,2026-06-30,2026-04-09,2026-04-09,24975.53,1.0
CT-F-99-020503,PEM107,Omni Channel,Actual,CT260044,Contractor,MTS,P46070,Sale,2026-04-23,2026-04-09,2026-04-09,22558.8,3.0
RS-F-99-070002,PEM107,Omni Channel,Actual,,Smart Shop,MTS,P46106,Sale,2026-04-20,2026-04-10,2026-04-10,5220.12,12.0
RS-F-99-070004,PEM107,Omni Channel,Actual,,Smart Shop,MTS,P46104,Sale,2026-04-20,2026-04-10,2026-04-10,1890.06,6.0
CT-F-99-020528,PEM107,Omni Channel,Actual,CT260107 ,,MTS,P45962,Sale,2026-05-29,2026-04-10,2026-04-10,55963.17,3.0
CT-F-99-020528,PEM107,Omni Channel,Actual,CT260107 ,,MTS,P45962,Sale,2026-05-29,2026-04-10,2026-04-10,55963.17,3.0
CT-F-99-020524,PEM107,Omni Channel,Actual,"CT260027,CT260066",Contractor,MTS,P45905,Sale,2026-04-17,2026-04-16,2026-04-16,52963.17,3.0
CT-F-99-020524,PEM107,Omni Channel,Actual,CT260066,Contractor,MTS,P45905,Sale,2026-06-30,2026-04-16,2026-04-16,52963.17,3.0
VT-F-99-010721,PEM107,Omni Channel,Actual,VT260037,Contractor,MTS,P45906,Sale,2026-06-30,2026-04-16,2026-04-16,24975.53,1.0
VT-F-99-010202,PEM107,Omni Channel,Actual,VT260027,Contractor,MTS,P45854,Sale,2026-06-30,2026-04-16,2026-04-16,9762.91,1.0
CT-F-99-020526,PEM107,Omni Channel,Actual,CT260077 ,Factory,MTS,P45936,Sale,2026-08-31,2026-04-17,2026-04-17,57913.17,3.0
VT-F-99-010715,PEM107,Omni Channel,Actual,VT260038,Contractor,MTS,P46029,Sale,2026-04-24,2026-04-20,2026-04-20,24975.53,1.0
CT-F-99-020504,PEM107,Omni Channel,Actual,CT260071,Contractor,MTS,P46071,Sale,2026-04-24,2026-04-20,2026-04-20,23083.83,3.0
VT-F-99-010715,PEM107,Omni Channel,Actual,VT260038 ,Contractor,MTS,P46029,Sale,2026-04-24,2026-04-20,2026-04-20,24975.53,1.0
CT-F-99-020504,PEM107,Omni Channel,Actual,CT260071,Contractor,MTS,P46071,Sale,2026-04-24,2026-04-20,2026-04-20,23083.83,3.0
VT-F-99-010715,PEM107,Omni Channel,Actual,VT260038,Contractor,MTS,P46029,Sale,2026-04-24,2026-04-20,2026-04-20,24975.53,1.0
CT-F-99-020504,PEM107,Omni Channel,Actual,CT260071,Contractor,MTS,P46071,Sale,2026-04-24,2026-04-20,2026-04-20,23083.83,3.0
CT-F-99-020510,PEM107,Omni Channel,Actual,CT250251,Contractor,MTS,P46076,Sale,2026-04-21,2026-04-20,2026-04-20,27883.83,3.0
VT-F-99-010721,PEM107,Omni Channel,Actual,VT260031,Smart Shop,MTS,P45906,Sale,2026-04-24,2026-04-20,2026-04-20,24975.53,1.0
CT-F-99-020503,PEM107,Omni Channel,Actual,CT260044,Smart Shop,MTS,P46070,Sale,2026-04-24,2026-04-20,2026-04-20,22558.8,3.0
CT-F-99-020504,PEM107,Omni Channel,Actual,CT260071,Contractor,MTS,P46071,Sale,2026-04-24,2026-04-20,2026-04-20,23083.83,3.0
CT-F-99-020511,PEM107,Omni Channel,Actual,CT250248,Dealer,MTS,P46077,Sale,2026-05-15,2026-04-20,2026-04-20,28183.83,3.0
CT-F-99-020508,PEM107,Omni Channel,Actual,CT260074,Smart Shop,MTS,P46075,Sale,2026-04-24,2026-04-21,2026-04-21,26983.83,3.0
VT-F-99-010820,PCE101,Total Customer Solution,Actual,J26054,การไฟฟ้าส่วนภูมิภาค เขต 2 (ภาคใต้),MTO,P45997,Sale,2026-05-25,2026-04-21,2026-04-21,55000.0,1.0
RS-F-99-120006,PEM107,Omni Channel,Actual,RS260135,Smart Shop,MTO,P51953,Sale,2026-05-15,2026-04-22,2026-04-22,27275.9,2.0
RS-F-99-041034,PEM107,Omni Channel,Actual,RS260134,Smart Shop,MTO,P48840,Sale,2026-05-15,2026-04-22,2026-04-22,20515.76,2.0
VT-F-99-010721,PEM107,Omni Channel,Actual,VT260037 ,Contractor,MTS,P45906,Sale,2026-04-28,2026-04-22,2026-04-22,24975.53,1.0
CT-F-99-020506,PEM107,Omni Channel,Actual,CT260073,Contractor,MTS,P46073,Sale,2026-04-28,2026-04-22,2026-04-22,23083.83,3.0
VT-F-99-010721,PEM107,Omni Channel,Actual,VT260037 ,Contractor,MTS,P45906,Sale,2026-04-28,2026-04-22,2026-04-22,24975.53,1.0
CT-F-99-020506,PEM107,Omni Channel,Actual,CT260073,Contractor,MTS,P46073,Sale,2026-04-28,2026-04-22,2026-04-22,23083.83,3.0
CT-F-99-020530,PEM107,Omni Channel,Actual,"CT260101,CT260106",Contractor,MTS,P45966,Sale,2026-06-30,2026-04-22,2026-04-22,57163.17,3.0
VT-F-99-010721,PEM107,Omni Channel,Actual,VT260037,Contractor,MTS,P45906,Sale,2026-06-30,2026-04-22,2026-04-22,24975.53,1.0
CT-F-99-020505,PEM107,Omni Channel,Actual,CT260022,Contractor,MTS,P46072,Sale,2026-04-27,2026-04-22,2026-04-22,23083.83,3.0
VT-F-99-010721,PEM107,Omni Channel,Actual,VT260037,Contractor,MTS,P45906,Sale,2026-04-27,2026-04-22,2026-04-22,24975.53,1.0
VT-F-99-010721,PEM107,Omni Channel,Actual,VT260037,Contractor,MTS,P45906,Sale,2026-05-15,2026-04-22,2026-04-22,24975.53,1.0
CT-F-99-020504,PEM107,Omni Channel,Actual,CT260071,Contractor,MTS,P46071,Sale,2026-05-15,2026-04-22,2026-04-22,23083.83,3.0
CT-F-99-020506,PEM107,Omni Channel,Actual,CT260073,Contractor,MTS,P46073,Sale,2026-05-05,2026-04-22,2026-04-22,23083.83,3.0
VT-F-99-010721,PEM107,Omni Channel,Actual,VT260031,Smart Shop,MTS,P45906,Sale,2026-04-24,2026-04-22,2026-04-22,24975.53,1.0
CT-F-99-020524,PEM107,Omni Channel,Actual,CT260066,Smart Shop,MTS,P45905,Sale,2026-04-24,2026-04-22,2026-04-22,52963.17,3.0
CT-F-99-020506,PEM107,Omni Channel,Actual,CT260073,Smart Shop,MTS,P46073,Sale,2026-04-30,2026-04-22,2026-04-22,23083.83,3.0
CT-F-99-020504,PEM107,Omni Channel,Actual,CT260071,Smart Shop,MTS,P46071,Sale,2026-04-30,2026-04-22,2026-04-22,23083.83,3.0
CT-F-99-020504,PEM107,Omni Channel,Actual,CT260087,Smart Shop,MTS,P46071,Sale,2026-04-30,2026-04-22,2026-04-22,23083.83,3.0
VT-F-99-010721,PEM107,Omni Channel,Actual,VT260037,Contractor,MTS,P45906,Sale,2026-05-15,2026-04-23,2026-04-23,24975.53,1.0
CT-F-99-020502,PEM107,Omni Channel,Actual,CT250302,Contractor,MTS,P46069,Sale,2026-05-15,2026-04-23,2026-04-23,22258.8,3.0
VT-F-99-010721,PEM107,Omni Channel,Actual,VT260037,Contractor,MTS,P45906,Sale,2026-04-28,2026-04-23,2026-04-23,24975.53,1.0
CT-F-99-020505,PEM107,Omni Channel,Actual,CT260022,Contractor,MTS,P46072,Sale,2026-04-28,2026-04-23,2026-04-23,23083.83,3.0
VT-F-99-010721,PEM107,Omni Channel,Actual,VT260037,,MTS,P45906,Sale,2026-04-29,2026-04-24,2026-04-24,18063.45,1.0
CT-F-99-020506,PEM107,Omni Channel,Actual,CT260086,,MTS,P46073,Sale,2026-04-29,2026-04-24,2026-04-24,23083.83,3.0
CT-F-99-020528,PEM107,Omni Channel,Actual,CT260107,,MTS,P45962,Sale,2026-05-13,2026-04-09,2026-04-09,111926.34,6.0
CT-F-99-020530,PEM107,Omni Channel,Actual,"CT260029,CT260101",Contractor,MTS,P45966,Sale,2026-04-29,2026-04-24,2026-04-24,57163.17,3.0
VT-F-99-010303,PEM107,Omni Channel,Actual,VT260024,Contractor,MTS,P51638,Sale,2026-04-27,2026-04-24,2026-04-24,12549.65,1.0
VT-F-99-010820,PCE101,Omni Channel,Actual,J26067,การไฟฟ้าส่วนภูมิภาค เขต 2 (ภาคใต้),MTO,P53206,Sale,2026-06-11,2026-04-24,2026-04-24,572880.0,10.0
CT-F-99-020505,PEM107,Omni Channel,Actual,CT260022,Dealer,MTS,P46072,Sale,2026-04-29,2026-04-27,2026-04-27,30778.44,4.0
CT-F-99-020507,PEM107,Omni Channel,Actual,CT260024,Dealer,MTS,P46074,Sale,2026-04-29,2026-04-27,2026-04-27,23983.83,3.0
VT-F-99-010721,PEM107,Omni Channel,Actual,VT260031 ,Contractor,MTS,P45906,Sale,2026-04-30,2026-04-27,2026-04-27,18063.45,1.0
CT-F-99-020506,PEM107,Omni Channel,Actual,CT260086,,MTS,P46073,Sale,2026-04-28,2026-04-27,2026-04-27,23083.83,3.0
CT-F-99-020505,PEM107,Omni Channel,Actual,CT260022,Contractor,MTS,P46072,Sale,2026-05-15,2026-04-27,2026-04-27,23083.83,3.0
VT-F-99-010721,PEM107,Omni Channel,Actual,VT260031,Smart Shop,MTS,P45906,Sale,2026-04-30,2026-04-27,2026-04-27,24975.53,1.0
CT-F-99-020532,PEM107,Omni Channel,Actual,CT260129,Smart Shop,MTO,P46031,Sale,2026-04-30,2026-04-27,2026-04-27,61663.17,3.0
RS-F-99-090026,PEM107,Omni Channel,Actual,RS260142,Small Enduser,MTO,P47270,Sale,2026-06-15,2026-04-27,2026-04-27,22801.44,8.0
CT-F-99-020505,PEM107,Omni Channel,Actual,CT260130,Foreign Industry,MTO,P46072,Sale,2026-06-10,2026-04-28,2026-04-28,107724.54,14.0
VT-F-99-010616,PEM107,Omni Channel,Actual,VT260064,Foreign Industry,MTO,P51700,Sale,2026-08-06,2026-04-28,2026-04-28,58876.56,6.0
CT-F-99-020528,PEM107,Omni Channel,Actual,CT260096 ,Contractor,MTS,P45962,Sale,2026-05-18,2026-04-28,2026-04-28,55963.17,3.0
VT-F-99-010721,PEM107,Omni Channel,Actual,VT260050,Contractor,MTS,P45906,Sale,2026-06-30,2026-04-28,2026-04-28,24975.53,1.0
CT-F-99-020506,PEM107,Omni Channel,Actual,CT260086,Contractor,MTS,P46073,Sale,2026-06-30,2026-04-28,2026-04-28,23083.83,3.0
VT-F-99-010721,PEM107,Omni Channel,Actual,VT260031,,MTS,P45906,Sale,2026-04-30,2026-04-29,2026-04-29,18063.45,1.0
CT-F-99-020506,PEM107,Omni Channel,Actual,CT260073,,MTS,P46073,Sale,2026-04-30,2026-04-29,2026-04-29,23083.83,3.0
VT-F-99-010820,PCE101,Omni Channel,Actual,J26071,การไฟฟ้าส่วนภูมิภาค เขต 3 (ภาคใต้),MTO,P45997,Sale,2026-05-29,2026-04-29,2026-04-29,57288.0,1.0
CT-F-99-020512,PEM107,Omni Channel,Actual,CT260132,Smart Shop,MTO,P46078,Sale,2026-05-25,2026-04-29,2026-04-29,57954.6,6.0
VT-F-99-010721,PEM107,Omni Channel,Actual,VT260031,Smart Shop,MTS,P45906,Sale,2026-05-25,2026-04-29,2026-04-29,49951.06,2.0
CT-F-99-020501,PEM107,Omni Channel,Actual,CT250127,Contractor,MTS,P46123,Sale,2026-05-29,2026-04-29,2026-04-29,14839.2,2.0
VT-F-99-010203,PEM107,Omni Channel,Actual,VT260006,Contractor,MTS,P47174,Sale,2026-05-29,2026-04-29,2026-04-29,19425.44,2.0
VT-F-99-010820,PEM107,Omni Channel,Actual,VT250013,,MTS,P45997,Sale,2026-05-29,2026-04-29,2026-04-29,39575.61,1.0
CT-F-99-020707,PEM107,Omni Channel,Actual,CT260133,Contractor,MTO,P51530,Sale,2026-05-29,2026-04-29,2026-04-29,32233.83,3.0
VT-F-99-010721,PEM107,Omni Channel,Actual,VT260031,End User,MTS,P45906,Sale,2026-05-07,2026-04-29,2026-04-29,24975.53,1.0
CT-F-99-020505,PEM107,Omni Channel,Actual,CT260022,End User,MTS,P46072,Sale,2026-05-07,2026-04-29,2026-04-29,23083.83,3.0
CT-F-99-020527,PEM107,Omni Channel,Actual,CT260095,Dealer,MTS,P46935,Sale,2026-05-04,2026-04-29,2026-04-29,52963.17,3.0
CT-F-99-020504,PEM107,Omni Channel,Actual,CT260046,Contractor,MTS,P46071,Sale,2026-04-30,2026-04-29,2026-04-29,7694.61,1.0
CT-F-99-020503,PEM107,Omni Channel,Actual,CT260044,Contractor,MTS,P46070,Sale,2026-04-30,2026-04-30,2026-04-30,22558.8,3.0
VT-F-99-010820,PEM102,Omni Channel,Actual,SS260073,,MTS,P53206,Sale,2026-06-23,2026-04-30,2026-04-30,314005.5,10.0
CT-F-99-020505,PEM107,Omni Channel,Actual,CT260022 ,Smart Shop,MTS,P46072,Sale,2026-04-30,2026-04-30,2026-04-30,23083.83,3.0
VT-F-99-010721,PEM107,Omni Channel,Actual,VT260031 ,Smart Shop,MTS,P45906,Sale,2026-04-30,2026-04-30,2026-04-30,24975.53,1.0
CT-F-99-020506,PEM107,Omni Channel,Actual,CT260086,Contractor,MTS,P46073,Sale,2026-07-31,2026-04-30,2026-04-30,23083.83,3.0
VT-F-99-010721,PEM107,Omni Channel,Actual,VT260037,Contractor,MTS,P45906,Sale,2026-07-31,2026-04-30,2026-04-30,24975.53,1.0
CT-F-99-020511,PEM107,Omni Channel,Actual,CT250254,Electricity Generating Authority of Thailand (EGAT),MTS,P46077,Sale,2026-05-29,2026-04-30,2026-04-30,28183.83,3.0
CT-F-99-020502,PEM107,Omni Channel,Actual,CT260045,Contractor,MTS,P46069,Sale,2026-05-29,2026-04-30,2026-04-30,22258.8,3.0
VT-F-99-010721,PEM107,Omni Channel,Actual,VT260037,Contractor,MTS,P45906,Sale,2026-05-29,2026-04-30,2026-04-30,24975.53,1.0
VT-F-99-010721,PEM107,Omni Channel,Actual,VT260037,,MTS,P45906,Sale,2026-05-12,2026-05-04,2026-05-04,18063.45,1.0
CT-F-99-020506,PEM107,Omni Channel,Actual,CT260086,,MTS,P46073,Sale,2026-05-12,2026-05-04,2026-05-04,23083.83,3.0
VT-F-99-010721,PEM107,Omni Channel,Actual,VT260031,,MTS,P45906,Sale,2026-05-07,2026-05-04,2026-05-04,18063.45,1.0
CT-F-99-020506,PEM107,Omni Channel,Actual,CT260086,,MTS,P46073,Sale,2026-05-07,2026-05-04,2026-05-04,23083.83,3.0
VT-F-99-010819,PEM107,Omni Channel,Actual,VT260039,Small Enduser,MTS,P46038,Sale,2026-05-25,2026-05-04,2026-05-04,29983.21,1.0
CT-F-99-020706,PEM107,Omni Channel,Actual,CT260134,Contractor,MTO,P46095,Sale,2026-05-20,2026-05-04,2026-05-04,32233.83,3.0
VT-F-99-010819,PEM107,Omni Channel,Actual,VT260039,Contractor,MTO,P46038,Sale,2026-05-20,2026-05-04,2026-05-04,29983.21,1.0
CT-F-99-020508,PEM107,Omni Channel,Actual,CT260074,,MTS,P46075,Sale,2026-05-15,2026-05-05,2026-05-05,26983.83,3.0
VT-F-99-010721,PEM107,Omni Channel,Actual,VT260031,End User,MTS,P45906,Sale,2026-05-15,2026-05-05,2026-05-05,24975.53,1.0
CT-F-99-020506,PEM107,Omni Channel,Actual,CT260086,End User,MTS,P46073,Sale,2026-05-15,2026-05-05,2026-05-05,23083.83,3.0
CT-F-99-020506,PEM107,Omni Channel,Actual,CT260086,Contractor,MTS,P46073,Sale,2026-05-29,2026-05-05,2026-05-05,23083.83,3.0
VT-F-99-010721,PEM107,Omni Channel,Actual,VT260037,Contractor,MTS,P45906,Sale,2026-05-29,2026-05-05,2026-05-05,24975.53,1.0
CT-F-99-020511,PEM107,Omni Channel,Actual,CT250254,Contractor,MTS,P46077,Sale,2026-05-29,2026-05-05,2026-05-05,28183.83,3.0
VT-F-99-010721,PEM107,Omni Channel,Actual,VT260037,Contractor,MTS,P45906,Sale,2026-05-29,2026-05-05,2026-05-05,24975.53,1.0
VT-F-99-010721,PEM107,Omni Channel,Actual,VT260037 ,Contractor,MTS,P45906,Sale,2026-05-29,2026-05-05,2026-05-05,24975.53,1.0
CT-F-99-020504,PEM107,Omni Channel,Actual,CT260046,Contractor,MTS,P46071,Sale,2026-05-07,2026-05-05,2026-05-05,23083.83,3.0
CT-F-99-020510,PEM107,Omni Channel,Actual,CT250251,Contractor,MTS,P46076,Sale,2026-05-29,2026-05-05,2026-05-05,27883.83,3.0
VT-F-99-010721,PEM107,Omni Channel,Actual,VT260037,Smart Shop,MTS,P45906,Sale,2026-05-18,2026-05-06,2026-05-06,24975.53,1.0
CT-F-99-020504,PEM107,Omni Channel,Actual,CT260087,Smart Shop,MTS,P46071,Sale,2026-05-18,2026-05-06,2026-05-06,23083.83,3.0
CT-F-99-020524,PEM107,Omni Channel,Actual,CT260066 ,Contractor,MTS,P45905,Sale,2026-05-14,2026-05-06,2026-05-06,17654.39,1.0
CT-F-99-020508,PEM107,Omni Channel,Actual,CT260074,Contractor,MTS,P46075,Sale,2026-05-07,2026-05-06,2026-05-06,26983.83,3.0
CT-F-99-020702,PEM107,Omni Channel,Actual,CT260135,Contractor,MTO,P46091,Sale,2026-06-05,2026-05-06,2026-05-06,19475.58,2.0
VT-F-99-010303,PEM107,Omni Channel,Actual,VT250160,Contractor,MTS,P51638,Sale,2026-06-05,2026-05-06,2026-05-06,25099.3,2.0
VT-F-99-010203,PEM107,Omni Channel,Actual,VT260006,End User,MTS,P47174,Sale,2026-05-11,2026-05-06,2026-05-06,19425.44,2.0
CT-F-99-020504,PEM107,Omni Channel,Actual,"CT260046,CT260114",End User,MTS,P46071,Sale,2026-05-11,2026-05-06,2026-05-06,15389.22,2.0
CT-F-99-020701,PEM107,Omni Channel,Actual,CT260136,Contractor,MTO,P46090,Sale,2026-06-05,2026-05-07,2026-05-07,37751.16,4.0
VT-F-99-010303,PEM107,Omni Channel,Actual,VT260024,Contractor,MTS,P51638,Sale,2026-06-05,2026-05-07,2026-05-07,50198.6,4.0
VT-F-99-010721,PEM107,Omni Channel,Actual,LB260083,Contractor,MTS,P45906,Sale,2026-05-08,2026-05-05,2026-05-05,24975.53,1.0
VT-F-99-010819,PEM107,Omni Channel,Actual,VT260039,Smart Shop,MTS,P46038,Sale,2026-06-08,2026-05-08,2026-05-08,29983.21,1.0
CT-F-99-020704,PEM107,Omni Channel,Actual,CT260137,Smart Shop,MTO,P46093,Sale,2026-06-08,2026-05-08,2026-05-08,30883.83,3.0
VT-F-99-010203,PEM107,Omni Channel,Actual,VT260049,Smart Shop,MTS,P47174,Sale,2026-05-13,2026-05-11,2026-05-11,9712.72,1.0
RS-F-99-041006,PEM107,Omni Channel,Actual,RS260079,Cambodia,MTO,P51318,Sale,2026-05-29,2026-02-18,2026-02-18,63420.84,6.0
RS-F-99-041035,PEM107,Omni Channel,Actual,RS260080,Cambodia,MTO,P51312,Sale,2026-05-29,2026-02-18,2026-02-18,63486.78,6.0
RS-F-99-041008,PEM107,Omni Channel,Actual,RS260082,Cambodia,MTO,P51320,Sale,2026-05-29,2026-02-18,2026-02-18,92775.96,9.0
CT-F-99-020502,PEM107,Omni Channel,Actual,CT250302,Contractor,MTS,P46069,Sale,2026-05-13,2026-05-12,2026-05-12,22258.8,3.0
CT-F-99-020506,PEM107,Omni Channel,Actual,CT260086,Contractor,MTS,P46073,Sale,2026-06-10,2026-05-12,2026-05-12,22602.54,3.0
VT-F-99-010721,PEM107,Omni Channel,Actual,VT260037,Contractor,MTS,P45906,Sale,2026-05-13,2026-05-12,2026-05-12,18281.12,1.0
CT-F-99-020704,PEM107,Omni Channel,Actual,CT260137,Contractor,MTO,P46093,Sale,2026-06-09,2026-05-12,2026-05-12,30883.83,3.0
VT-F-99-010818,PEM107,Omni Channel,Actual,VT260069,Contractor,MTO,P51459,Sale,2026-06-09,2026-05-12,2026-05-12,28983.21,1.0
CT-F-99-020706,PEM107,Omni Channel,Actual,CT260138,Contractor,MTO,P46095,Sale,2026-06-09,2026-05-12,2026-05-12,32233.83,3.0
VT-F-99-010818,PEM107,Omni Channel,Actual,VT260069,Contractor,MTO,P51459,Sale,2026-06-09,2026-05-12,2026-05-12,28983.21,1.0
CT-F-99-020504,PEM107,Omni Channel,Actual,CT260087,Contractor,MTS,P46071,Sale,2026-05-20,2026-05-12,2026-05-12,21308.0,3.0
VT-F-99-010721,PEM107,Omni Channel,Actual,VT260037,Contractor,MTS,P45906,Sale,2026-05-20,2026-05-12,2026-05-12,18281.12,1.0
RS-F-99-100001,PEM107,Omni Channel,Actual,RS250234,Smart Shop,MTO,P51328,Sale,2026-05-22,2026-05-12,2026-05-12,41114.52,3.0
VT-F-99-010721,PEM107,Omni Channel,Actual,VT260037,Contractor,MTS,P45906,Sale,2026-05-28,2026-05-13,2026-05-13,18281.12,1.0
CT-F-99-020504,PEM107,Omni Channel,Actual,CT260087,Contractor,MTS,P46071,Sale,2026-05-28,2026-05-13,2026-05-13,21308.01,3.0
CT-F-99-020503,PEM107,Omni Channel,Actual,CT250309,Smart Shop,MTO,P46070,Sale,2026-05-20,2026-05-13,2026-05-13,15039.2,2.0
RS-F-99-070005,PPS,Tendering,Actual,CTR-2026-02687,Local Utility,MTO,P45507,Sale,2026-06-19,2026-05-14,2026-05-14,1201560.0,2000.0
RS-F-99-070005,PPS,Tendering,Actual,CTR-2026-02687,Local Utility,MTO,P45507,Sale,2026-07-21,2026-05-14,2026-05-14,1201560.0,2000.0
RS-F-99-070005,PPS,Tendering,Actual,CTR-2026-02687,Local Utility,MTO,P45507,Sale,2026-08-21,2026-05-14,2026-05-14,1201560.0,2000.0
RS-F-99-070005,PPS,Tendering,Actual,CTR-2026-02687,Local Utility,MTO,P45507,Sale,2026-09-21,2026-05-14,2026-05-14,1250823.96,2082.0
CT-F-99-020504,PPS,Tendering,Actual,CTR-2026-02687,Local Utility,MTO,P46071,Sale,2026-06-19,2026-05-14,2026-05-14,4978000.0,500.0
CT-F-99-020504,PPS,Tendering,Actual,CTR-2026-02687,Local Utility,MTO,P46071,Sale,2026-07-21,2026-05-14,2026-05-14,4978000.0,500.0
CT-F-99-020504,PPS,Tendering,Actual,CTR-2026-02687,Local Utility,MTO,P46071,Sale,2026-08-21,2026-05-14,2026-05-14,2269968.0,228.0
CT-F-99-020506,PEM107,Omni Channel,Actual,CT260086,Contractor,MTS,P46073,Sale,2026-05-15,2026-05-14,2026-05-14,15068.36,2.0
VT-F-99-010721,PEM107,Omni Channel,Actual,VT260037,Contractor,MTS,P45906,Sale,2026-05-15,2026-05-14,2026-05-14,18281.12,1.0
VT-F-99-010721,PEM107,Omni Channel,Actual,VT260037,,MTS,P45906,Sale,2026-07-17,2026-05-15,2026-05-15,18063.45,1.0
CT-F-99-020530,PEM107,Omni Channel,Actual,CT260106 ,,MTS,P45966,Sale,2026-07-17,2026-05-15,2026-05-15,57163.17,3.0
VT-F-99-010721,PEM107,Omni Channel,Actual,VT260037,private company,MTS,P45906,Sale,2026-06-24,2026-05-15,2026-05-15,18063.45,1.0
CT-F-99-020531,PEM107,Omni Channel,Actual,CT250313,private company,MTS,P46162,Sale,2026-06-24,2026-05-15,2026-05-15,52363.17,3.0
VT-F-99-010721,PEM107,Omni Channel,Actual,VT260037,private company,MTS,P45906,Sale,2026-06-24,2026-05-15,2026-05-15,18063.45,1.0
CT-F-99-020505,PEM107,Omni Channel,Actual,CT260072,private company,MTS,P46072,Sale,2026-06-24,2026-05-15,2026-05-15,23083.83,3.0
VT-F-99-010721,PEM107,Omni Channel,Actual,VT260037,Contractor,MTS,P45906,Sale,2026-07-31,2026-05-15,2026-05-15,18282.0,1.0
CT-F-99-020504,PEM107,Omni Channel,Actual,CT260087,Smart Shop,MTS,P46071,Sale,2026-05-21,2026-05-18,2026-05-18,21308.0,3.0
CT-F-99-020502,PEM107,Omni Channel,Actual,CT260144,Foreign Industry,MTO,P46069,Sale,2026-09-10,2026-05-18,2026-05-18,118713.6,16.0
CT-F-99-020505,PEM107,Omni Channel,MPS,CT260146,Foreign Industry,MTO,P46072,Sale,2026-10-20,2026-05-18,2026-05-18,46167.66,6.0
CT-F-99-020506,PEM107,Omni Channel,Actual,CT260147,Foreign Industry,MTO,P46073,Sale,2026-08-06,2026-05-18,2026-05-18,30136.72,4.0
CT-F-99-020501,PEM107,Omni Channel,MPS,CT260143,Foreign Industry,MTO,P46123,Sale,2026-10-15,2026-05-18,2026-05-18,593568.0,80.0
VT-F-99-010203,PEM107,Omni Channel,MPS,VT260072,Foreign Industry,MTO,P47174,Sale,2026-10-15,2026-05-18,2026-05-18,971272.0,100.0
VT-F-99-010616,PEM107,Omni Channel,MPS,VT260071,Foreign Industry,MTO,P51700,Sale,2026-10-15,2026-05-18,2026-05-18,147191.4,15.0
CT-F-99-020514,PEM107,Omni Channel,Actual,CT260145,Foreign Industry,MTO,P51982,Sale,2026-09-10,2026-05-18,2026-05-18,133552.8,18.0
VT-F-99-010202,PEM107,Omni Channel,Actual,VT260034,Cambodia,MTS,P45854,Sale,2026-06-26,2026-05-18,2026-05-18,97629.1,10.0
RS-F-99-041033,PEM107,Omni Channel,Actual,RS260157,Cambodia,MTO,P48829,Sale,2026-06-26,2026-05-18,2026-05-18,193899.2,20.0
RS-F-99-041035,PEM107,Omni Channel,Actual,CTR-2026-02766,Cambodia,MTO,P51312,Sale,2026-08-24,2026-05-18,2026-05-18,129652.68,12.0
RS-F-99-041001,PEM107,Omni Channel,Actual,RS260155,Cambodia,MTO,P51313,Sale,2026-06-26,2026-05-18,2026-05-18,199157.6,20.0
RS-F-99-041002,PEM107,Omni Channel,Actual,RS260156,Cambodia,MTO,P51314,Sale,2026-06-26,2026-05-18,2026-05-18,199157.6,20.0
RS-F-99-041004,PEM107,Omni Channel,MPS,CTR-2026-02766,Cambodia,MTO,P51316,Sale,2026-09-25,2026-05-18,2026-05-18,322737.6,30.0
RS-F-99-041006,PEM107,Omni Channel,Actual,RS260159,Cambodia,MTO,P51318,Sale,2026-07-30,2026-05-18,2026-05-18,194330.34,18.0
RS-F-99-041007,PEM107,Omni Channel,MPS,CTR-2026-02766,Cambodia,MTO,P51319,Sale,2026-09-25,2026-05-18,2026-05-18,133895.04,12.0
RS-F-99-041008,PEM107,Omni Channel,MPS,CTR-2026-02766,Cambodia,MTO,P51320,Sale,2026-09-25,2026-05-18,2026-05-18,200842.56,18.0
VT-F-99-010721,PEM107,Omni Channel,Actual,VT260037,Contractor,MTS,P45906,Sale,2026-05-28,2026-05-19,2026-05-19,18281.12,1.0
CT-F-99-020508,PEM107,Omni Channel,Actual,CT260094,Contractor,MTS,P46075,Sale,2026-05-28,2026-05-19,2026-05-19,26983.83,3.0
RS-F-99-070007,PEM107,Omni Channel,Actual,RS260167,Smart Shop,MTO,P46746,Sale,2026-06-17,2026-05-20,2026-05-20,3777.4,6.0
VT-F-99-010721,PEM107,Omni Channel,MPS,VT260037,private company,MTS,P45906,Sale,2026-10-09,2026-05-20,2026-05-20,18063.45,1.0
CT-F-99-020504,PEM107,Omni Channel,MPS,CT260087,private company,MTS,P46071,Sale,2026-10-09,2026-05-20,2026-05-20,21308.01,3.0
CT-F-99-020502,PEM107,Omni Channel,Actual,CT250308,Contractor,MTS,P46069,Sale,2026-05-21,2026-05-20,2026-05-20,22258.8,3.0
VT-F-99-010721,PEM107,Omni Channel,Actual,VT260037,Contractor,MTS,P45906,Sale,2026-05-21,2026-05-20,2026-05-20,18400.45,1.0
CT-F-99-020506,PEM107,Omni Channel,Actual,CT260116,Contractor,MTS,P46073,Sale,2026-06-30,2026-05-20,2026-05-20,22602.54,3.0
VT-F-99-010721,PEM107,Omni Channel,Actual,VT260037,Contractor,MTS,P45906,Sale,2026-05-29,2026-05-20,2026-05-20,18281.12,1.0
CT-F-99-020527,PEM107,Omni Channel,Actual,CT260108,Contractor,MTS,P45922,Sale,2026-05-29,2026-05-20,2026-05-20,40057.47,3.0
CT-F-99-020706,PEM107,Omni Channel,Actual,CT260150,Contractor,MTO,P46095,Sale,2026-06-19,2026-05-20,2026-05-20,32233.83,3.0
VT-F-99-010721,PEM107,Omni Channel,Actual,VT260037,,MTS,P45906,Sale,2026-06-26,2026-05-20,2026-05-20,18400.45,1.0
CT-F-99-020506,PEM107,Omni Channel,Actual,CT260116,,MTS,P46073,Sale,2026-06-26,2026-05-20,2026-05-20,22602.55,3.0
VT-F-99-010721,PEM107,Omni Channel,Actual,VT260037,Inside Group,MTS,P45906,Sale,2026-05-29,2026-05-20,2026-05-20,19400.45,1.0
CT-F-99-020507,PEM107,Omni Channel,Actual,CT260024,Inside Group,MTS,P46074,Sale,2026-05-29,2026-05-20,2026-05-20,26983.83,3.0
VT-F-99-010721,PEM107,Omni Channel,Actual,VT260037,Smart Shop,MTS,P45906,Sale,2026-05-25,2026-05-21,2026-05-21,18281.12,1.0
CT-F-99-020506,PEM107,Omni Channel,Actual,CT260086,Smart Shop,MTS,P46073,Sale,2026-05-25,2026-05-21,2026-05-21,22602.54,3.0
CT-F-99-020705,PEM107,Omni Channel,Actual,CT260151,Contractor,MTO,P46094,Sale,2026-06-16,2026-05-21,2026-05-21,30883.83,3.0
VT-F-99-010818,PEM107,Omni Channel,Actual,VT260073,Contractor,MTO,P51459,Sale,2026-06-16,2026-05-21,2026-05-21,28983.21,1.0
VT-F-99-010203,PEM107,Omni Channel,Actual,VT260006,Smart Shop,MTS,P47174,Sale,2026-06-05,2026-05-21,2026-05-21,19425.44,2.0
VT-F-99-010721,PEM107,Omni Channel,Actual,VT260037,Contractor,MTS,P45906,Sale,2026-06-06,2026-05-22,2026-05-22,36562.24,2.0
CT-F-99-020526,PEM107,Omni Channel,Actual,CT260105 ,Contractor,MTS,P45936,Sale,2026-06-06,2026-05-22,2026-05-22,115826.34,6.0
CT-F-99-020524,PEM107,Omni Channel,Actual,CT260066,Contractor,MTS,P45905,Sale,2026-06-30,2026-05-22,2026-05-22,52963.17,3.0
VT-F-99-010721,PEM107,Omni Channel,Actual,VT260037,Contractor,MTS,P45906,Sale,2026-06-30,2026-05-22,2026-05-22,18063.45,1.0
VT-F-99-010721,PEM107,Omni Channel,Actual,VT260037,End User,MTS,P45906,Sale,2026-05-26,2026-05-22,2026-05-22,18063.45,1.0
CT-F-99-020506,PEM107,Omni Channel,Actual,CT260116,Contractor,MTS,P46073,Sale,2026-05-28,2026-05-22,2026-05-22,15068.36,2.0
VT-F-99-010203,PEM107,Omni Channel,Actual,VT260036,Contractor,MTS,P47174,Sale,2026-05-28,2026-05-22,2026-05-22,19425.44,2.0
VT-F-99-010721,PEM107,Omni Channel,Actual,VT260037,Contractor,MTS,P45906,Sale,2026-06-05,2026-05-25,2026-05-25,18281.12,1.0
CT-F-99-020508,PEM107,Omni Channel,Actual,CT260074,Contractor,MTS,P46075,Sale,2026-06-05,2026-05-25,2026-05-25,26983.83,3.0
VT-F-99-010721,PEM107,Omni Channel,Actual,VT260037,Smart Shop,MTS,P45906,Sale,2026-05-27,2026-05-25,2026-05-25,18400.45,1.0
CT-F-99-020504,PEM107,Omni Channel,Actual,CT260087,Smart Shop,MTS,P46071,Sale,2026-05-27,2026-05-25,2026-05-25,21308.01,3.0
CT-F-99-020506,PEM107,Omni Channel,Actual,CT260116,Contractor,MTS,P46073,Sale,2026-05-27,2026-05-25,2026-05-25,23083.83,3.0
VT-F-99-010721,PEM107,Omni Channel,Actual,VT260037,Contractor,MTS,P45906,Sale,2026-05-29,2026-05-26,2026-05-26,18400.45,1.0
VT-F-99-010721,PEM107,Omni Channel,Actual,VT260037,,MTS,P45906,Sale,2026-06-12,2026-05-26,2026-05-26,18063.45,1.0
CT-F-99-020530,PEM107,Omni Channel,Actual,VT260037,,MTS,P45966,Sale,2026-06-12,2026-05-26,2026-05-26,57163.17,3.0
CT-F-99-020506,PEM107,Omni Channel,Actual,CT260086,,MTS,P46073,Sale,2026-06-19,2026-05-26,2026-05-26,22602.54,3.0
VT-F-99-010203,PEM107,Omni Channel,Actual,VT260049,Smart Shop,MTS,P47174,Sale,2026-05-26,2026-05-26,2026-05-26,9712.72,1.0
VT-F-99-010715,PEM107,Omni Channel,Actual,VT260051,Contractor,MTS,P46029,Sale,2026-06-12,2026-05-26,2026-05-26,24975.53,1.0
CT-F-99-020504,PEM107,Omni Channel,Actual,CT260087,Contractor,MTS,P46071,Sale,2026-06-12,2026-05-26,2026-05-26,21308.01,3.0
CT-F-99-020504,PEM107,Omni Channel,Actual,CT260087,Smart Shop,MTS,P46071,Sale,2026-06-05,2026-05-26,2026-05-26,21308.01,3.0
VT-F-99-010721,PEM107,Omni Channel,Actual,VT260037,Smart Shop,MTS,P45906,Sale,2026-06-05,2026-05-26,2026-05-26,18400.45,1.0
CT-F-99-020504,PEM107,Omni Channel,Actual,CT260087,Contractor,MTS,P46071,Sale,2026-06-04,2026-05-26,2026-05-26,21308.01,3.0
VT-F-99-010721,PEM107,Omni Channel,Actual,VT260037,Contractor,MTS,P45906,Sale,2026-06-04,2026-05-26,2026-05-26,18400.45,1.0
CT-F-99-020503,PEM107,Omni Channel,Actual,CT260065,Contractor,MTS,P46070,Sale,2026-06-04,2026-05-26,2026-05-26,22558.8,3.0
VT-F-99-010721,PEM107,Omni Channel,Actual,VT260037,Contractor,MTS,P45906,Sale,2026-06-04,2026-05-26,2026-05-26,18400.45,1.0
CT-F-99-020508,PEM107,Omni Channel,Actual,CT260094,Smart Shop,MTS,P46075,Sale,2026-06-25,2026-05-27,2026-05-27,26983.83,3.0
VT-F-99-010721,PEM107,Omni Channel,Actual,VT260037,Smart Shop,MTS,P45906,Sale,2026-06-25,2026-05-27,2026-05-27,18400.45,1.0
CT-F-99-020506,PEM107,Omni Channel,Actual,CT260116,Contractor,MTS,P46073,Sale,2026-06-03,2026-05-26,2026-05-26,22602.55,3.0
VT-F-99-010721,PEM107,Omni Channel,Actual,VT260037,Contractor,MTS,P45906,Sale,2026-06-19,2026-04-24,2026-04-24,18400.45,1.0
CT-F-99-020510,PEM107,Omni Channel,Actual,CT250253,Smart Shop,MTS,P46076,Sale,2026-06-10,2026-05-27,2026-05-27,27883.83,3.0
VT-F-99-010721,PEM107,Omni Channel,Actual,VT260037 ,Smart Shop,MTS,P45906,Sale,2026-06-10,2026-05-27,2026-05-27,18400.45,1.0
RS-F-99-100001,PEM107,Omni Channel,MPS,RS260226,Contractor,MTO,P51328,Sale,2026-09-30,2026-04-24,2026-04-24,41114.52,3.0
VT-F-99-010721,PEM107,Omni Channel,Actual,VT260037,End User,MTS,P45906,Sale,2026-06-11,2026-05-27,2026-05-27,55201.35,3.0
CT-F-99-020527,PEM107,Omni Channel,Actual,CT260108,End User,MTS,P45922,Sale,2026-06-11,2026-05-27,2026-05-27,80541.6,6.0
CT-F-99-020531,PEM107,Omni Channel,Actual,CT260006,End User,MTS,P46162,Sale,2026-06-11,2026-05-27,2026-05-27,52363.17,3.0
CT-F-99-020504,PEM107,Tendering,Actual,CT260053,Inside Group,MTO,P46071,Sale,2026-06-25,2026-05-27,2026-05-27,4000000.0,500.0
RS-F-99-070005,PEM107,Tendering,Actual,RS260037,Inside Group,MTO,P46105,Sale,2026-06-25,2026-05-27,2026-05-27,900000.0,2000.0
CT-F-99-020504,PEM107,Tendering,Actual,CT260054,Inside Group,MTO,P46071,Sale,2026-07-24,2026-05-27,2026-05-27,4000000.0,500.0
CT-F-99-020504,PEM107,Tendering,Actual,CT260054,Inside Group,MTO,P46071,Sale,2026-08-24,2026-05-27,2026-05-27,1824000.0,228.0
RS-F-99-070005,PEM107,Tendering,Actual,RS260038,Inside Group,MTO,P46105,Sale,2026-07-24,2026-05-27,2026-05-27,900000.0,2000.0
RS-F-99-070005,PEM107,Tendering,Actual,RS260039,Inside Group,MTO,P46105,Sale,2026-08-24,2026-05-27,2026-05-27,900000.0,2000.0
RS-F-99-070005,PEM107,Tendering,Actual,RS260039,Inside Group,MTO,P46105,Sale,2026-09-18,2026-05-27,2026-05-27,936900.0,2082.0
CT-F-99-020505,PEM107,Omni Channel,Actual,CT260072,Smart Shop,MTS,P46072,Sale,2026-06-05,2026-05-28,2026-05-28,23083.83,3.0
VT-F-99-010721,PEM107,Omni Channel,Actual,VT260037,Smart Shop,MTS,P45906,Sale,2026-06-05,2026-05-28,2026-05-28,18400.45,1.0
VT-F-99-010721,PEM107,Omni Channel,Actual,VT260037,,MTS,P45906,Sale,2026-06-04,2026-05-28,2026-05-28,18063.45,1.0
VT-F-99-010721,PEM107,Omni Channel,Actual,VT260037,,MTS,P45906,Sale,2026-06-04,2026-05-28,2026-05-28,18063.45,1.0
VT-F-99-010721,PEM107,Omni Channel,Actual,VT260037 ,,MTS,P45906,Sale,2026-06-04,2026-05-28,2026-05-28,18400.45,1.0
CT-F-99-020508,PEM107,Omni Channel,Actual,CT260094,,MTS,P46075,Sale,2026-06-04,2026-05-28,2026-05-28,26983.83,3.0
CT-F-99-020528,PEM107,Omni Channel,Actual,CT260111,,MTS,P45962,Sale,2026-06-04,2026-05-28,2026-05-28,55963.17,3.0
RS-F-99-090033,PEM107,Omni Channel,Actual,RS260181,Contractor,MTO,P47712,Sale,2026-07-02,2026-05-28,2026-05-28,10500.0,3.0
VT-F-99-010203,PEM107,Omni Channel,Actual,VT260036,Smart Shop,MTS,P47174,Sale,2026-06-24,2026-05-29,2026-05-29,58276.32,6.0
CT-F-99-020524,PEM107,Omni Channel,Actual,CT260149,Metropolitan Electricity Authority (MEA),MTS,P45905,Sale,2026-07-10,2026-05-29,2026-05-29,52963.17,3.0
CT-F-99-020508,PEM107,Omni Channel,Actual,CT260094,,MTS,P46075,Sale,2026-06-19,2026-05-29,2026-05-29,26983.83,3.0
VT-F-99-010820,PCE101,Total Customer Solution,Actual,J26091,การไฟฟ้าส่วนภูมิภาค เขต 2 (ภาคใต้),MTS,P15684,Sale,2026-06-30,2026-05-29,2026-05-29,55000.0,1.0
CT-F-99-020706,PEM107,Omni Channel,Actual,CT260153,Contractor,MTO,P46095,Sale,2026-06-26,2026-05-29,2026-05-29,32233.83,3.0
VT-F-99-010818,PEM107,Omni Channel,Actual,VT260075,Contractor,MTO,P51459,Sale,2026-06-26,2026-05-29,2026-05-29,28983.21,1.0
VT-F-99-010820,PEM102,Omni Channel,Actual,SS260092,,MTS,P53206,Sale,2026-06-10,2026-05-29,2026-05-29,31400.55,1.0
VT-F-99-010721,PEM107,Omni Channel,Actual,VT260037,End User,MTS,P45906,Sale,2026-06-12,2026-05-29,2026-05-29,18400.45,1.0
CT-F-99-020504,PEM107,Omni Channel,Actual,CT260114,End User,MTS,P46071,Sale,2026-06-12,2026-05-29,2026-05-29,21308.01,3.0
VT-F-99-010721,PEM107,Omni Channel,Actual,VT260037,End User,MTS,P45906,Sale,2026-06-12,2026-05-29,2026-05-29,18400.45,1.0
CT-F-99-020508,PEM107,Omni Channel,Actual,CT260121,End User,MTS,P46075,Sale,2026-06-12,2026-05-29,2026-05-29,26983.83,3.0
CT-F-99-020530,PEM107,Omni Channel,Actual,CT260126,Contractor,MTS,P45966,Sale,2026-06-26,2026-06-04,2026-06-04,38108.78,2.0
VT-F-99-010721,PEM107,Omni Channel,Actual,VT260037,private company,MTS,P45906,Sale,2026-06-19,2026-06-04,2026-06-04,18400.45,1.0
CT-F-99-020528,PEM107,Omni Channel,Actual,CT260111,private company,MTS,P45962,Sale,2026-06-19,2026-06-04,2026-06-04,55963.17,3.0
RS-F-99-090026,PEM107,Omni Channel,Actual,RS260187,Contractor,MTO,P47270,Sale,2026-06-26,2026-06-04,2026-06-04,8550.54,3.0
CT-F-99-020505,PEM107,Omni Channel,Actual,CT260072,Smart Shop,MTS,P46072,Sale,2026-06-05,2026-06-04,2026-06-04,23083.83,3.0
CT-F-99-020508,PEM107,Omni Channel,Actual,CT260074,,MTS,P46075,Sale,2026-06-09,2026-06-04,2026-06-04,8994.61,1.0
VT-F-99-010721,PEM107,Omni Channel,Actual,VT260037,Contractor,MTS,P45906,Sale,2026-06-15,2026-06-05,2026-06-05,18400.45,1.0
CT-F-99-020504,PEM107,Omni Channel,Actual,CT260114,Contractor,MTS,P46071,Sale,2026-06-15,2026-06-05,2026-06-05,21308.01,3.0
CT-F-99-020528,PEM107,Omni Channel,Actual,CT260111,Contractor,MTS,P45962,Sale,2026-08-15,2026-04-20,2026-04-20,55963.17,3.0
VT-F-99-010721,PEM107,Omni Channel,Actual,VT260037 ,Contractor,MTS,P45906,Sale,2026-06-26,2026-06-05,2026-06-05,18400.45,1.0
CT-F-99-020508,PEM107,Omni Channel,Actual,CT260121,Contractor,MTS,P46075,Sale,2026-06-26,2026-06-05,2026-06-05,26983.83,3.0
RS-F-99-100001,PEM107,Omni Channel,Actual,RS250234,Contractor,MTO,P51328,Sale,2026-07-03,2026-06-08,2026-06-08,41114.52,3.0
CT-F-99-020504,PEM107,Omni Channel,Actual,CT260114,Smart Shop,MTS,P46071,Sale,2026-06-10,2026-06-08,2026-06-08,21308.01,3.0
CT-F-99-020506,PEM107,Omni Channel,Actual,CT260116,Contractor,MTS,P46073,Sale,2026-06-30,2026-06-08,2026-06-08,22075.97,3.0
VT-F-99-010721,PEM107,Omni Channel,Actual,VT260037,Contractor,MTS,P45906,Sale,2026-06-30,2026-06-08,2026-06-08,18400.45,1.0
VT-F-99-010721,PEM107,Omni Channel,Actual,VT260050,Contractor,MTS,P45906,Sale,2026-06-12,2026-06-08,2026-06-08,18400.45,1.0
VT-F-99-010721,PEM107,Omni Channel,Actual,VT260050,End User,MTS,P45906,Sale,2026-06-15,2026-06-08,2026-06-08,18400.45,1.0
CT-F-99-020530,PEM107,Omni Channel,Actual,CT260106,End User,MTS,P45966,Sale,2026-06-15,2026-06-08,2026-06-08,57163.17,3.0
VT-F-99-010819,PEM107,Omni Channel,Actual,VT260039,,MTS,P46038,Sale,2026-07-08,2026-06-09,2026-06-09,29983.21,1.0
CT-F-99-020714,PEM107,Omni Channel,Actual,CT260162,,MTS,P46482,Sale,2026-07-08,2026-06-09,2026-06-09,55723.17,3.0
VT-F-99-010203,PEM107,Omni Channel,Actual,VT260036,End User,MTS,P47174,Sale,2026-06-15,2026-06-09,2026-06-09,19425.44,2.0
CT-F-99-020504,PEM107,Omni Channel,Actual,CT260114,End User,MTS,P46071,Sale,2026-06-15,2026-06-09,2026-06-09,14205.34,2.0
VT-F-99-010701,PEM107,Omni Channel,Actual,VT260056,Smart Shop,MTS,P46255,Sale,2026-06-19,2026-06-10,2026-06-10,24975.53,1.0
CT-F-99-020506,PEM107,Omni Channel,Actual,CT260116 ,Smart Shop,MTS,P46073,Sale,2026-06-25,2026-06-10,2026-06-10,22075.97,3.0
VT-F-99-010721,PEM107,Omni Channel,Actual,VT260037 ,Smart Shop,MTS,P45906,Sale,2026-06-25,2026-06-10,2026-06-10,18400.45,1.0
VT-F-99-010203,PEM107,Omni Channel,Actual,VT260036,Smart Shop,MTS,P47174,Sale,2026-07-02,2026-06-11,2026-06-11,19425.44,2.0
CT-F-99-020508,PEM107,Omni Channel,Actual,CT260094,Smart Shop,MTS,P46075,Sale,2026-07-02,2026-06-11,2026-06-11,17989.22,2.0
CT-F-99-020507,PEM107,Omni Channel,Actual,CTR-2026-03322,Contractor,MTS,P46074,Sale,2026-07-10,2026-06-12,2026-06-12,23983.83,3.0
CT-F-99-020506,PEM107,Omni Channel,Actual,CT260116,Contractor,MTS,P46073,Sale,2026-06-19,2026-06-12,2026-06-12,7462.24,1.0
VT-F-99-010721,PEM107,Omni Channel,Actual,VT260037,Contractor,MTS,P45906,Sale,2026-06-19,2026-06-12,2026-06-12,18400.45,1.0
CT-F-99-020502,PEM107,Omni Channel,Actual,CT260045,Contractor,MTS,P46069,Sale,2026-06-15,2026-06-12,2026-06-12,14839.2,2.0
VT-F-99-010203,PEM107,Omni Channel,Actual,VT260036,Contractor,MTS,P47174,Sale,2026-06-15,2026-06-12,2026-06-12,19425.44,2.0
CT-F-99-020504,PEM107,Omni Channel,Actual,CT260114,Contractor,MTS,P46071,Sale,2026-06-15,2026-06-12,2026-06-12,21308.01,3.0
CT-F-99-020504,PEM107,Omni Channel,Actual,CT260114,Contractor,MTS,P46071,Sale,2026-06-25,2026-06-12,2026-06-12,42616.02,6.0
VT-F-99-010721,PEM107,Omni Channel,Actual,VT260037,Contractor,MTS,P45906,Sale,2026-06-25,2026-06-12,2026-06-12,36800.9,2.0
VT-F-99-010721,PEM107,Omni Channel,Actual,VT260037,Contractor,MTS,P45906,Sale,2026-06-12,2026-06-12,2026-06-12,18400.45,1.0
CT-F-99-020526,PEM107,Omni Channel,Actual,CTR-2026-03357,Contractor,MTS,P45936,Sale,2026-06-12,2026-06-12,2026-06-12,57913.17,3.0
VT-F-99-010721,PEM107,Omni Channel,Actual,VT260037,Contractor,MTS,P45906,Sale,2026-06-17,2026-06-15,2026-06-15,18400.45,1.0
CT-F-99-020527,PEM107,Omni Channel,Actual,CT260095,Contractor,MTS,P45922,Sale,2026-06-17,2026-06-15,2026-06-15,40270.8,3.0
CT-F-99-020502,PEM107,Omni Channel,Actual,CT260045,Contractor,MTS,P46069,Sale,2026-07-31,2026-06-15,2026-06-15,22258.8,3.0
VT-F-99-010721,PEM107,Omni Channel,Actual,VT260037,Contractor,MTS,P45906,Sale,2026-07-31,2026-06-15,2026-06-15,18400.45,1.0
VT-F-99-010721,PEM107,Omni Channel,Actual,VT260037 ,Contractor,MTS,P45906,Sale,2026-06-19,2026-06-16,2026-06-16,18400.45,1.0
CT-F-99-020527,PEM107,Omni Channel,Actual,CT260124,Contractor,MTS,P46935,Sale,2026-06-19,2026-06-16,2026-06-16,52963.17,3.0
VT-F-99-010721,PEM107,Omni Channel,Actual,VT260037,private company,MTS,P45906,Sale,2026-07-17,2026-06-17,2026-06-17,18400.45,1.0
CT-F-99-020506,PEM107,Omni Channel,Actual,CT260141,private company,MTS,P46073,Sale,2026-07-17,2026-06-17,2026-06-17,22386.72,3.0
CT-F-99-020506,PEM107,Omni Channel,Actual,CT260023,Smart Shop,MTS,P46073,Sale,2026-06-18,2026-06-17,2026-06-17,14924.49,2.0
VT-F-99-010715,PEM107,Omni Channel,Actual,VT260051,Contractor,MTS,P46029,Sale,2026-08-28,2026-06-17,2026-06-17,24975.53,1.0
CT-F-99-020505,PEM107,Omni Channel,Actual,CT260072 ,Contractor,MTS,P46072,Sale,2026-08-28,2026-06-17,2026-06-17,23083.83,3.0
VT-F-99-010203,PEM107,Omni Channel,Actual,VT260036,Smart Shop,MTS,P47174,Sale,2026-06-29,2026-06-17,2026-06-17,19425.44,2.0
CT-F-99-020506,PEM107,Omni Channel,Actual,"CT260023,CT260116",Smart Shop,MTS,P46073,Sale,2026-06-29,2026-06-17,2026-06-17,14924.49,2.0
VT-F-99-010203,PEM107,Omni Channel,Actual,VT260036,Smart Shop,MTS,P47174,Sale,2026-06-23,2026-06-18,2026-06-18,16029.16,2.0
VT-F-99-010303,PEM107,Omni Channel,Actual,VT260024,Smart Shop,MTS,P51638,Sale,2026-06-23,2026-06-18,2026-06-18,9788.03,1.0
VT-F-99-010721,PEM107,Omni Channel,Actual,VT260037,Contractor,MTS,P45906,Sale,2026-07-03,2026-06-18,2026-06-18,18400.45,1.0
CT-F-99-020505,PEM107,Omni Channel,Actual,CT260072,Contractor,MTS,P46072,Sale,2026-07-03,2026-06-18,2026-06-18,20431.74,3.0
VT-F-99-010819,PEM107,Omni Channel,Actual,VT250018,Contractor,MTS,P46038,Sale,2026-07-15,2026-06-18,2026-06-18,22479.04,1.0
CT-F-99-020704,PEM107,Omni Channel,Actual,CT260167,Contractor,MTO,P46093,Sale,2026-07-15,2026-06-18,2026-06-18,22902.27,3.0
VT-F-99-010616,PEM107,Omni Channel,MPS,CTR-2026-03503,Foreign Industry,MTO,P51700,Sale,2027-03-25,2026-06-19,2026-06-19,63375.21,9.0
VT-F-99-010616,PEM107,Omni Channel,MPS,CTR-2026-03503,Foreign Industry,MTO,P51700,Sale,2027-02-25,2026-06-19,2026-06-19,126750.42,18.0
VT-F-99-010616,PEM107,Omni Channel,MPS,VT260083,Foreign Industry,MTO,P51700,Sale,2027-01-25,2026-06-19,2026-06-19,126750.42,18.0
VT-F-99-010819,PEM107,Omni Channel,Actual,VT260039,Contractor,MTS,P46038,Sale,2026-07-08,2026-06-19,2026-06-19,22479.04,1.0
CT-F-99-020502,PEM107,Omni Channel,Actual,CT260045,Contractor,MTS,P46069,Sale,2026-06-26,2026-06-19,2026-06-19,13420.46,2.0
VT-F-99-010203,PEM107,Omni Channel,Actual,VT260036,Contractor,MTS,P47174,Sale,2026-06-26,2026-06-19,2026-06-19,16528.06,2.0
VT-F-99-010721,PEM107,Omni Channel,Actual,VT260037,,MTS,P45906,Sale,2026-06-23,2026-06-22,2026-06-22,18063.45,1.0
CT-F-99-020507,PEM107,Omni Channel,Actual,CT260024,,MTS,P46074,Sale,2026-06-23,2026-06-22,2026-06-22,22527.27,3.0
CT-F-99-020524,PEM107,Omni Channel,Actual,"CT260014, CT260125",Contractor,MTS,P45905,Sale,2026-07-31,2026-06-22,2026-06-22,40582.05,3.0
CT-F-99-020504,PEM107,Omni Channel,Actual,CT260114,Contractor,MTS,P46071,Sale,2026-06-25,2026-06-22,2026-06-22,21180.78,3.0
VT-F-99-010721,PEM107,Omni Channel,Actual,VT260050,Contractor,MTS,P45906,Sale,2026-06-25,2026-06-22,2026-06-22,18400.45,1.0
VT-F-99-010203,PEM107,Omni Channel,Actual,VT260036,Smart Shop,MTS,P47174,Sale,2026-06-26,2026-06-22,2026-06-22,16029.16,2.0
CT-F-99-020502,PEM107,Omni Channel,Actual,CT260045,Smart Shop,MTS,P46069,Sale,2026-06-26,2026-06-22,2026-06-22,13978.44,2.0
CT-F-99-020510,PEM107,Omni Channel,Actual,CT250253,Contractor,MTS,P46076,Sale,2026-08-19,2026-06-22,2026-06-22,26298.24,3.0
VT-F-99-010721,PEM107,Omni Channel,Actual,VT260050,Contractor,MTS,P45906,Sale,2026-08-19,2026-06-22,2026-06-22,18400.45,1.0
CT-F-99-020524,PEM107,Omni Channel,Actual,CT260149,Contractor,MTS,P45905,Sale,2026-07-31,2026-06-22,2026-06-22,40582.05,3.0
VT-F-99-010721,PEM107,Omni Channel,Actual,VT260050,Contractor,MTS,P45906,Sale,2026-07-31,2026-06-22,2026-06-22,18400.45,1.0
CT-F-99-020508,PEM107,Omni Channel,Actual,CT260121,Contractor,MTS,P46075,Sale,2026-08-06,2026-06-22,2026-06-22,24741.72,3.0
VT-F-99-010721,PEM107,Omni Channel,Actual,VT260050,Contractor,MTS,P45906,Sale,2026-08-06,2026-06-22,2026-06-22,18400.45,1.0
CT-F-99-020506,PEM107,Omni Channel,Actual,CT260116,Contractor,MTS,P46073,Sale,2026-06-24,2026-06-22,2026-06-22,22386.72,3.0
VT-F-99-010721,PEM107,Omni Channel,Actual,VT260050,Contractor,MTS,P45906,Sale,2026-06-24,2026-06-22,2026-06-22,18400.45,1.0
CT-F-99-020503,PEM107,Omni Channel,Actual,CT260065,Contractor,MTS,P46070,Sale,2026-08-31,2026-06-23,2026-06-23,20153.52,3.0
CT-F-99-020505,PEM107,Omni Channel,Actual,CT260072,Contractor,MTS,P46072,Sale,2026-06-24,2026-06-23,2026-06-23,20431.74,3.0
VT-F-99-010202,PEM107,Omni Channel,Actual,VT260084,Cambodia,MTO,P45854,Sale,2026-08-24,2026-06-23,2026-06-23,94837.1,10.0
RS-F-99-041035,PEM107,Omni Channel,MPS,RS260214,Cambodia,MTO,P51312,Sale,2026-09-25,2026-06-23,2026-06-23,125561.76,12.0
RS-F-99-041006,PEM107,Omni Channel,Actual,RS260213,Cambodia,MTO,P51318,Sale,2026-08-24,2026-06-23,2026-06-23,158526.0,15.0
CT-F-99-020506,PEM107,Omni Channel,Actual,CT260116,Smart Shop,MTS,P46073,Sale,2026-06-26,2026-06-23,2026-06-23,14924.48,2.0
CT-F-99-020528,PEM107,Omni Channel,Actual,CT260111,private company,MTS,P45962,Sale,2026-07-24,2026-06-23,2026-06-23,45117.36,3.0
CT-F-99-020504,PEM107,Omni Channel,Actual,CT260114,Contractor,MTS,P46071,Sale,2026-06-25,2026-06-23,2026-06-23,21308.01,3.0
VT-F-99-010721,PEM107,Omni Channel,Actual,VT260050,Contractor,MTS,P45906,Sale,2026-07-06,2026-06-24,2026-06-24,18400.45,1.0
CT-F-99-020506,PEM107,Omni Channel,Actual,CT260141,Contractor,MTS,P46073,Sale,2026-07-06,2026-06-24,2026-06-24,22386.72,3.0
VT-F-99-010721,PEM107,Omni Channel,Actual,VT260050,Contractor,MTS,P45906,Sale,2026-07-31,2026-06-24,2026-06-24,18400.45,1.0
CT-F-99-020506,PEM107,Omni Channel,Actual,CT260141,Contractor,MTS,P46073,Sale,2026-07-31,2026-06-24,2026-06-24,22386.72,3.0
CT-F-99-020503,PEM107,Omni Channel,Actual,CT260065,Contractor,MTS,P46070,Sale,2026-06-26,2026-06-24,2026-06-24,20153.52,3.0
VT-F-99-010721,PEM107,Omni Channel,Actual,VT260050,Contractor,MTS,P45906,Sale,2026-06-26,2026-06-24,2026-06-24,18400.45,1.0
VT-F-99-010721,PEM107,Omni Channel,Actual,VT260050,,MTS,P45906,Sale,2026-07-24,2026-06-24,2026-06-24,18063.45,1.0
CT-F-99-020508,PEM107,Omni Channel,Actual,CT260121,Dealer,MTS,P46075,Sale,2026-07-10,2026-06-24,2026-06-24,24741.72,3.0
CT-F-99-020726,PEM107,Omni Channel,Actual,CT260166,Contractor,MTO,P46037,Sale,2026-09-01,2026-06-24,2026-06-24,41828.04,3.0
VT-F-99-010819,PEM107,Omni Channel,Actual,VT260039,Contractor,MTS,P46038,Sale,2026-09-01,2026-06-24,2026-06-24,22479.04,1.0
VT-F-99-010721,PEM107,Omni Channel,Actual,VT260050,Contractor,MTS,P45906,Sale,2026-07-03,2026-06-24,2026-06-24,18400.45,1.0
CT-F-99-020504,PEM107,Omni Channel,Actual,CT260139,Contractor,MTS,P46071,Sale,2026-07-03,2026-06-24,2026-06-24,21180.78,3.0
CT-F-99-020508,PEM107,Omni Channel,Actual,CT260121,,MTS,P46075,Sale,2026-07-24,2026-06-24,2026-06-24,24741.72,3.0
CT-F-99-020503,PEM107,Omni Channel,Actual,CT250309,Contractor,MTS,P46070,Sale,2026-06-25,2026-06-24,2026-06-24,13435.68,2.0
VT-F-99-010203,PEM107,Omni Channel,Actual,VT260036,Contractor,MTS,P47174,Sale,2026-06-25,2026-06-24,2026-06-24,16029.16,2.0
VT-F-99-010721,PEM107,Omni Channel,Actual,VT260050 ,Contractor,MTS,P45906,Sale,2026-07-03,2026-06-25,2026-06-25,18400.45,1.0
VT-F-99-010721,PEM107,Omni Channel,Actual,VT260050 ,Contractor,MTS,P45906,Sale,2026-08-21,2026-06-25,2026-06-25,18400.45,1.0
CT-F-99-020530,PEM107,Omni Channel,Actual,CT260126 ,Contractor,MTS,P45966,Sale,2026-08-21,2026-06-25,2026-06-25,45852.87,3.0
RS-F-99-041001,PEM107,Omni Channel,Actual,RS260155,Cambodia,MTO,P51313,Sale,2026-07-30,2026-05-18,2026-05-18,99578.8,10.0
RS-F-99-041002,PEM107,Omni Channel,Actual,RS260156,Cambodia,MTO,P51314,Sale,2026-07-30,2026-05-18,2026-05-18,199157.6,20.0
RS-F-99-041033,PEM107,Omni Channel,Actual,RS260157,Cambodia,MTO,P48829,Sale,2026-07-30,2026-05-18,2026-05-18,96949.6,10.0
VT-F-99-010819,PEM107,Omni Channel,Actual,VT260039,End User,MTS,P46038,Sale,2026-07-22,2026-06-26,2026-06-26,22479.04,1.0
CT-F-99-020704,PEM107,Omni Channel,Actual,CT260167,End User,MTO,P46093,Sale,2026-07-22,2026-06-26,2026-06-26,22902.27,3.0
VT-F-99-010721,PEM107,Omni Channel,Actual,VT260050,End User,MTS,P45906,Sale,2026-07-14,2026-06-26,2026-06-26,18400.45,1.0
CT-F-99-020504,PEM107,Omni Channel,Actual,CT260139,End User,MTS,P46071,Sale,2026-07-14,2026-06-26,2026-06-26,21180.78,3.0
RS-F-99-070005,PEM107,Omni Channel,Actual,RS260220,Foreign Industry,MTO,P45507,Sale,2026-09-10,2026-06-29,2026-06-29,9750.3,30.0
RS-F-99-070002,PEM107,Omni Channel,Actual,RS260221,Foreign Industry,MTO,P45535,Sale,2026-09-10,2026-06-29,2026-06-29,26100.6,60.0
RS-F-99-070003,PEM107,Omni Channel,MPS,RS260222,Foreign Industry,MTO,P45536,Sale,2026-11-16,2026-06-29,2026-06-29,53251.5,150.0
RS-F-99-070006,PEM107,Omni Channel,MPS,RS260223,Foreign Industry,MTO,P45676,Sale,2026-11-16,2026-06-29,2026-06-29,54751.5,150.0
CT-F-99-020508,PEM107,Omni Channel,Actual,CT260168,Foreign Industry,MTO,P45696,Sale,2026-08-06,2026-06-29,2026-06-29,32988.96,4.0
CT-F-99-020506,PEM107,Omni Channel,Actual,CT260169,Foreign Industry,MTO,P46073,Sale,2026-09-10,2026-06-29,2026-06-29,89546.88,12.0
RS-F-99-070002,PEM107,Omni Channel,Actual,,Smart Shop,MTS,P46106,Sale,2026-07-01,2026-06-29,2026-06-29,1305.03,3.0
RS-F-99-070004,PEM107,Omni Channel,Actual,,Smart Shop,MTS,P46104,Sale,2026-07-01,2026-06-29,2026-06-29,945.03,3.0
VT-F-99-010615,PEM107,Omni Channel,Actual,VT250065,Dealer,MTO,P51718,Sale,2026-07-17,2025-06-27,2025-06-27,145644.24,6.0
CT-F-99-020503,PEM107,Omni Channel,Actual,CT260065,Contractor,MTS,P46070,Sale,2026-07-01,2026-06-30,2026-06-30,20153.52,3.0
VT-F-99-010721,PEM107,Omni Channel,Actual,VT260050,Contractor,MTS,P45906,Sale,2026-07-01,2026-06-30,2026-06-30,18400.45,1.0
VT-F-99-010721,PEM107,Omni Channel,Actual,VT260050,Contractor,MTS,P45906,Sale,2026-07-10,2026-06-30,2026-06-30,18400.45,1.0
CT-F-99-020504,PEM107,Omni Channel,Actual,CT260139,Contractor,MTS,P46071,Sale,2026-07-10,2026-06-30,2026-06-30,21180.78,3.0
CT-F-99-020502,PEM107,Omni Channel,Actual,CT260045,Dealer,MTS,P46069,Sale,2026-07-03,2026-06-30,2026-06-30,13978.44,2.0
VT-F-99-010721,PEM107,Omni Channel,Actual,VT260050,End User,MTS,P45906,Sale,2026-07-08,2026-07-01,2026-07-01,18400.45,1.0
CT-F-99-020530,PEM107,Omni Channel,Actual,CT260106,End User,MTS,P45966,Sale,2026-07-08,2026-07-01,2026-07-01,45852.87,3.0
VT-F-99-010721,PEM107,Omni Channel,Actual,VT260050,Contractor,MTS,P45906,Sale,2026-07-08,2026-07-01,2026-07-01,18400.45,1.0
CT-F-99-020504,PEM107,Omni Channel,Actual,CT260139,Contractor,MTS,P46071,Sale,2026-07-08,2026-07-01,2026-07-01,21180.78,3.0
CT-F-99-020502,PEM107,Omni Channel,Actual,CT260045,End User,MTS,P46069,Sale,2026-07-17,2026-07-01,2026-07-01,20967.66,3.0
VT-F-99-010722,PEM102,Omni Channel,Actual,SS260135,Contractor,MTS,P52486,Sale,2026-07-31,2026-07-01,2026-07-01,25808.75,1.0
CT-F-99-020504,PEM107,Omni Channel,Actual,CT260071,Smart Shop,MTS,P46071,Sale,2026-07-22,2026-07-01,2026-07-01,21180.78,3.0
CT-F-99-020505,PEM107,Omni Channel,Actual,CT260072,Contractor,MTS,P46072,Sale,2026-07-31,2026-07-01,2026-07-01,20431.74,3.0
RS-F-99-130011,PEM107,Omni Channel,Actual,RS260225,Contractor,MTO,P47211,Sale,2026-08-14,2026-07-01,2026-07-01,34713.74,2.0
CT-F-99-020524,PEM107,Omni Channel,Actual,CT260149,Contractor,MTS,P45905,Sale,2026-08-07,2026-07-01,2026-07-01,40582.05,3.0
CT-F-99-020510,PEM107,Omni Channel,Actual,CT250253,Smart Shop,MTS,P46076,Sale,2026-07-31,2026-07-02,2026-07-02,26298.24,3.0
VT-F-99-010721,PEM107,Omni Channel,Actual,VT260050,Smart Shop,MTS,P45906,Sale,2026-07-31,2026-07-02,2026-07-02,18400.45,1.0
VT-F-99-010721,PEM107,Omni Channel,Actual,VT260050,Contractor,MTS,P45906,Sale,2026-07-23,2026-07-02,2026-07-02,18400.45,1.0
CT-F-99-020506,PEM107,Omni Channel,Actual,CT260141,Contractor,MTS,P46073,Sale,2026-07-23,2026-07-02,2026-07-02,22386.72,3.0
VT-F-99-010721,PEM107,Omni Channel,Actual,VT260050,Contractor,MTS,P45906,Sale,2026-07-23,2026-07-02,2026-07-02,18400.45,1.0
CT-F-99-020530,PEM107,Omni Channel,Actual,"CT260126,CT260160",Contractor,MTS,P45966,Sale,2026-07-23,2026-07-02,2026-07-02,45852.87,3.0
CT-F-99-020503,PEM107,Omni Channel,Actual,CT260065,Contractor,MTS,P46070,Sale,2026-07-24,2026-07-02,2026-07-02,20153.52,3.0
CT-F-99-020524,PEM107,Omni Channel,Actual,CT260125,Contractor,MTS,P45905,Sale,2026-07-09,2026-07-02,2026-07-02,40582.05,3.0
VT-F-99-010721,PEM107,Omni Channel,Actual,VT260050,Contractor,MTS,P45906,Sale,2026-07-09,2026-07-02,2026-07-02,18400.45,1.0
CT-F-99-020503,PEM107,Omni Channel,Actual,CT260065,Contractor,MTS,P46070,Sale,2026-07-08,2026-07-02,2026-07-02,40307.04,6.0
CT-F-99-020506,PEM107,Omni Channel,Actual,CT260141,Contractor,MTS,P46073,Sale,2026-07-08,2026-07-02,2026-07-02,22386.72,3.0
VT-F-99-010203,PEM107,Omni Channel,Actual,VT260036,Contractor,MTS,P47174,Sale,2026-07-08,2026-07-02,2026-07-02,40072.9,5.0
CT-F-99-020504,PEM107,Omni Channel,Actual,CT260139,Smart Shop,MTS,P46071,Sale,2026-07-10,2026-07-03,2026-07-03,21180.78,3.0
VT-F-99-010721,PEM107,Omni Channel,Actual,VT260050,Smart Shop,MTS,P45906,Sale,2026-07-10,2026-07-03,2026-07-03,18400.45,1.0
CT-F-99-020508,PEM107,Omni Channel,Actual,CT260121,,MTS,P46075,Sale,2026-07-10,2026-07-03,2026-07-03,24741.72,3.0
VT-F-99-010721,PEM107,Omni Channel,Actual,VT260050,Contractor,MTS,P45906,Sale,2026-07-10,2026-07-03,2026-07-03,18400.45,1.0
CT-F-99-020506,PEM107,Omni Channel,Actual,CT260141,Contractor,MTS,P46073,Sale,2026-07-10,2026-07-03,2026-07-03,22386.72,3.0
VT-F-99-010721,PEM107,Omni Channel,Actual,VT260050,Contractor,MTS,P45906,Sale,2026-07-20,2026-07-06,2026-07-06,18400.45,1.0
CT-F-99-020504,PEM107,Omni Channel,Actual,CT260139,Contractor,MTS,P46071,Sale,2026-07-20,2026-07-06,2026-07-06,21180.78,3.0
VT-F-99-010721,PEM107,Omni Channel,Actual,VT260050,Contractor,MTS,P45906,Sale,2026-07-20,2026-07-06,2026-07-06,18400.45,1.0
CT-F-99-020504,PEM107,Omni Channel,Actual,CT260139,Contractor,MTS,P46071,Sale,2026-07-20,2026-07-06,2026-07-06,21180.78,3.0
VT-F-99-010721,PEM107,Omni Channel,Actual,VT260050,Contractor,MTS,P45906,Sale,2026-07-20,2026-07-06,2026-07-06,18400.45,1.0
CT-F-99-020501,PEM107,Omni Channel,Actual,CT250221,Contractor,MTS,P46123,Sale,2026-07-20,2026-07-06,2026-07-06,19354.98,3.0
VT-F-99-010721,PEM107,Omni Channel,Actual,VT260050,Contractor,MTS,P45906,Sale,2026-07-20,2026-07-06,2026-07-06,18400.45,1.0
CT-F-99-020502,PEM107,Omni Channel,Actual,CT260045,Contractor,MTS,P46069,Sale,2026-07-20,2026-07-06,2026-07-06,20967.66,3.0
VT-F-99-010721,PEM107,Omni Channel,Actual,VT260050,Contractor,MTS,P45906,Sale,2026-08-11,2026-07-06,2026-07-06,18400.45,1.0
CT-F-99-020502,PEM107,Omni Channel,Actual,CT260045,Contractor,MTS,P46069,Sale,2026-08-11,2026-07-06,2026-07-06,20967.66,3.0
VT-F-99-010721,PEM107,Omni Channel,Actual,VT260050,Contractor,MTS,P45906,Sale,2026-07-20,2026-07-06,2026-07-06,18400.45,1.0
CT-F-99-020503,PEM107,Omni Channel,Actual,CT260065,Contractor,MTS,P46070,Sale,2026-07-20,2026-07-06,2026-07-06,20153.52,3.0
VT-F-99-010721,PEM107,Omni Channel,Actual,VT260050,Contractor,MTS,P45906,Sale,2026-07-20,2026-07-06,2026-07-06,18400.45,1.0
CT-F-99-020502,PEM107,Omni Channel,Actual,CT260097,Contractor,MTS,P46069,Sale,2026-07-20,2026-07-06,2026-07-06,20967.66,3.0
VT-F-99-010721,PEM107,Omni Channel,Actual,VT260050,Contractor,MTS,P45906,Sale,2026-07-20,2026-07-06,2026-07-06,18400.45,1.0
CT-F-99-020503,PEM107,Omni Channel,Actual,CT260065,Contractor,MTS,P46070,Sale,2026-07-20,2026-07-06,2026-07-06,20153.52,3.0
VT-F-99-010721,PEM107,Omni Channel,Actual,VT260050,Contractor,MTS,P45906,Sale,2026-08-07,2026-07-06,2026-07-06,18400.45,1.0
VT-F-99-010721,PEM107,Omni Channel,Actual,VT260050,Contractor,MTS,P45906,Sale,2026-07-20,2026-07-06,2026-07-06,18400.45,1.0
CT-F-99-020502,PEM107,Omni Channel,Actual,"CT260045,CT260097",Contractor,MTS,P46069,Sale,2026-07-20,2026-07-06,2026-07-06,20967.66,3.0
CT-F-99-020526,PEM107,Omni Channel,Actual,CT260163 ,Contractor,MTS,P45936,Sale,2026-08-07,2026-07-06,2026-07-06,45896.25,3.0
VT-F-99-010721,PEM107,Omni Channel,Actual,VT260050,Contractor,MTS,P45906,Sale,2026-07-20,2026-07-06,2026-07-06,18400.45,1.0
CT-F-99-020505,PEM107,Omni Channel,Actual,CT260072,Contractor,MTS,P46072,Sale,2026-07-20,2026-07-06,2026-07-06,20431.74,3.0
VT-F-99-010721,PEM107,Omni Channel,Actual,VT260050,Contractor,MTS,P45906,Sale,2026-07-20,2026-07-06,2026-07-06,18400.45,1.0
CT-F-99-020504,PEM107,Omni Channel,Actual,CT260071,Contractor,MTS,P46071,Sale,2026-07-20,2026-07-06,2026-07-06,21180.78,3.0
RS-F-99-100001,PEM107,Omni Channel,Actual,RS260226,Contractor,MTO,P51328,Sale,2026-08-06,2026-07-06,2026-07-06,41114.52,3.0
RS-F-99-100001,PEM107,Omni Channel,Actual,RS260170,Contractor,MTO,P51328,Sale,2026-07-22,2026-07-06,2026-07-06,82229.04,6.0
CT-F-99-020505,PEM107,Omni Channel,Actual,CT260072,Contractor,MTS,P46072,Sale,2026-07-07,2026-07-06,2026-07-06,20431.74,3.0
VT-F-99-010721,PEM107,Omni Channel,Actual,VT260050,Contractor,MTS,P45906,Sale,2026-07-07,2026-07-06,2026-07-06,18400.45,1.0
VT-F-99-010721,PEM107,Omni Channel,Actual,VT260050,Contractor,MTS,P45906,Sale,2026-07-20,2026-07-06,2026-07-06,18400.45,1.0
CT-F-99-020502,PEM107,Omni Channel,Actual,CT260097,Contractor,MTS,P46069,Sale,2026-07-20,2026-07-06,2026-07-06,20967.66,3.0
VT-F-99-010721,PEM107,Omni Channel,Actual,VT260050,,MTS,P45906,Sale,2026-07-08,2026-07-07,2026-07-07,18063.45,1.0
CT-F-99-020528,PEM107,Omni Channel,Actual,CT260111,,MTS,P45962,Sale,2026-07-08,2026-07-07,2026-07-07,45117.36,3.0
VT-F-99-010721,PEM107,Omni Channel,Actual,VT260050,,MTS,P45906,Sale,2026-07-24,2026-07-07,2026-07-07,18063.45,1.0
CT-F-99-020528,PEM107,Omni Channel,Actual,CT260159,,MTS,P45962,Sale,2026-07-24,2026-07-07,2026-07-07,45117.36,3.0
CT-F-99-020527,PEM107,Omni Channel,Actual,CT260124 ,Contractor,MTS,P45922,Sale,2026-07-31,2026-07-07,2026-07-07,40270.8,3.0
VT-F-99-010721,PEM107,Omni Channel,Actual,VT260050,Smart Shop,MTS,P45906,Sale,2026-07-24,2026-07-07,2026-07-07,18400.45,1.0
CT-F-99-020526,PEM107,Omni Channel,Actual,CT260127,Smart Shop,MTS,P45936,Sale,2026-07-24,2026-07-07,2026-07-07,45896.25,3.0
RS-F-99-040006,PSS,Tendering,Actual,CTR-2026-03956,Local Utility,MTO,P1439,Sale,2026-08-25,2026-07-07,2026-07-07,3191760.0,150.0
VT-F-99-010721,PEM107,Omni Channel,Actual,VT260050,Contractor,MTS,P45906,Sale,2026-08-07,2026-07-08,2026-07-08,18400.45,1.0
CT-F-99-020507,PEM107,Omni Channel,Actual,CT250321,Contractor,MTS,P46074,Sale,2026-08-07,2026-07-08,2026-07-08,22527.27,3.0
CT-F-99-020504,PEM107,Omni Channel,Actual,CT260139,Smart Shop,MTS,P46071,Sale,2026-07-10,2026-07-08,2026-07-08,21180.78,3.0
VT-F-99-010721,PEM107,Omni Channel,Actual,VT260050,Smart Shop,MTS,P45906,Sale,2026-07-10,2026-07-08,2026-07-08,18400.45,1.0
VT-F-99-010203,PEM107,Omni Channel,Actual,VT260036,Contractor,MTS,P47174,Sale,2026-07-09,2026-06-18,2026-06-18,16029.16,2.0
CT-F-99-020505,PEM107,Omni Channel,Actual,VT260036 OE260052,Contractor,MTS,P46072,Sale,2026-07-09,2026-06-18,2026-06-18,13621.16,2.0
VT-F-99-010819,PEM107,Omni Channel,Actual,VT260039,Smart Shop,MTS,P46038,Sale,2026-08-06,2026-07-08,2026-07-08,22479.04,1.0
CT-F-99-020728,PEM107,Omni Channel,Actual,CT260177,Smart Shop,MTO,P46410,Sale,2026-08-06,2026-07-08,2026-07-08,43213.11,3.0
CT-F-99-020505,PEM107,Omni Channel,Actual,CT260022,Smart Shop,MTS,P46072,Sale,2026-07-15,2026-07-09,2026-07-09,13621.16,2.0
RS-F-99-070006,PEM107,Omni Channel,MPS,RS260109,Foreign Industry,MTO,P45676,Sale,2026-10-15,2026-03-13,2026-03-13,67448.0,200.0
VT-F-99-010721,PEM107,Omni Channel,Actual,VT260050,Contractor,MTS,P45906,Sale,2026-07-10,2026-07-09,2026-07-09,18400.45,1.0
CT-F-99-020530,PEM107,Omni Channel,Actual,CT260126,End User,MTS,P45966,Sale,2026-07-13,2026-07-10,2026-07-10,45852.87,3.0
VT-F-99-010722,PEM102,Omni Channel,Actual,SS260143,Inside Group,MTS,P52486,Sale,2026-09-18,2026-07-10,2026-07-10,129043.75,5.0
RS-F-99-040006,PEM107,Tendering,Actual,RS260174,Inside Group,MTO,P45877,Sale,2026-08-27,2026-07-13,2026-07-13,1650000.0,150.0
RS-F-99-040006,PEM107,Tendering,Actual,RS260186,Inside Group,MTO,P45877,Sale,2026-09-25,2026-07-13,2026-07-13,1650000.0,150.0
VT-F-99-010203,PEM107,Omni Channel,Actual,VT260036,Smart Shop,MTS,P47174,Sale,2026-07-17,2026-07-13,2026-07-13,48087.48,6.0
CT-F-99-020502,PEM107,Omni Channel,Actual,CT260045,Smart Shop,MTS,P46069,Sale,2026-07-17,2026-07-13,2026-07-13,41935.32,6.0
CT-F-99-020505,PEM107,Omni Channel,Actual,CT260072,Smart Shop,MTS,P46072,Sale,2026-07-16,2026-07-13,2026-07-13,20431.74,3.0
CT-F-99-020502,PEM107,Omni Channel,Actual,CT260175,Smart Shop,MTS,P46069,Sale,2026-08-06,2026-07-13,2026-07-13,62902.98,9.0
VT-F-99-010721,PEM107,Omni Channel,Actual,VT260067,Smart Shop,MTS,P45906,Sale,2026-08-06,2026-07-13,2026-07-13,55201.35,3.0
VT-F-99-010722,PEM102,Omni Channel,Actual,SS260145,Contractor,MTS,P52486,Sale,2026-08-14,2026-07-13,2026-07-13,51617.5,2.0
VT-F-99-010722,PEM102,Omni Channel,Actual,SS260147,Inside Group,MTS,P52486,Sale,2026-09-22,2026-07-13,2026-07-13,129043.75,5.0
VT-F-99-010721,PEM107,Omni Channel,Actual,VT260050,private company,MTS,P45906,Sale,2026-08-07,2026-07-14,2026-07-14,18063.45,1.0
CT-F-99-020531,PEM107,Omni Channel,Actual,CT260123,private company,MTS,P46162,Sale,2026-08-07,2026-07-14,2026-07-14,39956.22,3.0
CT-F-99-020507,PEM107,Omni Channel,Actual,CT260085,Contractor,MTS,P46074,Sale,2026-07-21,2026-07-14,2026-07-14,22527.27,3.0
VT-F-99-010721,PEM107,Omni Channel,Actual,VT260067,Contractor,MTS,P45906,Sale,2026-07-21,2026-07-14,2026-07-14,18400.45,1.0
CT-F-99-020530,PEM107,Omni Channel,MPS,CT260179,Contractor,MTS,P45966,Sale,2026-09-30,2026-07-14,2026-07-14,45852.87,3.0
VT-F-99-010721,PEM107,Omni Channel,MPS,VT260067,Contractor,MTS,P45906,Sale,2026-09-30,2026-07-14,2026-07-14,18400.45,1.0
CT-F-99-020530,PEM107,Omni Channel,Actual,CT260126,Contractor,MTS,P45966,Sale,2026-07-20,2026-07-14,2026-07-14,45852.87,3.0
CT-F-99-020506,PEM107,Omni Channel,MPS,CT260141,Smart Shop,MTS,P46073,Sale,2026-10-20,2026-07-14,2026-07-14,22386.72,3.0
VT-F-99-010722,PEM102,Omni Channel,Actual,SS260149,การไฟฟ้าส่วนภูมิภาค เขต 1 (ภาคเหนือ),MTO,P52486,Sale,2026-09-20,2026-07-14,2026-07-14,283896.25,11.0
VT-F-99-010721,PEM107,Omni Channel,Actual,VT260050,Contractor,MTS,P45906,Sale,2026-07-22,2026-07-14,2026-07-14,18400.45,1.0
CT-F-99-020506,PEM107,Omni Channel,Actual,CT260141,Contractor,MTS,P46073,Sale,2026-07-22,2026-07-14,2026-07-14,22386.72,3.0
VT-F-99-010721,PEM107,Omni Channel,Actual,VT260050,,MTS,P45906,Sale,2026-07-20,2026-07-15,2026-07-15,18063.45,1.0
CT-F-99-020504,PEM107,Omni Channel,Actual,CT260139,,MTS,P46071,Sale,2026-07-20,2026-07-15,2026-07-15,21180.78,3.0
VT-F-99-010722,PEM102,Omni Channel,Actual,CTR-2026-04151,Dealer,MTS,P52486,Sale,2026-08-19,2026-07-15,2026-07-15,51617.5,2.0
VT-F-99-010722,PEM102,Omni Channel,Actual,CTR-2026-04152,Dealer,MTS,P52486,Sale,2026-08-19,2026-07-15,2026-07-15,25808.75,1.0
VT-F-99-010616,PEM107,Omni Channel,Actual,VT260088,Smart Shop,MTO,P51700,Sale,2026-09-02,2026-07-15,2026-07-15,21689.72,3.0
VT-F-99-010715,PEM107,Omni Channel,Actual,VT260051,Contractor,MTS,P46029,Sale,2026-08-14,2026-07-16,2026-07-16,18003.92,1.0
CT-F-99-020507,PEM107,Omni Channel,Actual,CT260085,Contractor,MTS,P46074,Sale,2026-08-14,2026-07-16,2026-07-16,22527.27,3.0
CT-F-99-020504,PEM107,Omni Channel,Actual,CT260139,Smart Shop,MTS,P46071,Sale,2026-07-17,2026-07-16,2026-07-16,21180.78,3.0
VT-F-99-010721,PEM107,Omni Channel,Actual,VT260050,Smart Shop,MTS,P45906,Sale,2026-07-17,2026-07-16,2026-07-16,36800.9,2.0
CT-F-99-020510,PEM107,Omni Channel,Actual,CT250253,Smart Shop,MTS,P46076,Sale,2026-07-17,2026-07-16,2026-07-16,26298.24,3.0
VT-F-99-010721,PEM107,Omni Channel,Actual,VT260050,VSPP/SPP,MTS,P45906,Sale,2026-07-17,2026-07-16,2026-07-16,18400.45,1.0
CT-F-99-020506,PEM107,Omni Channel,Actual,CT260141,VSPP/SPP,MTS,P46073,Sale,2026-07-17,2026-07-16,2026-07-16,22386.72,3.0
CT-F-99-020507,PEM107,Omni Channel,Actual,CT260085,Contractor,MTS,P46074,Sale,2026-07-24,2026-07-16,2026-07-16,22527.27,3.0
VT-F-99-010721,PEM107,Omni Channel,Actual,VT260067,Contractor,MTS,P45906,Sale,2026-07-24,2026-07-16,2026-07-16,18400.45,1.0
CT-F-99-020530,PEM107,Omni Channel,Actual,CT260179 ,Contractor,MTS,P45966,Sale,2026-07-24,2026-07-16,2026-07-16,59007.06,3.0
VT-F-99-010721,PEM107,Omni Channel,Actual,VT260067,Contractor,MTS,P45906,Sale,2026-07-24,2026-07-16,2026-07-16,25879.41,1.0
VT-F-99-010202,PEM107,Omni Channel,Actual,VT260047,Contractor,MTS,P45854,Sale,2026-07-24,2026-07-16,2026-07-16,11313.0,1.0
CT-F-99-020505,PEM107,Omni Channel,Actual,CT260115,Contractor,MTS,P46072,Sale,2026-08-13,2026-07-16,2026-07-16,23845.68,3.0
CT-F-99-020505,PEM107,Omni Channel,Actual,CT260115,Contractor,MTS,P46072,Sale,2026-08-20,2026-07-16,2026-07-16,23845.68,3.0
CT-F-99-020504,PEM107,Omni Channel,Actual,CT260164,Contractor,MTS,P46071,Sale,2026-08-27,2026-07-16,2026-07-16,23845.68,3.0
CT-F-99-020505,PEM107,Omni Channel,Actual,CT260115,Contractor,MTS,P46072,Sale,2026-09-18,2026-07-16,2026-07-16,23845.68,3.0
VT-F-99-010721,PEM107,Omni Channel,Actual,VT260050,End User,MTS,P45906,Sale,2026-07-30,2026-07-16,2026-07-16,25879.41,1.0
CT-F-99-020524,PEM107,Omni Channel,Actual,CT260125,End User,MTS,P45905,Sale,2026-07-30,2026-07-16,2026-07-16,40582.05,3.0
CT-F-99-020506,PEM107,Omni Channel,Actual,CT260141,Contractor,MTS,P46073,Sale,2026-07-17,2026-07-16,2026-07-16,7948.56,1.0
VT-F-99-010721,PEM107,Omni Channel,Actual,VT260067,Contractor,MTS,P45906,Sale,2026-08-20,2026-07-16,2026-07-16,25879.41,1.0
VT-F-99-010721,PEM107,Omni Channel,Actual,VT260067 ,Contractor,MTS,P45906,Sale,2026-08-13,2026-07-16,2026-07-16,25879.41,1.0
VT-F-99-010721,PEM107,Omni Channel,Actual,VT260067,Contractor,MTS,P45906,Sale,2026-08-27,2026-07-16,2026-07-16,25879.41,1.0
CT-F-99-020526,PEM107,Omni Channel,Actual,CT260163,Contractor,MTS,P45936,Sale,2026-07-24,2026-07-17,2026-07-17,19929.79,1.0
VT-F-99-010202,PEM107,Omni Channel,Actual,VT260089,Contractor,MTO,P45854,Sale,2026-09-10,2026-07-17,2026-07-17,226260.0,20.0
CT-F-99-020717,PEM107,Omni Channel,Actual,CT260181,Contractor,MTO,P46156,Sale,2026-09-07,2026-07-17,2026-07-17,58130.91,3.0
CT-F-99-020506,PEM107,Omni Channel,Actual,CT260141,Contractor,MTS,P46073,Sale,2026-07-24,2026-07-17,2026-07-17,23845.68,3.0
RS-F-99-041001,PEM107,Omni Channel,MPS,RS260155,Cambodia,MTO,P51313,Sale,2026-09-30,2026-05-18,2026-05-18,298736.4,30.0
CT-F-99-020504,PEM107,Omni Channel,Actual,CT260139,Smart Shop,MTS,P46071,Sale,2026-07-24,2026-07-20,2026-07-20,23845.68,3.0
VT-F-99-010715,PEM107,Omni Channel,Actual,VT260051,Contractor,MTS,P46029,Sale,2026-08-14,2026-07-20,2026-07-20,25879.41,1.0
CT-F-99-020505,PEM107,Omni Channel,Actual,CT260115,Contractor,MTS,P46072,Sale,2026-08-14,2026-07-20,2026-07-20,23845.68,3.0
VT-F-99-010721,PEM107,Omni Channel,Actual,VT260050,Smart Shop,MTS,P45906,Sale,2026-07-24,2026-07-20,2026-07-20,25879.41,1.0
RS-F-99-041002,PEM107,Omni Channel,MPS,RS260156,Cambodia,MTO,P51314,Sale,2026-09-30,2026-05-18,2026-05-18,497894.0,50.0
RS-F-99-041033,PEM107,Omni Channel,MPS,RS260157,Cambodia,MTO,P48829,Sale,2026-09-30,2026-05-18,2026-05-18,290848.8,30.0
RS-F-99-090003,PSS,Tendering,Actual,CTR-2026-04271,Local Utility,MTO,P45871,Sale,2026-09-01,2026-07-20,2026-07-20,3757200.0,2000.0
RS-F-99-090003,PSS,Tendering,MPS,CTR-2026-04271,Local Utility,MTO,P45871,Sale,2026-10-01,2026-07-20,2026-07-20,3757200.0,2000.0
VT-F-99-010721,PEM107,Omni Channel,Actual,VT260067,VSPP/SPP,MTS,P45906,Sale,2026-08-20,2026-07-21,2026-07-21,25879.41,1.0
CT-F-99-020530,PEM107,Omni Channel,Actual,CT260179,VSPP/SPP,MTS,P45966,Sale,2026-08-20,2026-07-21,2026-07-21,59007.06,3.0
VT-F-99-010721,PEM107,Omni Channel,Actual,VT260050,,MTS,P45906,Sale,2026-07-24,2026-07-21,2026-07-21,18063.45,1.0
CT-F-99-020528,PEM107,Omni Channel,Actual,CT260159,,MTS,P45962,Sale,2026-07-24,2026-07-21,2026-07-21,57755.43,3.0
CT-F-99-020510,PEM107,Omni Channel,Actual,CT250253,Contractor,MTS,P46076,Sale,2026-07-24,2026-07-21,2026-07-21,28852.29,3.0
VT-F-99-010819,PEM107,Omni Channel,Actual,VT260039,Contractor,MTS,P46038,Sale,2026-08-28,2026-07-22,2026-07-22,31085.08,1.0
CT-F-99-020702,PEM107,Omni Channel,Actual,CT260183,Contractor,MTO,P46091,Sale,2026-08-28,2026-07-22,2026-07-22,30194.7,3.0
VT-F-99-010721,PEM107,Omni Channel,Actual,VT260067,,MTS,P45906,Sale,2026-08-14,2026-01-21,2026-01-21,18063.45,1.0
CT-F-99-020505,PEM107,Omni Channel,Actual,CT260115,,MTS,P46072,Sale,2026-08-14,2026-01-21,2026-01-21,23845.68,3.0
VT-F-99-010721,PEM107,Omni Channel,Actual,VT260067,,MTS,P45906,Sale,2026-08-07,2026-01-21,2026-01-21,18063.45,1.0
CT-F-99-020506,PEM107,Omni Channel,Actual,CT260141,,MTS,P46073,Sale,2026-08-07,2026-01-21,2026-01-21,23845.68,3.0
VT-F-99-010721,PEM107,Omni Channel,Actual,CT260159,Contractor,MTS,P45906,Sale,2026-07-30,2026-07-02,2026-07-02,25879.41,1.0
CT-F-99-020528,PEM107,Omni Channel,Actual,CT260159,Contractor,MTS,P45962,Sale,2026-07-30,2026-07-02,2026-07-02,57755.43,3.0
VT-F-99-010302,PCE101,Omni Channel,Actual,J26115,PEA Regional Office,MTO,P46715,Sale,2026-08-03,2026-07-23,2026-07-23,33000.0,1.0
VT-F-99-010721,PEM107,Omni Channel,Actual,VT260067,Factory,MTS,P45906,Sale,2026-07-23,2026-07-23,2026-07-23,25879.41,1.0
VT-F-99-010721,PEM107,Omni Channel,Actual,VT260067,Contractor,MTS,P45906,Sale,2026-08-05,2026-07-23,2026-07-23,25879.41,1.0
CT-F-99-020528,PEM107,Omni Channel,Actual,CT260173,Contractor,MTS,P45962,Sale,2026-08-05,2026-07-23,2026-07-23,57755.43,3.0
CT-F-99-020504,PEM107,Omni Channel,Actual,CT260164,Contractor,MTS,P46071,Sale,2026-08-26,2026-07-24,2026-07-24,23845.68,3.0
VT-F-99-010721,PEM107,Omni Channel,Actual,VT260067,Contractor,MTS,P45906,Sale,2026-08-26,2026-07-24,2026-07-24,25879.41,1.0
VT-F-99-010302,PEM107,Omni Channel,Actual,VT260095,,MTO,P46715,Sale,2026-08-14,2026-07-24,2026-07-24,15087.67,1.0
CT-F-99-020507,PEM107,Omni Channel,Actual,CT260085,Smart Shop,MTS,P46074,Sale,2026-08-04,2026-07-30,2026-07-30,24784.41,3.0
VT-F-99-010721,PEM107,Omni Channel,Actual,VT260067,Smart Shop,MTS,P45906,Sale,2026-08-04,2026-07-30,2026-07-30,25879.41,1.0
VT-F-99-010721,PEM107,Omni Channel,Actual,VT260067,Contractor,MTS,P45906,Sale,2026-09-07,2026-07-30,2026-07-30,25879.41,1.0
CT-F-99-020503,PEM107,Omni Channel,Actual,CT260120,Smart Shop,MTS,P46070,Sale,2026-08-17,2026-07-30,2026-07-30,47689.5,6.0
CT-F-99-020504,PEM107,Omni Channel,Actual,CT260164,Smart Shop,MTS,P46071,Sale,2026-08-17,2026-07-30,2026-07-30,47691.36,6.0
CT-F-99-020505,PEM107,Omni Channel,Actual,CT260115,Smart Shop,MTS,P46072,Sale,2026-08-17,2026-07-30,2026-07-30,23845.68,3.0
CT-F-99-020506,PEM107,Omni Channel,Actual,CT260141,Smart Shop,MTS,P46073,Sale,2026-08-17,2026-07-30,2026-07-30,23845.68,3.0
CT-F-99-020530,PEM107,Omni Channel,Actual,CT260182,Contractor,MTS,P45966,Sale,2026-09-07,2026-07-30,2026-07-30,59007.06,3.0
VT-F-99-010721,PEM107,Omni Channel,Actual,VT260067,Smart Shop,MTS,P45906,Sale,2026-08-17,2026-07-30,2026-07-30,155276.46,6.0
CT-F-99-020504,PEM107,Omni Channel,Actual,CT260164,Smart Shop,MTS,P46071,Sale,2026-08-14,2026-07-30,2026-07-30,23845.68,3.0
VT-F-99-010721,PEM107,Omni Channel,Actual,VT260067,Smart Shop,MTS,P45906,Sale,2026-08-14,2026-07-30,2026-07-30,25879.41,1.0
CT-F-99-020504,PEM107,Omni Channel,Actual,CT260164,Smart Shop,MTS,P46071,Sale,2026-08-04,2026-07-31,2026-07-31,23845.68,3.0
VT-F-99-010721,PEM107,Omni Channel,Actual,VT260067,Smart Shop,MTS,P45906,Sale,2026-08-04,2026-07-31,2026-07-31,25879.41,1.0
VT-F-99-010721,PEM107,Omni Channel,Actual,VT260067,Contractor,MTS,P45906,Sale,2026-08-20,2026-07-31,2026-07-31,25879.41,1.0
CT-F-99-020510,PEM107,Omni Channel,Actual,CT250253,Contractor,MTS,P46076,Sale,2026-08-20,2026-07-31,2026-07-31,28852.29,3.0
CT-F-99-020505,PEM107,Omni Channel,MPS,CT260115,Dealer,MTS,P46072,Sale,2026-08-31,2026-07-31,2026-07-31,23845.68,3.0
CT-F-99-020506,PEM107,Omni Channel,Actual,CT260141,End User,MTS,P46073,Sale,2026-08-04,2026-07-31,2026-07-31,23845.68,3.0
VT-F-99-010105,PEM107,Omni Channel,Actual,VT260096,Smart Shop,MTO,P51811,Sale,2026-09-02,2026-08-03,2026-08-03,20122.7,2.0
VT-F-99-010721,PEM107,Omni Channel,Actual,VT260067,Contractor,MTS,P45906,Sale,2026-08-10,2026-08-03,2026-08-03,25879.41,1.0
CT-F-99-020508,PEM107,Omni Channel,Actual,CT260121,Contractor,MTS,P46075,Sale,2026-08-10,2026-08-03,2026-08-03,27913.56,3.0
CT-F-99-020527,PEM107,Omni Channel,Actual,CT260124 ,Contractor,MTS,P45922,Sale,2026-08-05,2026-05-19,2026-05-19,18208.77,1.0
VT-F-99-010721,PEM107,Omni Channel,Actual,VT260067,Contractor,MTS,P45906,Sale,2026-08-05,2026-08-03,2026-08-03,25879.41,1.0
CT-F-99-020503,PEM107,Omni Channel,Actual,CT260120,Contractor,MTS,P46070,Sale,2026-08-05,2026-08-03,2026-08-03,23844.75,3.0
VT-F-99-010721,PEM107,Omni Channel,Actual,VT260067,Contractor,MTS,P45906,Sale,2026-08-05,2026-08-03,2026-08-03,25879.41,1.0
CT-F-99-020504,PEM107,Omni Channel,Actual,CT260164,Contractor,MTS,P46071,Sale,2026-08-05,2026-08-03,2026-08-03,23845.68,3.0
VT-F-99-010721,PEM107,Omni Channel,MPS,VT260067 ,Contractor,MTS,P45906,Sale,2026-09-30,2026-08-03,2026-08-03,51758.82,2.0
CT-F-99-020503,PEM107,Omni Channel,MPS,CT260120,Contractor,MTS,P46070,Sale,2026-09-30,2026-08-03,2026-08-03,23844.75,3.0
CT-F-99-020505,PEM107,Omni Channel,MPS,CT260115,Contractor,MTS,P46072,Sale,2026-09-30,2026-08-03,2026-08-03,23845.68,3.0
CT-F-99-020506,PEM107,Omni Channel,Actual,CT260141,Contractor,MTS,P46073,Sale,2026-09-15,2026-08-03,2026-08-03,23845.68,3.0
VT-F-99-010721,PEM107,Omni Channel,Actual,VT260067 ,Contractor,MTS,P45906,Sale,2026-09-15,2026-08-03,2026-08-03,25879.41,1.0
VT-F-99-010721,PEM107,Omni Channel,Actual,VT260067,Contractor,MTS,P45906,Sale,2026-08-06,2026-08-03,2026-08-03,18063.45,1.0
CT-F-99-020503,PEM107,Omni Channel,Actual,CT260120,Contractor,MTS,P46070,Sale,2026-08-06,2026-08-03,2026-08-03,23844.75,3.0
VT-F-99-010721,PEM107,Omni Channel,MPS,VT260067,Contractor,MTS,P45906,Sale,2026-09-30,2026-08-04,2026-08-04,25879.41,1.0
CT-F-99-020506,PEM107,Omni Channel,MPS,CT260141,Contractor,MTS,P46073,Sale,2026-09-30,2026-08-04,2026-08-04,23845.68,3.0
VT-F-99-010721,PEM107,Omni Channel,Actual,VT260067,Contractor,MTS,P45906,Sale,2026-08-17,2026-08-04,2026-08-04,25879.41,1.0
CT-F-99-020505,PEM107,Omni Channel,Actual,CT260115,Contractor,MTS,P46072,Sale,2026-08-17,2026-08-04,2026-08-04,23845.68,3.0
CT-F-99-020504,PEM107,Omni Channel,Actual,CT260164,End User,MTS,P46071,Sale,2026-08-07,2026-08-04,2026-08-04,23845.68,3.0
VT-F-99-010721,PEM107,Omni Channel,Actual,VT260067,,MTS,P45906,Sale,2026-08-07,2026-08-04,2026-08-04,18063.45,1.0
CT-F-99-020504,PEM107,Omni Channel,Actual,CT260164,,MTS,P46071,Sale,2026-08-07,2026-08-04,2026-08-04,23845.68,3.0
VT-F-99-010721,PEM107,Omni Channel,Actual,VT260067,,MTS,P45906,Sale,2026-08-28,2026-08-05,2026-08-05,25879.41,1.0
VT-F-99-010721,PEM107,Omni Channel,Actual,VT260067 ,,MTS,P45906,Sale,2026-08-17,2026-08-05,2026-08-05,25879.41,1.0
CT-F-99-020528,PEM107,Omni Channel,Actual,CT260173,,MTS,P45962,Sale,2026-08-17,2026-08-05,2026-08-05,57755.43,3.0
VT-F-99-010721,PEM107,Omni Channel,Actual,VT260067,Contractor,MTS,P45906,Sale,2026-09-03,2026-08-05,2026-08-05,25879.41,1.0
CT-F-99-020530,PEM107,Omni Channel,Actual,"CT260182,CT260185",Contractor,MTS,P45966,Sale,2026-09-03,2026-08-05,2026-08-05,59007.06,3.0
CT-F-99-020530,PEM107,Omni Channel,Actual,CT260179,Contractor,MTS,P45966,Sale,2026-08-18,2026-08-05,2026-08-05,59007.06,3.0
CT-F-99-020530,PEM107,Omni Channel,Actual,CT260182,Contractor,MTS,P45966,Sale,2026-08-18,2026-08-05,2026-08-05,19669.02,1.0
CT-F-99-020504,PEM107,Omni Channel,Actual,CT260164,Contractor,MTS,P46071,Sale,2026-08-14,2026-08-05,2026-08-05,23845.68,3.0
VT-F-99-010721,PEM107,Omni Channel,Actual,VT260067 ,Contractor,MTS,P45906,Sale,2026-08-14,2026-08-05,2026-08-05,25879.41,1.0
CT-F-99-020526,PEM107,Omni Channel,Actual,CT260172 ,Contractor,MTS,P45936,Sale,2026-08-21,2026-08-06,2026-08-06,59789.37,3.0
VT-F-99-010721,PEM107,Omni Channel,Actual,VT260067 ,Contractor,MTS,P45906,Sale,2026-08-21,2026-08-06,2026-08-06,25879.41,1.0
VT-F-99-010721,PEM107,Omni Channel,Actual,VT260067,End User,MTS,P45906,Sale,2026-08-14,2026-08-06,2026-08-06,51758.82,2.0
CT-F-99-020703,PPS,Tendering,Actual,CTR-2026-04650,Local Utility,MTO,P46092,Sale,2026-09-14,2026-08-06,2026-08-06,1631145.6,112.0
CT-F-99-020704,PPS,Tendering,Actual,CTR-2026-04650,Local Utility,MTO,P46093,Sale,2026-09-14,2026-08-06,2026-08-06,990970.8,68.0
CT-F-99-020705,PPS,Tendering,Actual,CTR-2026-04650,Local Utility,MTO,P46094,Sale,2026-09-14,2026-08-06,2026-08-06,992868.0,68.0
VT-F-99-010303,PPS,Tendering,Actual,CTR-2026-04650,Local Utility,MTO,P51638,Sale,2026-09-14,2026-08-06,2026-08-06,7946850.0,500.0
VT-F-99-010303,PPS,Tendering,MPS,CTR-2026-04650,Local Utility,MTO,P51638,Sale,2026-10-14,2026-08-06,2026-08-06,7946850.0,500.0
VT-F-99-010303,PPS,Tendering,MPS,CTR-2026-04650,Local Utility,MTO,P51638,Sale,2026-11-13,2026-08-06,2026-08-06,4084680.9,257.0
CT-F-99-020528,PEM107,Omni Channel,Actual,CT260184,Contractor,MTS,P45962,Sale,2026-08-25,2026-08-06,2026-08-06,57755.43,3.0
CT-F-99-020508,PEM107,Omni Channel,Actual,"LB260138 , VT260067,CT260184 ",,MTS,P46075,Sale,2026-08-28,2026-08-05,2026-08-05,27913.56,3.0
CT-F-99-020526,PEM107,Omni Channel,Actual,CT260163,Contractor,MTS,P45936,Sale,2026-08-14,2026-08-06,2026-08-06,59789.37,3.0
VT-F-99-010721,PEM107,Omni Channel,Actual,VT260067,private company,MTS,P45906,Sale,2026-09-04,2026-08-06,2026-08-06,18063.45,1.0
CT-F-99-020508,PEM107,Omni Channel,Actual,CT260157,private company,MTS,P46075,Sale,2026-09-04,2026-08-06,2026-08-06,27913.56,3.0
VT-F-99-010203,PEM107,Omni Channel,Actual,VT260043,Foreign Industry,MTO,P47174,Sale,2026-09-10,2026-03-13,2026-03-13,372033.12,48.0
VT-F-99-010616,PEM107,Omni Channel,Actual,VT260064,Foreign Industry,MTO,P51700,Sale,2026-09-10,2026-04-28,2026-04-28,29438.28,3.0
CT-F-99-020525,PEM107,Omni Channel,Actual,CT260100,End User,MTS,P45923,Sale,2026-08-07,2026-08-04,2026-08-04,54000.48,3.0
RS-F-99-090003,PEM107,Tendering,Actual,RS260224,Inside Group,MTO,P45871,Sale,2026-09-04,2026-08-07,2026-08-07,3548900.0,2000.0
RS-F-99-090003,PEM107,Tendering,MPS,RS260261,Inside Group,MTO,P45871,Sale,2026-10-02,2026-08-07,2026-08-07,3548900.0,2000.0
CT-F-99-020524,PEM107,Omni Channel,Actual,CT260158,Contractor,MTS,P45905,Sale,2026-08-18,2026-08-10,2026-08-10,40582.05,3.0
VT-F-99-010721,PEM107,Omni Channel,Actual,VT260067,Contractor,MTS,P45906,Sale,2026-08-18,2026-08-10,2026-08-10,25879.41,1.0
VT-F-99-010721,PEM107,Omni Channel,Actual,VT260067,Contractor,MTS,P45906,Sale,2026-08-10,2026-08-10,2026-08-10,18063.45,1.0
CT-F-99-020505,PEM107,Omni Channel,Actual,CT260115,Contractor,MTS,P46072,Sale,2026-08-10,2026-08-10,2026-08-10,23083.83,3.0
VT-F-99-010721,PEM107,Omni Channel,Actual,VT260067,End User,MTS,P45906,Sale,2026-08-19,2026-08-10,2026-08-10,51758.82,2.0
CT-F-99-020504,PEM107,Omni Channel,Actual,CT260164,End User,MTS,P46071,Sale,2026-08-19,2026-08-10,2026-08-10,23845.68,3.0
CT-F-99-020507,PEM107,Omni Channel,Actual,CT260085,End User,MTS,P46074,Sale,2026-08-19,2026-08-10,2026-08-10,24784.41,3.0
CT-F-99-020502,PEM107,Omni Channel,Actual,CT260175,Smart Shop,MTS,P46069,Sale,2026-08-27,2026-08-10,2026-08-10,45989.64,6.0
CT-F-99-020503,PEM107,Omni Channel,Actual,CT260120,Smart Shop,MTS,P46070,Sale,2026-08-27,2026-08-10,2026-08-10,23844.75,3.0
VT-F-99-010721,PEM107,Omni Channel,Actual,VT260067,Smart Shop,MTS,P45906,Sale,2026-08-27,2026-08-10,2026-08-10,77638.23,3.0
VT-F-99-010721,PEM107,Omni Channel,Actual,VT260092,Smart Shop,MTS,P45906,Sale,2026-08-26,2026-08-10,2026-08-10,51758.82,2.0
VT-F-99-010721,PEM107,Omni Channel,Actual,VT260067,Smart Shop,MTS,P45906,Sale,2026-08-14,2026-08-10,2026-08-10,25879.41,1.0
CT-F-99-020506,PEM107,Omni Channel,Actual,CT260141,Smart Shop,MTS,P46073,Sale,2026-08-14,2026-08-10,2026-08-10,23845.68,3.0
VT-F-99-010715,PEM107,Omni Channel,Actual,VT260062,Contractor,MTS,P46029,Sale,2026-08-25,2026-08-10,2026-08-10,25879.41,1.0
CT-F-99-020504,PEM107,Omni Channel,Actual,CT260164,Contractor,MTS,P46071,Sale,2026-08-25,2026-08-10,2026-08-10,23845.68,3.0
VT-F-99-010715,PEM107,Omni Channel,Actual,VT260062,Contractor,MTS,P46029,Sale,2026-08-13,2026-08-10,2026-08-10,25879.41,1.0
CT-F-99-020504,PEM107,Omni Channel,Actual,CT260139,Contractor,MTS,P46071,Sale,2026-08-13,2026-08-10,2026-08-10,23845.68,3.0
CT-F-99-020502,PEM107,Omni Channel,Actual,CT260175,Smart Shop,MTS,P46069,Sale,2026-08-26,2026-08-10,2026-08-10,45989.64,6.0
VT-F-99-010721,PEM107,Omni Channel,Actual,VT260092,Contractor,MTS,P45906,Sale,2026-08-31,2026-08-11,2026-08-11,25879.41,1.0
CT-F-99-020507,PEM107,Omni Channel,Actual,CT260085,Contractor,MTS,P46074,Sale,2026-08-31,2026-08-11,2026-08-11,24784.41,3.0
VT-F-99-010721,PEM107,Omni Channel,Actual,VT260092,Contractor,MTS,P45906,Sale,2026-08-31,2026-08-11,2026-08-11,25879.41,1.0
CT-F-99-020503,PEM107,Omni Channel,Actual,CT260120,Contractor,MTS,P46070,Sale,2026-08-31,2026-08-11,2026-08-11,23844.75,3.0
VT-F-99-010721,PEM107,Omni Channel,Actual,VT260092,Contractor,MTS,P45906,Sale,2026-08-31,2026-08-11,2026-08-11,25879.41,1.0
CT-F-99-020504,PEM107,Omni Channel,Actual,CT260164,Contractor,MTS,P46071,Sale,2026-08-31,2026-08-11,2026-08-11,23845.68,3.0
VT-F-99-010721,PEM107,Omni Channel,Actual,VT260092,Contractor,MTS,P45906,Sale,2026-08-31,2026-08-11,2026-08-11,25879.41,1.0
CT-F-99-020504,PEM107,Omni Channel,Actual,CT260164,Contractor,MTS,P46071,Sale,2026-08-31,2026-08-11,2026-08-11,23845.68,3.0
VT-F-99-010721,PEM107,Omni Channel,Actual,VT260092 ,Contractor,MTS,P45906,Sale,2026-08-31,2026-08-11,2026-08-11,25879.41,1.0
CT-F-99-020504,PEM107,Omni Channel,Actual,CT260164,Contractor,MTS,P46071,Sale,2026-08-31,2026-08-11,2026-08-11,23845.68,3.0
RS-F-99-010128,PEM107,Omni Channel,Actual,RS260270,Contractor,MTO,P45547,Sale,2026-09-15,2026-08-11,2026-08-11,23444.22,2.0
RS-F-99-010127,PEM107,Omni Channel,Actual,RS260271,Contractor,MTO,P45771,Sale,2026-09-15,2026-08-11,2026-08-11,68397.24,6.0
RS-F-99-010122,PEM107,Omni Channel,Actual,RS260272,Contractor,MTO,P46976,Sale,2026-09-15,2026-08-11,2026-08-11,23946.78,2.0
RS-F-99-010124,PEM107,Omni Channel,Actual,RS260273,Contractor,MTO,P46978,Sale,2026-09-15,2026-08-11,2026-08-11,27047.14,2.0
VT-F-99-010721,PEM107,Omni Channel,Actual,VT260067,Contractor,MTS,P45906,Sale,2026-08-25,2026-08-11,2026-08-11,18063.45,1.0
CT-F-99-020504,PEM107,Omni Channel,Actual,CT260164,Contractor,MTS,P46071,Sale,2026-08-25,2026-08-11,2026-08-11,23845.68,3.0
CT-F-99-020526,PEM107,Omni Channel,MPS,CT260178,Contractor,MTS,P45936,Sale,2026-09-30,2026-08-11,2026-08-11,19929.79,1.0
CT-F-99-020707,PEM107,Omni Channel,Actual,CT260198,Contractor,MTO,P51530,Sale,2026-09-09,2026-08-11,2026-08-11,33389.52,3.0
VT-F-99-010203,PEM107,Omni Channel,MPS,VT260036,Contractor,MTS,P47174,Sale,2026-09-30,2026-08-11,2026-08-11,10061.35,1.0
CT-F-99-020504,PEM107,Omni Channel,Actual,CT260164,Contractor,MTS,P46071,Sale,2026-08-19,2026-08-11,2026-08-11,23845.68,3.0
VT-F-99-010721,PEM107,Omni Channel,Actual,VT260067,Contractor,MTS,P45906,Sale,2026-08-19,2026-08-11,2026-08-11,25879.41,1.0
VT-F-99-010820,PCE101,Omni Channel,Actual,J26137,การไฟฟ้าส่วนภูมิภาค เขต 3 (ภาคใต้),MTS,P53206,Sale,2026-09-10,2026-08-11,2026-08-11,57904.0,1.0
VT-F-99-010721,PEM107,Omni Channel,Actual,VT260092,Contractor,MTS,P45906,Sale,2026-08-14,2026-08-11,2026-08-11,25879.41,1.0
CT-F-99-020527,PEM107,Omni Channel,Actual,CT260174,Contractor,MTS,P45922,Sale,2026-08-14,2026-08-11,2026-08-11,54626.31,3.0
CT-F-99-020506,PEM107,Omni Channel,Actual,CT260176,Contractor,MTS,P46073,Sale,2026-09-30,2026-08-11,2026-08-11,23845.68,3.0
VT-F-99-010721,PEM107,Omni Channel,Actual,VT260092,Contractor,MTS,P45906,Sale,2026-09-30,2026-08-11,2026-08-11,25879.41,1.0
VT-F-99-010721,PEM107,Omni Channel,Actual,VT260092,private company,MTS,P45906,Sale,2026-08-14,2026-08-11,2026-08-11,18063.45,1.0
CT-F-99-020507,PEM107,Omni Channel,Actual,CT260085,private company,MTS,P46074,Sale,2026-08-14,2026-08-11,2026-08-11,24784.41,3.0
VT-F-99-010722,PTS,Tendering,MPS,CTR-2026-04817,การไฟฟ้าส่วนภูมิภาค เขต 2  (ภาคกลาง),MTO,P52486,Sale,2026-10-12,2026-08-13,2026-08-13,790500.0,17.0
VT-F-99-010820,PEM102,Omni Channel,Actual,SS260165,,MTS,P53206,Sale,2026-09-11,2026-08-13,2026-08-13,32934.66,1.0
VT-F-99-010819,PEM107,Omni Channel,Actual,VT260039,Contractor,MTS,P46038,Sale,2026-09-11,2026-08-14,2026-08-14,31085.08,1.0
CT-F-99-020703,PEM107,Omni Channel,Actual,CT260204,Contractor,MTO,P46092,Sale,2026-09-11,2026-08-14,2026-08-14,30194.7,3.0
VT-F-99-010722,PEM102,Omni Channel,MPS,CTR-2026-04861,Inside Group,MTS,P52486,Sale,2026-10-09,2026-08-14,2026-08-14,438748.75,17.0
VT-F-99-010722,PTS,Tendering,Actual,CTR-2026-04174,การไฟฟ้าส่วนภูมิภาค เขต 3  (ภาคกลาง),,P52486,Sale,2026-09-18,2026-07-16,2026-07-16,241800.0,5.0
VT-F-99-010722,PTS,Tendering,Actual,,การไฟฟ้าส่วนภูมิภาค เขต 3  (ภาคกลาง),,P52486,Sale,2026-09-18,2026-07-16,2026-07-16,241800.0,5.0
CT-F-99-020511,PEM107,Omni Channel,Actual,CT250254,Smart Shop,MTS,P46077,Sale,2026-08-17,2026-08-14,2026-08-14,29165.19,3.0
VT-F-99-010721,PEM107,Omni Channel,Actual,VT260067,Smart Shop,MTS,P45906,Sale,2026-08-17,2026-08-14,2026-08-14,25879.41,1.0
VT-F-99-010303,PEM107,Tendering,Actual,"VT260076,VT260077,VT260078,CT2",Inside Group,,P45524,Sale,2026-09-14,2026-08-14,2026-08-14,5500000.0,500.0
CT-F-99-020703,PEM107,Tendering,Actual,"VT260076,VT260077,VT260078,CT2",Inside Group,,P46092,Sale,2026-09-14,2026-08-14,2026-08-14,952000.0,112.0
CT-F-99-020704,PEM107,Tendering,Actual,"VT260076,VT260077,VT260078,CT2",Inside Group,,P46093,Sale,2026-09-14,2026-08-14,2026-08-14,578000.0,68.0
CT-F-99-020705,PEM107,Tendering,Actual,"VT260076,VT260077,VT260078,CT2",Inside Group,,P46094,Sale,2026-09-14,2026-08-14,2026-08-14,578000.0,68.0
VT-F-99-010303,PEM107,Tendering,MPS,"VT260076,VT260077,VT260078,CT2",Inside Group,,P45524,Sale,2026-10-15,2026-08-14,2026-08-14,5500000.0,500.0
VT-F-99-010303,PEM107,Tendering,MPS,"VT260076,VT260077,VT260078,CT2",Inside Group,,P45524,Sale,2026-11-13,2026-08-14,2026-08-14,2827000.0,257.0
CT-F-99-020522,PEM107,Omni Channel,Actual,CT260203,End User,MTO,P45904,Sale,2026-09-02,2026-08-06,2026-08-06,52748.82,3.0
CT-F-99-020525,PEM107,Omni Channel,Actual,CT260113,End User,MTS,P45923,Sale,2026-09-02,2026-08-06,2026-08-06,54000.48,3.0
VT-F-99-010721,PEM107,Omni Channel,Actual,VT260067,Contractor,MTS,P45906,Sale,2026-08-17,2026-08-17,2026-08-17,18063.45,1.0
CT-F-99-020501,PEM107,Omni Channel,Actual,CT250221,Contractor,MTS,P46123,Sale,2026-08-17,2026-08-17,2026-08-17,22994.82,3.0
VT-F-99-010721,PEM107,Omni Channel,Actual,VT260067,,MTS,P45906,Sale,2026-08-17,2026-08-17,2026-08-17,18063.45,1.0
VT-F-99-010715,PEM107,Omni Channel,Actual,VT260062,Contractor,MTS,P46029,Sale,2026-08-29,2026-08-17,2026-08-17,25879.41,1.0
CT-F-99-020505,PEM107,Omni Channel,Actual,CT260140,Contractor,MTS,P46072,Sale,2026-08-29,2026-08-17,2026-08-17,23845.68,3.0
CT-F-99-020504,PEM107,Omni Channel,Actual,CT260164,,MTS,P46071,Sale,2026-08-17,2026-08-17,2026-08-17,23845.68,3.0
VT-F-99-010203,PEM107,Omni Channel,Actual,VT260036,Contractor,MTS,P47174,Sale,2026-08-19,2026-08-17,2026-08-17,16528.06,2.0
CT-F-99-020505,PEM107,Omni Channel,Actual,"CT250319,CT260072",Contractor,MTS,P46072,Sale,2026-08-19,2026-08-17,2026-08-17,15897.12,2.0
VT-F-99-010721,PEM107,Omni Channel,MPS,VT260092,Contractor,MTS,P45906,Sale,2026-09-30,2026-08-17,2026-08-17,25879.41,1.0
CT-F-99-020510,PEM107,Omni Channel,MPS,CT250253,Contractor,MTS,P46076,Sale,2026-09-30,2026-08-17,2026-08-17,28852.29,3.0
CT-F-99-020508,PEM107,Omni Channel,Actual,CT260157,Contractor,MTS,P46075,Sale,2026-08-20,2026-08-17,2026-08-17,27913.56,3.0
VT-F-99-010721,PEM107,Omni Channel,Actual,VT260092,Contractor,MTS,P45906,Sale,2026-08-20,2026-08-17,2026-08-17,25879.41,1.0
VT-F-99-010721,PEM107,Omni Channel,Actual,VT260092,Contractor,MTS,P45906,Sale,2026-08-24,2026-08-17,2026-08-17,18063.45,1.0
CT-F-99-020503,PEM107,Omni Channel,Actual,CT260120,Contractor,MTS,P46070,Sale,2026-08-24,2026-08-17,2026-08-17,23844.75,3.0
VT-F-99-010721,PEM107,Omni Channel,Actual,VT260092,Contractor,MTS,P45906,Sale,2026-08-24,2026-08-17,2026-08-17,18063.45,1.0
CT-F-99-020503,PEM107,Omni Channel,Actual,CT260120,Contractor,MTS,P46070,Sale,2026-08-24,2026-08-17,2026-08-17,23844.75,3.0
VT-F-99-010721,PEM107,Omni Channel,Actual,VT260067,Contractor,MTS,P45906,Sale,2026-08-19,2026-08-17,2026-08-17,18063.45,1.0
CT-F-99-020502,PEM107,Omni Channel,Actual,CT260175,Contractor,MTS,P46069,Sale,2026-08-19,2026-08-17,2026-08-17,22994.82,3.0
VT-F-99-010721,PEM107,Omni Channel,Actual,VT260092,Contractor,MTS,P45906,Sale,2026-08-24,2026-08-17,2026-08-17,18063.45,1.0
CT-F-99-020503,PEM107,Omni Channel,Actual,CT260120,Contractor,MTS,P46070,Sale,2026-08-24,2026-08-17,2026-08-17,23844.75,3.0
VT-F-99-010721,PEM107,Omni Channel,Actual,VT260092,Contractor,MTS,P45906,Sale,2026-08-24,2026-08-17,2026-08-17,18063.45,1.0
CT-F-99-020502,PEM107,Omni Channel,Actual,CT260175,Contractor,MTS,P46069,Sale,2026-08-24,2026-08-17,2026-08-17,22994.82,3.0
CT-F-99-020501,PEM107,Omni Channel,MPS,CT260143,Foreign Industry,MTO,P46123,Sale,2026-12-15,2026-05-18,2026-05-18,519372.0,70.0
VT-F-99-010203,PEM107,Omni Channel,MPS,VT260072,Foreign Industry,MTO,P47174,Sale,2026-11-16,2026-05-18,2026-05-18,971272.0,100.0
VT-F-99-010616,PEM107,Omni Channel,MPS,VT260071,Foreign Industry,MTO,P51700,Sale,2026-11-16,2026-05-18,2026-05-18,147191.4,15.0
RS-F-99-070003,PEM107,Omni Channel,MPS,RS260222,Foreign Industry,MTO,P45536,Sale,2026-12-15,2026-06-29,2026-06-29,53251.5,150.0
RS-F-99-070002,PEM107,Omni Channel,MPS,RS260221,Foreign Industry,MTO,P45535,Sale,2026-10-15,2026-06-29,2026-06-29,26100.6,60.0
CT-F-99-020510,PEM107,Omni Channel,Actual,CT250253,End User,MTS,P46076,Sale,2026-08-19,2026-08-18,2026-08-18,28852.29,3.0
CT-F-99-020506,PEM107,Omni Channel,Actual,CT260141,Dealer,MTS,P46073,Sale,2026-08-25,2026-08-18,2026-08-18,23845.68,3.0
CT-F-99-020506,PEM107,Omni Channel,Actual,CT260141,Dealer,MTS,P46073,Sale,2026-08-25,2026-08-18,2026-08-18,23845.68,3.0
VT-F-99-010722,PEM102,Omni Channel,Actual,SS260171,การไฟฟ้าส่วนภูมิภาค เขต 1 (ภาคกลาง),MTS,P52486,Sale,2026-09-15,2026-08-18,2026-08-18,206470.0,8.0
CT-F-99-020508,PEM107,Omni Channel,Actual,CT250246,Contractor,MTS,P46075,Sale,2026-08-20,2026-08-18,2026-08-18,27913.56,3.0
VT-F-99-010721,PEM107,Omni Channel,Actual,VT260067,End User,MTS,P45906,Sale,2026-08-26,2026-08-19,2026-08-19,25879.41,1.0
CT-F-99-020506,PEM107,Omni Channel,Actual,CT260141,End User,MTS,P46073,Sale,2026-08-26,2026-08-19,2026-08-19,23845.68,3.0
VT-F-99-010721,PEM107,Omni Channel,Actual,VT250126,End User,MTS,P45906,Sale,2026-08-26,2026-08-19,2026-08-19,25879.41,1.0
CT-F-99-020507,PEM107,Omni Channel,Actual,CT260085,End User,MTS,P46074,Sale,2026-08-26,2026-08-19,2026-08-19,24784.41,3.0
VT-F-99-010721,PEM107,Omni Channel,Actual,VT260067,,MTS,P45906,Sale,2026-08-20,2026-07-20,2026-07-20,18063.45,1.0
CT-F-99-020507,PEM107,Omni Channel,Actual,CT260085,,MTS,P46074,Sale,2026-08-20,2026-07-20,2026-07-20,24784.41,3.0
CT-F-99-020510,PEM107,Omni Channel,MPS,CT250253,Contractor,MTS,P46076,Sale,2026-10-30,2026-08-19,2026-08-19,28852.29,3.0
VT-F-99-010721,PEM107,Omni Channel,MPS,VT260092,Contractor,MTS,P45906,Sale,2026-10-30,2026-08-19,2026-08-19,25879.41,1.0
CT-F-99-020704,PEM107,Omni Channel,Actual,CT260211,Smart Shop,MTO,P46093,Sale,2026-09-18,2026-08-20,2026-08-20,31981.41,3.0
VT-F-99-010819,PEM107,Omni Channel,Actual,VT260066,Smart Shop,MTS,P46038,Sale,2026-09-18,2026-08-20,2026-08-20,31085.08,1.0
VT-F-99-010203,PEM107,Omni Channel,Actual,VT260036,End User,MTS,P47174,Sale,2026-08-25,2026-08-20,2026-08-20,40245.4,4.0
VT-F-99-010203,PEM107,Omni Channel,Actual,VT260036,Smart Shop,MTS,P47174,Sale,2026-08-24,2026-08-20,2026-08-20,20122.7,2.0
CT-F-99-020510,PEM107,Omni Channel,Actual,CT260122,Smart Shop,MTS,P46076,Sale,2026-08-24,2026-08-20,2026-08-20,19234.86,2.0
CT-F-99-020505,PEM107,Omni Channel,Actual,VT260092,Smart Shop,MTS,P46072,Sale,2026-08-21,2026-08-20,2026-08-20,23845.68,3.0
VT-F-99-010721,PEM107,Omni Channel,Actual,VT260092,Smart Shop,MTS,P45906,Sale,2026-08-21,2026-08-20,2026-08-20,25879.41,1.0
CT-F-99-020527,PEM107,Omni Channel,Actual,CT260174,Contractor,MTS,P45922,Sale,2026-08-28,2026-08-20,2026-08-20,54626.31,3.0
VT-F-99-010721,PEM107,Omni Channel,Actual,VT260092 ,Contractor,MTS,P45906,Sale,2026-08-28,2026-08-20,2026-08-20,25879.41,1.0
CT-F-99-020511,PEM107,Omni Channel,MPS,CT250254,Contractor,MTS,P46077,Sale,2026-09-30,2026-08-20,2026-08-20,29165.19,3.0
VT-F-99-010721,PEM107,Omni Channel,MPS,VT260092,Contractor,MTS,P45906,Sale,2026-09-30,2026-08-20,2026-08-20,25879.41,1.0
CT-F-99-020504,PEM107,Omni Channel,MPS,CT260164,Contractor,MTS,P46071,Sale,2026-09-30,2026-08-20,2026-08-20,23845.68,3.0
VT-F-99-010721,PEM107,Omni Channel,Actual,VT260092,Smart Shop,MTS,P45906,Sale,2026-08-28,2026-08-21,2026-08-21,25879.41,1.0
CT-F-99-020507,PEM107,Omni Channel,Actual,CT260117,Smart Shop,MTS,P46074,Sale,2026-08-28,2026-08-21,2026-08-21,24784.41,3.0
VT-F-99-010721,PEM107,Omni Channel,Actual,VT260092,Smart Shop,MTS,P45906,Sale,2026-08-28,2026-08-21,2026-08-21,25879.41,1.0
CT-F-99-020525,PEM107,Omni Channel,Actual,CT260113,Smart Shop,MTS,P45923,Sale,2026-08-28,2026-08-21,2026-08-21,54000.48,3.0
VT-F-99-010721,PEM107,Omni Channel,Actual,VT260092,End User,MTS,P45906,Sale,2026-08-28,2026-08-21,2026-08-21,25879.41,1.0
VT-F-99-010721,PEM107,Omni Channel,Actual,VT260092,Contractor,MTS,P45906,Sale,2026-12-30,2026-08-21,2026-08-21,25879.41,1.0
CT-F-99-020526,PEM107,Omni Channel,Actual,"CT260178,CT260201",Contractor,MTS,P45936,Sale,2026-12-30,2026-08-21,2026-08-21,59789.37,3.0
CT-F-99-020530,PEM107,Omni Channel,Actual,CT260185,Contractor,MTS,P45966,Sale,2026-08-31,2026-08-21,2026-08-21,19669.02,1.0
VT-F-99-010721,PEM107,Omni Channel,Actual,VT260092,Smart Shop,MTS,P45906,Sale,2026-08-31,2026-08-21,2026-08-21,25879.41,1.0
VT-F-99-010721,PEM107,Omni Channel,Actual,VT260092,Contractor,MTS,P45906,Sale,2026-09-03,2026-08-24,2026-08-24,25879.41,1.0
VT-F-99-010721,PEM107,Omni Channel,Actual,VT260092,private company,MTS,P45906,Sale,2026-08-26,2026-07-20,2026-07-20,18063.45,1.0
CT-F-99-020504,PEM107,Omni Channel,Actual,CT260164,private company,MTS,P46071,Sale,2026-08-26,2026-07-20,2026-07-20,23845.68,3.0
CT-F-99-020504,PEM107,Omni Channel,Actual,CT260188,Contractor,MTS,P46071,Sale,2026-08-28,2026-08-24,2026-08-24,23845.68,3.0
RS-F-99-040006,PSS,Tendering,Actual,CTR-2026-03956,Local Utility,MTO,P1439,Sale,2026-09-25,2026-07-07,2026-07-07,3191760.0,150.0
VT-F-99-010721,PEM107,Omni Channel,Actual,VT260092,Contractor,MTS,P45906,Sale,2026-08-28,2026-08-24,2026-08-24,25879.41,1.0
VT-F-99-010721,PEM107,Omni Channel,Actual,VT260092,,MTS,P45906,Sale,2026-08-27,2026-07-20,2026-07-20,18063.45,1.0
CT-F-99-020508,PEM107,Omni Channel,Actual,CT260157,,MTS,P46075,Sale,2026-08-27,2026-07-20,2026-07-20,27913.56,3.0
CT-F-99-020508,PEM107,Omni Channel,Actual,CT260157,Smart Shop,MTS,P46075,Sale,2026-09-02,2026-08-24,2026-08-24,18609.04,2.0
CT-F-99-020506,PEM107,Omni Channel,Actual,CT260141,Contractor,MTS,P46073,Sale,2026-08-28,2026-08-24,2026-08-24,23845.68,3.0
CT-F-99-020530,PEM107,Omni Channel,Actual,CT260185 ,Smart Shop,MTS,P45966,Sale,2026-08-31,2026-08-21,2026-08-21,59007.06,3.0
CT-F-99-020504,PEM107,Omni Channel,MPS,CT260188,Contractor,MTS,P46071,Sale,2026-09-30,2026-08-25,2026-08-25,23845.68,3.0
CT-F-99-020504,PEM107,Omni Channel,Actual,CT260188,Contractor,MTS,P46071,Sale,2026-08-28,2026-08-26,2026-08-26,23845.68,3.0
VT-F-99-010721,PEM107,Omni Channel,Actual,VT260092 ,Contractor,MTS,P45906,Sale,2026-08-28,2026-08-26,2026-08-26,25879.41,1.0
CT-F-99-020505,PEM107,Omni Channel,Actual,CT260140,Contractor,MTS,P46072,Sale,2026-08-28,2026-08-26,2026-08-26,23845.68,3.0
VT-F-99-010721,PEM107,Omni Channel,Actual,VT260092 ,Contractor,MTS,P45906,Sale,2026-09-03,2026-08-26,2026-08-26,25879.41,1.0
CT-F-99-020505,PEM107,Omni Channel,Actual,CT260140,Contractor,MTS,P46072,Sale,2026-09-03,2026-08-26,2026-08-26,23845.68,3.0
VT-F-99-010721,PEM107,Omni Channel,Actual,VT260092,Contractor,MTS,P45906,Sale,2026-08-28,2026-08-26,2026-08-26,25879.41,1.0
CT-F-99-020506,PEM107,Omni Channel,MPS,CT260176,Large Electricity consumer,MTS,P46073,Sale,2026-10-16,2026-08-26,2026-08-26,23845.68,3.0
VT-F-99-010721,PEM107,Omni Channel,MPS,VT260092,Large Electricity consumer,MTS,P45906,Sale,2026-10-16,2026-08-26,2026-08-26,25879.41,1.0
CT-F-99-020504,PEM107,Omni Channel,MPS,CT260188,Contractor,MTS,P46071,Sale,2026-09-30,2026-08-26,2026-08-26,23845.68,3.0
CT-F-99-020508,PEM107,Omni Channel,Actual,CT260157,Large Electricity consumer,MTS,P46075,Sale,2026-08-28,2026-08-26,2026-08-26,27913.56,3.0
VT-F-99-010721,PEM107,Omni Channel,Actual,VT260092,Large Electricity consumer,MTS,P45906,Sale,2026-08-28,2026-08-26,2026-08-26,25879.41,1.0
CT-F-99-020505,PEM107,Omni Channel,Actual,"VT260092,CT260176",Contractor,MTS,P46072,Sale,2026-09-03,2026-08-24,2026-08-24,23845.68,3.0
VT-F-99-010721,PEM107,Omni Channel,Actual,VT260092,Contractor,MTS,P45906,Sale,2026-09-02,2026-08-27,2026-08-27,25879.41,1.0
CT-F-99-020505,PEM107,Omni Channel,Actual,CT260140,Contractor,MTS,P46072,Sale,2026-09-02,2026-08-27,2026-08-27,23845.68,3.0
VT-F-99-010721,PEM107,Omni Channel,Actual,VT260092,Contractor,MTS,P45906,Sale,2026-09-07,2026-08-28,2026-08-28,25879.41,1.0
CT-F-99-020524,PEM107,Omni Channel,Actual,CT260158,Contractor,MTS,P45905,Sale,2026-09-07,2026-08-28,2026-08-28,40582.05,3.0
CT-F-99-020501,PEM107,Omni Channel,Actual,CT250221,Smart Shop,MTS,P46123,Sale,2026-09-07,2026-08-28,2026-08-28,22994.82,3.0
CT-F-99-020502,PEM107,Omni Channel,Actual,CT260189,Smart Shop,MTS,P46069,Sale,2026-09-07,2026-08-28,2026-08-28,22994.82,3.0
VT-F-99-010721,PEM107,Omni Channel,Actual,VT260092,Smart Shop,MTS,P45906,Sale,2026-09-07,2026-08-28,2026-08-28,129397.05,5.0
CT-F-99-020502,PEM107,Omni Channel,Actual,CT260189,Smart Shop,MTS,P46069,Sale,2026-09-07,2026-08-28,2026-08-28,22994.82,3.0
CT-F-99-020504,PEM107,Omni Channel,Actual,CT260188,Smart Shop,MTS,P46071,Sale,2026-09-07,2026-08-28,2026-08-28,23845.68,3.0
CT-F-99-020504,PEM107,Omni Channel,Actual,CT260188,Smart Shop,MTS,P46071,Sale,2026-09-07,2026-08-28,2026-08-28,23845.68,3.0
VT-F-99-010819,PEM107,Omni Channel,MPS,VT260066,Smart Shop,MTS,P46038,Sale,2026-09-29,2026-08-28,2026-08-28,155425.4,5.0
CT-F-99-020704,PEM107,Omni Channel,MPS,CT260217,Smart Shop,MTO,P46093,Sale,2026-09-29,2026-08-28,2026-08-28,31981.41,3.0
CT-F-99-020703,PEM107,Omni Channel,MPS,CT260216,Smart Shop,MTS,P46092,Sale,2026-09-29,2026-08-28,2026-08-28,30194.7,3.0
CT-F-99-020703,PEM107,Omni Channel,MPS,CT260216,Smart Shop,MTO,P46092,Sale,2026-09-29,2026-08-28,2026-08-28,30194.7,3.0
CT-F-99-020703,PEM107,Omni Channel,MPS,CT260216,Smart Shop,MTO,P46092,Sale,2026-09-29,2026-08-28,2026-08-28,30194.7,3.0
CT-F-99-020702,PEM107,Omni Channel,MPS,CT260215,Smart Shop,MTO,P46091,Sale,2026-09-29,2026-08-28,2026-08-28,30194.7,3.0
VT-F-99-010721,PEM107,Omni Channel,Actual,VT260092,End User,MTS,P45906,Sale,2026-09-03,2026-08-28,2026-08-28,25879.41,1.0
VT-F-99-010721,PEM107,Omni Channel,Actual,VT260092,Contractor,MTS,P45906,Sale,2026-09-10,2026-08-28,2026-08-28,25879.41,1.0
CT-F-99-020506,PEM107,Omni Channel,Actual,CT260176,Contractor,MTS,P46073,Sale,2026-09-10,2026-08-28,2026-08-28,23845.68,3.0
VT-F-99-010715,PEM107,Omni Channel,Actual,VT260062,Contractor,MTO,P46029,Sale,2026-09-30,2026-08-31,2026-08-31,25879.41,1.0
CT-F-99-020510,PEM107,Omni Channel,Actual,CT250253,Contractor,MTS,P46076,Sale,2026-09-30,2026-08-31,2026-08-31,28852.29,3.0
VT-F-99-010715,PEM107,Omni Channel,Actual,VT260062,Contractor,MTS,P46029,Sale,2026-09-30,2026-08-31,2026-08-31,25879.41,1.0
CT-F-99-020505,PEM107,Omni Channel,Actual,CT260140,Contractor,MTS,P46072,Sale,2026-09-30,2026-08-31,2026-08-31,23845.68,3.0
VT-F-99-010203,PEM107,Omni Channel,Actual,VT260036,Smart Shop,MTS,P47174,Sale,2026-09-03,2026-08-31,2026-08-31,20122.7,2.0
CT-F-99-020501,PEM107,Omni Channel,Actual,CT250221,Smart Shop,MTS,P46123,Sale,2026-09-03,2026-08-31,2026-08-31,15329.88,2.0
VT-F-99-010721,PEM107,Omni Channel,Actual,VT260092,Contractor,MTS,P45906,Sale,2026-09-02,2026-08-31,2026-08-31,25879.41,1.0
CT-F-99-020504,PEM107,Omni Channel,Actual,CT260188,Contractor,MTS,P46071,Sale,2026-09-02,2026-08-31,2026-08-31,23845.68,3.0
VT-F-99-010721,PEM107,Omni Channel,Actual,VT260092,Dealer,MTS,P45906,Sale,2026-09-04,2026-08-31,2026-08-31,25879.41,1.0
CT-F-99-020508,PEM107,Omni Channel,Actual,CT260157,Dealer,MTS,P46075,Sale,2026-09-04,2026-08-31,2026-08-31,27913.56,3.0
VT-F-99-010721,PEM107,Omni Channel,Actual,VT260092,End User,MTS,P45906,Sale,2026-09-04,2026-09-01,2026-09-01,25879.41,1.0
CT-F-99-020510,PEM107,Omni Channel,Actual,CT250253,End User,MTS,P46076,Sale,2026-09-04,2026-09-01,2026-09-01,28852.29,3.0
VT-F-99-010721,PEM107,Omni Channel,Actual,VT260092,Large Electricity consumer,MTS,P45906,Sale,2026-09-23,2026-09-01,2026-09-01,25879.41,1.0
RS-F-99-070003,PEM107,Omni Channel,MPS,RS260108,Foreign Industry,MTO,P45536,Sale,2026-11-16,2026-03-13,2026-03-13,52185.0,150.0
CT-F-99-020502,PEM107,Omni Channel,MPS,CT260144,Foreign Industry,MTO,P46069,Sale,2026-10-20,2026-05-18,2026-05-18,178070.4,24.0
CT-F-99-020514,PEM107,Omni Channel,MPS,CT260145,Foreign Industry,MTO,P51982,Sale,2026-10-20,2026-05-18,2026-05-18,163231.2,22.0
CT-F-99-020709,PEM107,Omni Channel,MPS,CT260219,Local Industry,MTO,P46098,Sale,2026-09-28,2026-09-02,2026-09-02,34797.63,3.0
RS-F-99-010129,PEM107,Omni Channel,MPS,RS260298,Contractor,MTO,P52003,Sale,2026-10-02,2026-09-02,2026-09-02,24765.9,2.0
CT-F-99-020504,PEM107,Omni Channel,MPS,CT260220,Foreign Industry,MTO,P46071,Sale,2026-11-20,2026-09-02,2026-09-02,79485.6,10.0
CT-F-99-020506,PEM107,Omni Channel,MPS,CT260221,Foreign Industry,MTO,P46073,Sale,2026-11-20,2026-09-02,2026-09-02,47691.36,6.0
VT-F-99-010721,PEM107,Omni Channel,Actual,VT260092,private company,MTS,P45906,Sale,2026-09-18,2026-09-03,2026-09-03,25879.41,1.0
CT-F-99-020527,PEM107,Omni Channel,Actual,CT260192,private company,MTS,P45922,Sale,2026-09-18,2026-09-03,2026-09-03,54626.31,3.0
VT-F-99-010721,PEM107,Omni Channel,MPS,VT260092,,MTS,P45906,Sale,2026-09-29,2026-09-03,2026-09-03,25879.41,1.0
CT-F-99-020504,PEM107,Omni Channel,MPS,CT260202,,MTS,P46071,Sale,2026-09-29,2026-09-03,2026-09-03,23845.68,3.0
CT-F-99-020717,PEM107,Omni Channel,MPS,CT260225,Contractor,MTO,P46156,Sale,2026-10-05,2026-09-04,2026-09-04,58130.91,3.0
VT-F-99-010819,PEM107,Omni Channel,MPS,VT260066,Contractor,MTO,P46038,Sale,2026-10-05,2026-09-04,2026-09-04,31085.08,1.0
VT-F-99-010721,PEM107,Omni Channel,Actual,VT260092,Contractor,MTS,P45906,Sale,2026-09-04,2026-09-04,2026-09-04,25879.41,1.0
VT-F-99-010820,PCE101,Omni Channel,MPS,J26154,การไฟฟ้าส่วนภูมิภาค เขต 3 (ภาคใต้),MTO,P53206,Sale,2026-11-02,2026-09-04,2026-09-04,1621312.0,28.0
VT-F-99-010715,PEM107,Omni Channel,Actual,VT260103,Contractor,MTS,P46029,Sale,2026-09-18,2026-09-07,2026-09-07,25879.41,1.0
CT-F-99-020505,PEM107,Omni Channel,Actual,CT260140,Contractor,MTS,P46072,Sale,2026-09-18,2026-09-07,2026-09-07,23845.68,3.0
VT-F-99-010203,PEM107,Omni Channel,Actual,VT260036,Smart Shop,MTS,P47174,Sale,2026-09-11,2026-09-07,2026-09-07,20122.7,2.0
CT-F-99-020501,PEM107,Omni Channel,Actual,CT250221,Smart Shop,MTS,P46123,Sale,2026-09-11,2026-09-07,2026-09-07,15329.88,2.0
VT-F-99-010721,PEM107,Omni Channel,Actual,VT260092,Contractor,MTS,P45906,Sale,2026-09-07,2026-09-07,2026-09-07,25879.41,1.0
CT-F-99-020511,PEM107,Omni Channel,Actual,CT250254,Smart Shop,MTS,P46077,Sale,2026-09-09,2026-09-07,2026-09-07,19443.46,2.0
VT-F-99-010721,PEM107,Omni Channel,Actual,VT260092,Smart Shop,MTS,P45906,Sale,2026-09-09,2026-09-07,2026-09-07,25879.41,1.0
CT-F-99-020504,PEM107,Omni Channel,Actual,CT260188,Smart Shop,MTS,P46071,Sale,2026-09-09,2026-09-07,2026-09-07,23845.68,3.0
VT-F-99-010203,PEM107,Omni Channel,Actual,CT260187,Smart Shop,MTS,P47174,Sale,2026-09-15,2026-09-07,2026-09-07,20122.7,2.0
CT-F-99-020503,PEM107,Omni Channel,Actual,CT260187,Smart Shop,MTS,P46070,Sale,2026-09-15,2026-09-07,2026-09-07,15896.5,2.0
CT-F-99-020505,PEM107,Omni Channel,Actual,CT260140,Smart Shop,MTS,P46072,Sale,2026-09-09,2026-09-08,2026-09-08,7948.56,1.0
VT-F-99-010715,PEM107,Omni Channel,MPS,VT260103,Contractor,MTS,P46029,Sale,2026-09-30,2026-09-09,2026-09-09,25879.41,1.0
CT-F-99-020505,PEM107,Omni Channel,MPS,CT260140,Contractor,MTS,P46072,Sale,2026-09-30,2026-09-09,2026-09-09,23845.68,3.0
VT-F-99-010721,PEM107,Omni Channel,MPS,VT260092,Contractor,MTS,P45906,Sale,2026-09-25,2026-09-09,2026-09-09,18063.45,1.0
CT-F-99-020529,PEM107,Omni Channel,MPS,CT260224,Contractor,MTO,P46384,Sale,2026-09-25,2026-09-09,2026-09-09,51315.62,3.0
CT-F-99-020506,PEM107,Omni Channel,Actual,CT260176,Large Electricity consumer,MTS,P46073,Sale,2026-09-23,2026-09-01,2026-09-01,23845.68,3.0
CT-F-99-020504,PEM107,Omni Channel,Actual,CT260188,Contractor,MTS,P46071,Sale,2026-09-10,2026-09-09,2026-09-09,23845.68,3.0
VT-F-99-010721,PEM107,Omni Channel,Actual,VT260092,Contractor,MTS,P45906,Sale,2026-09-10,2026-09-09,2026-09-09,25879.41,1.0
CT-F-99-020503,PEM107,Omni Channel,MPS,CT260187,Smart Shop,MTS,P46070,Sale,2026-09-16,2026-09-10,2026-09-10,15896.5,2.0
VT-F-99-010209,PEM107,Omni Channel,MPS,VT250001,Smart Shop,MTO,P45569,Sale,2026-09-16,2026-09-10,2026-09-10,20122.7,2.0
CT-F-99-020504,PEM107,Omni Channel,MPS,CT260202,Contractor,MTS,P46071,Sale,2026-10-10,2026-09-10,2026-09-10,23845.68,3.0
VT-F-99-010721,PEM107,Omni Channel,Actual,VT260092,Contractor,MTS,P45906,Sale,2026-09-25,2026-09-10,2026-09-10,25879.41,1.0
CT-F-99-020503,PEM107,Omni Channel,Actual,CT260120,Contractor,MTS,P46070,Sale,2026-09-25,2026-09-10,2026-09-10,23844.75,3.0
CT-F-99-020527,PEM107,Omni Channel,Actual,CT260124,private company,MTS,P45922,Sale,2026-09-11,2026-09-10,2026-09-10,36417.54,2.0
VT-F-99-010203,PEM107,Omni Channel,MPS,VT260043,Foreign Industry,MTO,P47174,Sale,2026-10-15,2026-03-13,2026-03-13,170515.18,22.0
CT-F-99-020503,PEM107,Omni Channel,MPS,CT260187,Smart Shop,MTS,P46070,Sale,2026-10-01,2026-09-14,2026-09-14,23844.75,3.0
VT-F-99-010203,PEM107,Omni Channel,Actual,VT260036,Smart Shop,MTS,P47174,Sale,2026-09-15,2026-09-14,2026-09-14,40245.4,4.0
CT-F-99-020511,PEM107,Omni Channel,Actual,CT250254,Smart Shop,MTS,P46077,Sale,2026-09-15,2026-09-14,2026-09-14,38886.92,4.0
VT-F-99-010202,PEM107,Omni Channel,Actual,VT260089,Smart Shop,MTS,P45854,Sale,2026-09-15,2026-09-14,2026-09-14,11313.0,1.0
VT-F-99-010203,PEM107,Omni Channel,Actual,VT260036,Smart Shop,MTS,P47174,Sale,2026-09-15,2026-09-14,2026-09-14,20122.7,2.0
CT-F-99-020502,PEM107,Omni Channel,Actual,CT260175,Smart Shop,MTS,P46069,Sale,2026-09-15,2026-09-14,2026-09-14,15329.88,2.0
CT-F-99-020508,PEM107,Omni Channel,Actual,CT260157,Smart Shop,MTS,P46075,Sale,2026-09-15,2026-09-14,2026-09-14,9304.52,1.0
CT-F-99-020506,PEM107,Omni Channel,Actual,CT260176,Contractor,MTS,P46073,Sale,2026-09-15,2026-09-14,2026-09-14,23845.68,3.0
VT-F-99-010721,PEM107,Omni Channel,Actual,VT260092,Contractor,MTS,P45906,Sale,2026-09-15,2026-09-14,2026-09-14,25879.41,1.0
VT-F-99-010721,PEM107,Omni Channel,Actual,VT260092,,MTS,P45906,Sale,2026-09-18,2026-09-14,2026-09-14,18063.45,1.0
CT-F-99-020530,PEM107,Omni Channel,Actual,"CT260182,CT260185",,MTS,P45966,Sale,2026-09-18,2026-09-14,2026-09-14,57163.17,3.0
CT-F-99-020504,PEM107,Omni Channel,Actual,CT260188,Smart Shop,MTS,P46071,Sale,2026-09-19,2026-09-15,2026-09-15,23845.68,3.0
VT-F-99-010721,PEM107,Omni Channel,Actual,VT260092,Smart Shop,MTS,P45906,Sale,2026-09-19,2026-09-15,2026-09-15,25879.41,1.0
VT-F-99-010721,PEM107,Omni Channel,Actual,VT260092,Smart Shop,MTS,P45906,Sale,2026-09-17,2026-09-15,2026-09-15,25879.41,1.0
CT-F-99-020504,PEM107,Omni Channel,Actual,CT260202,Smart Shop,MTS,P46071,Sale,2026-09-17,2026-09-15,2026-09-15,23845.68,3.0
CT-F-99-020508,PEM107,Omni Channel,MPS,CT260157,Dealer,MTS,P46075,Sale,2026-10-01,2026-09-15,2026-09-15,27913.56,3.0
VT-F-99-010721,PEM107,Omni Channel,Actual,VT260092,Smart Shop,MTS,P45906,Sale,2026-09-18,2026-09-15,2026-09-15,25879.41,1.0
CT-F-99-020506,PEM107,Omni Channel,Actual,CT260176,Smart Shop,MTS,P46073,Sale,2026-09-18,2026-09-15,2026-09-15,23845.68,3.0
CT-F-99-020507,PEM107,Omni Channel,MPS,CT260117,Contractor,MTS,P46074,Sale,2026-09-28,2026-09-17,2026-09-17,24784.41,3.0
VT-F-99-010721,PEM107,Omni Channel,MPS,VT260102,Contractor,MTS,P45906,Sale,2026-09-28,2026-09-17,2026-09-17,25879.41,1.0
VT-F-99-010721,PEM107,Omni Channel,MPS,VT260102,Contractor,MTS,P45906,Sale,2026-09-30,2026-09-17,2026-09-17,25879.41,1.0
CT-F-99-020510,PEM107,Omni Channel,MPS,CT260122,Contractor,MTS,P46076,Sale,2026-09-30,2026-09-17,2026-09-17,28852.29,3.0
CT-F-99-020703,PEM107,Omni Channel,MPS,CT260229,Contractor,MTO,P46092,Sale,2026-10-16,2026-09-17,2026-09-17,30194.7,3.0
VT-F-99-010819,PEM107,Omni Channel,MPS,VT260039,Contractor,MTS,P46038,Sale,2026-10-16,2026-09-17,2026-09-17,31085.08,1.0
VT-F-99-010616,PEM107,Omni Channel,MPS,VT260064,Foreign Industry,MTO,P51700,Sale,2026-10-15,2026-04-28,2026-04-28,58876.56,6.0
VT-F-99-010820,PEM102,Omni Channel,MPS,SS260214,,MTS,P53206,Sale,2026-10-16,2026-09-18,2026-09-18,66658.18,2.0
VT-F-99-010820,PCE101,Omni Channel,MPS,J26160,การไฟฟ้าส่วนภูมิภาค เขต 3 (ภาคใต้),MTO,P53206,Sale,2026-10-19,2026-09-18,2026-09-18,114576.0,2.0
VT-F-99-010721,PEM107,Omni Channel,MPS,VT260102,Contractor,MTS,P45906,Sale,2026-09-30,2026-09-21,2026-09-21,25879.41,1.0
CT-F-99-020526,PEM107,Omni Channel,MPS,CT260178,Contractor,MTS,P45936,Sale,2026-09-30,2026-09-21,2026-09-21,59789.37,3.0
VT-F-99-010202,PEM107,Omni Channel,MPS,VT260089,Contractor,MTS,P45854,Sale,2026-09-30,2026-09-21,2026-09-21,11313.0,1.0
VT-F-99-010715,PEM107,Omni Channel,MPS,VT260103,Contractor,MTS,P46029,Sale,2026-10-15,2026-09-21,2026-09-21,25879.41,1.0
CT-F-99-020506,PEM107,Omni Channel,MPS,CT260190,Contractor,MTS,P46073,Sale,2026-10-15,2026-09-21,2026-09-21,23845.68,3.0
CT-F-99-020705,PEM107,Omni Channel,MPS,CT260230,Contractor,MTO,P46094,Sale,2026-10-16,2026-09-21,2026-09-21,31981.41,3.0
VT-F-99-010818,PEM107,Omni Channel,MPS,VT260113,Contractor,MTO,P51459,Sale,2026-10-16,2026-09-21,2026-09-21,30042.04,1.0
CT-F-99-020524,PEM107,Omni Channel,MPS,CT260158,Contractor,MTS,P45905,Sale,2026-10-09,2026-09-21,2026-09-21,40582.05,3.0
CT-F-99-020527,PEM107,Omni Channel,MPS,CT260200,Smart Shop,MTS,P45922,Sale,2026-10-08,2026-09-14,2026-09-14,18208.77,1.0
CT-F-99-020510,PEM107,Omni Channel,MPS,CT260122,Factory,MTS,P46076,Sale,2026-09-25,2026-09-22,2026-09-22,28852.29,3.0
CT-F-99-020530,PEM107,Omni Channel,MPS,"CT260185,CT260197",Contractor,MTS,P45966,Sale,2026-10-16,2026-09-22,2026-09-22,59007.06,3.0
VT-F-99-010721,PEM107,Omni Channel,Actual,VT260102,Contractor,MTS,P45906,Sale,2026-09-23,2026-09-22,2026-09-22,25879.41,1.0
CT-F-99-020506,PEM107,Omni Channel,Actual,CT260190,Contractor,MTS,P46073,Sale,2026-09-23,2026-09-22,2026-09-22,23845.68,3.0
CT-F-99-020504,PEM107,Omni Channel,MPS,CT260207,Contractor,MTS,P46071,Sale,2026-09-25,2026-09-22,2026-09-22,23845.68,3.0
VT-F-99-010721,PEM107,Omni Channel,MPS,VT260102,Contractor,MTS,P45906,Sale,2026-10-21,2026-09-22,2026-09-22,25879.41,1.0
CT-F-99-020506,PEM107,Omni Channel,MPS,CT260190,Contractor,MTS,P46073,Sale,2026-10-21,2026-09-22,2026-09-22,23845.68,3.0
CT-F-99-020504,PEM107,Omni Channel,MPS,CT260202,Smart Shop,MTS,P46071,Sale,2026-09-25,2026-09-23,2026-09-23,23845.68,3.0
VT-F-99-010721,PEM107,Omni Channel,MPS,VT260092 ,Smart Shop,MTS,P45906,Sale,2026-09-25,2026-09-23,2026-09-23,25879.41,1.0
