itemcode,createDate,forecast_date,qty,status,division,revenue_type,jobcode
VT-F-99-010721,2024-01-03,2024-01-19,1.0,Actual,PEM102-OLD,Omni Channel,VT230231
CT-F-99-020505,2024-01-03,2024-01-19,3.0,Actual,PEM102-OLD,Omni Channel,CT230368
VT-F-99-010721,2024-01-03,2024-01-15,1.0,Actual,PEM102-OLD,Omni Channel,VT230231
CT-F-99-020507,2024-01-03,2024-01-15,3.0,Actual,PEM102-OLD,Omni Channel,CT230386
VT-F-99-010721,2024-01-04,2024-01-17,1.0,Actual,PEM102-OLD,Omni Channel,VT230231
CT-F-99-020506,2024-01-04,2024-01-17,3.0,Actual,PEM102-OLD,Omni Channel,CT230385
VT-F-99-010722,2024-01-04,2024-04-19,100.0,Actual,PEM102-OLD,Omni Channel,VT240001
VT-F-99-010722,2024-01-04,2024-05-30,100.0,Actual,PEM102-OLD,Omni Channel,VT240002
VT-F-99-010722,2024-01-04,2024-06-14,100.0,Actual,PEM102-OLD,Omni Channel,VT240003
VT-F-99-010722,2024-01-04,2024-06-17,100.0,Actual,PEM102-OLD,Omni Channel,VT240004
VT-F-99-010722,2024-01-04,2024-06-28,100.0,Actual,PEM102-OLD,Omni Channel,VT240005
VT-F-99-010722,2024-01-04,2024-10-31,53.0,Actual,PEM102-OLD,Omni Channel,VT240006
VT-F-99-010820,2024-01-04,2024-04-19,100.0,Actual,PEM102-OLD,Omni Channel,VT240007
VT-F-99-010820,2024-01-04,2024-05-30,38.0,Actual,PEM102-OLD,Omni Channel,VT240008
VT-F-99-010205,2024-01-04,2024-02-29,3.0,Actual,PEM102-OLD,Omni Channel,VT230237
CT-F-99-020502,2024-01-04,2024-02-29,20.0,Actual,PEM102-OLD,Omni Channel,CT230389
CT-F-99-020503,2024-01-04,2024-02-29,10.0,Actual,PEM102-OLD,Omni Channel,CT230390
CT-F-99-020504,2024-01-04,2024-02-15,6.0,Actual,PEM102-OLD,Omni Channel,CT230392
CT-F-99-020506,2024-01-04,2024-02-29,6.0,Actual,PEM102-OLD,Omni Channel,CT230393
CT-F-99-020507,2024-01-04,2024-02-29,6.0,Actual,PEM102-OLD,Omni Channel,CT230394
CT-F-99-020501,2024-01-04,2024-02-29,50.0,Actual,PEM102-OLD,Omni Channel,CT230366
VT-F-99-010203,2024-01-04,2024-02-29,100.0,Actual,PEM102-OLD,Omni Channel,VT230236
CT-F-99-020514,2024-01-04,2024-02-29,20.0,Actual,PEM102-OLD,Omni Channel,CT230388
VT-F-99-010715,2024-01-04,2024-01-25,1.0,Actual,PEM102-OLD,Omni Channel,VT240020
CT-F-99-020505,2024-01-04,2024-01-25,3.0,Actual,PEM102-OLD,Omni Channel,CT230368
VT-F-99-010203,2024-01-04,2024-01-10,4.0,Actual,PEM102-OLD,Omni Channel,VT230194
CT-F-99-020502,2024-01-04,2024-01-10,4.0,Actual,PEM102-OLD,Omni Channel,"CT230311,CT230359"
RS-F-99-070005,2024-01-04,2024-02-29,60.0,Actual,PEM102-OLD,Omni Channel,RS240019
RS-F-99-070003,2024-01-04,2024-02-29,450.0,Actual,PEM102-OLD,Omni Channel,RS240023
RS-F-99-070006,2024-01-04,2024-02-29,300.0,Actual,PEM102-OLD,Omni Channel,RS240024
CT-F-99-020506,2024-01-04,2024-03-20,6.0,Actual,PEM102-OLD,Omni Channel,CT240013
CT-F-99-020507,2024-01-04,2024-03-20,6.0,Actual,PEM102-OLD,Omni Channel,CT240014
RS-F-99-070002,2024-01-04,2024-02-29,90.0,Actual,PEM102-OLD,Omni Channel,RS240022
CT-F-99-020501,2024-01-04,2024-03-20,40.0,Actual,PEM102-OLD,Omni Channel,CT240011
RS-F-99-070007,2024-01-04,2024-02-29,300.0,Actual,PEM102-OLD,Omni Channel,RS240021
VT-F-99-010820,2024-01-04,2024-03-22,152.0,Actual,PEM102-OLD,Tendering,VT240022
VT-F-99-010203,2024-01-04,2024-06-28,100.0,Actual,PEM102-OLD,Omni Channel,VT230236
CT-F-99-020506,2024-01-05,2024-01-10,3.0,Actual,PEM102-OLD,Omni Channel,CT230385
VT-F-99-010615,2024-01-08,2024-10-11,12.0,Actual,PEM102-OLD,Tendering,"VT240025,VT240097"
CT-F-99-020509,2024-01-08,2024-02-15,3.0,Actual,PEM102-OLD,Omni Channel,CT240017
VT-F-99-010616,2024-01-08,2024-02-15,3.0,Actual,PEM102-OLD,Omni Channel,VT240026
CT-F-99-020524,2024-01-08,2024-01-13,3.0,Actual,PEM102-OLD,Omni Channel,CT230356
CT-F-99-020702,2024-01-08,2024-02-05,1.0,Actual,PEM102-OLD,Omni Channel,CT240018
CT-F-99-020524,2024-01-08,2024-03-31,3.0,Actual,PEM102-OLD,Omni Channel,CT230375
VT-F-99-010721,2024-01-09,2024-01-19,1.0,Actual,PEM102-OLD,Omni Channel,VT230231
CT-F-99-020508,2024-01-09,2024-01-19,3.0,Actual,PEM102-OLD,Omni Channel,CT230361
CT-F-99-020506,2024-01-09,2024-01-29,3.0,Actual,PEM102-OLD,Omni Channel,CT230385
VT-F-99-010721,2024-01-09,2024-03-22,1.0,Actual,PEM102-OLD,Omni Channel,VT230231
CT-F-99-020530,2024-01-09,2024-03-22,3.0,Actual,PEM102-OLD,Omni Channel,CT230404
CT-F-99-020522,2024-01-10,2024-03-15,3.0,Actual,PEM102-OLD,Omni Channel,CT240020
CT-F-99-020527,2024-01-10,2024-02-29,3.0,Actual,PEM102-OLD,Omni Channel,CT230217
VT-F-99-010721,2024-01-10,2024-03-15,1.0,Actual,PEM102-OLD,Omni Channel,VT230231
VT-F-99-010721,2024-01-09,2024-01-29,1.0,Actual,PEM102-OLD,Omni Channel,VT230231
VT-F-99-010715,2024-01-11,2024-03-01,1.0,Actual,PEM102-OLD,Omni Channel,VT240020
CT-F-99-020507,2024-01-11,2024-03-01,3.0,Actual,PEM102-OLD,Omni Channel,CT230386
CT-F-99-020510,2024-01-11,2024-01-19,3.0,Actual,PEM102-OLD,Omni Channel,CT230407
VT-F-99-010203,2024-01-12,2024-01-17,2.0,Actual,PEM102-OLD,Omni Channel,VT230194
CT-F-99-020506,2024-01-12,2024-01-17,2.0,Actual,PEM102-OLD,Omni Channel,CT230385
CT-F-99-020506,2024-01-12,2024-01-24,3.0,Actual,PEM102-OLD,Omni Channel,CT230406
CT-F-99-020706,2024-01-15,2024-02-13,3.0,Actual,PEM102-OLD,Omni Channel,CT240025
VT-F-99-010818,2024-01-15,2024-02-13,1.0,Actual,PEM102-OLD,Omni Channel,VT240030
CT-F-99-020501,2024-01-15,2024-03-21,40.0,Actual,PPD101,Omni Channel,
RS-F-99-070007,2024-01-15,2024-03-21,300.0,Actual,PPD101,Omni Channel,
RS-F-99-070003,2024-01-15,2024-03-21,450.0,Actual,PPD101,Omni Channel,
RS-F-99-070006,2024-01-15,2024-03-21,300.0,Actual,PPD101,Omni Channel,
VT-F-99-010721,2024-01-15,2024-01-23,1.0,Actual,PEM102-OLD,Omni Channel,VT230231
CT-F-99-020506,2024-01-15,2024-01-23,3.0,Actual,PEM102-OLD,Omni Channel,CT230406
VT-F-99-010721,2024-01-16,2024-01-22,1.0,Actual,PEM102-OLD,Omni Channel,VT230231
CT-F-99-020506,2024-01-16,2024-01-22,3.0,Actual,PEM102-OLD,Omni Channel,CT230406
RS-F-99-070003,2024-01-17,2024-03-20,450.0,Actual,PEM102-OLD,Omni Channel,RS240046
RS-F-99-070006,2024-01-17,2024-03-20,300.0,Actual,PEM102-OLD,Omni Channel,RS240047
CT-F-99-020501,2024-01-17,2024-02-29,50.0,Actual,PEM102-OLD,Omni Channel,CT240026
RS-F-99-070007,2024-01-17,2024-03-20,300.0,Actual,PEM102-OLD,Omni Channel,RS240045
CT-F-99-020504,2024-01-04,2024-02-29,4.0,Actual,PEM102-OLD,Omni Channel,CT230392
VT-F-99-010721,2024-01-18,2024-01-20,1.0,Actual,PEM102-OLD,Omni Channel,VT230231
CT-F-99-020504,2024-01-18,2024-01-20,3.0,Actual,PEM102-OLD,Omni Channel,CT230384
VT-F-99-010302,2024-01-18,2024-07-17,45.0,Actual,PEM102-OLD,Omni Channel,VT230215
CT-F-99-020507,2024-01-18,2024-01-19,1.0,Actual,PEM102-OLD,Omni Channel,CT230386
CT-F-99-020504,2024-01-18,2024-04-25,10.0,Actual,PPD101,Omni Channel,
VT-F-99-010616,2024-01-18,2024-03-21,2.0,Actual,PPD101,Omni Channel,
RS-F-99-010123,2024-01-18,2024-02-12,4.0,Actual,PEM102-OLD,Omni Channel,RS240049
RS-F-99-010114,2024-01-18,2024-02-12,2.0,Actual,PEM102-OLD,Omni Channel,RS240050
VT-F-99-010721,2024-01-19,2024-02-23,1.0,Actual,PEM102-OLD,Omni Channel,VT230231
CT-F-99-020504,2024-01-19,2024-02-23,3.0,Actual,PEM102-OLD,Omni Channel,CT240008
VT-F-99-010721,2024-01-19,2024-02-23,1.0,Actual,PEM102-OLD,Omni Channel,VT230231
CT-F-99-020503,2024-01-19,2024-02-23,3.0,Actual,PEM102-OLD,Omni Channel,CT230295
VT-F-99-010203,2024-01-19,2024-01-25,2.0,Actual,PEM102-OLD,Omni Channel,VT230234
CT-F-99-020510,2024-01-19,2024-01-25,2.0,Actual,PEM102-OLD,Omni Channel,CT230407
VT-F-99-010203,2024-01-19,2024-01-25,2.0,Actual,PEM102-OLD,Omni Channel,VT230194
CT-F-99-020507,2024-01-19,2024-01-25,2.0,Actual,PEM102-OLD,Omni Channel,CT230386
CT-F-99-020504,2024-01-19,2024-03-29,10.0,Actual,PEM102-OLD,Omni Channel,CT240030
VT-F-99-010616,2024-01-19,2024-03-29,12.0,Actual,PEM102-OLD,Omni Channel,VT240032
VT-F-99-010203,2024-01-22,2024-01-24,2.0,Actual,PEM102-OLD,Omni Channel,VT230234
CT-F-99-020502,2024-01-22,2024-01-24,2.0,Actual,PEM102-OLD,Omni Channel,CT230359
RS-F-99-070005,2024-01-22,2024-02-18,3.0,Actual,PEM102-OLD,Omni Channel,RS230043
VT-F-99-010721,2024-01-22,2024-01-25,1.0,Actual,PEM102-OLD,Omni Channel,VT230231
CT-F-99-020504,2024-01-22,2024-01-25,3.0,Actual,PEM102-OLD,Omni Channel,CT230384
VT-F-99-010203,2024-01-22,2024-01-24,2.0,Actual,PEM102-OLD,Omni Channel,VT230234
CT-F-99-020501,2024-01-22,2024-01-24,2.0,Actual,PEM102-OLD,Omni Channel,CT230331
CT-F-99-020528,2024-01-22,2024-01-29,3.0,Actual,PEM102-OLD,Omni Channel,CT230400
CT-F-99-020510,2024-01-22,2024-02-01,3.0,Actual,PEM102-OLD,Omni Channel,CT230407
VT-F-99-010715,2024-01-22,2024-01-31,1.0,Actual,PEM102-OLD,Omni Channel,VT240020
CT-F-99-020505,2024-01-22,2024-01-31,3.0,Actual,PEM102-OLD,Omni Channel,CT230387
CT-F-99-020508,2024-01-23,2024-02-02,3.0,Actual,PEM102-OLD,Omni Channel,CT230395
RS-F-99-070003,2024-01-23,2024-03-29,100.0,Actual,PEM102-OLD,Omni Channel,RS240054
RS-F-99-070004,2024-01-23,2024-03-29,50.0,Actual,PEM102-OLD,Omni Channel,RS240055
RS-F-99-070005,2024-01-23,2024-03-29,12.0,Actual,PEM102-OLD,Omni Channel,RS240056
RS-F-99-070002,2024-01-23,2024-03-29,111.0,Actual,PEM102-OLD,Omni Channel,RS240053
RS-F-99-070007,2024-01-23,2024-03-29,102.0,Actual,PEM102-OLD,Omni Channel,RS240052
RS-F-99-041015,2024-01-23,2024-03-29,18.0,Actual,PEM102-OLD,Omni Channel,RS240059
RS-F-99-041001,2024-01-23,2024-03-29,30.0,Actual,PEM102-OLD,Omni Channel,RS240058
CT-F-99-020505,2024-01-23,2024-02-16,3.0,Actual,PEM102-OLD,Omni Channel,CT230387
VT-F-99-010721,2024-01-24,2024-02-28,1.0,Actual,PEM102-OLD,Omni Channel,VT230231
CT-F-99-020506,2024-01-24,2024-02-28,3.0,Actual,PEM102-OLD,Omni Channel,"CT230385,CT230406"
VT-F-99-010721,2024-01-24,2024-02-08,1.0,Actual,PEM102-OLD,Omni Channel,VT230200
CT-F-99-020527,2024-01-24,2024-02-08,3.0,Actual,PEM102-OLD,Omni Channel,CT230383
VT-F-99-010721,2024-01-24,2024-01-26,1.0,Actual,PEM102-OLD,Omni Channel,VT230231
CT-F-99-020530,2024-01-24,2024-01-26,3.0,Actual,PEM102-OLD,Omni Channel,CT230404
VT-F-99-010721,2024-01-24,2024-02-16,1.0,Actual,PEM102-OLD,Omni Channel,VT230231
CT-F-99-020508,2024-01-24,2024-02-16,3.0,Actual,PEM102-OLD,Omni Channel,CT230395
VT-F-99-010209,2024-01-24,2024-03-06,2.0,Actual,PEM102-OLD,Omni Channel,VT240036
CT-F-99-020506,2024-01-24,2024-03-06,2.0,Actual,PEM102-OLD,Omni Channel,CT240022
VT-F-99-010721,2024-01-24,2024-01-25,1.0,Actual,PEM102-OLD,Omni Channel,VT230231
VT-F-99-010819,2024-01-25,2024-02-23,1.0,Actual,PEM102-OLD,Omni Channel,VT230203
CT-F-99-020714,2024-01-25,2024-02-23,3.0,Actual,PEM102-OLD,Omni Channel,CT240033
VT-F-99-010721,2024-01-26,2024-02-01,1.0,Actual,PEM102-OLD,Omni Channel,VT230231
VT-F-99-010721,2024-01-26,2024-02-02,1.0,Actual,PEM102-OLD,Omni Channel,VT230231
CT-F-99-020506,2024-01-26,2024-02-02,3.0,Actual,PEM102-OLD,Omni Channel,CT240022
CT-F-99-020504,2024-01-26,2024-02-01,3.0,Actual,PEM102-OLD,Omni Channel,CT240008
VT-F-99-010203,2024-01-26,2024-01-31,2.0,Actual,PEM102-OLD,Omni Channel,CT240004
CT-F-99-020510,2024-01-26,2024-01-31,2.0,Actual,PEM102-OLD,Omni Channel,VT230234
VT-F-99-010722,2024-01-29,2024-02-23,1.0,Actual,PEM102-OLD,Omni Channel,VT230124
VT-F-99-010721,2024-01-29,2024-02-16,1.0,Actual,PEM102-OLD,Omni Channel,VT230231
CT-F-99-020504,2024-01-29,2024-02-16,3.0,Actual,PEM102-OLD,Omni Channel,CT240008
CT-F-99-020505,2024-01-29,2024-02-09,2.0,Actual,PEM102-OLD,Omni Channel,CT230387
VT-F-99-010203,2024-01-29,2024-02-09,2.0,Actual,PEM102-OLD,Omni Channel,VT230234
CT-F-99-020501,2024-01-29,2024-02-09,2.0,Actual,PEM102-OLD,Omni Channel,CT230331
VT-F-99-010203,2024-01-29,2024-02-09,2.0,Actual,PEM102-OLD,Omni Channel,VT230234
CT-F-99-020508,2024-01-29,2024-02-16,3.0,Actual,PEM102-OLD,Omni Channel,"CT230361,CT230395"
CT-F-99-020501,2024-01-29,2024-02-07,2.0,Actual,PEM102-OLD,Omni Channel,CT230331
VT-F-99-010203,2024-01-29,2024-02-07,2.0,Actual,PEM102-OLD,Omni Channel,VT230234
VT-F-99-010721,2024-01-29,2024-02-07,1.0,Actual,PEM102-OLD,Omni Channel,VT230231
CT-F-99-020504,2024-01-29,2024-02-07,3.0,Actual,PEM102-OLD,Omni Channel,CT240008
VT-F-99-010721,2024-01-29,2024-02-01,1.0,Actual,PEM102-OLD,Omni Channel,VT230231
CT-F-99-020506,2024-01-29,2024-02-01,3.0,Actual,PEM102-OLD,Omni Channel,CT230406
CT-F-99-020507,2024-01-29,2024-06-30,1.0,Actual,PEM102-OLD,Omni Channel,CT230386
CT-F-99-020514,2024-01-30,2024-02-16,3.0,Actual,PEM102-OLD,Omni Channel,CT240049
CT-F-99-020510,2024-01-30,2024-02-14,3.0,Actual,PEM102-OLD,Omni Channel,CT240004
VT-F-99-010819,2024-01-31,2024-03-29,1.0,Actual,PEM102-OLD,Omni Channel,VT230216
CT-F-99-020723,2024-01-31,2024-03-29,3.0,Actual,PEM102-OLD,Omni Channel,CT240050
CT-F-99-020507,2024-01-31,2024-02-23,3.0,Actual,PEM102-OLD,Omni Channel,CT230386
CT-F-99-020504,2024-01-31,2024-02-07,3.0,Actual,PEM102-OLD,Omni Channel,CT240008
VT-F-99-010203,2024-01-31,2024-02-13,2.0,Actual,PEM102-OLD,Omni Channel,VT230234
CT-F-99-020507,2024-01-31,2024-02-13,2.0,Actual,PEM102-OLD,Omni Channel,CT240003
VT-F-99-010721,2024-02-01,2024-02-09,1.0,Actual,PEM102-OLD,Omni Channel,VT230231
CT-F-99-020511,2024-02-01,2024-02-09,3.0,Actual,PEM102-OLD,Omni Channel,"CT230319,CT230237"
VT-F-99-010203,2024-02-01,2024-02-29,1.0,Actual,PEM102-OLD,Omni Channel,VT230194
VT-F-99-010721,2024-02-01,2024-02-13,2.0,Actual,PEM102-OLD,Omni Channel,VT230231
CT-F-99-020504,2024-02-01,2024-02-13,3.0,Actual,PEM102-OLD,Omni Channel,CT240008
CT-F-99-020510,2024-02-01,2024-02-13,3.0,Actual,PEM102-OLD,Omni Channel,CT240004
VT-F-99-010721,2024-02-02,2024-04-11,1.0,Actual,PEM102-OLD,Omni Channel,VT240042
CT-F-99-020528,2024-02-02,2024-04-11,3.0,Actual,PEM102-OLD,Omni Channel,CT230400
VT-F-99-010203,2024-02-02,2024-02-07,1.0,Actual,PEM102-OLD,Omni Channel,VT230234
CT-F-99-020505,2024-02-02,2024-02-06,3.0,Actual,PEM102-OLD,Omni Channel,CT230387
CT-F-99-020503,2024-02-02,2024-02-27,17.0,Actual,PEM102-OLD,Omni Channel,CT240007
CT-F-99-020504,2024-02-02,2024-02-27,17.0,Actual,PEM102-OLD,Omni Channel,CT240034
VT-F-99-010203,2024-02-02,2024-02-07,1.0,Actual,PEM102-OLD,Omni Channel,VT230194
RS-F-99-041015,2024-02-05,2024-04-19,12.0,Actual,PEM102-OLD,Omni Channel,RS240083
CT-F-99-020505,2024-02-05,2024-02-15,3.0,Actual,PEM102-OLD,Omni Channel,CT240021
RS-F-99-041033,2024-02-05,2024-03-29,24.0,Actual,PEM102-OLD,Omni Channel,"RS240008,RS240081"
RS-F-99-041034,2024-02-05,2024-04-19,12.0,Actual,PEM102-OLD,Omni Channel,RS240009
RS-F-99-041001,2024-02-05,2024-03-29,12.0,Actual,PEM102-OLD,Omni Channel,RS220291
RS-F-99-041002,2024-02-05,2024-03-29,12.0,Actual,PEM102-OLD,Omni Channel,RS240007
RS-F-99-041003,2024-02-05,2024-03-29,24.0,Actual,PEM102-OLD,Omni Channel,RS240082
RS-F-99-041004,2024-02-05,2024-04-19,12.0,Actual,PEM102-OLD,Omni Channel,RS240011
CT-F-99-020506,2024-02-05,2024-02-15,3.0,Actual,PEM102-OLD,Omni Channel,CT240022
CT-F-99-020503,2024-02-05,2024-02-15,3.0,Actual,PEM102-OLD,Omni Channel,CT230349
VT-F-99-010715,2024-02-05,2024-02-15,1.0,Actual,PEM102-OLD,Omni Channel,VT240020
CT-F-99-020505,2024-02-05,2024-02-15,3.0,Actual,PEM102-OLD,Omni Channel,CT240021
VT-F-99-010715,2024-02-05,2024-02-15,1.0,Actual,PEM102-OLD,Omni Channel,VT240020
CT-F-99-020506,2024-02-05,2024-02-09,3.0,Actual,PEM102-OLD,Omni Channel,CT240028
VT-F-99-010715,2024-02-06,2024-02-23,1.0,Actual,PEM102-OLD,Omni Channel,VT240020
CT-F-99-020505,2024-02-06,2024-02-23,3.0,Actual,PEM102-OLD,Omni Channel,CT230387
CT-F-99-020506,2024-02-06,2024-04-18,3.0,Actual,PEM102-OLD,Omni Channel,CT240028
CT-F-99-020524,2024-02-06,2024-02-07,3.0,Actual,PEM102-OLD,Omni Channel,CT230396
VT-F-99-010721,2024-02-06,2024-02-07,1.0,Actual,PEM102-OLD,Omni Channel,VT230231
VT-F-99-010203,2024-02-06,2024-02-13,14.0,Actual,PEM102-OLD,Omni Channel,VT230234
CT-F-99-020502,2024-02-06,2024-02-13,6.0,Actual,PEM102-OLD,Omni Channel,CT230359
CT-F-99-020501,2024-02-06,2024-02-13,8.0,Actual,PEM102-OLD,Omni Channel,CT230331
CT-F-99-020504,2024-02-07,2024-02-12,3.0,Actual,PEM102-OLD,Omni Channel,CT240008
VT-F-99-010721,2024-02-07,2024-02-12,1.0,Actual,PEM102-OLD,Omni Channel,VT230231
CT-F-99-020504,2024-02-07,2024-02-12,3.0,Actual,PEM102-OLD,Omni Channel,CT240008
VT-F-99-010721,2024-02-07,2024-02-12,1.0,Actual,PEM102-OLD,Omni Channel,VT230231
CT-F-99-020505,2024-02-07,2024-02-12,3.0,Actual,PEM102-OLD,Omni Channel,CT240021
VT-F-99-010721,2024-02-07,2024-02-12,1.0,Actual,PEM102-OLD,Omni Channel,VT230231
CT-F-99-020505,2024-02-07,2024-02-15,3.0,Actual,PEM102-OLD,Omni Channel,CT240021
CT-F-99-020504,2024-02-07,2024-02-15,3.0,Actual,PEM102-OLD,Omni Channel,CT240008
VT-F-99-010721,2024-02-07,2024-02-15,1.0,Actual,PEM102-OLD,Omni Channel,VT230231
CT-F-99-020505,2024-02-07,2024-02-15,3.0,Actual,PEM102-OLD,Omni Channel,CT240021
VT-F-99-010721,2024-02-07,2024-02-15,1.0,Actual,PEM102-OLD,Omni Channel,VT230231
CT-F-99-020506,2024-02-07,2024-02-16,3.0,Actual,PEM102-OLD,Omni Channel,CT240022
CT-F-99-020507,2024-02-07,2024-02-16,3.0,Actual,PEM102-OLD,Omni Channel,CT240003
VT-F-99-010721,2024-02-07,2024-02-16,1.0,Actual,PEM102-OLD,Omni Channel,VT230231
CT-F-99-020507,2024-02-07,2024-02-19,3.0,Actual,PEM102-OLD,Omni Channel,CT240003
VT-F-99-010721,2024-02-07,2024-02-19,1.0,Actual,PEM102-OLD,Omni Channel,VT240028
CT-F-99-020508,2024-02-07,2024-02-20,3.0,Actual,PEM102-OLD,Omni Channel,CT230395
CT-F-99-020506,2024-02-08,2024-02-20,3.0,Actual,PEM102-OLD,Omni Channel,CT240022
VT-F-99-010721,2024-02-08,2024-02-20,1.0,Actual,PEM102-OLD,Omni Channel,VT240028
VT-F-99-010721,2024-02-08,2024-02-20,1.0,Actual,PEM102-OLD,Omni Channel,VT240028
CT-F-99-020502,2024-02-08,2024-02-20,3.0,Actual,PEM102-OLD,Omni Channel,CT230359
CT-F-99-020504,2024-02-08,2024-02-22,3.0,Actual,PEM102-OLD,Omni Channel,CT240008
VT-F-99-010721,2024-02-08,2024-02-22,1.0,Actual,PEM102-OLD,Omni Channel,VT240028
VT-F-99-010819,2024-02-08,2024-02-22,1.0,Actual,PEM102-OLD,Omni Channel,VT230216
CT-F-99-020507,2024-02-08,2024-02-21,3.0,Actual,PEM102-OLD,Omni Channel,CT240003
VT-F-99-010721,2024-02-08,2024-02-21,1.0,Actual,PEM102-OLD,Omni Channel,VT240028
VT-F-99-010819,2024-02-08,2024-02-22,1.0,Actual,PEM102-OLD,Omni Channel,VT230216
CT-F-99-020505,2024-02-08,2024-02-22,3.0,Actual,PEM102-OLD,Omni Channel,CT240021
VT-F-99-010721,2024-02-08,2024-02-22,1.0,Actual,PEM102-OLD,Omni Channel,VT240028
VT-F-99-010721,2024-02-09,2024-02-15,1.0,Actual,PEM102-OLD,Omni Channel,VT230231
CT-F-99-020527,2024-02-09,2024-02-15,3.0,Actual,PEM102-OLD,Omni Channel,CT230402
VT-F-99-010203,2024-02-09,2024-03-08,2.0,Actual,PEM102-OLD,Omni Channel,VT230234
VT-F-99-010819,2024-02-09,2024-03-28,1.0,Actual,PEM102-OLD,Omni Channel,VT230233
CT-F-99-020504,2024-02-09,2024-03-28,3.0,Actual,PEM102-OLD,Omni Channel,CT240008
VT-F-99-010721,2024-02-09,2024-02-27,1.0,Actual,PEM102-OLD,Omni Channel,VT230231
CT-F-99-020506,2024-02-09,2024-02-27,3.0,Actual,PEM102-OLD,Omni Channel,CT240028
VT-F-99-010721,2024-02-09,2024-02-27,1.0,Actual,PEM102-OLD,Omni Channel,VT230231
CT-F-99-020510,2024-02-09,2024-02-27,3.0,Actual,PEM102-OLD,Omni Channel,"CT240004,CT240032"
CT-F-99-020704,2024-02-09,2024-03-28,3.0,Actual,PEM102-OLD,Omni Channel,CT240061
CT-F-99-020702,2024-02-09,2024-03-09,2.0,Actual,PEM102-OLD,Omni Channel,CT240055
VT-F-99-010303,2024-02-09,2024-03-06,2.0,Actual,PEM102-OLD,Omni Channel,VT230027
VT-F-99-010819,2024-02-12,2024-04-05,1.0,Actual,PEM102-OLD,Omni Channel,VT230216
CT-F-99-020710,2024-02-12,2024-04-05,3.0,Actual,PEM102-OLD,Omni Channel,CT240057
CT-F-99-020705,2024-02-08,2024-02-21,3.0,Actual,PEM102-OLD,Omni Channel,CT240051
CT-F-99-020705,2024-02-08,2024-02-22,3.0,Actual,PEM102-OLD,Omni Channel,CT240051
VT-F-99-010819,2024-02-12,2024-03-08,1.0,Actual,PEM102-OLD,Omni Channel,VT230216
VT-F-99-010721,2024-02-12,2024-02-20,1.0,Actual,PEM102-OLD,Omni Channel,VT240028
CT-F-99-020523,2024-02-12,2024-02-20,3.0,Actual,PEM102-OLD,Omni Channel,CT240006
VT-F-99-010203,2024-02-12,2024-02-23,12.0,Actual,PEM102-OLD,Omni Channel,VT230234
CT-F-99-020507,2024-02-12,2024-02-23,4.0,Actual,PEM102-OLD,Omni Channel,CT240003
VT-F-99-010721,2024-02-12,2024-03-29,1.0,Actual,PEM102-OLD,Omni Channel,VT240028
CT-F-99-020502,2024-02-12,2024-03-29,3.0,Actual,PEM102-OLD,Omni Channel,CT240006
CT-F-99-020506,2024-02-12,2024-02-27,3.0,Actual,PEM102-OLD,Omni Channel,CT240028
CT-F-99-020506,2024-02-13,2024-03-05,3.0,Actual,PEM102-OLD,Omni Channel,CT240028
VT-F-99-010302,2024-02-13,2024-04-12,152.0,Actual,PPS,Tendering,CTR-2024-00890
CT-F-99-020508,2024-02-13,2024-02-16,3.0,Actual,PEM102-OLD,Omni Channel,CT230395
VT-F-99-010721,2024-02-13,2024-02-16,1.0,Actual,PEM102-OLD,Omni Channel,VT230231
VT-F-99-010819,2024-02-13,2024-03-03,1.0,Actual,PEM102-OLD,Omni Channel,VT230233
CT-F-99-020728,2024-02-13,2024-03-03,3.0,Actual,PEM102-OLD,Omni Channel,CT240059
VT-F-99-010203,2024-02-13,2024-02-23,1.0,Actual,PEM102-OLD,Omni Channel,VT230234
VT-F-99-010721,2024-02-14,2024-02-23,2.0,Actual,PEM102-OLD,Omni Channel,VT240028
CT-F-99-020528,2024-02-14,2024-02-23,3.0,Actual,PEM102-OLD,Omni Channel,CT230403
CT-F-99-020530,2024-02-14,2024-02-23,3.0,Actual,PEM102-OLD,Omni Channel,CT240001
CT-F-99-020501,2024-02-14,2024-02-16,6.0,Actual,PEM102-OLD,Omni Channel,CT240005
CT-F-99-020502,2024-02-14,2024-02-16,6.0,Actual,PEM102-OLD,Omni Channel,CT240006
VT-F-99-010203,2024-02-14,2024-03-06,12.0,Actual,PEM102-OLD,Omni Channel,VT240038
CT-F-99-020528,2024-02-14,2024-02-17,3.0,Actual,PEM102-OLD,Omni Channel,CT230400
VT-F-99-010721,2024-02-14,2024-02-17,1.0,Actual,PEM102-OLD,Omni Channel,VT240028
VT-F-99-010721,2024-02-14,2024-02-16,1.0,Actual,PEM102-OLD,Omni Channel,VT240028
CT-F-99-020505,2024-02-14,2024-02-16,3.0,Actual,PEM102-OLD,Omni Channel,CT240052
CT-F-99-020707,2024-02-14,2024-03-08,3.0,Actual,PEM102-OLD,Omni Channel,CT240002
VT-F-99-010721,2024-02-14,2024-03-01,1.0,Actual,PEM102-OLD,Omni Channel,VT240028
CT-F-99-020504,2024-02-14,2024-03-01,3.0,Actual,PEM102-OLD,Omni Channel,CT240008
CT-F-99-020507,2024-02-15,2024-03-06,3.0,Actual,PEM102-OLD,Omni Channel,"CT240003,CT240031"
CT-F-99-020507,2024-02-15,2024-03-01,2.0,Actual,PEM102-OLD,Omni Channel,CT240031
VT-F-99-010721,2024-02-15,2024-03-29,1.0,Actual,PEM102-OLD,Omni Channel,VT240028
CT-F-99-020505,2024-02-15,2024-03-29,3.0,Actual,PEM102-OLD,Omni Channel,CT240052
VT-F-99-010819,2024-02-15,2024-04-02,1.0,Actual,PEM102-OLD,Omni Channel,VT230233
CT-F-99-020506,2024-02-15,2024-03-29,3.0,Actual,PEM102-OLD,Omni Channel,CT240028
VT-F-99-010203,2024-02-15,2024-03-01,2.0,Actual,PEM102-OLD,Omni Channel,VT230234
VT-F-99-010209,2024-02-15,2024-03-28,2.0,Actual,PEM102-OLD,Omni Channel,VT240047
CT-F-99-020505,2024-02-15,2024-03-28,2.0,Actual,PEM102-OLD,Omni Channel,CT240052
CT-F-99-020504,2024-02-15,2024-03-13,2.0,Actual,PEM102-OLD,Omni Channel,CT240008
VT-F-99-010203,2024-02-15,2024-03-13,2.0,Actual,PEM102-OLD,Omni Channel,VT240038
VT-F-99-010721,2024-02-15,2024-02-19,1.0,Actual,PEM102-OLD,Omni Channel,VT240028
CT-F-99-020506,2024-02-15,2024-02-19,3.0,Actual,PEM102-OLD,Omni Channel,CT240028
CT-F-99-020527,2024-02-16,2024-03-29,3.0,Actual,PEM102-OLD,Omni Channel,CT240300
VT-F-99-010721,2024-02-16,2024-02-23,1.0,Actual,PEM102-OLD,Omni Channel,VT240028
CT-F-99-020510,2024-02-16,2024-02-23,3.0,Actual,PEM102-OLD,Omni Channel,CT240032
VT-F-99-010721,2024-02-19,2024-03-19,2.0,Actual,PEM102-OLD,Omni Channel,VT240037
CT-F-99-020524,2024-02-19,2024-03-19,3.0,Actual,PEM102-OLD,Omni Channel,CT230396
CT-F-99-020528,2024-02-19,2024-03-19,3.0,Actual,PEM102-OLD,Omni Channel,CT230403
VT-F-99-010721,2024-02-20,2024-03-08,1.0,Actual,PEM102-OLD,Omni Channel,VT240028
CT-F-99-020528,2024-02-20,2024-03-08,3.0,Actual,PEM102-OLD,Omni Channel,CT230403
VT-F-99-010721,2024-02-20,2024-03-15,2.0,Actual,PEM102-OLD,Omni Channel,"VT240037,VT240042"
CT-F-99-020504,2024-02-20,2024-03-15,3.0,Actual,PEM102-OLD,Omni Channel,CT240034
CT-F-99-020510,2024-02-20,2024-03-15,3.0,Actual,PEM102-OLD,Omni Channel,"CT240032,CT240065"
CT-F-99-020506,2024-02-20,2024-02-23,3.0,Actual,PEM102-OLD,Omni Channel,CT240028
RS-F-99-070007,2024-01-23,2024-02-29,48.0,Actual,PEM102-OLD,Omni Channel,RS240052
RS-F-99-070002,2024-01-23,2024-02-29,39.0,Actual,PEM102-OLD,Omni Channel,RS240053
CT-F-99-020508,2024-02-21,2024-02-22,3.0,Actual,PEM102-OLD,Omni Channel,CT240029
CT-F-99-020530,2024-02-21,2024-02-23,3.0,Actual,PEM102-OLD,Omni Channel,CT240001
CT-F-99-020507,2024-02-21,2024-03-15,3.0,Actual,PEM102-OLD,Omni Channel,"CT240003,CT240031"
CT-F-99-020510,2024-02-21,2024-03-15,3.0,Actual,PEM102-OLD,Omni Channel,CT240032
VT-F-99-010819,2024-02-21,2024-03-18,1.0,Actual,PEM102-OLD,Omni Channel,VT230233
VT-F-99-010721,2024-02-21,2024-03-29,1.0,Actual,PEM102-OLD,Omni Channel,VT240053
CT-F-99-020526,2024-02-21,2024-03-29,3.0,Actual,PEM102-OLD,Omni Channel,CT230405
VT-F-99-010721,2024-02-21,2024-03-29,1.0,Actual,PEM102-OLD,Omni Channel,VT240042
CT-F-99-020530,2024-02-21,2024-03-29,3.0,Actual,PEM102-OLD,Omni Channel,CT230404
VT-F-99-010722,2024-02-21,2024-03-25,1.0,Actual,PEM102-OLD,Omni Channel,VT230227
CT-F-99-020703,2024-02-21,2024-03-18,3.0,Actual,PEM102-OLD,Omni Channel,CT240075
VT-F-99-010721,2024-02-21,2024-03-06,1.0,Actual,PEM102-OLD,Omni Channel,VT240037
CT-F-99-020506,2024-02-21,2024-03-20,3.0,Actual,PEM102-OLD,Omni Channel,"CT240053,CT240072"
CT-F-99-020508,2024-02-22,2024-03-01,3.0,Actual,PEM102-OLD,Omni Channel,CT230395
CT-F-99-020506,2024-02-22,2024-04-05,4.0,Actual,PEM102-OLD,Omni Channel,CT240053
CT-F-99-020507,2024-02-22,2024-04-05,2.0,Actual,PEM102-OLD,Omni Channel,CT240064
CT-F-99-020504,2024-02-22,2024-03-08,3.0,Actual,PEM102-OLD,Omni Channel,CT240070
VT-F-99-010721,2024-02-22,2024-03-08,1.0,Actual,PEM102-OLD,Omni Channel,VT240028
VT-F-99-010715,2024-02-22,2024-03-15,1.0,Actual,PEM102-OLD,Omni Channel,VT240020
CT-F-99-020506,2024-02-22,2024-03-15,3.0,Actual,PEM102-OLD,Omni Channel,CT240053
VT-F-99-010819,2024-02-22,2024-03-31,1.0,Actual,PEM102-OLD,Omni Channel,VT230233
CT-F-99-020730,2024-02-22,2024-03-31,3.0,Actual,PEM102-OLD,Omni Channel,CT240076
VT-F-99-010721,2024-02-23,2024-03-04,1.0,Actual,PEM102-OLD,Omni Channel,VT240037
CT-F-99-020526,2024-02-23,2024-03-04,3.0,Actual,PEM102-OLD,Omni Channel,CT240010
CT-F-99-020511,2024-02-23,2024-02-24,2.0,Actual,PEM102-OLD,Omni Channel,CT240009
VT-F-99-010203,2024-02-23,2024-02-24,2.0,Actual,PEM102-OLD,Omni Channel,VT240038
VT-F-99-010302,2024-02-27,2024-04-12,152.0,Actual,PEM102-OLD,Tendering,"VT230114,VT230214"
CT-F-99-020503,2024-02-27,2024-02-29,2.0,Actual,PEM102-OLD,Omni Channel,CT240007
CT-F-99-020506,2024-02-28,2024-03-25,3.0,Actual,PEM102-OLD,Omni Channel,CT240072
CT-F-99-020506,2024-02-28,2024-02-29,3.0,Actual,PEM102-OLD,Omni Channel,CT240028
CT-F-99-020507,2024-02-28,2024-03-25,3.0,Actual,PEM102-OLD,Omni Channel,CT240031
VT-F-99-010721,2024-02-28,2024-03-08,2.0,Actual,PEM102-OLD,Omni Channel,VT240037
CT-F-99-020507,2024-02-28,2024-03-08,6.0,Actual,PEM102-OLD,Omni Channel,CT240031
VT-F-99-010721,2024-02-28,2024-03-08,1.0,Actual,PEM102-OLD,Omni Channel,VT240037
CT-F-99-020528,2024-02-28,2024-03-08,3.0,Actual,PEM102-OLD,Omni Channel,CT240067
VT-F-99-010721,2024-02-28,2024-03-13,1.0,Actual,PEM102-OLD,Omni Channel,VT240037
CT-F-99-020506,2024-02-28,2024-03-13,3.0,Actual,PEM102-OLD,Omni Channel,CT240053
CT-F-99-020524,2024-02-28,2024-03-27,3.0,Actual,PEM102-OLD,Omni Channel,CT240023
VT-F-99-010721,2024-02-28,2024-03-27,1.0,Actual,PEM102-OLD,Omni Channel,VT240037
VT-F-99-010721,2024-02-29,2024-03-04,1.0,Actual,PEM102-OLD,Omni Channel,VT240037
CT-F-99-020506,2024-02-29,2024-03-04,3.0,Actual,PEM102-OLD,Omni Channel,CT240053
VT-F-99-010721,2024-02-29,2024-03-15,1.0,Actual,PEM102-OLD,Omni Channel,VT240037
CT-F-99-020510,2024-02-29,2024-03-15,3.0,Actual,PEM102-OLD,Omni Channel,CT240065
VT-F-99-010721,2024-02-29,2024-04-11,1.0,Actual,PEM102-OLD,Omni Channel,VT240053
CT-F-99-020506,2024-02-29,2024-04-11,3.0,Actual,PEM102-OLD,Omni Channel,CT240072
VT-F-99-010721,2024-02-29,2024-04-11,1.0,Actual,PEM102-OLD,Omni Channel,VT240042
CT-F-99-020506,2024-02-29,2024-04-11,3.0,Actual,PEM102-OLD,Omni Channel,CT240072
VT-F-99-010721,2024-02-29,2024-03-09,1.0,Actual,PEM102-OLD,Omni Channel,VT240042
CT-F-99-020506,2024-02-29,2024-03-09,3.0,Actual,PEM102-OLD,Omni Channel,CT240053
VT-F-99-010721,2024-02-29,2024-03-28,1.0,Actual,PEM102-OLD,Omni Channel,VT240053
CT-F-99-020508,2024-02-29,2024-03-28,3.0,Actual,PEM102-OLD,Omni Channel,CT240029
VT-F-99-010721,2024-03-01,2024-03-13,1.0,Actual,PEM102-OLD,Omni Channel,VT240037
CT-F-99-020503,2024-03-01,2024-03-13,3.0,Actual,PEM102-OLD,Omni Channel,"CT230349,CT240007"
CT-F-99-020718,2024-03-01,2024-04-10,4.0,Actual,PEM102-OLD,Omni Channel,CT240080
VT-F-99-010303,2024-03-01,2024-04-10,4.0,Actual,PEM102-OLD,Omni Channel,VT230027
VT-F-99-010715,2024-03-01,2024-03-15,1.0,Actual,PEM102-OLD,Omni Channel,VT240020
CT-F-99-020508,2024-03-01,2024-03-15,3.0,Actual,PEM102-OLD,Omni Channel,CT240029
VT-F-99-010721,2024-03-01,2024-03-09,1.0,Actual,PEM102-OLD,Omni Channel,VT240037
VT-F-99-010721,2024-03-01,2024-03-08,1.0,Actual,PEM102-OLD,Omni Channel,VT240037
CT-F-99-020527,2024-03-01,2024-03-08,3.0,Actual,PEM102-OLD,Omni Channel,CT230402
VT-F-99-010721,2024-03-01,2024-03-27,1.0,Actual,PEM102-OLD,Omni Channel,VT240042
CT-F-99-020504,2024-03-01,2024-03-27,3.0,Actual,PEM102-OLD,Omni Channel,CT240070
VT-F-99-010721,2024-03-01,2024-03-18,1.0,Actual,PEM102-OLD,Omni Channel,VT240042
VT-F-99-010721,2024-03-01,2024-03-08,1.0,Actual,PEM102-OLD,Omni Channel,VT240028
CT-F-99-020504,2024-03-01,2024-03-08,3.0,Actual,PEM102-OLD,Omni Channel,CT240070
CT-F-99-020506,2024-03-04,2024-03-14,1.0,Actual,PEM102-OLD,Omni Channel,CT240072
VT-F-99-010721,2024-03-04,2024-03-25,1.0,Actual,PEM102-OLD,Omni Channel,VT240042
CT-F-99-020528,2024-03-04,2024-03-25,3.0,Actual,PEM102-OLD,Omni Channel,CT240067
VT-F-99-010721,2024-03-04,2024-03-29,1.0,Actual,PEM102-OLD,Omni Channel,VT240037
CT-F-99-020507,2024-03-04,2024-03-29,3.0,Actual,PEM102-OLD,Omni Channel,CT240064
VT-F-99-010721,2024-03-05,2024-03-15,1.0,Actual,PEM102-OLD,Omni Channel,VT240037
CT-F-99-020525,2024-03-05,2024-03-15,3.0,Actual,PEM102-OLD,Omni Channel,CT230333
CT-F-99-020507,2024-03-05,2024-04-26,3.0,Actual,PEM102-OLD,Omni Channel,CT240062
CT-F-99-020505,2024-03-05,2024-03-07,3.0,Actual,PEM102-OLD,Omni Channel,CT240052
VT-F-99-010721,2024-03-05,2024-03-25,1.0,Actual,PEM102-OLD,Omni Channel,VT240042
CT-F-99-020505,2024-03-05,2024-03-25,3.0,Actual,PEM102-OLD,Omni Channel,CT240052
CT-F-99-020508,2024-03-05,2024-03-11,3.0,Actual,PEM102-OLD,Omni Channel,CT240029
VT-F-99-010721,2024-03-06,2024-03-15,1.0,Actual,PEM102-OLD,Omni Channel,VT240042
CT-F-99-020506,2024-03-06,2024-03-15,3.0,Actual,PEM102-OLD,Omni Channel,CT240072
VT-F-99-010721,2024-03-07,2024-03-19,1.0,Actual,PEM102-OLD,Omni Channel,VT240042
CT-F-99-020507,2024-03-07,2024-03-19,3.0,Actual,PEM102-OLD,Omni Channel,CT240064
CT-F-99-020502,2024-03-07,2024-03-14,6.0,Actual,PEM102-OLD,Omni Channel,CT240006
VT-F-99-010721,2024-03-07,2024-03-14,2.0,Actual,PEM102-OLD,Omni Channel,VT240042
CT-F-99-020506,2024-03-07,2024-03-15,2.0,Actual,PEM102-OLD,Omni Channel,CT240072
VT-F-99-010721,2024-03-08,2024-03-16,1.0,Actual,PEM102-OLD,Omni Channel,VT240042
CT-F-99-020503,2024-03-08,2024-03-16,3.0,Actual,PEM102-OLD,Omni Channel,CT230349
VT-F-99-010721,2024-03-08,2024-03-13,1.0,Actual,PEM102-OLD,Omni Channel,VT240037
CT-F-99-020507,2024-03-08,2024-03-13,3.0,Actual,PEM102-OLD,Omni Channel,CT240031
VT-F-99-010721,2024-03-08,2024-03-13,1.0,Actual,PEM102-OLD,Omni Channel,VT240037
CT-F-99-020505,2024-03-08,2024-03-13,3.0,Actual,PEM102-OLD,Omni Channel,CT240052
VT-F-99-010721,2024-03-08,2024-03-14,1.0,Actual,PEM102-OLD,Omni Channel,VT240042
CT-F-99-020527,2024-03-08,2024-03-14,3.0,Actual,PEM102-OLD,Omni Channel,CT230402
CT-F-99-020528,2024-03-08,2024-03-15,1.0,Actual,PEM102-OLD,Omni Channel,CT240067
VT-F-99-010819,2024-03-11,2024-03-30,1.0,Actual,PEM102-OLD,Omni Channel,VT230233
CT-F-99-020704,2024-03-11,2024-03-30,3.0,Actual,PEM102-OLD,Omni Channel,CT240092
CT-F-99-020505,2024-03-12,2024-05-06,3.0,Actual,PEM102-OLD,Omni Channel,CT240071
VT-F-99-010721,2024-03-12,2024-03-20,1.0,Actual,PEM102-OLD,Omni Channel,VT240042
CT-F-99-020527,2024-03-12,2024-03-20,3.0,Actual,PEM102-OLD,Omni Channel,CT230402
VT-F-99-010721,2024-03-12,2024-03-22,1.0,Actual,PEM102-OLD,Omni Channel,VT240042
CT-F-99-020506,2024-03-12,2024-03-22,3.0,Actual,PEM102-OLD,Omni Channel,CT240053
VT-F-99-010721,2024-03-13,2024-03-21,1.0,Actual,PEM102-OLD,Omni Channel,VT240042
CT-F-99-020528,2024-03-13,2024-03-21,3.0,Actual,PEM102-OLD,Omni Channel,"CT240067,CT240074"
VT-F-99-010722,2024-03-13,2024-05-03,2.0,Actual,PEM102-OLD,Omni Channel,VT230227
VT-F-99-010819,2024-03-13,2024-04-03,1.0,Actual,PEM102-OLD,Omni Channel,VT230233
CT-F-99-020705,2024-03-13,2024-04-03,3.0,Actual,PEM102-OLD,Omni Channel,CT240060
VT-F-99-010203,2024-03-14,2024-04-30,2.0,Actual,PEM102-OLD,Omni Channel,VT240038
CT-F-99-020506,2024-03-14,2024-04-30,2.0,Actual,PEM102-OLD,Omni Channel,CT240072
VT-F-99-010721,2024-03-14,2024-04-23,1.0,Actual,PEM102-OLD,Omni Channel,VT240053
CT-F-99-020507,2024-03-14,2024-04-23,3.0,Actual,PEM102-OLD,Omni Channel,CT240088
VT-F-99-010721,2024-03-15,2024-04-07,1.0,Actual,PEM102-OLD,Omni Channel,VT230231
CT-F-99-020503,2024-03-15,2024-04-07,3.0,Actual,PEM102-OLD,Omni Channel,CT230349
VT-F-99-010721,2024-03-15,2024-04-12,1.0,Actual,PEM102-OLD,Omni Channel,VT240053
CT-F-99-020530,2024-03-15,2024-04-12,3.0,Actual,PEM102-OLD,Omni Channel,CT240037
CT-F-99-020524,2024-03-15,2024-04-05,3.0,Actual,PEM102-OLD,Omni Channel,CT240054
CT-F-99-020506,2024-03-15,2024-03-27,3.0,Actual,PEM102-OLD,Omni Channel,"CT240072,CT240044"
RS-F-99-040006,2024-03-21,2024-05-30,100.0,Actual,PTS,Tendering,CTR-2024-01651
VT-F-99-010721,2024-03-15,2024-04-04,1.0,Actual,PEM102-OLD,Omni Channel,VT240053
CT-F-99-020506,2024-03-15,2024-04-04,3.0,Actual,PEM102-OLD,Omni Channel,CT240044
RS-F-99-010129,2024-03-21,2024-05-30,80.0,Actual,PTS,Tendering,CTR-2024-01654
CT-F-99-020511,2024-03-18,2024-04-05,3.0,Actual,PEM102-OLD,Omni Channel,"CT230319,CT230342"
VT-F-99-010715,2024-03-18,2024-05-31,1.0,Actual,PEM102-OLD,Omni Channel,VT240020
CT-F-99-020507,2024-03-18,2024-05-31,3.0,Actual,PEM102-OLD,Omni Channel,"CT240031,CT240045"
CT-F-99-020506,2024-03-18,2024-05-21,2.0,Actual,PEM102-OLD,Omni Channel,CT240044
VT-F-99-010721,2024-03-18,2024-05-21,1.0,Actual,PEM102-OLD,Omni Channel,VT240042
CT-F-99-020526,2024-03-18,2024-05-21,3.0,Actual,PEM102-OLD,Omni Channel,CT230405
VT-F-99-010203,2024-03-18,2024-05-21,2.0,Actual,PEM102-OLD,Omni Channel,VT240038
CT-F-99-020508,2024-03-18,2024-05-21,2.0,Actual,PEM102-OLD,Omni Channel,CT230395
VT-F-99-010203,2024-03-18,2024-05-21,2.0,Actual,PEM102-OLD,Omni Channel,VT240038
VT-F-99-010721,2024-03-18,2024-05-21,1.0,Actual,PEM102-OLD,Omni Channel,VT240053
CT-F-99-020526,2024-03-18,2024-05-21,3.0,Actual,PEM102-OLD,Omni Channel,CT240010
VT-F-99-010721,2024-03-18,2024-04-04,1.0,Actual,PEM102-OLD,Omni Channel,VT240053
CT-F-99-020508,2024-03-18,2024-04-04,3.0,Actual,PEM102-OLD,Omni Channel,CT240029
VT-F-99-010209,2024-03-18,2024-04-05,2.0,Actual,PEM102-OLD,Omni Channel,VT240066
CT-F-99-020510,2024-03-18,2024-04-05,2.0,Actual,PEM102-OLD,Omni Channel,CT240065
CT-F-99-020511,2024-03-18,2024-04-04,3.0,Actual,PEM102-OLD,Omni Channel,CT240009
VT-F-99-010721,2024-03-18,2024-04-04,1.0,Actual,PEM102-OLD,Omni Channel,VT240053
VT-F-99-010819,2024-03-18,2024-04-05,1.0,Actual,PEM102-OLD,Omni Channel,VT230233
CT-F-99-020707,2024-03-18,2024-04-05,3.0,Actual,PEM102-OLD,Omni Channel,CT240099
VT-F-99-010721,2024-03-18,2024-03-29,1.0,Actual,PEM102-OLD,Omni Channel,VT240053
CT-F-99-020510,2024-03-18,2024-03-29,3.0,Actual,PEM102-OLD,Omni Channel,CT240065
VT-F-99-010203,2024-03-19,2024-11-28,36.0,Actual,PPD101,Omni Channel,
VT-F-99-010203,2024-03-19,2024-10-17,48.0,Actual,PPD101,Omni Channel,
VT-F-99-010203,2024-03-19,2025-01-30,128.0,Actual,PPD101,Omni Channel,
CT-F-99-020705,2024-03-19,2024-04-11,3.0,Actual,PEM102-OLD,Omni Channel,CT240094
CT-F-99-020501,2024-03-19,2024-06-27,70.0,Actual,PPD101,Omni Channel,
CT-F-99-020503,2024-03-19,2024-05-29,30.0,Actual,PPD101,Omni Channel,
CT-F-99-020505,2024-03-19,2024-05-29,10.0,Actual,PPD101,Omni Channel,
RS-F-99-070004,2024-03-19,2024-04-25,30.0,Actual,PPD101,Omni Channel,
RS-F-99-070002,2024-03-19,2024-03-20,3.0,Actual,PEM102-OLD,Omni Channel,RS190333
RS-F-99-070004,2024-03-19,2024-03-20,6.0,Actual,PEM102-OLD,Omni Channel,RS190334
CT-F-99-020501,2024-03-19,2024-05-29,40.0,Actual,PPD101,Omni Channel,
VT-F-99-010721,2024-03-19,2024-04-09,1.0,Actual,PEM102-OLD,Omni Channel,VT240053
CT-F-99-020507,2024-03-19,2024-04-09,3.0,Actual,PEM102-OLD,Omni Channel,CT240088
CT-F-99-020508,2024-03-19,2024-04-05,3.0,Actual,PEM102-OLD,Omni Channel,CT240046
VT-F-99-010721,2024-03-19,2024-03-30,1.0,Actual,PEM102-OLD,Omni Channel,VT240053
CT-F-99-020506,2024-03-19,2024-03-30,3.0,Actual,PEM102-OLD,Omni Channel,CT240044
VT-F-99-010203,2024-03-19,2024-03-22,2.0,Actual,PEM102-OLD,Omni Channel,VT240038
CT-F-99-020502,2024-03-19,2024-03-22,2.0,Actual,PEM102-OLD,Omni Channel,CT240006
RS-F-99-010129,2024-03-19,2024-03-29,80.0,Actual,PEM102-OLD,Tendering,RS240069
RS-F-99-040006,2024-03-19,2024-03-29,100.0,Actual,PEM102-OLD,Tendering,RS240067
CT-F-99-020503,2024-03-19,2024-03-21,3.0,Actual,PEM102-OLD,Omni Channel,CT230349
VT-F-99-010715,2024-03-19,2024-03-21,1.0,Actual,PEM102-OLD,Omni Channel,VT240020
CT-F-99-020506,2024-03-19,2024-04-11,3.0,Actual,PEM102-OLD,Omni Channel,CT240044
CT-F-99-020524,2024-03-20,2024-04-23,3.0,Actual,PEM102-OLD,Omni Channel,CT240054
VT-F-99-010721,2024-03-20,2024-04-23,1.0,Actual,PEM102-OLD,Omni Channel,VT240053
VT-F-99-010721,2024-03-20,2024-04-09,1.0,Actual,PEM102-OLD,Omni Channel,VT240058
CT-F-99-020530,2024-03-20,2024-04-09,3.0,Actual,PEM102-OLD,Omni Channel,CT240037
CT-F-99-020510,2024-03-21,2024-03-25,2.0,Actual,PEM102-OLD,Omni Channel,CT240065
VT-F-99-010715,2024-03-21,2024-04-05,1.0,Actual,PEM102-OLD,Omni Channel,VT240035
CT-F-99-020507,2024-03-21,2024-04-05,3.0,Actual,PEM102-OLD,Omni Channel,CT240045
VT-F-99-010721,2024-03-21,2024-03-29,1.0,Actual,PEM102-OLD,Omni Channel,VT240058
CT-F-99-020526,2024-03-21,2024-03-29,3.0,Actual,PEM102-OLD,Omni Channel,CT240084
VT-F-99-010721,2024-03-21,2024-04-11,1.0,Actual,PEM102-OLD,Omni Channel,VT240058
CT-F-99-020528,2024-03-21,2024-04-11,3.0,Actual,PEM102-OLD,Omni Channel,CT240074
VT-F-99-010721,2024-03-21,2024-04-12,1.0,Actual,PEM102-OLD,Omni Channel,VT240058
CT-F-99-020506,2024-03-21,2024-04-12,3.0,Actual,PEM102-OLD,Omni Channel,CT240044
VT-F-99-010721,2024-03-22,2024-03-26,2.0,Actual,PEM102-OLD,Omni Channel,VT240058
CT-F-99-020504,2024-03-22,2024-03-26,6.0,Actual,PEM102-OLD,Omni Channel,CT240070
VT-F-99-010721,2024-03-22,2024-03-28,1.0,Actual,PEM102-OLD,Omni Channel,VT240058
CT-F-99-020506,2024-03-22,2024-03-28,3.0,Actual,PEM102-OLD,Omni Channel,CT240044
VT-F-99-010721,2024-03-22,2024-04-12,1.0,Actual,PEM102-OLD,Omni Channel,VT240058
CT-F-99-020524,2024-03-22,2024-04-12,3.0,Actual,PEM102-OLD,Omni Channel,CT240082
CT-F-99-020704,2024-03-22,2024-04-02,3.0,Actual,PEM102-OLD,Omni Channel,CT240104
CT-F-99-020506,2024-03-22,2024-03-25,3.0,Actual,PEM102-OLD,Omni Channel,CT240044
VT-F-99-010203,2024-03-22,2024-07-25,1.0,Actual,PEM102-OLD,Omni Channel,VT230234
CT-F-99-020501,2024-01-15,2024-04-25,10.0,Actual,PPD101,Omni Channel,
VT-F-99-010616,2024-01-18,2024-04-25,10.0,Actual,PPD101,Omni Channel,
VT-F-99-010721,2024-03-25,2024-04-01,1.0,Actual,PEM102-OLD,Omni Channel,VT240058
CT-F-99-020531,2024-03-25,2024-04-01,3.0,Actual,PEM102-OLD,Omni Channel,CT230374
CT-F-99-020508,2024-03-25,2024-05-31,3.0,Actual,PEM102-OLD,Omni Channel,"CT230395,CT240046"
CT-F-99-020526,2024-03-25,2024-04-10,3.0,Actual,PEM102-OLD,Omni Channel,"CT240084,CT240102"
VT-F-99-010721,2024-03-25,2024-04-19,1.0,Actual,PEM102-OLD,Omni Channel,VT240058
CT-F-99-020512,2024-03-25,2024-04-19,3.0,Actual,PEM102-OLD,Omni Channel,CT240105
CT-F-99-020505,2024-03-26,2024-05-06,5.0,Actual,PEM102-OLD,Omni Channel,CT240071
VT-F-99-010721,2024-03-26,2024-04-02,1.0,Actual,PEM102-OLD,Omni Channel,VT240058
CT-F-99-020503,2024-03-26,2024-04-02,3.0,Actual,PEM102-OLD,Omni Channel,"CT230349,CT240041"
CT-F-99-020504,2024-03-26,2024-04-02,3.0,Actual,PEM102-OLD,Omni Channel,CT240070
VT-F-99-010715,2024-03-26,2024-04-02,1.0,Actual,PEM102-OLD,Omni Channel,VT240035
VT-F-99-010819,2024-03-27,2024-12-27,1.0,Actual,PEM102-OLD,Omni Channel,VT230233
CT-F-99-020703,2024-03-27,2024-12-27,3.0,Actual,PEM102-OLD,Omni Channel,CT240106
VT-F-99-010721,2024-03-28,2024-04-18,1.0,Actual,PEM102-OLD,Omni Channel,VT240058
CT-F-99-020524,2024-03-28,2024-05-07,3.0,Actual,PEM102-OLD,Omni Channel,CT240101
VT-F-99-010721,2024-03-28,2024-05-07,1.0,Actual,PEM102-OLD,Omni Channel,VT240058
VT-F-99-010722,2024-03-28,2024-04-09,1.0,Actual,PEM102-OLD,Omni Channel,VT240061
VT-F-99-010820,2024-03-28,2024-04-09,1.0,Actual,PEM102-OLD,Omni Channel,VT240023
RS-F-99-041033,2024-03-28,2024-05-03,6.0,Actual,PEM102-OLD,Omni Channel,RS240121
RS-F-99-041034,2024-03-28,2024-06-05,12.0,Actual,PEM102-OLD,Omni Channel,RS240122
RS-F-99-041001,2024-03-28,2024-04-12,18.0,Actual,PEM102-OLD,Omni Channel,RS240006
RS-F-99-041002,2024-03-28,2024-05-03,42.0,Actual,PEM102-OLD,Omni Channel,"RS240007,RS240120"
VT-F-99-010722,2024-03-28,2024-04-30,2.0,Actual,PEM102-OLD,Omni Channel,VT240061
VT-F-99-010721,2024-03-28,2024-04-03,1.0,Actual,PEM102-OLD,Omni Channel,VT240058
CT-F-99-020507,2024-03-28,2024-04-03,3.0,Actual,PEM102-OLD,Omni Channel,CT240045
VT-F-99-010721,2024-03-28,2024-04-23,1.0,Actual,PEM102-OLD,Omni Channel,VT240058
CT-F-99-020506,2024-03-28,2024-04-23,3.0,Actual,PEM102-OLD,Omni Channel,"CT240044,CT240081"
VT-F-99-010721,2024-03-29,2024-05-10,1.0,Actual,PEM102-OLD,Omni Channel,VT240058
CT-F-99-020524,2024-03-29,2024-05-10,3.0,Actual,PEM102-OLD,Omni Channel,CT240082
VT-F-99-010721,2024-03-29,2024-04-11,1.0,Actual,PEM102-OLD,Omni Channel,VT240058
VT-F-99-010721,2024-03-29,2024-04-10,1.0,Actual,PEM102-OLD,Omni Channel,VT240058
CT-F-99-020530,2024-03-29,2024-04-10,3.0,Actual,PEM102-OLD,Omni Channel,CT240068
VT-F-99-010721,2024-04-01,2024-04-19,1.0,Actual,PEM102-OLD,Omni Channel,VT240062
CT-F-99-020506,2024-04-01,2024-04-19,3.0,Actual,PEM102-OLD,Omni Channel,CT240081
VT-F-99-010715,2024-04-01,2024-04-03,1.0,Actual,PEM102-OLD,Omni Channel,VT240035
CT-F-99-020505,2024-04-01,2024-04-03,3.0,Actual,PEM102-OLD,Omni Channel,CT240071
VT-F-99-010721,2024-04-01,2024-04-18,1.0,Actual,PEM102-OLD,Omni Channel,VT240062
CT-F-99-020507,2024-04-01,2024-04-18,3.0,Actual,PEM102-OLD,Omni Channel,CT240045
VT-F-99-010721,2024-04-01,2024-04-12,1.0,Actual,PEM102-OLD,Omni Channel,VT240062
CT-F-99-020503,2024-04-01,2024-04-12,3.0,Actual,PEM102-OLD,Omni Channel,"CT230349,CT240041"
VT-F-99-010721,2024-04-01,2024-04-06,1.0,Actual,PEM102-OLD,Omni Channel,VT240062
CT-F-99-020505,2024-04-01,2024-04-06,3.0,Actual,PEM102-OLD,Omni Channel,CT240071
VT-F-99-010721,2024-04-02,2024-04-10,2.0,Actual,PEM102-OLD,Omni Channel,VT240062
CT-F-99-020505,2024-04-02,2024-04-10,3.0,Actual,PEM102-OLD,Omni Channel,CT240071
CT-F-99-020511,2024-04-02,2024-04-10,3.0,Actual,PEM102-OLD,Omni Channel,"CT230342,CT240009"
VT-F-99-010721,2024-04-02,2024-06-04,1.0,Actual,PEM102-OLD,Omni Channel,VT240062
CT-F-99-020528,2024-04-02,2024-06-04,3.0,Actual,PEM102-OLD,Omni Channel,CT240074
RS-F-99-041001,2024-03-28,2024-05-03,24.0,Actual,PEM102-OLD,Omni Channel,RS240119
CT-F-99-020527,2024-04-03,2024-04-11,3.0,Actual,PEM102-OLD,Omni Channel,CT230300
VT-F-99-010616,2024-04-03,2024-05-29,15.0,Actual,PPD101,Omni Channel,
CT-F-99-020726,2024-04-03,2024-04-30,3.0,Actual,PEM102-OLD,Omni Channel,CT240109
VT-F-99-010202,2024-04-03,2024-04-05,1.0,Actual,PEM102-OLD,Omni Channel,VT230225
CT-F-99-020530,2024-04-03,2024-04-05,3.0,Actual,PEM102-OLD,Omni Channel,CT240068
VT-F-99-010302,2024-04-04,2024-05-10,4.0,Actual,PEM102-OLD,Omni Channel,VT240072
VT-F-99-010202,2024-04-04,2024-05-10,5.0,Actual,PEM102-OLD,Omni Channel,VT240072
CT-F-99-020503,2024-04-04,2024-05-20,30.0,Actual,PEM102-OLD,Omni Channel,CT240111
CT-F-99-020505,2024-04-04,2024-05-20,10.0,Actual,PEM102-OLD,Omni Channel,CT240113
RS-F-99-070004,2024-04-04,2024-05-20,30.0,Actual,PEM102-OLD,Omni Channel,RS240134
RS-F-99-070005,2024-04-04,2024-05-20,60.0,Actual,PEM102-OLD,Omni Channel,RS240136
CT-F-99-020501,2024-04-04,2024-05-20,70.0,Actual,PEM102-OLD,Omni Channel,CT240110
VT-F-99-010203,2024-04-04,2024-08-15,100.0,Actual,PEM102-OLD,Omni Channel,VT240073
VT-F-99-010203,2024-04-04,2025-01-30,40.0,Actual,PEM107,Omni Channel,VT240073
VT-F-99-010203,2024-04-04,2025-01-17,100.0,Actual,PEM107,Omni Channel,VT240073
CT-F-99-020501,2024-04-04,2024-06-28,70.0,Actual,PEM102-OLD,Omni Channel,CT240110
CT-F-99-020501,2024-04-04,2024-08-08,60.0,Actual,PEM102-OLD,Omni Channel,CT240110
CT-F-99-020528,2024-04-04,2024-04-18,3.0,Actual,PEM102-OLD,Omni Channel,"CT240074,CT240083"
VT-F-99-010721,2024-04-04,2024-04-10,1.0,Actual,PEM102-OLD,Omni Channel,VT240062
VT-F-99-010209,2024-04-05,2024-04-22,2.0,Actual,PEM102-OLD,Omni Channel,VT240075
CT-F-99-020506,2024-04-05,2024-04-22,2.0,Actual,PEM102-OLD,Omni Channel,CT240081
VT-F-99-010715,2024-04-05,2024-04-18,1.0,Actual,PEM102-OLD,Omni Channel,VT250035
CT-F-99-020505,2024-04-05,2024-04-18,3.0,Actual,PEM102-OLD,Omni Channel,CT240071
VT-F-99-010721,2024-04-09,2024-04-12,1.0,Actual,PEM102-OLD,Omni Channel,VT240062
CT-F-99-020528,2024-04-09,2024-04-12,3.0,Actual,PEM102-OLD,Omni Channel,CT240083
VT-F-99-010721,2024-04-09,2024-04-09,1.0,Actual,PEM102-OLD,Omni Channel,VT240028
CT-F-99-020506,2024-04-09,2024-04-09,3.0,Actual,PEM102-OLD,Omni Channel,CT240081
VT-F-99-010721,2024-04-09,2024-04-10,1.0,Actual,PEM102-OLD,Omni Channel,VT240062
CT-F-99-020504,2024-04-09,2024-04-10,3.0,Actual,PEM102-OLD,Omni Channel,CT240070
VT-F-99-010721,2024-04-09,2024-04-10,1.0,Actual,PEM102-OLD,Omni Channel,VT240062
CT-F-99-020525,2024-04-09,2024-04-10,3.0,Actual,PEM102-OLD,Omni Channel,CT230333
CT-F-99-020504,2024-04-09,2024-04-11,3.0,Actual,PEM102-OLD,Omni Channel,CT240070
VT-F-99-010721,2024-04-09,2024-04-11,1.0,Actual,PEM102-OLD,Omni Channel,VT240062
CT-F-99-020528,2024-04-09,2024-04-11,3.0,Actual,PEM102-OLD,Omni Channel,CT240083
VT-F-99-010721,2024-04-09,2024-04-26,1.0,Actual,PEM102-OLD,Omni Channel,VT240062
CT-F-99-020530,2024-04-09,2024-04-26,3.0,Actual,PEM102-OLD,Omni Channel,CT240098
CT-F-99-020508,2024-04-09,2024-04-30,3.0,Actual,PEM102-OLD,Omni Channel,"CT240029,CT240046"
VT-F-99-010721,2024-04-10,2024-04-29,1.0,Actual,PEM102-OLD,Omni Channel,VT240062
CT-F-99-020504,2024-04-10,2024-04-29,3.0,Actual,PEM102-OLD,Omni Channel,CT240070
CT-F-99-020526,2024-04-10,2024-04-23,3.0,Actual,PEM102-OLD,Omni Channel,CT240102
CT-F-99-020707,2024-04-10,2024-04-30,3.0,Actual,PEM102-OLD,Omni Channel,CT240118
VT-F-99-010721,2024-04-10,2024-04-18,1.0,Actual,PEM102-OLD,Omni Channel,VT240062
CT-F-99-020505,2024-04-10,2024-04-18,3.0,Actual,PEM102-OLD,Omni Channel,CT240071
VT-F-99-010209,2024-04-11,2024-05-02,2.0,Actual,PEM102-OLD,Omni Channel,VT240077
CT-F-99-020506,2024-04-11,2024-05-02,2.0,Actual,PEM102-OLD,Omni Channel,CT240081
VT-F-99-010722,2024-04-12,2024-05-31,1.0,Actual,PEM102-OLD,Omni Channel,VT240061
VT-F-99-010721,2024-04-12,2024-05-07,1.0,Actual,PEM102-OLD,Omni Channel,VT240062
VT-F-99-010721,2024-04-12,2024-05-06,1.0,Actual,PEM102-OLD,Omni Channel,VT240062
CT-F-99-020532,2024-04-12,2024-05-06,3.0,Actual,PEM102-OLD,Omni Channel,CT240119
VT-F-99-010721,2024-04-17,2024-04-23,1.0,Actual,PEM102-OLD,Omni Channel,VT240062
CT-F-99-020507,2024-04-17,2024-04-23,3.0,Actual,PEM102-OLD,Omni Channel,CT240045
VT-F-99-010819,2024-04-17,2024-05-03,1.0,Actual,PEM102-OLD,Omni Channel,VT240048
CT-F-99-020714,2024-04-17,2024-05-03,3.0,Actual,PEM102-OLD,Omni Channel,CT240123
VT-F-99-010819,2024-04-17,2024-05-03,1.0,Actual,PEM102-OLD,Omni Channel,VT240048
CT-F-99-020714,2024-04-17,2024-05-03,3.0,Actual,PEM102-OLD,Omni Channel,CT240123
VT-F-99-010721,2024-04-01,2024-04-19,1.0,Actual,PEM102-OLD,Omni Channel,VT240062
CT-F-99-020506,2024-04-01,2024-04-19,3.0,Actual,PEM102-OLD,Omni Channel,CT240081
CT-F-99-020508,2024-04-17,2024-04-24,3.0,Actual,PEM102-OLD,Omni Channel,CT240046
CT-F-99-020529,2024-04-18,2024-05-07,3.0,Actual,PEM102-OLD,Omni Channel,CT230399
CT-F-99-020503,2024-04-18,2024-04-26,3.0,Actual,PEM102-OLD,Omni Channel,"CT230349,CT240041"
VT-F-99-010721,2024-04-18,2024-04-26,1.0,Actual,PEM102-OLD,Omni Channel,VT240062
VT-F-99-010721,2024-04-18,2024-04-19,1.0,Actual,PEM102-OLD,Omni Channel,VT240062
CT-F-99-020507,2024-04-18,2024-04-19,3.0,Actual,PEM102-OLD,Omni Channel,CT240045
VT-F-99-010721,2024-04-18,2024-05-17,1.0,Actual,PEM102-OLD,Omni Channel,VT240062
CT-F-99-020504,2024-04-18,2024-05-17,3.0,Actual,PEM102-OLD,Omni Channel,CT240042
VT-F-99-010721,2024-04-18,2024-05-17,1.0,Actual,PEM102-OLD,Omni Channel,VT240062
CT-F-99-020507,2024-04-18,2024-05-17,3.0,Actual,PEM102-OLD,Omni Channel,"CT240045,CT240088"
VT-F-99-010819,2024-04-18,2024-06-28,1.0,Actual,PEM102-OLD,Omni Channel,VT240048
CT-F-99-020705,2024-04-18,2024-06-28,3.0,Actual,PEM102-OLD,Omni Channel,CT240103
VT-F-99-010819,2024-04-18,2024-05-15,1.0,Actual,PEM102-OLD,Omni Channel,VT240048
CT-F-99-020707,2024-04-18,2024-05-15,3.0,Actual,PEM102-OLD,Omni Channel,CT240121
VT-F-99-010819,2024-04-18,2024-06-28,1.0,Actual,PEM102-OLD,Omni Channel,VT240048
CT-F-99-020706,2024-04-18,2024-06-28,3.0,Actual,PEM102-OLD,Omni Channel,CT240122
VT-F-99-010721,2024-04-18,2024-06-07,1.0,Actual,PEM102-OLD,Omni Channel,VT240062
CT-F-99-020504,2024-04-18,2024-06-07,3.0,Actual,PEM102-OLD,Omni Channel,CT240042
VT-F-99-010819,2024-04-19,2024-05-03,1.0,Actual,PEM102-OLD,Omni Channel,VT240048
CT-F-99-020705,2024-04-19,2024-05-03,3.0,Actual,PEM102-OLD,Omni Channel,CT240100
VT-F-99-010203,2024-04-22,2024-04-24,2.0,Actual,PEM102-OLD,Omni Channel,VT240038
CT-F-99-020510,2024-04-22,2024-04-24,2.0,Actual,PEM102-OLD,Omni Channel,CT240047
VT-F-99-010721,2024-04-22,2024-04-24,1.0,Actual,PEM102-OLD,Omni Channel,VT240062
CT-F-99-020503,2024-04-22,2024-04-24,3.0,Actual,PEM102-OLD,Omni Channel,CT240041
RS-F-99-070005,2024-04-22,2024-05-15,150.0,Actual,PEM102-OLD,Omni Channel,RS240137
VT-F-99-010616,2024-04-22,2024-05-20,15.0,Actual,PEM102-OLD,Omni Channel,VT240083
VT-F-99-010721,2024-04-23,2024-04-25,3.0,Actual,PEM102-OLD,Omni Channel,VT240062
CT-F-99-020505,2024-04-23,2024-04-25,6.0,Actual,PEM102-OLD,Omni Channel,CT240043
CT-F-99-020510,2024-04-23,2024-04-25,3.0,Actual,PEM102-OLD,Omni Channel,CT240047
VT-F-99-010203,2024-04-23,2024-05-03,2.0,Actual,PEM102-OLD,Omni Channel,VT240038
CT-F-99-020501,2024-04-23,2024-05-03,2.0,Actual,PEM102-OLD,Omni Channel,CT240005
CT-F-99-020530,2024-04-24,2024-05-03,3.0,Actual,PEM102-OLD,Omni Channel,CT240098
CT-F-99-020528,2024-04-24,2024-05-03,3.0,Actual,PEM102-OLD,Omni Channel,"CT240083,CT240108"
RS-F-99-041033,2024-03-28,2024-06-05,24.0,Actual,PEM102-OLD,Omni Channel,RS240121
VT-F-99-010721,2024-04-24,2024-11-25,1.0,Actual,PEM102-OLD,Omni Channel,VT240152
CT-F-99-020530,2024-04-24,2024-11-25,3.0,Actual,PEM102-OLD,Omni Channel,CT240249
VT-F-99-010721,2024-04-24,2024-06-11,1.0,Actual,PEM102-OLD,Omni Channel,VT240062
CT-F-99-020505,2024-04-24,2024-06-11,3.0,Actual,PEM102-OLD,Omni Channel,CT240043
VT-F-99-010721,2024-04-24,2024-05-10,1.0,Actual,PEM102-OLD,Omni Channel,VT240062
CT-F-99-020507,2024-04-24,2024-05-10,3.0,Actual,PEM102-OLD,Omni Channel,"CT240045,CT240088"
VT-F-99-010721,2024-04-24,2024-05-03,1.0,Actual,PEM102-OLD,Omni Channel,VT240062
CT-F-99-020506,2024-04-24,2024-05-03,3.0,Actual,PEM102-OLD,Omni Channel,CT240081
VT-F-99-010715,2024-04-26,2024-05-24,1.0,Actual,PEM102-OLD,Omni Channel,VT240035
CT-F-99-020503,2024-04-26,2024-05-24,3.0,Actual,PEM102-OLD,Omni Channel,CT240041
VT-F-99-010721,2024-04-26,2024-06-28,1.0,Actual,PEM102-OLD,Omni Channel,VT240062
CT-F-99-020531,2024-04-26,2024-06-28,3.0,Actual,PEM102-OLD,Omni Channel,CT230374
VT-F-99-010721,2024-04-26,2024-05-20,1.0,Actual,PEM102-OLD,Omni Channel,VT240062
CT-F-99-020524,2024-04-26,2024-05-20,3.0,Actual,PEM102-OLD,Omni Channel,CT240101
VT-F-99-010203,2024-04-26,2024-05-02,2.0,Actual,PEM102-OLD,Omni Channel,VT240038
CT-F-99-020503,2024-04-26,2024-05-02,2.0,Actual,PEM102-OLD,Omni Channel,CT240041
VT-F-99-010722,2024-04-26,2024-05-24,1.0,Actual,PEM102-OLD,Omni Channel,VT240079
CT-F-99-020506,2024-04-29,2024-05-10,3.0,Actual,PEM102-OLD,Omni Channel,CT240028
VT-F-99-010721,2024-04-29,2024-05-23,1.0,Actual,PEM102-OLD,Omni Channel,VT230202
CT-F-99-020504,2024-04-29,2024-05-23,3.0,Actual,PEM102-OLD,Omni Channel,CT240042
VT-F-99-010203,2024-04-29,2024-04-29,1.0,Actual,PEM102-OLD,Omni Channel,VT240038
VT-F-99-010721,2024-04-29,2024-07-30,1.0,Actual,PEM102-OLD,Omni Channel,VT230223
CT-F-99-020506,2024-04-29,2024-07-30,3.0,Actual,PEM102-OLD,Omni Channel,CT240081
VT-F-99-010203,2024-04-29,2024-04-30,2.0,Actual,PEM102-OLD,Omni Channel,VT240038
VT-F-99-010715,2024-04-29,2024-05-21,1.0,Actual,PEM102-OLD,Omni Channel,VT240035
CT-F-99-020504,2024-04-29,2024-05-21,3.0,Actual,PEM102-OLD,Omni Channel,CT240042
CT-F-99-020506,2024-04-29,2024-05-03,3.0,Actual,PEM102-OLD,Omni Channel,CT240081
CT-F-99-020508,2024-04-30,2024-05-02,4.0,Actual,PEM102-OLD,Omni Channel,CT240046
VT-F-99-010721,2024-04-30,2024-05-06,2.0,Actual,PEM102-OLD,Omni Channel,VT240062
CT-F-99-020504,2024-04-30,2024-05-06,6.0,Actual,PEM102-OLD,Omni Channel,CT240042
VT-F-99-010721,2024-04-30,2024-06-28,1.0,Actual,PEM102-OLD,Omni Channel,VT240062
CT-F-99-020504,2024-04-30,2024-06-28,3.0,Actual,PEM102-OLD,Omni Channel,CT240042
VT-F-99-010819,2024-04-30,2024-06-28,1.0,Actual,PEM102-OLD,Omni Channel,VT240048
CT-F-99-020708,2024-04-30,2024-06-28,3.0,Actual,PEM102-OLD,Omni Channel,CT240126
VT-F-99-010819,2024-04-30,2024-06-28,1.0,Actual,PEM102-OLD,Omni Channel,VT240048
CT-F-99-020706,2024-04-30,2024-06-28,3.0,Actual,PEM102-OLD,Omni Channel,CT240127
VT-F-99-010819,2024-04-30,2024-06-28,1.0,Actual,PEM102-OLD,Omni Channel,VT240048
CT-F-99-020705,2024-04-30,2024-06-28,3.0,Actual,PEM102-OLD,Omni Channel,CT240128
VT-F-99-010819,2024-04-30,2024-05-09,1.0,Actual,PEM102-OLD,Omni Channel,VT240048
CT-F-99-020705,2024-04-30,2024-05-09,3.0,Actual,PEM102-OLD,Omni Channel,CT240128
VT-F-99-010721,2024-04-30,2024-08-15,1.0,Actual,PEM102-OLD,Omni Channel,VT240062
CT-F-99-020530,2024-04-30,2024-08-15,3.0,Actual,PEM102-OLD,Omni Channel,CT240117
VT-F-99-010615,2024-04-30,2025-08-18,6.0,Actual,PEM107,Omni Channel,VT240059
VT-F-99-010715,2024-04-30,2024-05-06,1.0,Actual,PEM102-OLD,Omni Channel,VT240035
VT-F-99-010203,2024-05-02,2024-05-07,2.0,Actual,PEM102-OLD,Omni Channel,VT240038
CT-F-99-020502,2024-05-02,2024-05-07,2.0,Actual,PEM102-OLD,Omni Channel,CT240006
RS-F-99-090002,2024-05-03,2024-05-09,9.0,Actual,PEM102-OLD,Omni Channel,RS240165
RS-F-99-090003,2024-05-03,2024-05-09,3.0,Actual,PEM102-OLD,Omni Channel,RS240166
VT-F-99-010203,2024-05-06,2024-05-20,2.0,Actual,PEM102-OLD,Omni Channel,VT240038
CT-F-99-020506,2024-05-06,2024-05-20,2.0,Actual,PEM102-OLD,Omni Channel,CT240081
CT-F-99-020507,2024-05-06,2024-05-20,2.0,Actual,PEM102-OLD,Omni Channel,CT240088
CT-F-99-020507,2024-05-06,2024-05-23,3.0,Actual,PEM102-OLD,Omni Channel,CT240003
VT-F-99-010721,2024-05-06,2024-05-23,1.0,Actual,PEM102-OLD,Omni Channel,VT240062
CT-F-99-020511,2024-05-07,2024-05-10,2.0,Actual,PEM102-OLD,Omni Channel,CT230342
VT-F-99-010721,2024-05-07,2024-05-10,1.0,Actual,PEM102-OLD,Omni Channel,VT240062
CT-F-99-020531,2024-05-07,2024-05-10,6.0,Actual,PEM102-OLD,Omni Channel,"CT240035,CT240115"
CT-F-99-020506,2024-05-08,2024-05-13,3.0,Actual,PEM102-OLD,Omni Channel,CT240081
VT-F-99-010722,2024-05-08,2024-06-20,1.0,Actual,PEM102-OLD,Omni Channel,VT230124
VT-F-99-010721,2024-05-08,2024-05-18,1.0,Actual,PEM102-OLD,Omni Channel,VT240042
CT-F-99-020529,2024-05-08,2024-05-18,3.0,Actual,PEM102-OLD,Omni Channel,CT230399
VT-F-99-010721,2024-05-09,2024-06-29,1.0,Actual,PEM102-OLD,Omni Channel,VT240053
CT-F-99-020508,2024-05-10,2024-05-17,3.0,Actual,PEM102-OLD,Omni Channel,CT240029
CT-F-99-020506,2024-05-10,2024-05-17,3.0,Actual,PEM102-OLD,Omni Channel,CT240044
VT-F-99-010721,2024-05-10,2024-06-04,1.0,Actual,PEM102-OLD,Omni Channel,VT240053
CT-F-99-020535,2024-05-10,2024-06-04,3.0,Actual,PEM102-OLD,Omni Channel,CT240134
VT-F-99-010203,2024-05-13,2024-05-15,6.0,Actual,PEM102-OLD,Omni Channel,VT240038
CT-F-99-020502,2024-05-13,2024-05-15,6.0,Actual,PEM102-OLD,Omni Channel,CT240040
VT-F-99-010721,2024-05-13,2024-05-20,1.0,Actual,PEM102-OLD,Omni Channel,VT240074
CT-F-99-020506,2024-05-13,2024-05-20,3.0,Actual,PEM102-OLD,Omni Channel,"CT240081,CT240095"
CT-F-99-020527,2024-05-13,2024-06-15,3.0,Actual,PEM102-OLD,Omni Channel,CT230299
CT-F-99-020505,2024-05-14,2024-05-31,3.0,Actual,PEM102-OLD,Omni Channel,CT240071
VT-F-99-010820,2024-05-07,2024-08-16,2.0,Actual,PEM102-OLD,Omni Channel,VT240106
VT-F-99-010721,2024-05-14,2024-05-17,4.0,Actual,PEM102-OLD,Omni Channel,VT240074
CT-F-99-020504,2024-05-14,2024-05-17,12.0,Actual,PEM102-OLD,Omni Channel,CT240042
VT-F-99-010722,2024-05-14,2024-06-28,1.0,Actual,PEM102-OLD,Omni Channel,VT240079
VT-F-99-010721,2024-05-15,2024-06-04,1.0,Actual,PEM102-OLD,Omni Channel,VT240074
CT-F-99-020529,2024-05-15,2024-06-04,3.0,Actual,PEM102-OLD,Omni Channel,CT240135
CT-F-99-020508,2024-05-15,2024-06-12,4.0,Actual,PEM102-OLD,Omni Channel,CT240046
CT-F-99-020506,2024-05-15,2024-05-17,3.0,Actual,PEM102-OLD,Omni Channel,CT240095
CT-F-99-020508,2024-05-15,2024-05-24,3.0,Actual,PEM102-OLD,Omni Channel,CT240046
VT-F-99-010203,2024-05-16,2024-05-20,2.0,Actual,PEM102-OLD,Omni Channel,VT240038
CT-F-99-020524,2024-05-16,2024-08-30,6.0,Actual,PEM102-OLD,Omni Channel,"CT240101,CT240107"
VT-F-99-010721,2024-05-16,2024-08-30,2.0,Actual,PEM102-OLD,Omni Channel,VT240074
VT-F-99-010721,2024-05-16,2024-06-07,4.0,Actual,PEM102-OLD,Omni Channel,VT240074
CT-F-99-020504,2024-05-16,2024-06-07,12.0,Actual,PEM102-OLD,Omni Channel,CT240042
VT-F-99-010202,2024-05-17,2024-05-20,1.0,Actual,PPD102,Omni Channel,
RS-F-99-070024,2024-05-17,2024-06-28,12.0,Actual,PEM102-OLD,Omni Channel,RS240151
RS-F-99-070004,2024-05-17,2024-06-28,21.0,Actual,PEM102-OLD,Omni Channel,RS240144
RS-F-99-070005,2024-05-17,2024-06-28,18.0,Actual,PEM102-OLD,Omni Channel,RS240146
RS-F-99-041015,2024-05-17,2024-06-28,12.0,Actual,PEM102-OLD,Omni Channel,RS240157
RS-F-99-041034,2024-05-17,2024-06-07,12.0,Actual,PEM102-OLD,Omni Channel,"RS240154,RS240168"
RS-F-99-041010,2024-05-17,2024-06-07,6.0,Actual,PEM102-OLD,Omni Channel,RS240170
RS-F-99-070019,2024-05-17,2024-06-28,18.0,Actual,PEM102-OLD,Omni Channel,RS240148
RS-F-99-041001,2024-05-17,2024-06-07,24.0,Actual,PEM102-OLD,Omni Channel,RS240152
RS-F-99-041002,2024-05-17,2024-06-07,24.0,Actual,PEM102-OLD,Omni Channel,RS240153
RS-F-99-041004,2024-05-17,2024-06-28,27.0,Actual,PEM102-OLD,Omni Channel,"RS240156,RS240169"
RS-F-99-041005,2024-05-17,2024-06-07,6.0,Actual,PEM102-OLD,Omni Channel,RS240012
RS-F-99-041006,2024-05-17,2024-06-07,9.0,Actual,PEM102-OLD,Omni Channel,"RS230329,RS240171"
RS-F-99-041008,2024-05-17,2024-06-07,6.0,Actual,PEM102-OLD,Omni Channel,RS220332
VT-F-99-010202,2024-05-17,2024-05-20,1.0,Actual,PEM102-OLD,Omni Channel,VT240050
VT-F-99-010203,2024-05-20,2024-05-29,4.0,Actual,PEM102-OLD,Omni Channel,VT240038
CT-F-99-020506,2024-05-20,2024-05-29,2.0,Actual,PEM102-OLD,Omni Channel,CT240095
CT-F-99-020510,2024-05-20,2024-05-29,2.0,Actual,PEM102-OLD,Omni Channel,CT240047
VT-F-99-010203,2024-05-20,2024-05-23,2.0,Actual,PEM102-OLD,Omni Channel,VT240038
CT-F-99-020505,2024-05-20,2024-05-23,2.0,Actual,PEM102-OLD,Omni Channel,CT240043
CT-F-99-020514,2024-05-20,2024-08-08,10.0,Actual,PPD101,Omni Channel,
CT-F-99-020507,2024-05-20,2024-05-21,2.0,Actual,PEM102-OLD,Omni Channel,CT240088
VT-F-99-010203,2024-05-20,2024-05-21,2.0,Actual,PEM102-OLD,Omni Channel,VT240038
CT-F-99-020502,2024-05-20,2024-08-08,10.0,Actual,PPD101,Omni Channel,
VT-F-99-010203,2024-05-21,2024-05-28,2.0,Actual,PEM102-OLD,Omni Channel,VT240038
VT-F-99-010203,2024-05-21,2024-05-31,1.0,Actual,PEM102-OLD,Omni Channel,VT240038
VT-F-99-010203,2024-05-21,2024-05-27,2.0,Actual,PEM102-OLD,Omni Channel,VT240038
VT-F-99-010721,2024-05-21,2024-05-24,1.0,Actual,PEM102-OLD,Omni Channel,VT240074
CT-F-99-020503,2024-05-21,2024-05-24,3.0,Actual,PEM102-OLD,Omni Channel,"CT230327,CT240041"
CT-F-99-020527,2024-05-21,2024-05-29,3.0,Actual,PEM102-OLD,Omni Channel,CT230369
CT-F-99-020506,2024-05-21,2024-05-29,2.0,Actual,PEM102-OLD,Omni Channel,CT240095
VT-F-99-010203,2024-05-21,2024-05-29,2.0,Actual,PEM102-OLD,Omni Channel,VT240038
VT-F-99-010209,2024-05-21,2024-05-23,2.0,Actual,PEM102-OLD,Omni Channel,VT240095
CT-F-99-020506,2024-05-21,2024-05-23,2.0,Actual,PEM102-OLD,Omni Channel,CT240095
VT-F-99-010721,2024-05-21,2024-06-17,1.0,Actual,PEM102-OLD,Omni Channel,VT240074
CT-F-99-020502,2024-05-21,2024-06-17,3.0,Actual,PEM102-OLD,Omni Channel,"CT240006,CT240040"
CT-F-99-020503,2024-05-21,2024-05-27,2.0,Actual,PEM102-OLD,Omni Channel,
VT-F-99-010203,2024-05-23,2024-05-29,2.0,Actual,PEM102-OLD,Omni Channel,VT240038
VT-F-99-010721,2024-05-23,2024-06-10,1.0,Actual,PEM102-OLD,Omni Channel,VT240074
CT-F-99-020512,2024-05-23,2024-06-10,3.0,Actual,PEM102-OLD,Omni Channel,CT240139
VT-F-99-010721,2024-05-23,2024-05-31,1.0,Actual,PEM102-OLD,Omni Channel,VT240074
CT-F-99-020504,2024-05-23,2024-05-30,3.0,Actual,PEM102-OLD,Omni Channel,CT240042
VT-F-99-010715,2024-05-23,2024-06-25,1.0,Actual,PEM102-OLD,Omni Channel,VT240035
CT-F-99-020504,2024-05-23,2024-06-25,3.0,Actual,PEM102-OLD,Omni Channel,CT240042
VT-F-99-010721,2024-05-24,2024-06-05,1.0,Actual,PEM102-OLD,Omni Channel,VT240074
CT-F-99-020506,2024-05-24,2024-06-05,3.0,Actual,PEM102-OLD,Omni Channel,CT240095
CT-F-99-020525,2024-05-24,2024-05-24,3.0,Actual,PEM102-OLD,Omni Channel,CT230382
VT-F-99-010721,2024-05-24,2024-05-24,1.0,Actual,PEM102-OLD,Omni Channel,VT240074
VT-F-99-010721,2024-05-24,2024-06-05,1.0,Actual,PEM102-OLD,Omni Channel,VT240091
CT-F-99-020506,2024-05-24,2024-06-05,3.0,Actual,PEM102-OLD,Omni Channel,CT240095
VT-F-99-010721,2024-05-24,2024-05-27,1.0,Actual,PEM102-OLD,Omni Channel,VT240091
CT-F-99-020508,2024-05-24,2024-05-27,3.0,Actual,PEM102-OLD,Omni Channel,"CT240046,CT240089"
VT-F-99-010203,2024-05-24,2024-05-28,2.0,Actual,PEM102-OLD,Omni Channel,VT240038
CT-F-99-020502,2024-05-24,2024-05-28,2.0,Actual,PEM102-OLD,Omni Channel,CT240040
RS-F-99-120002,2024-05-24,2024-07-05,2.0,Actual,PEM102-OLD,Omni Channel,RS240179
VT-F-99-010203,2024-05-24,2024-05-29,2.0,Actual,PEM102-OLD,Omni Channel,VT240038
CT-F-99-020510,2024-05-24,2024-05-29,2.0,Actual,PEM102-OLD,Omni Channel,CT240047
RS-F-99-010127,2024-05-24,2024-06-17,2.0,Actual,PEM102-OLD,Omni Channel,RS240181
RS-F-99-010128,2024-05-24,2024-06-17,4.0,Actual,PEM102-OLD,Omni Channel,RS240182
RS-F-99-010122,2024-05-24,2024-06-17,2.0,Actual,PEM102-OLD,Omni Channel,RS240183
RS-F-99-010123,2024-05-24,2024-06-17,2.0,Actual,PEM102-OLD,Omni Channel,RS240184
CT-F-99-020504,2024-05-24,2024-05-27,3.0,Actual,PEM102-OLD,Omni Channel,CT240042
VT-F-99-010721,2024-05-24,2024-05-27,1.0,Actual,PEM102-OLD,Omni Channel,VT240091
CT-F-99-020527,2024-05-27,2024-05-27,3.0,Actual,PEM102-OLD,Omni Channel,CT240036
VT-F-99-010722,2024-05-28,2024-08-30,3.0,Actual,PPS,Tendering,CTR-2024-03052
VT-F-99-010722,2024-05-28,2024-08-30,1.0,Actual,PPS,Tendering,CTR-2024-03053
VT-F-99-010721,2024-05-28,2024-05-29,1.0,Actual,PEM102-OLD,Omni Channel,VT240091
CT-F-99-020527,2024-05-28,2024-05-29,3.0,Actual,PEM102-OLD,Omni Channel,"CT230269,CT240036"
VT-F-99-010203,2024-05-28,2024-05-31,14.0,Actual,PEM102-OLD,Omni Channel,VT240038
CT-F-99-020501,2024-05-28,2024-05-31,8.0,Actual,PEM102-OLD,Omni Channel,CT240005
CT-F-99-020502,2024-05-28,2024-05-31,6.0,Actual,PEM102-OLD,Omni Channel,CT240040
CT-F-99-020503,2024-05-28,2024-06-07,3.0,Actual,PEM102-OLD,Omni Channel,CT240041
VT-F-99-010721,2024-05-28,2024-06-07,2.0,Actual,PEM102-OLD,Omni Channel,VT240091
CT-F-99-020503,2024-05-28,2024-06-07,3.0,Actual,PEM102-OLD,Omni Channel,CT240041
CT-F-99-020506,2024-05-28,2024-06-07,3.0,Actual,PEM102-OLD,Omni Channel,CT240095
VT-F-99-010722,2024-05-28,2024-06-28,3.0,Actual,PEM102-OLD,Omni Channel,VT240079
VT-F-99-010722,2024-05-28,2024-06-28,1.0,Actual,PEM102-OLD,Omni Channel,VT240089
VT-F-99-010203,2024-05-28,2024-06-27,2.0,Actual,PEM102-OLD,Omni Channel,VT240038
CT-F-99-020507,2024-05-28,2024-06-27,2.0,Actual,PEM102-OLD,Omni Channel,CT240088
RS-F-99-090028,2024-05-29,2024-09-04,2020.0,Actual,PEM102-OLD,Omni Channel,"RS240130,RS240131,RS240132,RS2"
VT-F-99-010721,2024-05-30,2024-06-20,1.0,Actual,PEM102-OLD,Omni Channel,VT240091
CT-F-99-020510,2024-05-30,2024-06-20,3.0,Actual,PEM102-OLD,Omni Channel,CT240047
VT-F-99-010721,2024-05-30,2024-06-20,1.0,Actual,PEM102-OLD,Omni Channel,VT240091
RS-F-99-090026,2024-05-30,2024-08-08,772.0,Actual,PEM102-OLD,Omni Channel,"RS240186,RS240187"
CT-F-99-020704,2024-05-31,2024-07-10,3.0,Actual,PEM102-OLD,Omni Channel,CT240142
VT-F-99-010818,2024-05-31,2024-07-10,1.0,Actual,PEM102-OLD,Omni Channel,VT240098
CT-F-99-020501,2024-03-19,2024-08-08,30.0,Actual,PPD101,Omni Channel,
VT-F-99-010203,2024-06-04,2024-06-07,2.0,Actual,PEM102-OLD,Omni Channel,VT240038
CT-F-99-020511,2024-06-04,2024-06-07,2.0,Actual,PEM102-OLD,Omni Channel,CT230342
VT-F-99-010715,2024-06-04,2024-06-14,1.0,Actual,PEM102-OLD,Omni Channel,VT240035
CT-F-99-020507,2024-06-04,2024-06-14,3.0,Actual,PEM102-OLD,Omni Channel,CT240088
VT-F-99-010203,2024-06-04,2024-06-06,2.0,Actual,PEM102-OLD,Omni Channel,VT240038
CT-F-99-020501,2024-06-04,2024-06-06,2.0,Actual,PEM102-OLD,Omni Channel,CT240005
CT-F-99-020504,2024-05-30,2024-06-20,3.0,Actual,PEM102-OLD,Omni Channel,"VT240091,CT230382"
RS-F-99-090003,2024-06-05,2024-06-07,3.0,Actual,PEM102-OLD,Omni Channel,RS240190
RS-F-99-041001,2024-05-17,2024-06-28,24.0,Actual,PEM102-OLD,Omni Channel,RS240152
RS-F-99-041002,2024-05-17,2024-06-28,13.0,Actual,PEM102-OLD,Omni Channel,RS240153
RS-F-99-041034,2024-05-17,2024-08-09,24.0,Actual,PEM102-OLD,Omni Channel,"RS240154,RS240168"
VT-F-99-010721,2024-06-06,2024-06-14,1.0,Actual,PEM102-OLD,Omni Channel,VT240091
CT-F-99-020527,2024-06-06,2024-06-14,3.0,Actual,PEM102-OLD,Omni Channel,CT240036
VT-F-99-010721,2024-06-06,2024-06-08,1.0,Actual,PEM102-OLD,Omni Channel,VT240091
CT-F-99-020508,2024-06-06,2024-06-08,3.0,Actual,PEM102-OLD,Omni Channel,CT240089
RS-F-99-070004,2024-06-06,2024-06-07,6.0,Actual,PEM102-OLD,Omni Channel,RS190334
VT-F-99-010202,2024-06-06,2024-06-28,6.0,Actual,PEM102-OLD,Omni Channel,"VT230086,VT240050,VT240084"
CT-F-99-020526,2024-06-07,2024-06-10,3.0,Actual,PEM102-OLD,Omni Channel,CT240102
RS-F-99-070002,2024-06-10,2024-08-08,150.0,Actual,PPD101,Omni Channel,
RS-F-99-070004,2024-06-10,2024-08-08,75.0,Actual,PPD101,Omni Channel,
VT-F-99-010721,2024-06-11,2024-07-12,2.0,Actual,PEM102-OLD,Omni Channel,VT240091
CT-F-99-020530,2024-06-11,2024-07-12,3.0,Actual,PEM102-OLD,Omni Channel,CT240117
VT-F-99-010616,2024-06-11,2024-07-05,9.0,Actual,PEM102-OLD,Omni Channel,VT240101
VT-F-99-010721,2024-06-11,2024-06-25,1.0,Actual,PEM102-OLD,Omni Channel,VT240071
CT-F-99-020506,2024-06-11,2024-06-25,3.0,Actual,PEM102-OLD,Omni Channel,CT240095
VT-F-99-010721,2024-06-11,2024-06-25,1.0,Actual,PEM102-OLD,Omni Channel,VT240091
CT-F-99-020503,2024-06-11,2024-06-25,3.0,Actual,PEM102-OLD,Omni Channel,CT240041
RS-F-99-090026,2024-06-11,2024-08-08,4.0,Actual,PEM102-OLD,Omni Channel,RS240194
CT-F-99-020510,2024-06-11,2024-06-28,3.0,Actual,PEM102-OLD,Omni Channel,CT240047
CT-F-99-020514,2024-06-12,2024-08-08,30.0,Actual,PPD101,Omni Channel,
VT-F-99-010203,2024-06-12,2024-06-17,2.0,Actual,PEM102-OLD,Omni Channel,VT240038
CT-F-99-020506,2024-06-12,2024-06-17,2.0,Actual,PEM102-OLD,Omni Channel,CT240095
RS-F-99-090003,2024-06-12,2024-06-21,9.0,Actual,PEM102-OLD,Omni Channel,RS240192
VT-F-99-010721,2024-06-12,2024-08-16,1.0,Actual,PEM102-OLD,Omni Channel,VT240091
CT-F-99-020527,2024-06-12,2024-08-16,3.0,Actual,PEM102-OLD,Omni Channel,CT240066
CT-F-99-020528,2024-06-12,2024-06-27,3.0,Actual,PEM102-OLD,Omni Channel,CT240108
VT-F-99-010721,2024-06-12,2024-08-16,1.0,Actual,PEM102-OLD,Omni Channel,VT240096
CT-F-99-020527,2024-06-12,2024-08-16,3.0,Actual,PEM102-OLD,Omni Channel,CT240066
VT-F-99-010721,2024-06-12,2024-07-10,1.0,Actual,PEM102-OLD,Omni Channel,VT240091
CT-F-99-020504,2024-06-12,2024-07-10,3.0,Actual,PEM102-OLD,Omni Channel,CT240042
VT-F-99-010721,2024-06-12,2024-06-21,1.0,Actual,PEM102-OLD,Omni Channel,VT240091
CT-F-99-020506,2024-06-12,2024-06-21,3.0,Actual,PEM102-OLD,Omni Channel,CT240133
VT-F-99-010721,2024-06-13,2024-07-05,1.0,Actual,PEM102-OLD,Omni Channel,VT240093
CT-F-99-020506,2024-06-13,2024-07-05,3.0,Actual,PEM102-OLD,Omni Channel,CT240133
VT-F-99-010722,2024-06-21,2024-07-26,39.0,Actual,PPS,Tendering,CTR-2024-03401
VT-F-99-010203,2024-06-13,2024-06-17,2.0,Actual,PEM102-OLD,Omni Channel,VT240038
CT-F-99-020502,2024-06-13,2024-06-17,2.0,Actual,PEM102-OLD,Omni Channel,CT240040
VT-F-99-010721,2024-06-13,2024-06-21,1.0,Actual,PEM102-OLD,Omni Channel,VT240091
CT-F-99-020504,2024-06-13,2024-06-21,3.0,Actual,PEM102-OLD,Omni Channel,CT240042
VT-F-99-010203,2024-06-14,2024-06-14,2.0,Actual,PEM102-OLD,Omni Channel,VT240038
CT-F-99-020502,2024-06-14,2024-06-14,2.0,Actual,PEM102-OLD,Omni Channel,CT240040
VT-F-99-010203,2024-06-14,2024-06-26,1.0,Actual,PEM102-OLD,Omni Channel,VT230115
CT-F-99-020510,2024-06-14,2024-06-25,3.0,Actual,PEM102-OLD,Omni Channel,CT240047
VT-F-99-010203,2024-06-14,2024-06-21,6.0,Actual,PEM102-OLD,Omni Channel,VT240038
RS-F-99-070004,2024-06-14,2024-08-15,75.0,Actual,PEM102-OLD,Omni Channel,RS240199
RS-F-99-070002,2024-06-14,2024-08-15,150.0,Actual,PEM102-OLD,Omni Channel,RS240198
CT-F-99-020505,2024-06-14,2024-06-21,4.0,Actual,PEM102-OLD,Omni Channel,CT240043
CT-F-99-020503,2024-06-14,2024-06-21,2.0,Actual,PEM102-OLD,Omni Channel,CT240041
CT-F-99-020514,2024-06-14,2024-08-15,30.0,Actual,PEM102-OLD,Omni Channel,CT240152
VT-F-99-010721,2024-06-17,2024-06-18,1.0,Actual,PEM102-OLD,Omni Channel,VT240091
VT-F-99-010202,2024-06-06,2024-07-31,4.0,Actual,PEM102-OLD,Omni Channel,VT240099
CT-F-99-020507,2024-06-17,2024-06-19,2.0,Actual,PEM102-OLD,Omni Channel,CT240088
CT-F-99-020508,2024-06-17,2024-08-30,3.0,Actual,PEM102-OLD,Omni Channel,CT240089
CT-F-99-020507,2024-06-17,2024-08-30,2.0,Actual,PEM102-OLD,Omni Channel,CT240088
VT-F-99-010203,2024-06-17,2024-08-30,2.0,Actual,PEM102-OLD,Omni Channel,VT240038
CT-F-99-020522,2024-06-17,2024-08-30,3.0,Actual,PEM102-OLD,Omni Channel,CT240154
VT-F-99-010721,2024-06-17,2024-08-30,1.0,Actual,PEM102-OLD,Omni Channel,VT240096
VT-F-99-010203,2024-06-18,2024-06-25,6.0,Actual,PEM102-OLD,Omni Channel,VT240038
CT-F-99-020501,2024-06-18,2024-06-25,4.0,Actual,PEM102-OLD,Omni Channel,CT240039
CT-F-99-020502,2024-06-18,2024-06-25,4.0,Actual,PEM102-OLD,Omni Channel,CT240040
CT-F-99-020506,2024-06-18,2024-06-25,4.0,Actual,PEM102-OLD,Omni Channel,"CT240081,CT240095"
CT-F-99-020534,2024-06-18,2024-07-18,3.0,Actual,PEM102-OLD,Omni Channel,CT240155
VT-F-99-010721,2024-06-19,2024-06-19,1.0,Actual,PEM102-OLD,Omni Channel,VT240093
CT-F-99-020508,2024-06-19,2024-06-19,3.0,Actual,PEM102-OLD,Omni Channel,CT240089
VT-F-99-010203,2024-06-19,2024-06-21,2.0,Actual,PEM102-OLD,Omni Channel,VT240038
CT-F-99-020510,2024-06-19,2024-06-21,2.0,Actual,PEM102-OLD,Omni Channel,CT240073
VT-F-99-010721,2024-06-19,2024-07-02,1.0,Actual,PEM102-OLD,Omni Channel,VT240093
CT-F-99-020526,2024-06-19,2024-07-02,3.0,Actual,PEM102-OLD,Omni Channel,CT240102
VT-F-99-010203,2024-06-19,2024-07-02,2.0,Actual,PEM102-OLD,Omni Channel,VT240038
CT-F-99-020511,2024-06-19,2024-07-02,2.0,Actual,PEM102-OLD,Omni Channel,CT230131
CT-F-99-020530,2024-06-14,2024-07-31,3.0,Actual,PEM102-OLD,Omni Channel,CT240132
CT-F-99-020506,2024-06-20,2024-06-21,3.0,Actual,PEM102-OLD,Omni Channel,CT240133
VT-F-99-010721,2024-06-20,2024-06-22,1.0,Actual,PEM102-OLD,Omni Channel,VT240093
CT-F-99-020508,2024-06-20,2024-06-22,3.0,Actual,PEM102-OLD,Omni Channel,CT240089
VT-F-99-010721,2024-06-20,2024-06-22,1.0,Actual,PEM102-OLD,Omni Channel,VT240093
CT-F-99-020508,2024-06-20,2024-06-22,3.0,Actual,PEM102-OLD,Omni Channel,CT240089
CT-F-99-020527,2024-06-20,2024-07-04,3.0,Actual,PEM102-OLD,Omni Channel,CT240140
VT-F-99-010721,2024-06-20,2024-06-21,1.0,Actual,PEM102-OLD,Omni Channel,VT240093
CT-F-99-020505,2024-06-20,2024-06-21,3.0,Actual,PEM102-OLD,Omni Channel,CT240043
VT-F-99-010721,2024-06-20,2024-07-04,1.0,Actual,PEM102-OLD,Omni Channel,VT240093
CT-F-99-020530,2024-06-20,2024-07-04,3.0,Actual,PEM102-OLD,Omni Channel,CT240132
VT-F-99-010721,2024-06-20,2024-06-25,1.0,Actual,PEM102-OLD,Omni Channel,VT240093
CT-F-99-020507,2024-06-20,2024-06-25,3.0,Actual,PEM102-OLD,Omni Channel,CT240088
VT-F-99-010303,2024-06-20,2024-06-27,1.0,Actual,PEM102-OLD,Omni Channel,VT230027
VT-F-99-010203,2024-06-20,2024-06-26,2.0,Actual,PEM102-OLD,Omni Channel,VT240038
CT-F-99-020502,2024-06-20,2024-06-26,2.0,Actual,PEM102-OLD,Omni Channel,CT240040
VT-F-99-010203,2024-06-21,2024-06-26,2.0,Actual,PEM102-OLD,Omni Channel,VT240038
CT-F-99-020502,2024-06-21,2024-06-26,2.0,Actual,PEM102-OLD,Omni Channel,CT240040
VT-F-99-010721,2024-06-21,2024-07-10,1.0,Actual,PEM102-OLD,Omni Channel,VT240093
CT-F-99-020508,2024-06-21,2024-07-10,3.0,Actual,PEM102-OLD,Omni Channel,CT240089
VT-F-99-010721,2024-06-21,2024-06-24,1.0,Actual,PEM102-OLD,Omni Channel,VT240091
CT-F-99-020505,2024-06-21,2024-06-24,3.0,Actual,PEM102-OLD,Omni Channel,CT240043
VT-F-99-010819,2024-06-21,2024-08-01,1.0,Actual,PEM102-OLD,Omni Channel,VT240087
CT-F-99-020708,2024-06-21,2024-08-01,3.0,Actual,PEM102-OLD,Omni Channel,CT240151
VT-F-99-010819,2024-06-21,2024-07-04,1.0,Actual,PEM102-OLD,Omni Channel,VT240087
CT-F-99-020702,2024-06-21,2024-07-04,3.0,Actual,PEM102-OLD,Omni Channel,CT240146
CT-F-99-020708,2024-06-21,2024-07-04,2.0,Actual,PEM102-OLD,Omni Channel,CT240151
VT-F-99-010303,2024-06-21,2024-07-04,2.0,Actual,PEM102-OLD,Omni Channel,VT230027
CT-F-99-020504,2024-06-21,2024-07-05,3.0,Actual,PEM102-OLD,Omni Channel,CT240042
VT-F-99-010721,2024-06-21,2024-06-22,1.0,Actual,PEM102-OLD,Omni Channel,VT240093
CT-F-99-020530,2024-06-21,2024-06-22,3.0,Actual,PEM102-OLD,Omni Channel,CT240132
VT-F-99-010722,2024-06-21,2024-07-12,8.0,Actual,PEM102-OLD,Omni Channel,VT240109
VT-F-99-010715,2024-06-24,2024-08-01,1.0,Actual,PEM102-OLD,Omni Channel,VT240035
CT-F-99-020506,2024-06-24,2024-08-01,3.0,Actual,PEM102-OLD,Omni Channel,CT240133
CT-F-99-020705,2024-06-24,2024-07-31,3.0,Actual,PEM102-OLD,Omni Channel,CT230377
VT-F-99-010818,2024-06-24,2024-07-31,1.0,Actual,PEM102-OLD,Omni Channel,VT240110
CT-F-99-020504,2024-06-24,2024-08-05,2.0,Actual,PEM102-OLD,Omni Channel,CT240042
VT-F-99-010203,2024-06-24,2024-08-05,2.0,Actual,PEM102-OLD,Omni Channel,VT240038
RS-F-99-041002,2024-05-17,2024-08-09,5.0,Actual,PEM102-OLD,Omni Channel,RS240153
VT-F-99-010203,2024-06-24,2024-06-26,2.0,Actual,PEM102-OLD,Omni Channel,VT240038
CT-F-99-020506,2024-06-25,2024-06-27,2.0,Actual,PEM102-OLD,Omni Channel,CT240095
VT-F-99-010203,2024-06-25,2024-06-27,2.0,Actual,PEM102-OLD,Omni Channel,VT240038
VT-F-99-010721,2024-06-25,2024-07-01,1.0,Actual,PEM102-OLD,Omni Channel,VT240091
CT-F-99-020504,2024-06-25,2024-07-01,3.0,Actual,PEM102-OLD,Omni Channel,CT240042
VT-F-99-010721,2024-06-25,2024-07-03,1.0,Actual,PEM102-OLD,Omni Channel,VT240093
CT-F-99-020506,2024-06-25,2024-07-03,3.0,Actual,PEM102-OLD,Omni Channel,CT240133
RS-F-99-070004,2024-06-25,2024-07-18,60.0,Actual,PEM102-OLD,Omni Channel,RS240207
RS-F-99-070005,2024-06-25,2024-07-18,42.0,Actual,PEM102-OLD,Omni Channel,RS240208
RS-F-99-041015,2024-06-25,2024-09-10,6.0,Actual,PEM102-OLD,Omni Channel,RS240214
RS-F-99-041033,2024-06-25,2024-08-27,6.0,Actual,PEM102-OLD,Omni Channel,RS240211
RS-F-99-041010,2024-06-25,2024-07-18,6.0,Actual,PEM102-OLD,Omni Channel,RS240216
RS-F-99-041001,2024-06-25,2024-07-18,28.0,Actual,PEM102-OLD,Omni Channel,RS240209
RS-F-99-041002,2024-06-25,2024-08-27,18.0,Actual,PEM102-OLD,Omni Channel,RS240210
RS-F-99-041004,2024-06-25,2024-08-06,6.0,Actual,PEM102-OLD,Omni Channel,RS240213
RS-F-99-041005,2024-06-25,2024-07-18,9.0,Actual,PEM102-OLD,Omni Channel,RS240215
RS-F-99-041006,2024-06-25,2024-09-10,6.0,Actual,PEM102-OLD,Omni Channel,RS240217
CT-F-99-020502,2024-06-25,2024-08-15,10.0,Actual,PEM102-OLD,Omni Channel,CT240164
CT-F-99-020503,2024-06-25,2024-08-15,10.0,Actual,PEM102-OLD,Omni Channel,CT240165
CT-F-99-020514,2024-06-25,2024-08-15,10.0,Actual,PEM102-OLD,Omni Channel,CT240163
VT-F-99-010721,2024-06-26,2024-06-28,1.0,Actual,PEM102-OLD,Omni Channel,VT240093
CT-F-99-020524,2024-06-26,2024-06-28,3.0,Actual,PEM102-OLD,Omni Channel,CT240107
VT-F-99-010203,2024-06-26,2024-06-28,2.0,Actual,PEM102-OLD,Omni Channel,VT240038
CT-F-99-020504,2024-06-26,2024-06-28,2.0,Actual,PEM102-OLD,Omni Channel,CT240042
CT-F-99-020505,2024-06-26,2024-07-10,3.0,Actual,PEM102-OLD,Omni Channel,CT240043
VT-F-99-010721,2024-06-26,2024-07-10,1.0,Actual,PEM102-OLD,Omni Channel,VT240093
CT-F-99-020506,2024-06-26,2024-11-29,3.0,Actual,PEM102-OLD,Omni Channel,CT240133
VT-F-99-010721,2024-06-26,2024-11-29,1.0,Actual,PEM102-OLD,Omni Channel,VT240093
VT-F-99-010819,2024-06-26,2024-07-09,1.0,Actual,PEM102-OLD,Omni Channel,VT240087
CT-F-99-020706,2024-06-26,2024-07-09,3.0,Actual,PEM102-OLD,Omni Channel,CT240166
VT-F-99-010721,2024-06-27,2024-07-12,1.0,Actual,PEM102-OLD,Omni Channel,VT240093
CT-F-99-020504,2024-06-27,2024-07-12,3.0,Actual,PEM102-OLD,Omni Channel,CT240042
CT-F-99-020503,2024-06-27,2024-07-04,2.0,Actual,PEM102-OLD,Omni Channel,CT240041
VT-F-99-010203,2024-06-27,2024-07-04,2.0,Actual,PEM102-OLD,Omni Channel,VT240038
VT-F-99-010721,2024-06-27,2024-11-29,1.0,Actual,PEM102-OLD,Omni Channel,VT240159
CT-F-99-020503,2024-06-27,2024-11-29,3.0,Actual,PEM102-OLD,Omni Channel,CT240235
VT-F-99-010203,2024-03-19,2025-03-12,54.0,Actual,PPD101,Omni Channel,
VT-F-99-010721,2024-06-28,2024-07-08,1.0,Actual,PEM102-OLD,Omni Channel,VT240093
CT-F-99-020526,2024-06-28,2024-07-08,3.0,Actual,PEM102-OLD,Omni Channel,"CT240084,CT240102"
VT-F-99-010721,2024-06-28,2024-07-08,2.0,Actual,PEM102-OLD,Omni Channel,VT240096
CT-F-99-020526,2024-06-28,2024-07-08,6.0,Actual,PEM102-OLD,Omni Channel,CT240124
VT-F-99-010209,2024-06-28,2024-07-15,2.0,Actual,PEM102-OLD,Omni Channel,VT240112
CT-F-99-020505,2024-06-28,2024-07-15,2.0,Actual,PEM102-OLD,Omni Channel,CT240043
VT-F-99-010721,2024-06-28,2024-07-03,1.0,Actual,PEM102-OLD,Omni Channel,VT240091
CT-F-99-020504,2024-06-28,2024-07-03,3.0,Actual,PEM102-OLD,Omni Channel,"CT240042,CT240086"
CT-F-99-020506,2024-06-28,2024-07-28,3.0,Actual,PEM102-OLD,Omni Channel,CT240133
VT-F-99-010721,2024-07-01,2024-07-04,1.0,Actual,PEM102-OLD,Omni Channel,VT240096
CT-F-99-020508,2024-07-01,2024-07-04,3.0,Actual,PEM102-OLD,Omni Channel,CT240089
VT-F-99-010819,2024-07-01,2024-07-19,2.0,Actual,PEM102-OLD,Omni Channel,VT240087
CT-F-99-020704,2024-07-01,2024-07-19,3.0,Actual,PEM102-OLD,Omni Channel,CT240167
CT-F-99-020706,2024-07-01,2024-07-19,3.0,Actual,PEM102-OLD,Omni Channel,CT240168
VT-F-99-010721,2024-07-02,2024-07-11,1.0,Actual,PEM102-OLD,Omni Channel,VT240093
CT-F-99-020527,2024-07-02,2024-07-11,3.0,Actual,PEM102-OLD,Omni Channel,VT240093
VT-F-99-010715,2024-07-03,2024-08-30,1.0,Actual,PEM102-OLD,Omni Channel,VT240090
CT-F-99-020503,2024-07-03,2024-08-30,3.0,Actual,PEM102-OLD,Omni Channel,CT240041
CT-F-99-020527,2024-07-03,2024-07-17,3.0,Actual,PEM102-OLD,Omni Channel,CT240140
VT-F-99-010819,2024-07-03,2024-07-26,1.0,Actual,PEM102-OLD,Omni Channel,VT240087
CT-F-99-020730,2024-07-03,2024-07-26,3.0,Actual,PEM102-OLD,Omni Channel,CT240170
VT-F-99-010715,2024-07-03,2024-07-10,1.0,Actual,PEM102-OLD,Omni Channel,VT240090
CT-F-99-020504,2024-07-03,2024-07-10,3.0,Actual,PEM102-OLD,Omni Channel,CT240086
CT-F-99-020504,2024-07-03,2024-07-18,2.0,Actual,PEM102-OLD,Omni Channel,CT240086
VT-F-99-010721,2024-07-04,2024-10-31,2.0,Actual,PEM102-OLD,Omni Channel,VT240096
CT-F-99-020505,2024-07-04,2024-10-31,3.0,Actual,PEM102-OLD,Omni Channel,CT240043
VT-F-99-010701,2024-07-04,2024-07-10,1.0,Actual,PEM102-OLD,Omni Channel,VT240092
VT-F-99-010722,2024-07-05,2024-07-19,39.0,Actual,PEM102-OLD,Omni Channel,"VT240065,VT240094"
CT-F-99-020506,2024-07-04,2024-10-31,3.0,Actual,PEM102-OLD,Omni Channel,CT240133
VT-F-99-010721,2024-07-08,2024-07-18,1.0,Actual,PEM102-OLD,Omni Channel,VT240096
CT-F-99-020503,2024-07-08,2024-07-18,3.0,Actual,PEM102-OLD,Omni Channel,CT240041
VT-F-99-010303,2024-07-08,2024-07-08,1.0,Actual,PEM102-OLD,Omni Channel,VT230027
RS-F-99-090028,2024-07-09,2024-07-16,3.0,Actual,PEM102-OLD,Omni Channel,RS240245
VT-F-99-010721,2024-07-10,2024-07-12,2.0,Actual,PEM102-OLD,Omni Channel,VT240096
CT-F-99-020504,2024-07-10,2024-07-12,3.0,Actual,PEM102-OLD,Omni Channel,CT240086
CT-F-99-020507,2024-07-10,2024-07-12,3.0,Actual,PEM102-OLD,Omni Channel,CT240088
VT-F-99-010721,2024-07-10,2024-07-19,1.0,Actual,PEM102-OLD,Omni Channel,VT240096
CT-F-99-020507,2024-07-10,2024-07-19,3.0,Actual,PEM102-OLD,Omni Channel,CT240096
VT-F-99-010721,2024-07-10,2024-07-19,1.0,Actual,PEM102-OLD,Omni Channel,VT240096
CT-F-99-020506,2024-07-10,2024-07-19,3.0,Actual,PEM102-OLD,Omni Channel,CT240138
VT-F-99-010721,2024-07-10,2024-07-11,1.0,Actual,PEM102-OLD,Omni Channel,VT240096
CT-F-99-020506,2024-07-10,2024-07-11,3.0,Actual,PEM102-OLD,Omni Channel,CT240138
VT-F-99-010203,2024-07-10,2024-07-23,2.0,Actual,PEM102-OLD,Omni Channel,VT240038
CT-F-99-020502,2024-07-10,2024-07-23,2.0,Actual,PEM102-OLD,Omni Channel,CT240040
RS-F-99-120002,2024-07-10,2024-09-20,14.0,Actual,PEM102-OLD,Omni Channel,RS240235
RS-F-99-040004,2024-07-10,2024-09-20,6.0,Actual,PEM102-OLD,Omni Channel,RS240240
RS-F-99-040006,2024-07-10,2024-12-25,8.0,Actual,PEM107,Omni Channel,RS240243
VT-F-99-010203,2024-07-10,2024-07-12,2.0,Actual,PEM102-OLD,Omni Channel,VT240038
CT-F-99-020502,2024-07-10,2024-07-12,2.0,Actual,PEM102-OLD,Omni Channel,CT240040
VT-F-99-010721,2024-07-11,2024-07-12,1.0,Actual,PEM102-OLD,Omni Channel,VT240096
CT-F-99-020508,2024-07-11,2024-07-12,3.0,Actual,PEM102-OLD,Omni Channel,CT240097
VT-F-99-010715,2024-07-11,2024-08-30,1.0,Actual,PEM102-OLD,Omni Channel,VT240090
CT-F-99-020504,2024-07-11,2024-08-30,3.0,Actual,PEM102-OLD,Omni Channel,CT240086
VT-F-99-010721,2024-07-11,2024-09-09,1.0,Actual,PEM102-OLD,Omni Channel,VT240096
CT-F-99-020528,2024-07-11,2024-09-09,3.0,Actual,PEM102-OLD,Omni Channel,CT240108
VT-F-99-010203,2024-07-12,2024-07-19,2.0,Actual,PEM102-OLD,Omni Channel,VT240038
CT-F-99-020504,2024-07-12,2024-07-19,2.0,Actual,PEM102-OLD,Omni Channel,CT240086
CT-F-99-020528,2024-07-12,2024-07-26,3.0,Actual,PEM102-OLD,Omni Channel,CT240116
CT-F-99-020525,2024-07-12,2024-07-31,3.0,Actual,PEM102-OLD,Omni Channel,CT240114
CT-F-99-020508,2024-07-12,2024-10-31,3.0,Actual,PEM102-OLD,Omni Channel,CT240097
VT-F-99-010721,2024-07-12,2024-10-31,2.0,Actual,PEM102-OLD,Omni Channel,VT240096
CT-F-99-020505,2024-07-12,2024-07-19,2.0,Actual,PEM102-OLD,Omni Channel,CT240043
CT-F-99-020502,2024-07-12,2024-07-19,3.0,Actual,PPD101,Omni Channel,CTR-2024-04044
VT-F-99-010721,2024-07-15,2024-08-30,3.0,Actual,PEM102-OLD,Omni Channel,VT240105
CT-F-99-020510,2024-07-15,2024-07-30,3.0,Actual,PEM102-OLD,Omni Channel,CT240073
CT-F-99-020504,2024-07-15,2024-08-30,3.0,Actual,PEM102-OLD,Omni Channel,CT240086
CT-F-99-020506,2024-07-15,2024-07-30,3.0,Actual,PEM102-OLD,Omni Channel,CT240138
VT-F-99-010721,2024-07-15,2024-11-29,1.0,Actual,PEM102-OLD,Omni Channel,VT240105
CT-F-99-020508,2024-07-15,2024-11-29,3.0,Actual,PEM102-OLD,Omni Channel,CT240097
CT-F-99-020704,2024-07-15,2024-11-29,3.0,Actual,PEM102-OLD,Omni Channel,CT240175
VT-F-99-010819,2024-07-15,2024-11-29,1.0,Actual,PEM102-OLD,Omni Channel,VT240087
VT-F-99-010721,2024-07-15,2024-11-29,2.0,Actual,PEM102-OLD,Omni Channel,VT240105
CT-F-99-020508,2024-07-15,2024-11-29,3.0,Actual,PEM102-OLD,Omni Channel,CT240097
CT-F-99-020504,2024-07-15,2024-11-29,3.0,Actual,PEM102-OLD,Omni Channel,CT240086
VT-F-99-010721,2024-07-16,2024-08-01,1.0,Actual,PEM102-OLD,Omni Channel,VT240096
CT-F-99-020530,2024-07-16,2024-08-01,3.0,Actual,PEM102-OLD,Omni Channel,CT240132
VT-F-99-010721,2024-07-16,2024-07-18,1.0,Actual,PEM102-OLD,Omni Channel,VT240105
CT-F-99-020504,2024-07-16,2024-07-18,3.0,Actual,PEM102-OLD,Omni Channel,CT240086
CT-F-99-020502,2024-07-17,2024-07-18,3.0,Actual,PEM102-OLD,Omni Channel,CT240040
CT-F-99-020504,2024-07-17,2024-08-09,3.0,Actual,PEM102-OLD,Omni Channel,CT240086
CT-F-99-020704,2024-07-17,2024-08-09,3.0,Actual,PEM102-OLD,Omni Channel,CT240180
VT-F-99-010819,2024-07-17,2024-08-09,1.0,Actual,PEM102-OLD,Omni Channel,VT240087
VT-F-99-010721,2024-07-17,2024-08-09,1.0,Actual,PEM102-OLD,Omni Channel,VT240105
CT-F-99-020510,2024-07-18,2024-07-19,3.0,Actual,PEM102-OLD,Omni Channel,CT240047
CT-F-99-020503,2024-07-18,2024-07-19,3.0,Actual,PEM102-OLD,Omni Channel,CT240041
VT-F-99-010721,2024-07-18,2024-07-19,1.0,Actual,PEM102-OLD,Omni Channel,VT240105
RS-F-99-041010,2024-06-25,2024-09-10,12.0,Actual,PEM102-OLD,Omni Channel,RS240216
RS-F-99-041001,2024-06-25,2024-09-10,32.0,Actual,PEM102-OLD,Omni Channel,RS240209
RS-F-99-041005,2024-06-25,2024-09-10,9.0,Actual,PEM102-OLD,Omni Channel,RS240215
VT-F-99-010715,2024-07-18,2024-08-02,1.0,Actual,PEM102-OLD,Omni Channel,VT240090
CT-F-99-020505,2024-07-18,2024-08-02,3.0,Actual,PEM102-OLD,Omni Channel,CT240043
CT-F-99-020502,2024-07-19,2024-08-02,2.0,Actual,PEM102-OLD,Omni Channel,CT240040
VT-F-99-010203,2024-07-19,2024-08-02,2.0,Actual,PEM102-OLD,Omni Channel,VT240038
CT-F-99-020502,2024-07-19,2024-07-26,2.0,Actual,PEM102-OLD,Omni Channel,CT240040
VT-F-99-010203,2024-07-19,2024-07-26,2.0,Actual,PEM102-OLD,Omni Channel,VT240038
CT-F-99-020510,2024-07-19,2024-07-30,3.0,Actual,PEM102-OLD,Omni Channel,CT240073
VT-F-99-010303,2024-07-23,2024-08-16,1.0,Actual,PEM102-OLD,Omni Channel,VT230027
CT-F-99-020705,2024-07-23,2024-08-16,1.0,Actual,PEM102-OLD,Omni Channel,CT240181
VT-F-99-010203,2024-07-23,2024-07-26,2.0,Actual,PEM102-OLD,Omni Channel,VT240038
VT-F-99-010820,2024-07-23,2024-09-16,3.0,Actual,PEM102-OLD,Omni Channel,VT240106
RS-F-99-070004,2024-07-24,2024-07-26,9.0,Actual,PEM102-OLD,Omni Channel,RS190334
CT-F-99-020504,2024-07-24,2024-08-08,3.0,Actual,PEM102-OLD,Omni Channel,CT240157
CT-F-99-020524,2024-07-19,2024-08-06,3.0,Actual,PEM102-OLD,Omni Channel,CT240107
VT-F-99-010721,2024-07-25,2024-08-09,1.0,Actual,PEM102-OLD,Omni Channel,VT240105
CT-F-99-020528,2024-07-25,2024-08-09,3.0,Actual,PEM102-OLD,Omni Channel,CT240116
CT-F-99-020704,2024-07-25,2024-10-31,6.0,Actual,PEM102-OLD,Omni Channel,"CT240186,CT240251"
VT-F-99-010819,2024-07-25,2024-10-31,2.0,Actual,PEM102-OLD,Omni Channel,"VT240123,VT240107"
CT-F-99-020510,2024-07-25,2024-08-01,3.0,Actual,PEM102-OLD,Omni Channel,CT240137
CT-F-99-020503,2024-07-26,2024-07-30,2.0,Actual,PEM102-OLD,Omni Channel,CT240041
VT-F-99-010203,2024-07-26,2024-07-30,2.0,Actual,PEM102-OLD,Omni Channel,VT240038
CT-F-99-020506,2024-07-19,2024-08-03,3.0,Actual,PEM102-OLD,Omni Channel,CT240138
RS-F-99-070002,2024-07-26,2024-08-27,72.0,Actual,PEM102-OLD,Omni Channel,RS240253
VT-F-99-010203,2024-07-26,2024-08-06,1.0,Actual,PEM102-OLD,Omni Channel,VT240038
CT-F-99-020506,2024-07-30,2024-08-22,3.0,Actual,PEM102-OLD,Omni Channel,CT240138
VT-F-99-010721,2024-07-30,2024-08-22,1.0,Actual,PEM102-OLD,Omni Channel,VT240105
VT-F-99-010203,2024-07-30,2024-08-01,2.0,Actual,PEM102-OLD,Omni Channel,VT240038
CT-F-99-020506,2024-07-30,2024-08-02,3.0,Actual,PEM102-OLD,Omni Channel,CT240138
VT-F-99-010721,2024-07-31,2024-08-15,1.0,Actual,PEM102-OLD,Omni Channel,VT240105
CT-F-99-020526,2024-07-31,2024-08-15,3.0,Actual,PEM102-OLD,Omni Channel,CT240169
CT-F-99-020504,2024-07-31,2024-08-02,3.0,Actual,PEM102-OLD,Omni Channel,CT240157
CT-F-99-020503,2024-07-31,2024-08-02,3.0,Actual,PEM102-OLD,Omni Channel,CT240041
CT-F-99-020508,2024-07-31,2024-08-27,2.0,Actual,PEM102-OLD,Omni Channel,CT240097
VT-F-99-010209,2024-07-31,2024-08-27,2.0,Actual,PEM102-OLD,Omni Channel,VT240128
VT-F-99-010721,2024-07-31,2024-09-20,1.0,Actual,PEM102-OLD,Omni Channel,VT240105
CT-F-99-020510,2024-07-31,2024-09-20,3.0,Actual,PEM102-OLD,Omni Channel,CT240137
VT-F-99-010721,2024-07-31,2024-09-20,1.0,Actual,PEM102-OLD,Omni Channel,VT240105
CT-F-99-020510,2024-07-31,2024-09-20,3.0,Actual,PEM102-OLD,Omni Channel,"CT240073,CT240137"
CT-F-99-020530,2024-08-02,2024-08-09,3.0,Actual,PEM102-OLD,Omni Channel,CT240161
VT-F-99-010721,2024-08-02,2024-08-20,1.0,Actual,PEM102-OLD,Omni Channel,VT240105
CT-F-99-020531,2024-08-02,2024-08-20,3.0,Actual,PEM102-OLD,Omni Channel,CT240115
VT-F-99-010203,2024-08-02,2024-08-15,2.0,Actual,PEM102-OLD,Omni Channel,VT240038
CT-F-99-020508,2024-08-02,2024-08-15,2.0,Actual,PEM102-OLD,Omni Channel,CT240097
VT-F-99-010721,2024-08-02,2024-10-31,1.0,Actual,PEM102-OLD,Omni Channel,VT240105
CT-F-99-020513,2024-08-02,2024-10-31,3.0,Actual,PEM102-OLD,Omni Channel,CT240147
VT-F-99-010721,2024-08-05,2024-08-06,1.0,Actual,PEM102-OLD,Omni Channel,VT240105
CT-F-99-020530,2024-08-05,2024-08-06,3.0,Actual,PEM102-OLD,Omni Channel,CT240161
VT-F-99-010203,2024-08-05,2024-08-07,2.0,Actual,PEM102-OLD,Omni Channel,VT240038
CT-F-99-020502,2024-08-05,2024-08-07,2.0,Actual,PEM102-OLD,Omni Channel,CT240040
VT-F-99-010721,2024-08-05,2024-08-06,1.0,Actual,PEM102-OLD,Omni Channel,VT240113
CT-F-99-020507,2024-08-05,2024-08-06,3.0,Actual,PEM102-OLD,Omni Channel,"CT240088,CT240096"
CT-F-99-020506,2024-08-02,2024-10-31,3.0,Actual,PEM102-OLD,Omni Channel,CT240158
VT-F-99-010721,2024-08-06,2024-09-17,1.0,Actual,PEM102-OLD,Omni Channel,VT240122
CT-F-99-020504,2024-08-06,2024-09-17,2.0,Actual,PEM102-OLD,Omni Channel,CT240157
CT-F-99-020506,2024-08-06,2024-09-17,3.0,Actual,PEM102-OLD,Omni Channel,CT240138
VT-F-99-010203,2024-08-06,2024-09-17,2.0,Actual,PEM102-OLD,Omni Channel,VT240038
CT-F-99-020535,2024-08-06,2024-12-16,3.0,Actual,PEM102-OLD,Omni Channel,CT240187
CT-F-99-020504,2024-08-05,2024-08-07,3.0,Actual,PEM102-OLD,Omni Channel,CT240157
VT-F-99-010721,2024-08-05,2024-08-07,1.0,Actual,PEM102-OLD,Omni Channel,VT240113
CT-F-99-020506,2024-08-05,2024-08-07,3.0,Actual,PEM102-OLD,Omni Channel,CT240158
VT-F-99-010721,2024-08-05,2024-08-07,1.0,Actual,PEM102-OLD,Omni Channel,VT240113
VT-F-99-010302,2024-08-06,2024-09-16,5.0,Actual,PEM102-OLD,Omni Channel,VT240129
VT-F-99-010202,2024-08-06,2024-09-16,5.0,Actual,PEM102-OLD,Omni Channel,VT240099
VT-F-99-010303,2024-08-07,2024-08-08,1.0,Actual,PEM102-OLD,Omni Channel,VT230027
VT-F-99-010819,2024-08-07,2024-08-08,1.0,Actual,PEM102-OLD,Omni Channel,VT240107
RS-F-99-041004,2024-06-25,2024-09-10,12.0,Actual,PEM102-OLD,Omni Channel,RS240213
CT-F-99-020504,2024-08-08,2024-08-09,3.0,Actual,PEM102-OLD,Omni Channel,CT240157
VT-F-99-010721,2024-08-08,2024-08-09,1.0,Actual,PEM102-OLD,Omni Channel,VT240105
VT-F-99-010105,2024-08-08,2024-09-02,2.0,Actual,PEM102-OLD,Omni Channel,VT240132
VT-F-99-010721,2024-08-09,2024-08-23,1.0,Actual,PEM102-OLD,Omni Channel,VT240113
CT-F-99-020524,2024-08-09,2024-08-23,3.0,Actual,PEM102-OLD,Omni Channel,CT240130
VT-F-99-010721,2024-08-09,2024-09-02,1.0,Actual,PEM102-OLD,Omni Channel,VT240113
CT-F-99-020530,2024-08-09,2024-09-02,3.0,Actual,PEM102-OLD,Omni Channel,CT240172
CT-F-99-020501,2024-03-19,2024-10-17,60.0,Actual,PPD101,Omni Channel,
VT-F-99-010721,2024-08-09,2024-08-16,3.0,Actual,PEM102-OLD,Omni Channel,VT240113
CT-F-99-020507,2024-08-09,2024-08-16,9.0,Actual,PEM102-OLD,Omni Channel,"CT240088,CT240096"
CT-F-99-020527,2024-08-13,2024-08-16,3.0,Actual,PEM102-OLD,Omni Channel,CT240143
CT-F-99-020702,2024-08-14,2024-09-13,2.0,Actual,PEM102-OLD,Omni Channel,CT240196
VT-F-99-010203,2024-08-14,2024-08-20,2.0,Actual,PEM102-OLD,Omni Channel,VT240038
CT-F-99-020506,2024-08-14,2024-08-20,2.0,Actual,PEM102-OLD,Omni Channel,CT240133
VT-F-99-010303,2024-08-14,2024-09-13,2.0,Actual,PEM102-OLD,Omni Channel,VT230027
CT-F-99-020505,2024-08-14,2024-08-23,3.0,Actual,PEM102-OLD,Omni Channel,CT240043
CT-F-99-020504,2024-08-14,2024-08-14,12.0,Actual,PEM102-OLD,Omni Channel,CT240157
VT-F-99-010721,2024-08-14,2024-08-14,4.0,Actual,PEM102-OLD,Omni Channel,VT240113
VT-F-99-010721,2024-08-14,2024-09-06,1.0,Actual,PEM102-OLD,Omni Channel,VT240131
CT-F-99-020530,2024-08-14,2024-09-06,3.0,Actual,PEM102-OLD,Omni Channel,CT240172
CT-F-99-020504,2024-08-14,2024-10-31,9.0,Actual,PEM102-OLD,Omni Channel,"CT240157,CT240176"
VT-F-99-010721,2024-08-14,2024-10-31,3.0,Actual,PEM102-OLD,Omni Channel,"VT240113,VT240122"
CT-F-99-020504,2024-08-14,2024-10-31,9.0,Actual,PEM102-OLD,Omni Channel,CT240176
VT-F-99-010721,2024-08-14,2024-10-31,3.0,Actual,PEM102-OLD,Omni Channel,VT240122
CT-F-99-020504,2024-08-14,2024-10-31,9.0,Actual,PEM102-OLD,Omni Channel,CT240176
VT-F-99-010721,2024-08-14,2024-10-31,3.0,Actual,PEM102-OLD,Omni Channel,"VT240122,VT240131,VT240146"
CT-F-99-020506,2024-08-14,2024-10-31,6.0,Actual,PEM102-OLD,Omni Channel,"CT240158,CT240218"
VT-F-99-010721,2024-08-14,2024-10-31,2.0,Actual,PEM102-OLD,Omni Channel,"VT240122,VT240146"
CT-F-99-020502,2024-08-14,2024-10-17,10.0,Actual,PPD101,Omni Channel,
VT-F-99-010721,2024-08-15,2024-08-23,1.0,Actual,PEM102-OLD,Omni Channel,VT240113
CT-F-99-020527,2024-08-15,2024-08-23,3.0,Actual,PEM102-OLD,Omni Channel,CT240160
RS-F-99-070002,2024-08-15,2024-08-16,3.0,Actual,PEM102-OLD,Omni Channel,RS190333
RS-F-99-070005,2024-08-15,2024-08-16,3.0,Actual,PEM102-OLD,Omni Channel,RS190335
CT-F-99-020508,2024-08-15,2024-09-03,3.0,Actual,PEM102-OLD,Omni Channel,"CT240089,CT240159"
CT-F-99-020527,2024-08-15,2024-09-27,3.0,Actual,PEM102-OLD,Omni Channel,CT240219
RS-F-99-090003,2024-08-26,2024-10-25,2000.0,Actual,PTS,Tendering,CTR-2024-04673
RS-F-99-090003,2024-08-26,2024-11-25,1900.0,Actual,PTS,Tendering,CTR-2024-04673
VT-F-99-010721,2024-08-16,2024-08-26,1.0,Actual,PEM102-OLD,Omni Channel,VT240122
CT-F-99-020510,2024-08-16,2024-08-26,3.0,Actual,PEM102-OLD,Omni Channel,"CT240073,CT240137"
VT-F-99-010721,2024-08-16,2026-01-08,1.0,Actual,PEM107,Omni Channel,VT250043
CT-F-99-020504,2024-08-16,2026-01-08,3.0,Actual,PEM107,Omni Channel,CT240189
RS-F-99-130011,2024-08-16,2024-09-17,240.0,Actual,PEM102-OLD,Tendering,RS240244
CT-F-99-020508,2024-08-19,2024-08-19,3.0,Actual,PEM102-OLD,Omni Channel,CT240097
CT-F-99-020507,2024-08-19,2024-08-22,7.0,Actual,PEM102-OLD,Omni Channel,CT240096
CT-F-99-020504,2024-08-20,2024-08-27,2.0,Actual,PEM102-OLD,Omni Channel,CT240176
VT-F-99-010203,2024-08-20,2024-08-27,2.0,Actual,PEM102-OLD,Omni Channel,VT240038
VT-F-99-010203,2024-08-20,2024-08-23,2.0,Actual,PEM102-OLD,Omni Channel,VT240038
CT-F-99-020504,2024-08-20,2024-08-23,2.0,Actual,PEM102-OLD,Omni Channel,CT240176
VT-F-99-010721,2024-08-20,2024-08-23,1.0,Actual,PEM102-OLD,Omni Channel,VT240113
CT-F-99-020528,2024-08-20,2024-08-23,3.0,Actual,PEM102-OLD,Omni Channel,CT240131
VT-F-99-010721,2024-08-20,2024-08-23,1.0,Actual,PEM102-OLD,Omni Channel,VT240122
CT-F-99-020528,2024-08-20,2024-08-23,3.0,Actual,PEM102-OLD,Omni Channel,CT240131
VT-F-99-010701,2024-08-20,2024-09-06,1.0,Actual,PEM102-OLD,Omni Channel,VT240116
VT-F-99-010203,2024-08-21,2025-08-29,76.0,Actual,PEM107,Omni Channel,VT240138
VT-F-99-010203,2024-08-21,2025-06-20,24.0,Actual,PEM107,Omni Channel,VT240138
CT-F-99-020502,2024-08-21,2024-10-16,10.0,Actual,PEM102-OLD,Omni Channel,CT240199
VT-F-99-010721,2024-08-21,2024-08-23,1.0,Actual,PEM102-OLD,Omni Channel,VT240113
CT-F-99-020508,2024-08-21,2024-08-23,3.0,Actual,PEM102-OLD,Omni Channel,"CT240097,CT240177"
VT-F-99-010721,2024-08-21,2024-08-26,1.0,Actual,PEM102-OLD,Omni Channel,VT240113
CT-F-99-020506,2024-08-21,2024-08-26,3.0,Actual,PEM102-OLD,Omni Channel,CT240158
VT-F-99-010721,2024-08-22,2024-09-27,1.0,Actual,PEM102-OLD,Omni Channel,VT240122
CT-F-99-020527,2024-08-22,2024-09-27,3.0,Actual,PEM102-OLD,Omni Channel,CT240143
CT-F-99-020530,2024-08-22,2024-09-05,3.0,Actual,PEM102-OLD,Omni Channel,CT240184
VT-F-99-010721,2024-08-22,2024-09-05,1.0,Actual,PEM102-OLD,Omni Channel,VT240131
RS-F-99-070006,2024-08-22,2024-10-10,24.0,Actual,PEM102-OLD,Omni Channel,RS240274
RS-F-99-070004,2024-08-22,2024-10-10,30.0,Actual,PEM102-OLD,Omni Channel,RS240273
RS-F-99-041015,2024-08-22,2024-10-10,12.0,Actual,PEM102-OLD,Omni Channel,RS240280
RS-F-99-041010,2024-08-22,2024-10-10,12.0,Actual,PEM102-OLD,Omni Channel,RS240282
RS-F-99-070021,2024-08-22,2024-10-10,24.0,Actual,PEM102-OLD,Omni Channel,RS240276
RS-F-99-070019,2024-08-22,2024-10-10,24.0,Actual,PEM102-OLD,Omni Channel,RS240275
RS-F-99-041001,2024-08-22,2024-10-10,30.0,Actual,PEM102-OLD,Omni Channel,RS240277
RS-F-99-041004,2024-08-22,2024-10-10,12.0,Actual,PEM102-OLD,Omni Channel,RS240279
RS-F-99-041005,2024-08-22,2024-10-10,18.0,Actual,PEM102-OLD,Omni Channel,"RS240281,RS240012"
RS-F-99-041006,2024-08-22,2024-10-10,6.0,Actual,PEM102-OLD,Omni Channel,RS240283
RS-F-99-041007,2024-08-22,2024-10-10,6.0,Actual,PEM102-OLD,Omni Channel,RS220331
RS-F-99-041008,2024-08-22,2024-10-10,6.0,Actual,PEM102-OLD,Omni Channel,RS240284
VT-F-99-010721,2024-08-22,2024-10-03,1.0,Actual,PEM102-OLD,Omni Channel,VT240131
CT-F-99-020503,2024-08-22,2024-10-03,3.0,Actual,PEM102-OLD,Omni Channel,CT240156
CT-F-99-020505,2024-08-22,2024-08-23,3.0,Actual,PEM102-OLD,Omni Channel,CT240043
VT-F-99-010721,2024-08-22,2024-10-31,1.0,Actual,PEM102-OLD,Omni Channel,VT240122
CT-F-99-020507,2024-08-22,2024-08-23,3.0,Actual,PEM102-OLD,Omni Channel,CT240096
VT-F-99-010721,2024-08-22,2024-10-31,1.0,Actual,PEM102-OLD,Omni Channel,VT240122
CT-F-99-020504,2024-08-23,2024-09-03,3.0,Actual,PEM102-OLD,Omni Channel,CT240189
VT-F-99-010721,2024-08-23,2024-08-26,1.0,Actual,PEM102-OLD,Omni Channel,VT240122
CT-F-99-020505,2024-08-23,2024-08-26,3.0,Actual,PEM102-OLD,Omni Channel,CT240043
VT-F-99-010721,2024-08-23,2024-08-26,1.0,Actual,PEM102-OLD,Omni Channel,VT240122
CT-F-99-020504,2024-08-23,2024-08-26,3.0,Actual,PEM102-OLD,Omni Channel,CT240157
VT-F-99-010721,2024-08-23,2024-08-26,1.0,Actual,PEM102-OLD,Omni Channel,VT240122
CT-F-99-020505,2024-08-23,2024-08-26,3.0,Actual,PEM102-OLD,Omni Channel,CT240043
VT-F-99-010721,2024-08-23,2024-08-30,1.0,Actual,PEM102-OLD,Omni Channel,VT240122
CT-F-99-020506,2024-08-23,2024-08-30,3.0,Actual,PEM102-OLD,Omni Channel,CT240158
VT-F-99-010203,2024-08-26,2024-08-28,2.0,Actual,PEM102-OLD,Omni Channel,VT240038
VT-F-99-010203,2024-08-26,2024-08-28,2.0,Actual,PEM102-OLD,Omni Channel,VT240038
CT-F-99-020502,2024-08-26,2024-08-28,2.0,Actual,PEM102-OLD,Omni Channel,CT240040
RS-F-99-041033,2024-06-25,2024-09-10,12.0,Actual,PEM102-OLD,Omni Channel,RS240211
RS-F-99-041002,2024-06-25,2024-09-10,12.0,Actual,PEM102-OLD,Omni Channel,RS240210
CT-F-99-020528,2024-08-27,2024-09-16,3.0,Actual,PEM102-OLD,Omni Channel,CT240179
CT-F-99-020503,2024-08-27,2024-08-30,2.0,Actual,PEM102-OLD,Omni Channel,CT240041
VT-F-99-010203,2024-08-27,2024-08-30,2.0,Actual,PEM102-OLD,Omni Channel,VT240038
VT-F-99-010721,2024-08-27,2024-08-30,1.0,Actual,PEM102-OLD,Omni Channel,VT240122
CT-F-99-020527,2024-08-27,2024-08-30,3.0,Actual,PEM102-OLD,Omni Channel,CT240171
CT-F-99-020504,2024-08-27,2024-08-30,3.0,Actual,PEM102-OLD,Omni Channel,CT240176
VT-F-99-010721,2024-08-27,2024-09-03,1.0,Actual,PEM102-OLD,Omni Channel,VT240122
CT-F-99-020507,2024-08-27,2024-09-03,3.0,Actual,PEM102-OLD,Omni Channel,CT240141
RS-F-99-070004,2024-08-28,2024-09-27,3.0,Actual,PEM102-OLD,Omni Channel,RS230042
RS-F-99-070004,2024-08-28,2024-09-27,3.0,Actual,PEM102-OLD,Omni Channel,RS230042
CT-F-99-020502,2024-08-28,2024-09-12,3.0,Actual,PEM102-OLD,Omni Channel,CT240040
VT-F-99-010819,2024-08-28,2024-09-13,1.0,Actual,PEM102-OLD,Omni Channel,VT240107
CT-F-99-020702,2024-08-28,2024-09-13,3.0,Actual,PEM102-OLD,Omni Channel,CT240211
VT-F-99-010715,2024-08-28,2024-09-12,1.0,Actual,PEM102-OLD,Omni Channel,VT240090
RS-F-99-100001,2024-08-28,2024-09-20,6.0,Actual,PEM102-OLD,Omni Channel,RS240287
VT-F-99-010203,2024-08-29,2024-09-06,2.0,Actual,PEM102-OLD,Omni Channel,VT240038
CT-F-99-020506,2024-08-29,2024-09-06,2.0,Actual,PEM102-OLD,Omni Channel,CT240158
VT-F-99-010203,2024-08-29,2024-09-06,3.0,Actual,PEM102-OLD,Omni Channel,VT240038
CT-F-99-020506,2024-08-29,2024-09-06,2.0,Actual,PEM102-OLD,Omni Channel,CT240133
CT-F-99-020507,2024-08-29,2024-09-06,3.0,Actual,PEM102-OLD,Omni Channel,CT240141
VT-F-99-010203,2024-08-29,2024-09-06,3.0,Actual,PEM102-OLD,Omni Channel,VT240038
VT-F-99-010722,2024-08-29,2024-09-09,1.0,Actual,PEM102-OLD,Omni Channel,VT240065
VT-F-99-010203,2024-08-29,2024-09-09,2.0,Actual,PEM102-OLD,Omni Channel,VT240038
RS-F-99-070005,2024-08-29,2024-08-29,3.0,Actual,PEM102-OLD,Omni Channel,RS190335
CT-F-99-020530,2024-08-29,2024-09-16,3.0,Actual,PEM102-OLD,Omni Channel,CT240198
VT-F-99-010721,2024-08-29,2024-09-16,1.0,Actual,PEM102-OLD,Omni Channel,VT240131
VT-F-99-010721,2024-08-29,2024-09-12,1.0,Actual,PEM102-OLD,Omni Channel,VT240131
CT-F-99-020525,2024-08-29,2024-09-12,3.0,Actual,PEM102-OLD,Omni Channel,CT240114
CT-F-99-020528,2024-08-29,2024-11-29,3.0,Actual,PEM102-OLD,Omni Channel,CT240179
VT-F-99-010721,2024-08-22,2024-09-10,1.0,Actual,PEM102-OLD,Omni Channel,VT240131
CT-F-99-020507,2024-08-22,2024-09-10,3.0,Actual,PEM102-OLD,Omni Channel,CT240141
CT-F-99-020502,2024-08-30,2024-09-27,36.0,Actual,PEM102-OLD,Omni Channel,CT240040
CT-F-99-020504,2024-08-30,2024-09-27,2.0,Actual,PEM102-OLD,Omni Channel,CT240189
RS-F-99-070004,2024-08-30,2024-09-27,7.0,Actual,PEM102-OLD,Omni Channel,RS230042
RS-F-99-070005,2024-08-30,2024-09-27,63.0,Actual,PEM102-OLD,Omni Channel,RS230072
RS-F-99-070002,2024-08-30,2024-09-27,54.0,Actual,PEM102-OLD,Omni Channel,RS240070
CT-F-99-020502,2024-08-30,2024-09-27,16.0,Actual,PEM102-OLD,Omni Channel,CT240040
CT-F-99-020503,2024-08-30,2024-09-27,4.0,Actual,PEM102-OLD,Omni Channel,CT240041
RS-F-99-070004,2024-08-30,2024-09-27,37.0,Actual,PEM102-OLD,Omni Channel,RS230042
RS-F-99-070005,2024-08-30,2024-09-27,65.0,Actual,PEM102-OLD,Omni Channel,RS230072
RS-F-99-070002,2024-08-30,2024-09-27,120.0,Actual,PEM102-OLD,Omni Channel,RS240070
CT-F-99-020501,2024-08-30,2024-09-27,4.0,Actual,PEM102-OLD,Omni Channel,CT240039
VT-F-99-010721,2024-09-02,2024-09-19,1.0,Actual,PEM102-OLD,Omni Channel,VT240131
CT-F-99-020525,2024-09-02,2024-09-19,3.0,Actual,PEM102-OLD,Omni Channel,CT240171
CT-F-99-020527,2024-09-02,2024-09-19,3.0,Actual,PEM102-OLD,Omni Channel,CT240174
VT-F-99-010819,2024-09-02,2024-09-20,1.0,Actual,PEM102-OLD,Omni Channel,VT240107
CT-F-99-020708,2024-09-02,2024-09-20,3.0,Actual,PEM102-OLD,Omni Channel,CT240212
CT-F-99-020504,2024-09-02,2024-09-06,2.0,Actual,PEM102-OLD,Omni Channel,CT240189
VT-F-99-010721,2024-09-02,2024-10-01,2.0,Actual,PEM102-OLD,Omni Channel,VT240131
CT-F-99-020527,2024-09-02,2024-10-01,6.0,Actual,PEM102-OLD,Omni Channel,CT240197
VT-F-99-010721,2024-09-03,2024-09-20,1.0,Actual,PEM102-OLD,Omni Channel,VT240131
CT-F-99-020505,2024-09-03,2024-09-20,3.0,Actual,PEM102-OLD,Omni Channel,CT240043
VT-F-99-010721,2024-09-03,2024-09-16,1.0,Actual,PEM102-OLD,Omni Channel,VT240131
CT-F-99-020525,2024-09-03,2024-09-16,3.0,Actual,PEM102-OLD,Omni Channel,CT240174
CT-F-99-020506,2024-09-03,2024-09-10,2.0,Actual,PEM102-OLD,Omni Channel,CT240133
VT-F-99-010203,2024-09-03,2024-09-10,2.0,Actual,PEM102-OLD,Omni Channel,VT240038
VT-F-99-010721,2024-08-30,2024-09-06,1.0,Actual,PEM102-OLD,Omni Channel,VT240131
CT-F-99-020505,2024-08-30,2024-09-06,3.0,Actual,PEM102-OLD,Omni Channel,CT240087
VT-F-99-010721,2024-09-03,2024-09-13,1.0,Actual,PEM102-OLD,Omni Channel,VT240131
CT-F-99-020502,2024-09-05,2024-09-27,36.0,Actual,PPS,Tendering,CTR-2024-05073
CT-F-99-020504,2024-09-05,2024-09-27,2.0,Actual,PPS,Tendering,CTR-2024-05073
RS-F-99-070004,2024-09-05,2024-09-27,7.0,Actual,PPS,Tendering,CTR-2024-05073
RS-F-99-070005,2024-09-05,2024-09-27,63.0,Actual,PPS,Tendering,CTR-2024-05073
RS-F-99-070002,2024-09-05,2024-09-27,54.0,Actual,PPS,Tendering,CTR-2024-05073
CT-F-99-020502,2024-09-05,2024-09-27,16.0,Actual,PPS,Tendering,CTR-2024-05077
CT-F-99-020503,2024-09-05,2024-09-27,4.0,Actual,PPS,Tendering,CTR-2024-05077
RS-F-99-070004,2024-09-05,2024-09-27,37.0,Actual,PPS,Tendering,CTR-2024-05077
RS-F-99-070005,2024-09-05,2024-09-27,65.0,Actual,PPS,Tendering,CTR-2024-05077
RS-F-99-070002,2024-09-05,2024-09-27,120.0,Actual,PPS,Tendering,CTR-2024-05077
CT-F-99-020501,2024-09-05,2024-09-27,4.0,Actual,PPS,Tendering,CTR-2024-05077
CT-F-99-020501,2024-09-04,2024-10-03,28.0,Actual,PEM102-OLD,Omni Channel,CT240039
CT-F-99-020502,2024-09-04,2024-10-03,17.0,Actual,PEM102-OLD,Omni Channel,CT240217
VT-F-99-010203,2024-09-04,2024-09-09,2.0,Actual,PEM102-OLD,Omni Channel,VT240038
CT-F-99-020503,2024-09-04,2024-09-09,2.0,Actual,PEM102-OLD,Omni Channel,CT240156
CT-F-99-020506,2024-09-04,2024-09-26,3.0,Actual,PEM102-OLD,Omni Channel,CT240182
VT-F-99-010715,2024-09-04,2024-09-26,1.0,Actual,PEM102-OLD,Omni Channel,VT240090
CT-F-99-020502,2024-09-04,2024-10-10,2.0,Actual,PEM102-OLD,Omni Channel,CT240224
CT-F-99-020503,2024-09-04,2024-10-10,3.0,Actual,PEM102-OLD,Omni Channel,CT240226
CT-F-99-020504,2024-09-04,2024-10-10,6.0,Actual,PEM102-OLD,Omni Channel,CT240195
CT-F-99-020505,2024-09-04,2024-10-10,2.0,Actual,PEM102-OLD,Omni Channel,CT240223
RS-F-99-070005,2024-09-04,2024-10-10,19.0,Actual,PEM102-OLD,Omni Channel,RS240072
RS-F-99-070002,2024-09-04,2024-10-10,52.0,Actual,PEM102-OLD,Omni Channel,RS240070
CT-F-99-020528,2024-09-04,2024-09-12,3.0,Actual,PEM102-OLD,Omni Channel,CT240191
VT-F-99-010203,2024-09-05,2024-09-11,2.0,Actual,PEM102-OLD,Omni Channel,VT240038
CT-F-99-020502,2024-09-05,2024-09-11,2.0,Actual,PEM102-OLD,Omni Channel,CT240040
VT-F-99-010715,2024-09-05,2024-10-31,1.0,Actual,PEM102-OLD,Omni Channel,VT240090
CT-F-99-020504,2024-09-05,2024-10-31,3.0,Actual,PEM102-OLD,Omni Channel,CT240189
RS-F-99-070004,2024-09-05,2024-09-06,3.0,Actual,PEM102-OLD,Omni Channel,Have stock
CT-F-99-020505,2024-09-05,2024-09-16,3.0,Actual,PEM102-OLD,Omni Channel,CT240087
VT-F-99-010721,2024-09-05,2024-09-16,1.0,Actual,PEM102-OLD,Omni Channel,VT240131
CT-F-99-020527,2024-09-05,2024-10-31,3.0,Actual,PEM102-OLD,Omni Channel,CT240182
VT-F-99-010721,2024-09-05,2024-10-31,1.0,Actual,PEM102-OLD,Omni Channel,VT240131
CT-F-99-020506,2024-07-12,2024-10-31,3.0,Actual,PEM102-OLD,Omni Channel,CT240182
CT-F-99-020504,2024-09-05,2024-10-31,3.0,Actual,PEM102-OLD,Omni Channel,CT240189
VT-F-99-010203,2024-09-06,2024-09-11,1.0,Actual,PEM102-OLD,Omni Channel,VT240038
CT-F-99-020510,2024-09-06,2024-10-03,2.0,Actual,PEM102-OLD,Omni Channel,CT240047
RS-F-99-120006,2024-09-06,2024-10-07,2.0,Actual,PEM102-OLD,Omni Channel,RS240295
RS-F-99-041005,2024-09-06,2024-10-07,2.0,Actual,PEM102-OLD,Omni Channel,RS240296
VT-F-99-010819,2024-09-06,2024-09-20,1.0,Actual,PEM102-OLD,Omni Channel,VT240107
CT-F-99-020717,2024-09-06,2024-09-20,3.0,Actual,PEM102-OLD,Omni Channel,CT240221
RS-F-99-090026,2024-09-09,2024-10-04,4.0,Actual,PEM102-OLD,Omni Channel,RS240297
VT-F-99-010203,2024-09-09,2024-09-12,2.0,Actual,PEM102-OLD,Omni Channel,VT240038
CT-F-99-020501,2024-09-09,2024-09-12,2.0,Actual,PEM102-OLD,Omni Channel,CT240039
VT-F-99-010721,2024-09-10,2024-10-04,1.0,Actual,PEM102-OLD,Omni Channel,VT240135
CT-F-99-020507,2024-09-10,2024-10-04,3.0,Actual,PEM102-OLD,Omni Channel,CT240214
VT-F-99-010721,2024-09-10,2024-09-13,1.0,Actual,PEM102-OLD,Omni Channel,VT240135
CT-F-99-020504,2024-09-10,2024-09-13,3.0,Actual,PEM102-OLD,Omni Channel,CT240157
VT-F-99-010721,2024-09-10,2024-09-20,1.0,Actual,PEM102-OLD,Omni Channel,VT240135
CT-F-99-020506,2024-09-10,2024-09-20,3.0,Actual,PEM102-OLD,Omni Channel,CT240182
VT-F-99-010721,2024-09-10,2024-09-13,1.0,Actual,PEM102-OLD,Omni Channel,VT240135
CT-F-99-020503,2024-09-10,2024-09-13,3.0,Actual,PEM102-OLD,Omni Channel,CT240156
CT-F-99-020502,2024-09-10,2024-10-08,14.0,Actual,PEM102-OLD,Omni Channel,CT240220
CT-F-99-020503,2024-09-10,2024-10-08,10.0,Actual,PEM102-OLD,Omni Channel,CT240188
CT-F-99-020505,2024-09-10,2024-10-08,2.0,Actual,PEM102-OLD,Omni Channel,CT240087
RS-F-99-070004,2024-09-10,2024-10-08,67.0,Actual,PEM102-OLD,Omni Channel,RS240071
RS-F-99-070005,2024-09-10,2024-10-08,40.0,Actual,PEM102-OLD,Omni Channel,RS240072
CT-F-99-020501,2024-09-10,2024-10-08,11.0,Actual,PEM102-OLD,Omni Channel,CT240039
RS-F-99-041033,2024-06-25,2024-10-10,42.0,Actual,PEM102-OLD,Omni Channel,RS240211
CT-F-99-020507,2024-09-10,2024-10-04,3.0,Actual,PEM102-OLD,Omni Channel,CT240214
RS-F-99-090028,2024-09-10,2024-10-09,6.0,Actual,PEM102-OLD,Omni Channel,RS240298
VT-F-99-010721,2024-09-10,2025-10-31,1.0,Actual,PEM107,Omni Channel,VT240135
CT-F-99-020506,2024-09-10,2025-10-31,3.0,Actual,PEM107,Omni Channel,CT240218
CT-F-99-020502,2024-09-11,2024-09-30,15.0,Actual,PEM102-OLD,Omni Channel,"CT240217,CT240220"
CT-F-99-020503,2024-09-11,2024-09-30,4.0,Actual,PEM102-OLD,Omni Channel,CT240188
RS-F-99-070004,2024-09-11,2024-09-30,61.0,Actual,PEM102-OLD,Omni Channel,RS240071
RS-F-99-070005,2024-09-11,2024-09-30,70.0,Actual,PEM102-OLD,Omni Channel, RS240072
RS-F-99-070002,2024-09-11,2024-09-30,142.0,Actual,PEM102-OLD,Omni Channel,RS240300
CT-F-99-020501,2024-09-11,2024-09-30,2.0,Actual,PEM102-OLD,Omni Channel,CT240039
RS-F-99-070003,2024-09-11,2024-09-27,15.0,Actual,PEM102-OLD,Omni Channel,RS240197
CT-F-99-020507,2024-09-11,2024-09-13,3.0,Actual,PEM102-OLD,Omni Channel,CT240141
VT-F-99-010721,2024-09-11,2024-09-20,1.0,Actual,PEM102-OLD,Omni Channel,VT240135
CT-F-99-020530,2024-09-11,2024-09-20,3.0,Actual,PEM102-OLD,Omni Channel,CT240198
CT-F-99-020508,2024-09-11,2024-09-20,3.0,Actual,PEM102-OLD,Omni Channel,CT240159
VT-F-99-010721,2024-09-11,2024-09-20,1.0,Actual,PEM102-OLD,Omni Channel,VT240135
VT-F-99-010721,2024-09-11,2024-09-20,1.0,Actual,PEM102-OLD,Omni Channel,VT240135
CT-F-99-020527,2024-09-12,2024-09-27,3.0,Actual,PEM102-OLD,Omni Channel,CT240219
CT-F-99-020528,2024-09-12,2024-09-27,3.0,Actual,PEM102-OLD,Omni Channel,CT240191
VT-F-99-010721,2024-09-12,2024-09-27,1.0,Actual,PEM102-OLD,Omni Channel,VT240135
CT-F-99-020527,2024-09-12,2024-09-27,3.0,Actual,PEM102-OLD,Omni Channel,CT240160
VT-F-99-010721,2024-09-12,2024-09-27,1.0,Actual,PEM102-OLD,Omni Channel,VT240135
CT-F-99-020502,2024-09-12,2024-09-27,3.0,Actual,PEM102-OLD,Omni Channel,CT240217
VT-F-99-010721,2024-09-12,2024-09-27,1.0,Actual,PEM102-OLD,Omni Channel,VT240135
CT-F-99-020506,2024-09-12,2024-09-27,3.0,Actual,PEM102-OLD,Omni Channel,CT240182
VT-F-99-010721,2024-09-12,2024-09-27,1.0,Actual,PEM102-OLD,Omni Channel,VT240135
CT-F-99-020503,2024-09-12,2024-09-27,3.0,Actual,PEM102-OLD,Omni Channel,CT240156
VT-F-99-010721,2024-09-12,2024-09-27,1.0,Actual,PEM102-OLD,Omni Channel,VT240135
CT-F-99-020502,2024-09-13,2024-10-15,10.0,Actual,PEM102-OLD,Omni Channel,CT240220
CT-F-99-020503,2024-09-13,2024-10-15,1.0,Actual,PEM102-OLD,Omni Channel,CT240226
RS-F-99-070004,2024-09-13,2024-10-15,52.0,Actual,PEM102-OLD,Omni Channel,RS240071
RS-F-99-070005,2024-09-13,2024-10-15,33.0,Actual,PEM102-OLD,Omni Channel,RS240072
RS-F-99-070002,2024-09-13,2024-10-15,112.0,Actual,PEM102-OLD,Omni Channel,RS240070
CT-F-99-020501,2024-09-13,2024-10-15,12.0,Actual,PEM102-OLD,Omni Channel,CT240225
CT-F-99-020503,2024-09-13,2024-09-20,13.0,Actual,PEM102-OLD,Omni Channel,"CT240188,CT240226"
CT-F-99-020504,2024-09-13,2024-09-20,8.0,Actual,PEM102-OLD,Omni Channel,CT240195
CT-F-99-020505,2024-09-13,2024-09-20,4.0,Actual,PEM102-OLD,Omni Channel,CT240087
RS-F-99-070005,2024-09-13,2024-09-20,30.0,Actual,PEM102-OLD,Omni Channel,RS240072
CT-F-99-020501,2024-09-13,2024-09-20,17.0,Actual,PEM102-OLD,Omni Channel,CT240039
RS-F-99-090003,2024-09-13,2024-10-24,2000.0,Actual,PEM102-OLD,Tendering,"RS240095,RS240096,RS240097"
RS-F-99-090003,2024-09-13,2024-11-22,1900.0,Actual,PEM102-OLD,Tendering,CTR-2024-05334
VT-F-99-010721,2024-09-16,2024-10-21,1.0,Actual,PEM102-OLD,Omni Channel,VT240146
CT-F-99-020505,2024-09-16,2024-10-21,3.0,Actual,PEM102-OLD,Omni Channel,CT240087
CT-F-99-020501,2024-09-16,2024-10-15,4.0,Actual,PEM102-OLD,Omni Channel,CT240225
CT-F-99-020502,2024-09-16,2024-10-15,4.0,Actual,PEM102-OLD,Omni Channel,CT240224
CT-F-99-020508,2024-09-16,2024-10-15,2.0,Actual,PEM102-OLD,Omni Channel,CT240159
RS-F-99-070002,2024-09-16,2024-10-15,49.0,Actual,PEM102-OLD,Omni Channel,RS240300
RS-F-99-070004,2024-09-16,2024-10-15,25.0,Actual,PEM102-OLD,Omni Channel,RS240071
RS-F-99-070005,2024-09-16,2024-10-15,6.0,Actual,PEM102-OLD,Omni Channel,RS240072
VT-F-99-010715,2024-09-17,2024-09-20,1.0,Actual,PEM102-OLD,Omni Channel,VT240090
CT-F-99-020506,2024-09-17,2024-09-20,3.0,Actual,PEM102-OLD,Omni Channel,CT240182
VT-F-99-010203,2024-09-17,2024-09-25,2.0,Actual,PEM102-OLD,Omni Channel,VT240038
CT-F-99-020505,2024-09-17,2024-09-25,2.0,Actual,PEM102-OLD,Omni Channel,CT240087
CT-F-99-020510,2024-09-17,2024-10-15,3.0,Actual,PEM102-OLD,Omni Channel,CT240183
VT-F-99-010721,2024-09-17,2024-09-30,1.0,Actual,PEM102-OLD,Omni Channel,VT240135
CT-F-99-020503,2024-09-17,2024-09-30,3.0,Actual,PEM102-OLD,Omni Channel,CT240156
RS-F-99-070004,2024-09-17,2024-10-15,163.0,Actual,PEM102-OLD,Omni Channel,RS240071
RS-F-99-070005,2024-09-17,2024-10-15,3.0,Actual,PEM102-OLD,Omni Channel,RS240072
RS-F-99-070002,2024-09-17,2024-10-15,433.0,Actual,PEM102-OLD,Omni Channel,RS240300
VT-F-99-010721,2024-09-17,2024-10-31,1.0,Actual,PEM102-OLD,Omni Channel,VT240135
CT-F-99-020507,2024-09-17,2024-10-31,3.0,Actual,PEM102-OLD,Omni Channel,CT240214
VT-F-99-010203,2024-09-17,2024-10-31,2.0,Actual,PEM102-OLD,Omni Channel,VT240038
CT-F-99-020503,2024-09-17,2024-10-31,2.0,Actual,PEM102-OLD,Omni Channel,CT240235
CT-F-99-020504,2024-09-17,2024-10-31,3.0,Actual,PEM102-OLD,Omni Channel,CT240189
VT-F-99-010721,2024-09-17,2024-11-29,1.0,Actual,PEM102-OLD,Omni Channel,VT240146
CT-F-99-020504,2024-09-17,2024-09-20,3.0,Actual,PEM102-OLD,Omni Channel,CT240086
VT-F-99-010721,2024-09-17,2024-09-20,1.0,Actual,PEM102-OLD,Omni Channel,VT240135
VT-F-99-010721,2024-09-17,2024-09-20,1.0,Actual,PEM102-OLD,Omni Channel,VT240135
CT-F-99-020507,2024-09-17,2024-09-20,3.0,Actual,PEM102-OLD,Omni Channel,CT240214
VT-F-99-010721,2024-09-17,2024-09-20,1.0,Actual,PEM102-OLD,Omni Channel,VT240135
CT-F-99-020507,2024-09-17,2024-09-20,3.0,Actual,PEM102-OLD,Omni Channel,CT240214
VT-F-99-010721,2024-09-17,2024-09-20,1.0,Actual,PEM102-OLD,Omni Channel,VT240135
CT-F-99-020508,2024-09-17,2024-09-23,3.0,Actual,PEM102-OLD,Omni Channel,CT240159
CT-F-99-020506,2024-09-17,2024-09-20,3.0,Actual,PEM102-OLD,Omni Channel,CT240218
VT-F-99-010721,2024-09-17,2024-09-20,1.0,Actual,PEM102-OLD,Omni Channel,VT240141
CT-F-99-020502,2024-09-18,2024-10-17,15.0,Actual,PEM102-OLD,Omni Channel,"CT240220,CT240224"
CT-F-99-020503,2024-09-18,2024-10-17,1.0,Actual,PEM102-OLD,Omni Channel,CT240226
RS-F-99-070004,2024-09-18,2024-10-17,33.0,Actual,PEM102-OLD,Omni Channel,"RS230042,RS240071"
RS-F-99-070005,2024-09-18,2024-10-17,41.0,Actual,PEM102-OLD,Omni Channel,"RS230043,RS240072"
RS-F-99-070002,2024-09-18,2024-10-17,89.0,Actual,PEM102-OLD,Omni Channel,"RS240070,RS240300"
CT-F-99-020508,2024-09-18,2024-09-25,3.0,Actual,PEM102-OLD,Omni Channel,CT240159
CT-F-99-020508,2024-09-18,2024-09-25,3.0,Actual,PEM102-OLD,Omni Channel,CT240159
CT-F-99-020508,2024-09-18,2024-09-25,3.0,Actual,PEM102-OLD,Omni Channel,CT240177
VT-F-99-010721,2024-09-19,2024-11-11,1.0,Actual,PEM102-OLD,Omni Channel,VT240146
CT-F-99-020528,2024-09-19,2024-11-11,3.0,Actual,PEM102-OLD,Omni Channel,CT240231
VT-F-99-010715,2024-09-19,2024-09-27,1.0,Actual,PEM102-OLD,Omni Channel,VT230065
CT-F-99-020506,2024-09-19,2024-09-27,3.0,Actual,PEM102-OLD,Omni Channel,CT240218
VT-F-99-010203,2024-09-19,2024-09-26,10.0,Actual,PEM102-OLD,Omni Channel,VT240038
CT-F-99-020510,2024-09-19,2024-09-26,3.0,Actual,PEM102-OLD,Omni Channel,CT240183
CT-F-99-020502,2024-09-19,2024-09-26,4.0,Actual,PEM102-OLD,Omni Channel,CT240224
VT-F-99-010701,2024-07-12,2024-09-19,1.0,Actual,PEM102-OLD,Omni Channel,VT240116
CT-F-99-020506,2024-07-12,2024-11-29,3.0,Actual,PEM102-OLD,Omni Channel,CT240182
VT-F-99-010721,2024-07-12,2024-11-29,1.0,Actual,PEM102-OLD,Omni Channel,VT240096
CT-F-99-020508,2024-07-12,2024-11-29,3.0,Actual,PEM102-OLD,Omni Channel,CT240097
VT-F-99-010203,2024-09-19,2024-09-27,2.0,Actual,PEM102-OLD,Omni Channel,"VT240038,VT240136"
CT-F-99-020503,2024-09-19,2024-09-27,2.0,Actual,PEM102-OLD,Omni Channel,CT240226
VT-F-99-010721,2024-09-19,2024-09-23,1.0,Actual,PEM102-OLD,Omni Channel,VT240141
CT-F-99-020501,2024-09-19,2024-09-23,3.0,Actual,PEM102-OLD,Omni Channel,CT240039
VT-F-99-010819,2024-09-19,2024-10-18,1.0,Actual,PEM102-OLD,Omni Channel,VT240107
CT-F-99-020714,2024-09-19,2024-10-18,3.0,Actual,PEM102-OLD,Omni Channel,CT240245
CT-F-99-020504,2024-09-19,2024-10-31,3.0,Actual,PEM102-OLD,Omni Channel,CT240189
VT-F-99-010721,2024-09-19,2024-10-31,1.0,Actual,PEM102-OLD,Omni Channel,VT240141
VT-F-99-010721,2024-09-19,2024-10-25,1.0,Actual,PEM102-OLD,Omni Channel,VT240146
CT-F-99-020528,2024-09-19,2024-10-25,3.0,Actual,PEM102-OLD,Omni Channel,CT240231
VT-F-99-010721,2024-09-20,2024-09-20,1.0,Actual,PEM102-OLD,Omni Channel,VT240141
CT-F-99-020507,2024-09-20,2024-09-20,3.0,Actual,PEM102-OLD,Omni Channel,CT240141
CT-F-99-020503,2024-09-20,2024-10-31,1.0,Actual,PEM102-OLD,Omni Channel,CT240156
VT-F-99-010203,2024-09-20,2024-09-20,1.0,Actual,PEM102-OLD,Omni Channel,VT240038
CT-F-99-020501,2024-09-20,2024-10-31,1.0,Actual,PEM102-OLD,Omni Channel,CT240039
VT-F-99-010203,2024-09-20,2024-09-20,1.0,Actual,PEM102-OLD,Omni Channel,VT240038
VT-F-99-010203,2024-09-20,2024-10-31,1.0,Actual,PEM102-OLD,Omni Channel,VT240038
RS-F-99-070004,2024-09-20,2024-10-18,125.0,Actual,PEM102-OLD,Omni Channel,RS240071
RS-F-99-070005,2024-09-20,2024-10-18,82.0,Actual,PEM102-OLD,Omni Channel,RS240072
RS-F-99-070002,2024-09-20,2024-10-18,569.0,Actual,PEM102-OLD,Omni Channel,RS240300
VT-F-99-010721,2024-09-20,2024-09-23,1.0,Actual,PEM102-OLD,Omni Channel,VT240141
CT-F-99-020535,2024-09-20,2024-10-04,3.0,Actual,PEM102-OLD,Omni Channel,CT240187
VT-F-99-010721,2024-09-20,2024-10-04,1.0,Actual,PEM102-OLD,Omni Channel,VT240141
CT-F-99-020530,2024-09-20,2024-10-04,3.0,Actual,PEM102-OLD,Omni Channel,CT240216
VT-F-99-010721,2024-09-20,2024-10-04,1.0,Actual,PEM102-OLD,Omni Channel,VT240141
VT-F-99-010721,2024-09-20,2024-10-04,1.0,Actual,PEM102-OLD,Omni Channel,VT240141
CT-F-99-020706,2024-09-20,2024-10-22,6.0,Actual,PEM102-OLD,Omni Channel,CT240252
CT-F-99-020504,2024-09-23,2024-10-04,3.0,Actual,PEM102-OLD,Omni Channel,CT240195
VT-F-99-010721,2024-09-23,2024-10-04,1.0,Actual,PEM102-OLD,Omni Channel,VT240141
VT-F-99-010303,2024-09-19,2024-10-21,2.0,Actual,PEM102-OLD,Omni Channel,VT240056
CT-F-99-020702,2024-09-19,2024-10-21,2.0,Actual,PEM102-OLD,Omni Channel,CT240246
CT-F-99-020717,2024-09-23,2024-10-04,3.0,Actual,PEM102-OLD,Omni Channel,CT240242
VT-F-99-010819,2024-09-23,2024-10-31,1.0,Actual,PEM102-OLD,Omni Channel,VT240107
VT-F-99-010721,2024-09-23,2024-09-24,1.0,Actual,PEM102-OLD,Omni Channel,VT240141
CT-F-99-020506,2024-09-23,2024-09-24,3.0,Actual,PEM102-OLD,Omni Channel,CT240182
VT-F-99-010721,2024-09-12,2024-09-13,1.0,Actual,PEM102-OLD,Omni Channel,VT240135
CT-F-99-020528,2024-09-12,2024-10-04,3.0,Actual,PEM102-OLD,Omni Channel,"LB240170, CT240215"
RS-F-99-090028,2024-09-24,2024-10-21,3.0,Actual,PEM102-OLD,Omni Channel,RS240312
CT-F-99-020505,2024-09-24,2024-10-15,3.0,Actual,PEM102-OLD,Omni Channel,CT240087
CT-F-99-020504,2024-09-24,2024-10-15,3.0,Actual,PEM102-OLD,Omni Channel,CT240195
VT-F-99-010721,2024-09-24,2024-10-04,1.0,Actual,PEM102-OLD,Omni Channel,VT240141
CT-F-99-020504,2024-09-24,2024-10-04,3.0,Actual,PEM102-OLD,Omni Channel,CT240195
CT-F-99-020527,2024-09-25,2024-11-08,3.0,Actual,PEM102-OLD,Omni Channel,CT240230
VT-F-99-010721,2024-09-25,2024-11-01,1.0,Actual,PEM102-OLD,Omni Channel,VT240141
CT-F-99-020526,2024-09-25,2024-11-01,3.0,Actual,PEM102-OLD,Omni Channel,CT240173
VT-F-99-010819,2024-09-25,2024-10-08,1.0,Actual,PEM102-OLD,Omni Channel,VT240107
CT-F-99-020706,2024-09-25,2024-10-08,3.0,Actual,PEM102-OLD,Omni Channel,CT240247
VT-F-99-010721,2024-09-25,2024-10-31,1.0,Actual,PEM102-OLD,Omni Channel,VT240141
CT-F-99-020527,2024-09-25,2024-10-31,3.0,Actual,PEM102-OLD,Omni Channel,CT240160
VT-F-99-010721,2024-09-25,2024-10-31,3.0,Actual,PEM102-OLD,Omni Channel,VT240141
CT-F-99-020506,2024-09-25,2024-10-31,9.0,Actual,PEM102-OLD,Omni Channel,CT240218
VT-F-99-010721,2024-09-25,2024-10-02,3.0,Actual,PEM102-OLD,Omni Channel,"VT240122,VT230172,VT240096"
CT-F-99-020506,2024-09-25,2024-10-02,9.0,Actual,PEM102-OLD,Omni Channel,CT240218
VT-F-99-010721,2024-09-25,2024-10-08,3.0,Actual,PEM102-OLD,Omni Channel,"VT240146,VT240135"
CT-F-99-020506,2024-09-25,2024-10-08,9.0,Actual,PEM102-OLD,Omni Channel,CT240228
VT-F-99-010721,2024-09-25,2024-10-08,2.0,Actual,PEM102-OLD,Omni Channel,"VT240146,VT240093"
CT-F-99-020506,2024-09-25,2024-10-08,6.0,Actual,PEM102-OLD,Omni Channel,CT240218
VT-F-99-010721,2024-09-25,2024-10-02,1.0,Actual,PEM102-OLD,Omni Channel,VT240141
CT-F-99-020504,2024-09-25,2024-10-02,3.0,Actual,PEM102-OLD,Omni Channel,CT240195
VT-F-99-010721,2024-09-26,2024-10-15,2.0,Actual,PEM102-OLD,Omni Channel,VT240131
CT-F-99-020530,2024-09-26,2024-10-15,6.0,Actual,PEM102-OLD,Omni Channel,CT240216
CT-F-99-020526,2024-09-20,2024-09-26,3.0,Actual,PEM102-OLD,Omni Channel,"VT240141,CT24169,CT240187"
VT-F-99-010721,2024-09-26,2024-09-27,1.0,Actual,PEM102-OLD,Omni Channel,VT240135
CT-F-99-020503,2024-09-26,2024-09-27,3.0,Actual,PEM102-OLD,Omni Channel,CT240156
CT-F-99-020511,2024-09-26,2024-10-02,2.0,Actual,PEM102-OLD,Omni Channel,CT240009
CT-F-99-020506,2024-09-26,2024-09-27,3.0,Actual,PEM102-OLD,Omni Channel,CT240228
VT-F-99-010721,2024-09-26,2024-09-27,1.0,Actual,PEM102-OLD,Omni Channel,VT240141
CT-F-99-020530,2024-09-26,2024-10-04,3.0,Actual,PEM102-OLD,Omni Channel,CT240232
VT-F-99-010721,2024-09-26,2024-10-04,1.0,Actual,PEM102-OLD,Omni Channel,VT240146
CT-F-99-020704,2024-09-27,2024-10-07,3.0,Actual,PEM102-OLD,Omni Channel,CT240186
VT-F-99-010819,2024-09-27,2024-10-07,1.0,Actual,PEM102-OLD,Omni Channel,VT240107
CT-F-99-020703,2024-09-27,2024-10-07,3.0,Actual,PEM102-OLD,Omni Channel,CT240250
VT-F-99-010819,2024-09-27,2024-10-07,1.0,Actual,PEM102-OLD,Omni Channel,VT240087
CT-F-99-020726,2024-09-27,2024-10-29,3.0,Actual,PEM102-OLD,Omni Channel,CT240253
VT-F-99-010819,2024-09-27,2024-10-29,1.0,Actual,PEM102-OLD,Omni Channel,VT240123
CT-F-99-020506,2024-09-27,2024-10-05,3.0,Actual,PEM102-OLD,Omni Channel,"CT240182,CT240228"
CT-F-99-020508,2024-09-27,2024-10-05,3.0,Actual,PEM102-OLD,Omni Channel,CT240177
VT-F-99-010820,2024-10-09,2024-12-06,31.0,Actual,PPD101,Tendering,CTR-2024-05634
CT-F-99-020504,2024-10-15,2024-12-06,500.0,Actual,PTS,Tendering,CTR-2024-05635
CT-F-99-020504,2024-10-15,2025-01-07,184.0,Actual,PTS,Tendering,CTR-2024-05635
CT-F-99-020506,2024-10-15,2024-12-06,174.0,Actual,PTS,Tendering,CTR-2024-05635
CT-F-99-020507,2024-10-15,2024-12-06,198.0,Actual,PTS,Tendering,CTR-2024-05635
CT-F-99-020703,2024-10-15,2024-12-06,96.0,Actual,PTS,Tendering,CTR-2024-05635
CT-F-99-020705,2024-10-15,2024-12-06,38.0,Actual,PTS,Tendering,CTR-2024-05635
CT-F-99-020706,2024-10-15,2024-12-06,30.0,Actual,PTS,Tendering,CTR-2024-05635
CT-F-99-020708,2024-10-15,2024-12-06,46.0,Actual,PTS,Tendering,CTR-2024-05635
CT-F-99-020709,2024-10-15,2024-12-06,12.0,Actual,PTS,Tendering,CTR-2024-05635
CT-F-99-020707,2024-10-15,2024-12-06,16.0,Actual,PTS,Tendering,CTR-2024-05635
VT-F-99-010303,2024-10-15,2024-12-06,500.0,Actual,PTS,Tendering,CTR-2024-05635
VT-F-99-010303,2024-10-15,2025-01-07,472.0,Actual,PTS,Tendering,CTR-2024-05635
CT-F-99-020710,2024-10-15,2024-12-06,16.0,Actual,PTS,Tendering,CTR-2024-05635
CT-F-99-020528,2024-09-30,2024-10-08,3.0,Actual,PEM102-OLD,Omni Channel,CT240215
VT-F-99-010721,2024-09-30,2024-10-08,1.0,Actual,PEM102-OLD,Omni Channel,VT240122
VT-F-99-010721,2024-09-30,2024-10-04,1.0,Actual,PEM102-OLD,Omni Channel,VT240141
CT-F-99-020510,2024-09-30,2024-10-04,3.0,Actual,PEM102-OLD,Omni Channel,CT240183
VT-F-99-010819,2024-09-30,2024-10-08,3.0,Actual,PEM102-OLD,Omni Channel,VT240147
CT-F-99-020706,2024-09-30,2024-10-08,9.0,Actual,PEM102-OLD,Omni Channel,"CT240252,CT240244"
VT-F-99-010721,2024-09-30,2024-10-08,3.0,Actual,PEM102-OLD,Omni Channel,VT240146
CT-F-99-020506,2024-09-30,2024-10-08,9.0,Actual,PEM102-OLD,Omni Channel,"CT240243,CT240182,CT240228"
VT-F-99-010302,2024-09-30,2024-10-04,1.0,Actual,PEM102-OLD,Omni Channel,VT240162
RS-F-99-070005,2024-09-30,2024-10-05,3.0,Actual,PEM102-OLD,Omni Channel,RS190335
CT-F-99-020507,2024-09-30,2024-10-20,3.0,Actual,PEM102-OLD,Omni Channel,CT240214
CT-F-99-020511,2024-09-30,2024-10-20,3.0,Actual,PEM102-OLD,Omni Channel,"CT240009,CT240048"
VT-F-99-010721,2024-10-01,2024-10-10,1.0,Actual,PEM102-OLD,Omni Channel,VT240131
CT-F-99-020531,2024-10-01,2024-10-10,3.0,Actual,PEM102-OLD,Omni Channel,CT240129
VT-F-99-010721,2024-10-01,2024-10-25,1.0,Actual,PEM102-OLD,Omni Channel,VT240146
CT-F-99-020510,2024-10-01,2024-10-25,3.0,Actual,PEM102-OLD,Omni Channel,CT240183
VT-F-99-010721,2024-10-01,2024-10-04,1.0,Actual,PEM102-OLD,Omni Channel,VT240146
CT-F-99-020505,2024-10-01,2024-10-04,3.0,Actual,PEM102-OLD,Omni Channel,CT240223
VT-F-99-010721,2024-10-02,2024-10-04,1.0,Actual,PEM102-OLD,Omni Channel,VT240122
CT-F-99-020506,2024-10-02,2024-10-04,3.0,Actual,PEM102-OLD,Omni Channel,CT240218
VT-F-99-010715,2024-10-02,2024-10-04,1.0,Actual,PEM102-OLD,Omni Channel,VT240124
CT-F-99-020505,2024-10-02,2024-10-04,3.0,Actual,PEM102-OLD,Omni Channel,CT240223
CT-F-99-020504,2024-10-02,2024-10-04,2.0,Actual,PEM102-OLD,Omni Channel,CT240189
VT-F-99-010203,2024-10-02,2024-10-04,2.0,Actual,PEM102-OLD,Omni Channel,VT240136
VT-F-99-010701,2024-10-02,2024-10-15,1.0,Actual,PEM102-OLD,Omni Channel,VT240154
VT-F-99-010203,2024-10-02,2024-10-09,2.0,Actual,PEM102-OLD,Omni Channel,VT240136
VT-F-99-010722,2024-10-02,2024-10-21,3.0,Actual,PEM102-OLD,Omni Channel,VT240111
RS-F-99-070004,2024-10-03,2024-10-04,12.0,Actual,PEM102-OLD,Omni Channel,RS190334
RS-F-99-070002,2024-10-03,2024-10-04,3.0,Actual,PEM102-OLD,Omni Channel,RS190333
VT-F-99-010701,2024-10-02,2024-10-22,1.0,Actual,PEM102-OLD,Omni Channel,VT240154
VT-F-99-010715,2024-10-03,2024-10-08,1.0,Actual,PEM102-OLD,Omni Channel,VT240124
CT-F-99-020504,2024-10-03,2024-10-08,3.0,Actual,PEM102-OLD,Omni Channel,CT240195
CT-F-99-020503,2024-10-04,2025-02-28,3.0,Actual,PEM107,Omni Channel,CT240226
VT-F-99-010203,2024-10-04,2024-10-05,2.0,Actual,PEM102-OLD,Omni Channel,VT240136
CT-F-99-020504,2024-10-04,2024-10-05,2.0,Actual,PEM102-OLD,Omni Channel,CT240213
VT-F-99-010722,2024-10-04,2024-10-10,1.0,Actual,PEM102-OLD,Omni Channel,VT240111
VT-F-99-010203,2024-10-04,2024-10-11,2.0,Actual,PEM102-OLD,Omni Channel,VT240136
CT-F-99-020503,2024-10-04,2024-10-11,2.0,Actual,PEM102-OLD,Omni Channel,CT240226
CT-F-99-020503,2024-10-07,2024-10-07,3.0,Actual,PEM102-OLD,Omni Channel,CT240226
VT-F-99-010721,2024-10-07,2024-11-29,1.0,Actual,PEM102-OLD,Omni Channel,VT240146
VT-F-99-010303,2024-10-07,2024-10-10,2.0,Actual,PEM102-OLD,Omni Channel,VT240056
CT-F-99-020507,2024-10-07,2024-11-29,3.0,Actual,PEM102-OLD,Omni Channel,CT240214
VT-F-99-010721,2024-10-07,2024-10-10,1.0,Actual,PEM102-OLD,Omni Channel,VT240152
CT-F-99-020504,2024-10-07,2024-10-10,2.0,Actual,PEM102-OLD,Omni Channel,CT240213
VT-F-99-010203,2024-10-07,2024-10-10,2.0,Actual,PEM102-OLD,Omni Channel,VT240136
CT-F-99-020507,2024-10-07,2024-10-09,2.0,Actual,PEM102-OLD,Omni Channel,CT240141
VT-F-99-010203,2024-10-07,2024-10-09,2.0,Actual,PEM102-OLD,Omni Channel,VT240136
VT-F-99-010721,2024-10-08,2024-11-05,1.0,Actual,PEM102-OLD,Omni Channel,VT240152
CT-F-99-020529,2024-10-08,2024-11-05,3.0,Actual,PEM102-OLD,Omni Channel,CT240260
VT-F-99-010203,2024-10-08,2024-10-10,2.0,Actual,PEM102-OLD,Omni Channel,VT240136
CT-F-99-020508,2024-10-08,2024-10-31,3.0,Actual,PEM102-OLD,Omni Channel,CT240177
VT-F-99-010721,2024-10-08,2024-10-17,1.0,Actual,PEM102-OLD,Omni Channel,VT240152
CT-F-99-020530,2024-10-08,2024-10-17,3.0,Actual,PEM102-OLD,Omni Channel,CT240249
CT-F-99-020503,2024-10-09,2024-10-09,1.0,Actual,PEM102-OLD,Omni Channel,CT240235
VT-F-99-010203,2024-10-09,2024-10-09,1.0,Actual,PEM102-OLD,Omni Channel,VT240136
VT-F-99-010721,2024-10-09,2024-10-31,1.0,Actual,PEM102-OLD,Omni Channel,VT240152
CT-F-99-020504,2024-10-09,2024-10-31,3.0,Actual,PEM102-OLD,Omni Channel,"CT240195,CT240213"
CT-F-99-020510,2024-10-09,2024-10-25,3.0,Actual,PEM102-OLD,Omni Channel,CT240183
VT-F-99-010721,2024-10-09,2024-11-27,1.0,Actual,PEM102-OLD,Omni Channel,VT240152
CT-F-99-020506,2024-10-09,2024-11-27,3.0,Actual,PEM102-OLD,Omni Channel,CT240243
CT-F-99-020506,2024-10-09,2024-10-18,3.0,Actual,PEM102-OLD,Omni Channel,CT240243
CT-F-99-020501,2024-10-09,2024-10-10,1.0,Actual,PEM102-OLD,Omni Channel,CT240039
VT-F-99-010203,2024-10-09,2024-10-10,1.0,Actual,PEM102-OLD,Omni Channel,VT240136
VT-F-99-010721,2024-10-10,2024-10-18,1.0,Actual,PEM102-OLD,Omni Channel,VT240152
VT-F-99-010615,2024-10-10,2025-01-10,6.0,Actual,PEM107,Tendering,VT240049
VT-F-99-010721,2024-10-11,2025-01-10,1.0,Actual,PEM107,Omni Channel,VT240189
CT-F-99-020528,2024-10-11,2025-01-10,3.0,Actual,PEM107,Omni Channel,"CT240281,CT240319"
VT-F-99-010715,2024-10-11,2024-11-08,2.0,Actual,PEM102-OLD,Omni Channel,VT240124
CT-F-99-020506,2024-10-11,2024-11-08,3.0,Actual,PEM102-OLD,Omni Channel,CT240243
CT-F-99-020507,2024-10-11,2024-11-08,3.0,Actual,PEM102-OLD,Omni Channel,CT240214
VT-F-99-010715,2024-10-11,2024-11-08,1.0,Actual,PEM102-OLD,Omni Channel,VT240124
CT-F-99-020506,2024-10-11,2024-11-08,3.0,Actual,PEM102-OLD,Omni Channel,CT240243
RS-F-99-100001,2024-10-11,2024-11-01,3.0,Actual,PEM102-OLD,Omni Channel,RS240329
VT-F-99-010721,2024-10-11,2024-10-11,1.0,Actual,PEM102-OLD,Omni Channel,VT240152
CT-F-99-020704,2024-10-11,2024-11-29,3.0,Actual,PEM102-OLD,Omni Channel,CT240262
VT-F-99-010819,2024-10-11,2024-11-29,1.0,Actual,PEM102-OLD,Omni Channel,VT240147
VT-F-99-010721,2024-10-11,2024-11-08,1.0,Actual,PEM102-OLD,Omni Channel,VT240152
RS-F-99-070004,2024-10-11,2024-10-11,3.0,Actual,PEM102-OLD,Omni Channel,CTR-2024-05882
VT-F-99-010721,2024-10-11,2024-10-21,1.0,Actual,PEM102-OLD,Omni Channel,VT240152
CT-F-99-020503,2024-10-11,2024-10-21,3.0,Actual,PEM102-OLD,Omni Channel,CT240226
VT-F-99-010203,2024-10-15,2024-10-18,2.0,Actual,PEM102-OLD,Omni Channel,VT240136
VT-F-99-010721,2024-10-15,2024-10-31,1.0,Actual,PEM102-OLD,Omni Channel,VT240152
CT-F-99-020527,2024-10-15,2024-10-24,3.0,Actual,PEM102-OLD,Omni Channel,CT240230
VT-F-99-010203,2024-10-15,2024-10-21,2.0,Actual,PEM102-OLD,Omni Channel,VT240136
CT-F-99-020501,2024-10-15,2024-10-21,2.0,Actual,PEM102-OLD,Omni Channel,CT240039
CT-F-99-020504,2024-10-15,2024-11-28,4.0,Actual,PPD101,Omni Channel,
CT-F-99-020506,2024-10-15,2024-11-28,4.0,Actual,PPD101,Omni Channel,
CT-F-99-020508,2024-10-15,2024-11-28,4.0,Actual,PPD101,Omni Channel,
RS-F-99-070006,2024-10-15,2024-11-28,150.0,Actual,PPD101,Omni Channel,
VT-F-99-010203,2024-10-15,2024-10-18,2.0,Actual,PEM102-OLD,Omni Channel,VT240136
CT-F-99-020504,2024-10-15,2024-10-18,2.0,Actual,PEM102-OLD,Omni Channel,CT240213
VT-F-99-010203,2024-10-15,2024-10-18,2.0,Actual,PEM102-OLD,Omni Channel,VT240136
CT-F-99-020505,2024-10-15,2024-10-31,3.0,Actual,PEM102-OLD,Omni Channel,CT240223
CT-F-99-020508,2024-10-15,2024-10-31,3.0,Actual,PEM102-OLD,Omni Channel,CT240159
VT-F-99-010721,2024-10-16,2024-10-31,1.0,Actual,PEM102-OLD,Omni Channel,VT240152
CT-F-99-020505,2024-10-16,2024-10-31,3.0,Actual,PEM102-OLD,Omni Channel,CT240223
CT-F-99-020527,2024-10-16,2024-11-29,3.0,Actual,PEM102-OLD,Omni Channel,CT240230
VT-F-99-010721,2024-10-16,2024-10-22,1.0,Actual,PEM102-OLD,Omni Channel,VT240152
CT-F-99-020525,2024-10-16,2024-10-22,3.0,Actual,PEM102-OLD,Omni Channel,CT240222
VT-F-99-010721,2024-10-16,2024-11-29,1.0,Actual,PEM102-OLD,Omni Channel,VT240152
CT-F-99-020524,2024-10-16,2024-10-22,3.0,Actual,PEM102-OLD,Omni Channel,CT240178
VT-F-99-010721,2024-10-16,2024-10-22,1.0,Actual,PEM102-OLD,Omni Channel,VT240152
VT-F-99-010721,2024-10-16,2024-11-08,1.0,Actual,PEM102-OLD,Omni Channel,VT240152
CT-F-99-020506,2024-10-16,2024-11-08,3.0,Actual,PEM102-OLD,Omni Channel,CT240253
CT-F-99-020528,2024-10-16,2024-11-29,3.0,Actual,PEM102-OLD,Omni Channel,CT240261
CT-F-99-020704,2024-10-16,2024-11-15,6.0,Actual,PEM102-OLD,Omni Channel,CT240265
CT-F-99-020706,2024-10-16,2024-11-15,9.0,Actual,PEM102-OLD,Omni Channel,"CT240266,CT180177"
CT-F-99-020509,2024-10-17,2024-10-30,3.0,Actual,PEM102-OLD,Omni Channel,CT240069
VT-F-99-010715,2024-10-17,2024-10-18,1.0,Actual,PEM102-OLD,Omni Channel,VT240124
CT-F-99-020504,2024-10-17,2024-10-18,3.0,Actual,PEM102-OLD,Omni Channel,CT240213
CT-F-99-020528,2024-09-17,2024-11-29,3.0,Actual,PEM102-OLD,Omni Channel,CT240261
CT-F-99-020702,2024-10-17,2024-11-15,13.0,Actual,PEM102-OLD,Omni Channel,CT240263
CT-F-99-020705,2024-10-17,2024-11-15,4.0,Actual,PEM102-OLD,Omni Channel,"CT240264,CT240162"
VT-F-99-010205,2024-10-18,2024-11-15,4.0,Actual,PEM102-OLD,Omni Channel,VT240143
RS-F-99-070006,2024-10-18,2024-11-15,150.0,Actual,PEM102-OLD,Omni Channel,RS240333
CT-F-99-020504,2024-10-18,2024-11-15,4.0,Actual,PEM102-OLD,Omni Channel,CT240273
CT-F-99-020506,2024-10-18,2024-11-15,4.0,Actual,PEM102-OLD,Omni Channel,CT240274
CT-F-99-020508,2024-10-18,2024-11-15,4.0,Actual,PEM102-OLD,Omni Channel,CT240275
VT-F-99-010203,2024-10-18,2024-11-05,9.0,Actual,PEM102-OLD,Omni Channel,VT240136
VT-F-99-010722,2024-10-18,2024-11-28,2.0,Actual,PEM102-OLD,Omni Channel,VT240111
CT-F-99-020510,2024-10-18,2024-11-29,3.0,Actual,PEM102-OLD,Omni Channel,CT240183
VT-F-99-010721,2024-10-18,2024-11-29,1.0,Actual,PEM102-OLD,Omni Channel,VT240152
VT-F-99-010721,2024-10-18,2024-12-06,1.0,Actual,PEM102-OLD,Omni Channel,VT240160
VT-F-99-010721,2024-10-18,2025-04-28,1.0,Actual,PEM107,Omni Channel,VT240189
VT-F-99-010203,2024-10-18,2024-10-28,1.0,Actual,PEM102-OLD,Omni Channel,VT240136
VT-F-99-010203,2024-10-21,2024-10-28,4.0,Actual,PEM102-OLD,Omni Channel,VT240136
CT-F-99-020506,2024-10-21,2024-10-28,4.0,Actual,PEM102-OLD,Omni Channel,"CT240243,CT240182"
CT-F-99-020528,2024-10-21,2024-11-29,3.0,Actual,PEM102-OLD,Omni Channel,CT240261
VT-F-99-010721,2024-10-21,2024-10-31,1.0,Actual,PEM102-OLD,Omni Channel,VT240157
VT-F-99-010203,2024-10-21,2024-10-22,1.0,Actual,PEM102-OLD,Omni Channel,VT240136
VT-F-99-010721,2024-10-21,2024-11-29,1.0,Actual,PEM102-OLD,Omni Channel,VT240157
CT-F-99-020505,2024-10-21,2024-10-22,2.0,Actual,PEM102-OLD,Omni Channel,CT240223
VT-F-99-010721,2024-10-22,2024-10-25,1.0,Actual,PEM102-OLD,Omni Channel,VT240157
CT-F-99-020504,2024-10-22,2024-10-25,3.0,Actual,PEM102-OLD,Omni Channel,CT240213
VT-F-99-010203,2024-10-22,2024-11-01,2.0,Actual,PEM102-OLD,Omni Channel,VT240038
CT-F-99-020502,2024-10-22,2024-11-01,2.0,Actual,PEM102-OLD,Omni Channel,CT240224
RS-F-99-070002,2024-10-22,2024-10-22,3.0,Actual,PEM102-OLD,Omni Channel,RS240070
VT-F-99-010721,2024-10-24,2024-11-14,1.0,Actual,PEM102-OLD,Omni Channel,VT240157
CT-F-99-020508,2024-10-24,2024-11-14,3.0,Actual,PEM102-OLD,Omni Channel,CT240177
VT-F-99-010721,2024-10-24,2024-11-01,1.0,Actual,PEM102-OLD,Omni Channel,VT240157
CT-F-99-020506,2024-10-24,2024-11-01,3.0,Actual,PEM102-OLD,Omni Channel,CT240243
RS-F-99-070002,2024-10-24,2024-10-25,3.0,Actual,PEM102-OLD,Omni Channel,RS240070
RS-F-99-070004,2024-10-24,2024-10-25,6.0,Actual,PEM102-OLD,Omni Channel,RS190334
VT-F-99-010203,2024-10-24,2024-11-01,4.0,Actual,PEM102-OLD,Omni Channel,VT240136
CT-F-99-020503,2024-10-24,2024-11-01,4.0,Actual,PEM102-OLD,Omni Channel,CT240226
VT-F-99-010203,2024-10-24,2024-11-21,8.0,Actual,PEM102-OLD,Omni Channel,"VT240136,VT240145"
CT-F-99-020501,2024-10-24,2024-11-21,2.0,Actual,PEM102-OLD,Omni Channel,CT240039
CT-F-99-020502,2024-10-24,2024-11-21,2.0,Actual,PEM102-OLD,Omni Channel,CT240224
CT-F-99-020503,2024-10-24,2024-11-21,2.0,Actual,PEM102-OLD,Omni Channel,CT240235
CT-F-99-020504,2024-10-24,2024-11-21,2.0,Actual,PEM102-OLD,Omni Channel,CT240238
VT-F-99-010303,2024-10-24,2024-11-15,2.0,Actual,PEM102-OLD,Omni Channel,VT240056
CT-F-99-020702,2024-10-24,2024-11-15,2.0,Actual,PEM102-OLD,Omni Channel,CT240277
VT-F-99-010303,2024-10-24,2024-11-15,2.0,Actual,PEM102-OLD,Omni Channel,VT240056
CT-F-99-020702,2024-10-24,2024-11-15,2.0,Actual,PEM102-OLD,Omni Channel,CT240277
CT-F-99-020504,2024-10-25,2024-11-01,3.0,Actual,PEM102-OLD,Omni Channel,CT240213
VT-F-99-010203,2024-08-14,2025-06-20,24.0,Actual,PPD101,Omni Channel,
VT-F-99-010203,2024-08-14,2025-08-20,36.0,Actual,PPD101,Omni Channel,
CT-F-99-020504,2024-10-25,2024-11-01,3.0,Actual,PEM102-OLD,Omni Channel,CT240213
VT-F-99-010721,2024-10-28,2024-11-22,1.0,Actual,PEM102-OLD,Omni Channel,VT240157
CT-F-99-020505,2024-10-28,2024-11-22,3.0,Actual,PEM102-OLD,Omni Channel,CT240223
CT-F-99-020705,2024-10-29,2024-11-14,3.0,Actual,PEM102-OLD,Omni Channel,CT240290
VT-F-99-010818,2024-10-29,2024-11-14,1.0,Actual,PEM102-OLD,Omni Channel,VT240110
VT-F-99-010721,2024-10-29,2024-10-31,3.0,Actual,PEM102-OLD,Omni Channel,VT240157
CT-F-99-020508,2024-10-29,2024-10-31,9.0,Actual,PEM102-OLD,Omni Channel,"CT240159,CT240240"
RS-F-99-010122,2024-10-30,2025-01-17,2.0,Actual,PEM107,Omni Channel,RS240344
RS-F-99-010123,2024-10-30,2025-01-17,2.0,Actual,PEM107,Omni Channel,RS240345
VT-F-99-010721,2024-10-18,2024-11-15,1.0,Actual,PEM102-OLD,Omni Channel,VT240157
CT-F-99-020504,2024-10-18,2024-11-15,3.0,Actual,PEM102-OLD,Omni Channel,CT240213
CT-F-99-020503,2024-10-30,2024-11-29,3.0,Actual,PEM102-OLD,Omni Channel,CT240235
VT-F-99-010721,2024-10-30,2024-11-29,1.0,Actual,PEM102-OLD,Omni Channel,VT240157
CT-F-99-020524,2024-10-30,2024-11-06,3.0,Actual,PEM102-OLD,Omni Channel,CT240178
CT-F-99-020506,2024-10-30,2024-11-29,3.0,Actual,PEM102-OLD,Omni Channel,CT240254
VT-F-99-010721,2024-10-30,2024-11-29,1.0,Actual,PEM102-OLD,Omni Channel,VT240157
CT-F-99-020508,2024-10-30,2024-11-07,2.0,Actual,PEM102-OLD,Omni Channel,CT240240
VT-F-99-010203,2024-10-30,2024-11-07,2.0,Actual,PEM102-OLD,Omni Channel,VT240145
CT-F-99-020506,2024-10-30,2024-11-15,2.0,Actual,PEM102-OLD,Omni Channel,CT240254
CT-F-99-020502,2024-10-30,2024-11-15,2.0,Actual,PEM102-OLD,Omni Channel,CT240224
VT-F-99-010203,2024-10-30,2024-11-15,2.0,Actual,PEM102-OLD,Omni Channel,VT240145
CT-F-99-020502,2024-10-30,2024-11-15,2.0,Actual,PEM102-OLD,Omni Channel,CT240224
VT-F-99-010203,2024-10-30,2024-11-15,2.0,Actual,PEM102-OLD,Omni Channel,VT240145
VT-F-99-010721,2024-10-30,2024-12-20,1.0,Actual,PEM102-OLD,Omni Channel,VT240157
VT-F-99-010721,2024-10-31,2024-11-15,1.0,Actual,PEM102-OLD,Omni Channel,VT240157
CT-F-99-020504,2024-10-31,2024-11-15,3.0,Actual,PEM102-OLD,Omni Channel,CT240213
CT-F-99-020524,2024-10-31,2024-11-15,3.0,Actual,PEM102-OLD,Omni Channel,CT240190
VT-F-99-010721,2024-10-31,2024-11-15,1.0,Actual,PEM102-OLD,Omni Channel,VT240157
RS-F-99-070006,2024-10-31,2025-01-30,300.0,Actual,PPD101,Omni Channel,
VT-F-99-010721,2024-10-31,2024-11-07,1.0,Actual,PEM102-OLD,Omni Channel,VT240157
CT-F-99-020525,2024-10-31,2024-11-07,3.0,Actual,PEM102-OLD,Omni Channel,CT240222
VT-F-99-010721,2024-10-31,2024-11-04,1.0,Actual,PEM102-OLD,Omni Channel,VT240157
CT-F-99-020505,2024-10-31,2024-11-04,3.0,Actual,PEM102-OLD,Omni Channel,CT230105
CT-F-99-020503,2024-10-31,2024-11-01,1.0,Actual,PEM102-OLD,Omni Channel,CT240226
VT-F-99-010203,2024-10-30,2024-11-07,2.0,Actual,PEM102-OLD,Omni Channel,VT240145
CT-F-99-020702,2024-11-01,2024-12-18,2.0,Actual,PEM102-OLD,Omni Channel,CT240292
VT-F-99-010721,2024-11-04,2024-11-13,1.0,Actual,PEM102-OLD,Omni Channel,VT240158
CT-F-99-020528,2024-11-04,2024-11-13,3.0,Actual,PEM102-OLD,Omni Channel,CT240272
CT-F-99-020530,2024-11-04,2024-11-05,3.0,Actual,PEM102-OLD,Omni Channel,CT240249
CT-F-99-020726,2024-10-31,2024-11-20,3.0,Actual,PEM102-OLD,Omni Channel,CT240293
VT-F-99-010721,2024-11-04,2024-11-08,1.0,Actual,PEM102-OLD,Omni Channel,VT240158
CT-F-99-020525,2024-11-04,2024-11-08,3.0,Actual,PEM102-OLD,Omni Channel,CT240222
VT-F-99-010721,2024-11-04,2024-11-08,2.0,Actual,PEM102-OLD,Omni Channel,VT240158
CT-F-99-020527,2024-11-04,2024-11-08,6.0,Actual,PEM102-OLD,Omni Channel,CT240256
CT-F-99-020505,2024-11-04,2024-11-22,3.0,Actual,PEM102-OLD,Omni Channel,CT240223
VT-F-99-010721,2024-11-04,2024-11-22,1.0,Actual,PEM102-OLD,Omni Channel,VT240158
CT-F-99-020506,2024-11-04,2024-11-22,3.0,Actual,PEM102-OLD,Omni Channel,CT240254
VT-F-99-010203,2024-11-04,2024-11-06,4.0,Actual,PEM102-OLD,Omni Channel,VT240145
CT-F-99-020503,2024-11-04,2024-11-06,4.0,Actual,PEM102-OLD,Omni Channel,CT240235
CT-F-99-020504,2024-10-22,2024-11-15,3.0,Actual,PEM102-OLD,Omni Channel,CT240213
VT-F-99-010721,2024-11-05,2024-12-05,1.0,Actual,PEM102-OLD,Omni Channel,VT240158
CT-F-99-020507,2024-11-05,2024-12-05,2.0,Actual,PEM102-OLD,Omni Channel,CT240229
VT-F-99-010203,2024-11-05,2024-12-05,2.0,Actual,PEM102-OLD,Omni Channel,VT240145
VT-F-99-010721,2024-11-05,2024-12-26,1.0,Actual,PEM102-OLD,Omni Channel,VT240189
VT-F-99-010721,2024-11-05,2025-01-15,2.0,Actual,PEM102-OLD,Omni Channel,VT240158
CT-F-99-020527,2024-11-05,2025-01-15,6.0,Actual,PEM102-OLD,Omni Channel,"CT240256,CT240276"
CT-F-99-020526,2024-11-05,2024-12-06,3.0,Actual,PEM102-OLD,Omni Channel,CT240173
VT-F-99-010302,2024-11-05,2024-12-18,1.0,Actual,PEM102-OLD,Omni Channel,VT240184
CT-F-99-020510,2024-11-05,2025-01-31,3.0,Actual,PEM107,Omni Channel,CT240255
VT-F-99-010203,2024-11-05,2024-11-05,2.0,Actual,PEM102-OLD,Omni Channel,VT240145
CT-F-99-020510,2024-11-05,2024-11-15,3.0,Actual,PEM102-OLD,Omni Channel,CT240255
VT-F-99-010721,2024-11-05,2025-01-31,1.0,Actual,PEM107,Omni Channel,VT240194
VT-F-99-010203,2024-11-05,2024-11-11,2.0,Actual,PEM102-OLD,Omni Channel,VT240136
CT-F-99-020504,2024-11-05,2024-12-31,500.0,Actual,PEM107,Tendering,CT240200
CT-F-99-020506,2024-11-05,2024-12-31,174.0,Actual,PEM107,Tendering,CT240202
CT-F-99-020507,2024-11-05,2024-12-31,198.0,Actual,PEM107,Tendering,CT240203
CT-F-99-020703,2024-11-05,2024-12-31,96.0,Actual,PEM107,Tendering,CT240204
CT-F-99-020705,2024-11-05,2024-12-31,38.0,Actual,PEM107,Tendering,CT240205
CT-F-99-020706,2024-11-05,2024-12-31,30.0,Actual,PEM107,Tendering,CT240206
CT-F-99-020708,2024-11-05,2024-12-31,46.0,Actual,PEM107,Tendering,CT240208
CT-F-99-020709,2024-11-05,2024-12-31,12.0,Actual,PEM107,Tendering,CT240210
RS-F-99-070002,2024-11-05,2024-12-31,2000.0,Actual,PEM107,Tendering,RS240262
CT-F-99-020707,2024-11-05,2024-12-31,16.0,Actual,PEM107,Tendering,CT240207
VT-F-99-010303,2024-11-05,2024-12-31,500.0,Actual,PEM107,Tendering,VT240126
CT-F-99-020710,2024-11-05,2024-12-31,16.0,Actual,PEM107,Tendering,CT240209
VT-F-99-010721,2024-11-05,2024-11-15,1.0,Actual,PEM102-OLD,Omni Channel,VT240158
CT-F-99-020525,2024-11-05,2024-11-15,3.0,Actual,PEM102-OLD,Omni Channel,CT240280
CT-F-99-020504,2024-11-05,2025-01-09,184.0,Actual,PEM107,Tendering,CT240201
RS-F-99-070002,2024-11-05,2025-01-09,2000.0,Actual,PEM107,Tendering,RS240263
VT-F-99-010303,2024-11-05,2025-01-09,472.0,Actual,PEM107,Tendering,VT240127
VT-F-99-010203,2024-11-06,2024-11-08,2.0,Actual,PEM102-OLD,Omni Channel,VT240145
CT-F-99-020502,2024-11-06,2024-11-08,2.0,Actual,PEM102-OLD,Omni Channel,CT240224
CT-F-99-020504,2024-11-06,2024-11-14,3.0,Actual,PEM102-OLD,Omni Channel,"CT240213,CT240238"
VT-F-99-010715,2024-11-06,2024-11-14,1.0,Actual,PEM102-OLD,Omni Channel,VT240124
RS-F-99-070002,2024-11-05,2025-02-07,2000.0,Actual,PEM107,Tendering,RS240264
RS-F-99-070002,2024-11-05,2025-03-07,2000.0,Actual,PEM107,Tendering,RS240265
RS-F-99-070002,2024-11-05,2025-04-07,2000.0,Actual,PEM107,Tendering,RS240266
RS-F-99-070002,2024-11-05,2025-05-07,2000.0,Actual,PEM107,Tendering,RS240267
RS-F-99-070002,2024-11-05,2025-06-06,1245.0,Actual,PEM107,Tendering,RS240268
VT-F-99-010721,2024-11-06,2024-11-15,1.0,Actual,PEM102-OLD,Omni Channel,VT240158
CT-F-99-020504,2024-11-06,2024-11-15,3.0,Actual,PEM102-OLD,Omni Channel,CT240238
VT-F-99-010203,2024-11-06,2024-11-08,5.0,Actual,PEM102-OLD,Omni Channel,VT240145
CT-F-99-020505,2024-11-06,2024-11-08,1.0,Actual,PEM102-OLD,Omni Channel,CT240043
CT-F-99-020507,2024-11-06,2024-11-08,1.0,Actual,PEM102-OLD,Omni Channel,CT240214
CT-F-99-020510,2024-11-06,2024-11-08,1.0,Actual,PEM102-OLD,Omni Channel,CT240183
CT-F-99-020507,2024-11-06,2024-11-25,3.0,Actual,PEM102-OLD,Omni Channel,CT240214
VT-F-99-010721,2024-11-06,2024-11-25,1.0,Actual,PEM102-OLD,Omni Channel,VT240158
RS-F-99-090038,2024-11-06,2024-11-22,3.0,Actual,PEM102-OLD,Omni Channel,RS240355
VT-F-99-010721,2024-11-07,2024-11-08,1.0,Actual,PEM102-OLD,Omni Channel,VT240158
CT-F-99-020526,2024-11-07,2024-11-08,3.0,Actual,PEM102-OLD,Omni Channel,CT240185
RS-F-99-070006,2024-11-07,2025-01-31,300.0,Actual,PEM107,Omni Channel,RS240357
CT-F-99-020505,2024-10-15,2024-10-31,3.0,Actual,PEM102-OLD,Omni Channel,CT240223
VT-F-99-010715,2024-11-07,2024-11-12,1.0,Actual,PEM102-OLD,Omni Channel,VT240124
CT-F-99-020504,2024-11-07,2024-11-12,3.0,Actual,PEM102-OLD,Omni Channel,CT240238
VT-F-99-010715,2024-11-07,2024-11-12,1.0,Actual,PEM102-OLD,Omni Channel,VT240124
CT-F-99-020507,2024-11-07,2024-11-12,3.0,Actual,PEM102-OLD,Omni Channel,CT240229
VT-F-99-010715,2024-11-08,2024-11-22,1.0,Actual,PEM102-OLD,Omni Channel,VT240124
CT-F-99-020503,2024-11-08,2024-11-22,3.0,Actual,PEM102-OLD,Omni Channel,CT240235
CT-F-99-020504,2024-11-08,2024-12-25,3.0,Actual,PEM102-OLD,Omni Channel,CT240238
RS-F-99-070005,2024-11-08,2024-11-21,18.0,Actual,PEM102-OLD,Omni Channel,RS240072
RS-F-99-070002,2024-11-08,2024-11-21,60.0,Actual,PEM102-OLD,Omni Channel,RS240308
RS-F-99-041034,2024-11-08,2025-01-31,12.0,Actual,PEM102-OLD,Omni Channel,RS240350
RS-F-99-041002,2024-11-08,2024-11-21,18.0,Actual,PEM102-OLD,Omni Channel,RS240348
RS-F-99-041004,2024-11-08,2025-01-15,12.0,Actual,PEM107,Omni Channel,RS240351
VT-F-99-010721,2024-11-11,2024-11-11,3.0,Actual,PEM102-OLD,Omni Channel,VT240157
CT-F-99-020508,2024-11-11,2024-11-11,9.0,Actual,PEM102-OLD,Omni Channel,"CT240159,CT240240"
VT-F-99-010203,2024-11-11,2024-11-13,2.0,Actual,PEM102-OLD,Omni Channel,VT240136
VT-F-99-010819,2024-11-11,2024-12-06,1.0,Actual,PEM102-OLD,Omni Channel,VT240147
CT-F-99-020706,2024-11-11,2024-12-06,3.0,Actual,PEM102-OLD,Omni Channel,CT240296
VT-F-99-010721,2024-11-11,2024-11-15,1.0,Actual,PEM102-OLD,Omni Channel,VT240158
CT-F-99-020506,2024-11-11,2024-11-15,3.0,Actual,PEM102-OLD,Omni Channel,CT240254
CT-F-99-020527,2024-11-12,2024-11-18,3.0,Actual,PEM102-OLD,Omni Channel,CT240276
VT-F-99-010721,2024-11-12,2024-12-10,1.0,Actual,PEM102-OLD,Omni Channel,VT240161
CT-F-99-020506,2024-11-12,2024-12-10,3.0,Actual,PEM102-OLD,Omni Channel,CT240254
VT-F-99-010721,2024-11-12,2024-12-08,1.0,Actual,PEM102-OLD,Omni Channel,VT240146
CT-F-99-020507,2024-11-12,2024-11-18,3.0,Actual,PEM102-OLD,Omni Channel,"CT240096,CT240214"
CT-F-99-020506,2024-11-12,2024-11-15,3.0,Actual,PEM102-OLD,Omni Channel,CT240254
VT-F-99-010701,2024-11-12,2024-11-15,1.0,Actual,PEM102-OLD,Omni Channel,VT240154
RS-F-99-070004,2024-10-21,2024-11-13,3.0,Actual,PEM102-OLD,Omni Channel,RS240071
VT-F-99-010203,2024-11-11,2024-11-13,1.0,Actual,PEM102-OLD,Omni Channel,VT240136
VT-F-99-010721,2024-11-11,2024-11-14,1.0,Actual,PEM102-OLD,Omni Channel,VT240158
CT-F-99-020524,2024-11-11,2024-11-14,3.0,Actual,PEM102-OLD,Omni Channel,CT240190
VT-F-99-010721,2024-11-12,2024-11-28,1.0,Actual,PEM102-OLD,Omni Channel,VT240159
CT-F-99-020508,2024-11-12,2024-11-28,3.0,Actual,PEM102-OLD,Omni Channel,"CT240240,CT240270"
VT-F-99-010721,2024-11-12,2024-11-15,1.0,Actual,PEM102-OLD,Omni Channel,VT240159
CT-F-99-020508,2024-11-12,2024-11-15,3.0,Actual,PEM102-OLD,Omni Channel,CT240240
VT-F-99-010303,2024-11-12,2024-11-13,2.0,Actual,PEM102-OLD,Omni Channel,VT240056
VT-F-99-010819,2024-11-13,2024-12-10,2.0,Actual,PEM102-OLD,Omni Channel,VT240147
CT-F-99-020704,2024-11-13,2024-12-10,6.0,Actual,PEM102-OLD,Omni Channel,CT240297
VT-F-99-010819,2024-11-13,2025-02-28,2.0,Actual,PEM107,Omni Channel,VT240166
CT-F-99-020717,2024-11-13,2025-02-28,3.0,Actual,PEM107,Omni Channel,CT240298
CT-F-99-020728,2024-11-13,2025-02-28,3.0,Actual,PEM107,Omni Channel,CT240299
VT-F-99-010721,2024-11-14,2024-11-22,1.0,Actual,PEM102-OLD,Omni Channel,VT240159
CT-F-99-020506,2024-11-14,2024-11-22,3.0,Actual,PEM102-OLD,Omni Channel,CT240254
VT-F-99-010721,2024-11-14,2024-11-28,1.0,Actual,PEM102-OLD,Omni Channel,VT240159
CT-F-99-020507,2024-11-14,2024-11-28,3.0,Actual,PEM102-OLD,Omni Channel,CT240229
VT-F-99-010721,2024-11-14,2024-11-20,1.0,Actual,PEM102-OLD,Omni Channel,VT240159
VT-F-99-010303,2024-11-14,2024-11-15,2.0,Actual,PEM102-OLD,Omni Channel,VT240180
CT-F-99-020504,2024-11-14,2024-11-29,3.0,Actual,PEM102-OLD,Omni Channel,CT240238
VT-F-99-010721,2024-11-14,2024-11-29,1.0,Actual,PEM102-OLD,Omni Channel,VT240159
CT-F-99-020504,2024-11-14,2024-11-19,2.0,Actual,PEM102-OLD,Omni Channel,CT240238
VT-F-99-010203,2024-11-14,2024-11-19,2.0,Actual,PEM102-OLD,Omni Channel,VT240145
VT-F-99-010721,2024-11-14,2024-11-25,1.0,Actual,PEM102-OLD,Omni Channel,VT240159
CT-F-99-020501,2024-11-14,2024-12-20,3.0,Actual,PEM102-OLD,Omni Channel,CT240039
VT-F-99-010721,2024-11-14,2024-12-20,1.0,Actual,PEM102-OLD,Omni Channel,VT240188
VT-F-99-010721,2024-11-14,2024-12-20,1.0,Actual,PEM102-OLD,Omni Channel,VT240160
CT-F-99-020726,2024-11-14,2024-12-05,3.0,Actual,PEM102-OLD,Omni Channel,CT240302
VT-F-99-010819,2024-11-14,2024-12-05,1.0,Actual,PEM102-OLD,Omni Channel,VT240147
VT-F-99-010819,2024-11-15,2024-12-12,1.0,Actual,PEM102-OLD,Omni Channel,VT240159
CT-F-99-020704,2024-11-15,2024-12-12,3.0,Actual,PEM102-OLD,Omni Channel,CT240303
CT-F-99-020504,2024-11-15,2024-11-29,3.0,Actual,PEM102-OLD,Omni Channel,CT240238
VT-F-99-010715,2024-11-15,2024-11-29,1.0,Actual,PEM102-OLD,Omni Channel,VT240172
CT-F-99-020702,2024-11-15,2024-12-17,24.0,Actual,PEM102-OLD,Omni Channel,CT240304
CT-F-99-020505,2024-11-15,2024-12-11,3.0,Actual,PEM102-OLD,Omni Channel,CT240223
VT-F-99-010721,2024-11-15,2024-12-11,1.0,Actual,PEM102-OLD,Omni Channel,VT240160
CT-F-99-020507,2024-11-15,2024-12-20,3.0,Actual,PEM102-OLD,Omni Channel,CT240229
VT-F-99-010721,2024-11-15,2024-12-20,1.0,Actual,PEM102-OLD,Omni Channel,VT240160
CT-F-99-020702,2024-11-18,2024-12-12,3.0,Actual,PEM102-OLD,Omni Channel,CT240305
VT-F-99-010722,2024-11-18,2024-11-22,1.0,Actual,PEM102-OLD,Omni Channel,VT240171
VT-F-99-010819,2024-11-18,2024-12-12,1.0,Actual,PEM102-OLD,Omni Channel,VT240166
VT-F-99-010721,2024-11-12,2024-11-18,1.0,Actual,PEM102-OLD,Omni Channel,VT240146
CT-F-99-020510,2024-11-12,2024-11-18,3.0,Actual,PEM102-OLD,Omni Channel,"CT240183,CT240255"
CT-F-99-020528,2024-11-18,2024-11-29,3.0,Actual,PEM102-OLD,Omni Channel,CT240272
VT-F-99-010721,2024-11-18,2024-11-29,1.0,Actual,PEM102-OLD,Omni Channel,VT240159
VT-F-99-010721,2024-11-18,2024-11-22,1.0,Actual,PEM102-OLD,Omni Channel,VT240159
CT-F-99-020508,2024-11-14,2024-11-20,3.0,Actual,PEM102-OLD,Omni Channel,CT230206
VT-F-99-010721,2024-11-18,2024-11-20,1.0,Actual,PEM102-OLD,Omni Channel,VT240159
CT-F-99-020506,2024-11-14,2024-11-21,3.0,Actual,PEM102-OLD,Omni Channel,CT240254
CT-F-99-020503,2024-11-19,2024-11-21,3.0,Actual,PEM102-OLD,Omni Channel,CT240235
VT-F-99-010721,2024-11-19,2024-11-21,1.0,Actual,PEM102-OLD,Omni Channel,VT240159
CT-F-99-020505,2024-11-19,2024-11-21,3.0,Actual,PEM102-OLD,Omni Channel,CT240233
VT-F-99-010721,2024-11-19,2024-11-29,1.0,Actual,PEM102-OLD,Omni Channel,VT240159
CT-F-99-020504,2024-11-19,2024-11-29,3.0,Actual,PEM102-OLD,Omni Channel,CT240279
VT-F-99-010721,2024-11-19,2024-11-22,1.0,Actual,PEM102-OLD,Omni Channel,VT240159
CT-F-99-020504,2024-11-19,2024-11-22,3.0,Actual,PEM102-OLD,Omni Channel,CT240238
CT-F-99-020504,2024-11-19,2024-12-09,3.0,Actual,PEM102-OLD,Omni Channel,CT240279
VT-F-99-010721,2024-11-19,2024-12-20,1.0,Actual,PEM102-OLD,Omni Channel,VT240188
CT-F-99-020508,2024-11-19,2024-12-20,3.0,Actual,PEM102-OLD,Omni Channel,"CT240177,CT240270"
VT-F-99-010721,2024-11-19,2024-11-29,1.0,Actual,PEM102-OLD,Omni Channel,VT240159
CT-F-99-020503,2024-11-19,2024-11-29,3.0,Actual,PEM102-OLD,Omni Channel,CT240041
VT-F-99-010721,2024-11-19,2024-11-28,1.0,Actual,PEM102-OLD,Omni Channel,VT240146
CT-F-99-020504,2024-11-19,2024-11-28,3.0,Actual,PEM102-OLD,Omni Channel,CT240279
VT-F-99-010722,2024-11-20,2024-11-22,1.0,Actual,PEM102-OLD,Omni Channel,VT240171
VT-F-99-010202,2024-11-20,2024-11-22,1.0,Actual,PEM102-OLD,Omni Channel,VT240120
VT-F-99-010721,2024-11-20,2024-11-28,2.0,Actual,PEM102-OLD,Omni Channel,VT240160
VT-F-99-010203,2024-11-20,2024-11-29,2.0,Actual,PEM102-OLD,Omni Channel,VT240145
CT-F-99-020504,2024-11-20,2024-11-28,6.0,Actual,PEM102-OLD,Omni Channel,CT240279
RS-F-99-041001,2024-11-08,2025-01-15,12.0,Actual,PEM107,Omni Channel,RS240347
RS-F-99-041033,2024-11-08,2025-01-15,6.0,Actual,PEM107,Omni Channel,RS240349
RS-F-99-100001,2024-11-20,2024-12-20,3.0,Actual,PEM102-OLD,Omni Channel,RS240363
VT-F-99-010819,2024-11-21,2024-12-17,1.0,Actual,PEM107,Omni Channel,VT240166
CT-F-99-020706,2024-11-21,2024-12-17,3.0,Actual,PEM107,Omni Channel,CT240308
CT-F-99-020726,2024-11-21,2024-12-20,6.0,Actual,PEM102-OLD,Omni Channel,CT240309
VT-F-99-010819,2024-11-21,2024-12-20,2.0,Actual,PEM102-OLD,Omni Channel,VT240166
VT-F-99-010721,2024-11-21,2024-11-26,1.0,Actual,PEM102-OLD,Total Customer Solution,VT240158
CT-F-99-020504,2024-11-21,2024-11-26,3.0,Actual,PEM102-OLD,Total Customer Solution,CT240279
VT-F-99-010721,2024-11-21,2024-12-12,1.0,Actual,PEM102-OLD,Omni Channel,VT240160
CT-F-99-020510,2024-11-21,2024-12-12,3.0,Actual,PEM102-OLD,Omni Channel,CT240255
CT-F-99-020524,2024-11-21,2024-12-12,3.0,Actual,PEM102-OLD,Omni Channel,CT240291
VT-F-99-010203,2024-11-22,2024-12-06,1.0,Actual,PEM102-OLD,Omni Channel,VT240038
VT-F-99-010721,2024-11-22,2024-12-06,2.0,Actual,PEM102-OLD,Omni Channel,VT240160
CT-F-99-020531,2024-11-22,2024-12-06,6.0,Actual,PEM102-OLD,Omni Channel,"CT240129,CT240136"
CT-F-99-020502,2024-11-22,2024-11-22,1.0,Actual,PEM102-OLD,Omni Channel,CT240224
VT-F-99-010721,2024-11-22,2025-01-31,1.0,Actual,PEM107,Omni Channel,VT240189
CT-F-99-020526,2024-11-22,2025-01-31,3.0,Actual,PEM107,Omni Channel,CT240241
RS-F-99-100001,2024-11-25,2024-12-20,6.0,Actual,PEM102-OLD,Omni Channel,RS240368
VT-F-99-010721,2024-11-25,2024-11-27,1.0,Actual,PEM102-OLD,Omni Channel,VT240159
CT-F-99-020511,2024-11-25,2024-11-27,3.0,Actual,PEM102-OLD,Omni Channel,CT240048
VT-F-99-010819,2024-11-26,2024-12-17,1.0,Actual,PEM102-OLD,Omni Channel,VT240166
CT-F-99-020705,2024-11-26,2024-12-17,3.0,Actual,PEM102-OLD,Omni Channel,CT240310
VT-F-99-010721,2024-11-26,2024-11-29,1.0,Actual,PEM102-OLD,Omni Channel,VT240158
CT-F-99-020506,2024-11-26,2024-11-29,3.0,Actual,PEM102-OLD,Omni Channel,CT240254
CT-F-99-020504,2024-11-26,2024-11-29,2.0,Actual,PEM102-OLD,Omni Channel,CT240238
VT-F-99-010203,2024-11-26,2024-11-29,2.0,Actual,PEM102-OLD,Omni Channel,VT240145
CT-F-99-020504,2024-08-23,2024-12-11,3.0,Actual,PEM102-OLD,Omni Channel,CT240306
VT-F-99-010820,2024-11-26,2024-12-25,1.0,Actual,PEM102-OLD,Omni Channel,VT240117
VT-F-99-010721,2024-08-23,2024-12-11,1.0,Actual,PEM102-OLD,Omni Channel,VT240160
CT-F-99-020504,2024-08-23,2024-12-14,3.0,Actual,PEM102-OLD,Omni Channel,CT240306
VT-F-99-010721,2024-08-23,2024-12-14,1.0,Actual,PEM102-OLD,Omni Channel,VT240160
CT-F-99-020504,2024-08-23,2024-12-18,3.0,Actual,PEM102-OLD,Omni Channel,CT240279
VT-F-99-010721,2024-08-23,2024-12-18,1.0,Actual,PEM102-OLD,Omni Channel,VT240160
VT-F-99-010721,2024-08-23,2024-12-07,1.0,Actual,PEM102-OLD,Omni Channel,VT240160
CT-F-99-020502,2024-08-23,2024-12-07,3.0,Actual,PEM102-OLD,Omni Channel,CT240224
CT-F-99-020504,2024-08-23,2024-12-08,3.0,Actual,PEM102-OLD,Omni Channel,CT240279
VT-F-99-010721,2024-08-23,2024-12-08,1.0,Actual,PEM102-OLD,Omni Channel,VT240157
VT-F-99-010721,2024-11-26,2024-12-13,1.0,Actual,PEM102-OLD,Omni Channel,VT240160
CT-F-99-020506,2024-11-26,2024-12-13,3.0,Actual,PEM102-OLD,Omni Channel,CT240254
VT-F-99-010715,2024-11-26,2024-11-29,1.0,Actual,PEM102-OLD,Omni Channel,VT240172
CT-F-99-020504,2024-11-26,2024-11-29,3.0,Actual,PEM102-OLD,Omni Channel,CT240279
CT-F-99-020503,2024-08-23,2024-12-16,3.0,Actual,PEM102-OLD,Omni Channel,CT240235
VT-F-99-010721,2024-08-23,2024-12-16,1.0,Actual,PEM102-OLD,Omni Channel,VT240160
VT-F-99-010721,2024-11-26,2024-12-24,1.0,Actual,PEM102-OLD,Omni Channel,VT240158
CT-F-99-020503,2024-11-26,2024-12-24,3.0,Actual,PEM102-OLD,Omni Channel,CT240235
VT-F-99-010721,2024-11-26,2024-12-23,1.0,Actual,PEM102-OLD,Omni Channel,VT240161
CT-F-99-020504,2024-11-26,2024-12-23,3.0,Actual,PEM102-OLD,Omni Channel,CT240306
VT-F-99-010721,2024-11-26,2024-12-15,1.0,Actual,PEM102-OLD,Omni Channel,VT240160
CT-F-99-020504,2024-11-26,2024-12-15,3.0,Actual,PEM102-OLD,Omni Channel,CT240279
VT-F-99-010721,2024-11-26,2024-12-12,1.0,Actual,PEM102-OLD,Omni Channel,VT240160
CT-F-99-020505,2024-11-26,2024-12-12,3.0,Actual,PEM102-OLD,Omni Channel,CT240307
VT-F-99-010721,2024-11-26,2024-12-17,1.0,Actual,PEM102-OLD,Omni Channel,VT240161
CT-F-99-020505,2024-11-26,2024-12-17,3.0,Actual,PEM102-OLD,Omni Channel,"CT240223,CT240239"
VT-F-99-010721,2024-11-26,2024-12-06,1.0,Actual,PEM102-OLD,Omni Channel,VT240159
CT-F-99-020505,2024-11-26,2024-12-06,3.0,Actual,PEM102-OLD,Omni Channel,CT240239
VT-F-99-010721,2024-11-26,2024-12-21,1.0,Actual,PEM102-OLD,Omni Channel,VT240161
CT-F-99-020505,2024-11-26,2024-12-21,3.0,Actual,PEM102-OLD,Omni Channel,CT240307
VT-F-99-010721,2024-11-26,2024-12-22,1.0,Actual,PEM102-OLD,Omni Channel,VT240161
CT-F-99-020504,2024-11-26,2024-12-22,3.0,Actual,PEM102-OLD,Omni Channel,CT240306
VT-F-99-010721,2024-11-26,2024-12-09,1.0,Actual,PEM102-OLD,Omni Channel,VT240160
CT-F-99-020505,2024-11-26,2024-12-09,3.0,Actual,PEM102-OLD,Omni Channel,CT240239
CT-F-99-020506,2024-11-26,2024-12-13,3.0,Actual,PEM102-OLD,Omni Channel,CT240268
CT-F-99-020524,2024-11-26,2024-12-13,3.0,Actual,PEM102-OLD,Omni Channel,CT240291
CT-F-99-020503,2024-11-27,2024-11-29,3.0,Actual,PEM102-OLD,Omni Channel,CT240235
RS-F-99-090028,2024-11-27,2024-12-17,3.0,Actual,PEM102-OLD,Omni Channel,RS240375
CT-F-99-020508,2024-11-27,2024-11-29,3.0,Actual,PEM102-OLD,Omni Channel,CT240177
VT-F-99-010721,2024-11-27,2024-12-06,1.0,Actual,PEM102-OLD,Omni Channel,VT240159
CT-F-99-020505,2024-11-27,2024-12-06,3.0,Actual,PEM102-OLD,Omni Channel,CT240239
VT-F-99-010721,2024-11-27,2025-03-07,1.0,Actual,PEM107,Omni Channel,VT240158
CT-F-99-020510,2024-11-27,2025-03-07,3.0,Actual,PEM107,Omni Channel,CT240255
VT-F-99-010715,2024-11-27,2024-12-10,1.0,Actual,PEM102-OLD,Omni Channel,VT240172
CT-F-99-020507,2024-11-27,2024-12-10,3.0,Actual,PEM102-OLD,Omni Channel,CT240229
RS-F-99-090039,2024-11-27,2024-12-17,9.0,Actual,PEM102-OLD,Omni Channel,RS240377
RS-F-99-090028,2024-11-27,2024-12-25,8.0,Actual,PEM102-OLD,Omni Channel,RS240378
CT-F-99-020504,2024-11-27,2024-11-29,2.0,Actual,PEM102-OLD,Omni Channel,CT240238
VT-F-99-010203,2024-11-27,2024-12-20,2.0,Actual,PEM102-OLD,Omni Channel,VT240145
CT-F-99-020506,2024-11-27,2024-12-20,2.0,Actual,PEM102-OLD,Omni Channel,CT240268
VT-F-99-010203,2024-11-27,2024-12-20,2.0,Actual,PEM102-OLD,Omni Channel,VT240145
CT-F-99-020506,2024-11-27,2024-12-20,2.0,Actual,PEM102-OLD,Omni Channel,CT240268
VT-F-99-010203,2024-11-27,2024-12-20,2.0,Actual,PEM102-OLD,Omni Channel,VT240179
CT-F-99-020504,2024-11-27,2024-12-20,2.0,Actual,PEM102-OLD,Omni Channel,CT240238
VT-F-99-010203,2024-11-27,2024-12-20,2.0,Actual,PEM102-OLD,Omni Channel,VT240145
CT-F-99-020504,2024-11-27,2024-12-20,2.0,Actual,PEM102-OLD,Omni Channel,CT240306
VT-F-99-010203,2024-11-27,2024-12-20,2.0,Actual,PEM102-OLD,Omni Channel,VT240145
CT-F-99-020505,2024-11-27,2024-12-20,2.0,Actual,PEM102-OLD,Omni Channel,CT240307
VT-F-99-010203,2024-11-27,2024-12-20,2.0,Actual,PEM102-OLD,Omni Channel,VT240145
CT-F-99-020504,2024-11-27,2024-12-20,2.0,Actual,PEM102-OLD,Omni Channel,CT240306
VT-F-99-010203,2024-11-27,2024-12-20,2.0,Actual,PEM102-OLD,Omni Channel,VT240145
CT-F-99-020506,2024-11-27,2024-12-20,2.0,Actual,PEM102-OLD,Omni Channel,CT240268
VT-F-99-010209,2024-11-27,2024-12-20,2.0,Actual,PEM102-OLD,Omni Channel,VT240193
CT-F-99-020506,2024-11-27,2024-12-20,2.0,Actual,PEM102-OLD,Omni Channel,CT240268
VT-F-99-010209,2024-11-27,2024-12-20,2.0,Actual,PEM102-OLD,Omni Channel,VT240193
CT-F-99-020506,2024-11-27,2024-12-20,2.0,Actual,PEM102-OLD,Omni Channel,"CT240254,CT250268"
VT-F-99-010209,2024-11-27,2024-12-20,2.0,Actual,PEM102-OLD,Omni Channel,VT240193
VT-F-99-010721,2024-11-28,2024-12-03,1.0,Actual,PEM102-OLD,Omni Channel,VT240159
CT-F-99-020505,2024-11-28,2024-12-03,3.0,Actual,PEM102-OLD,Omni Channel,CT240239
RS-F-99-090026,2024-11-27,2024-12-17,3.0,Actual,PEM102-OLD,Omni Channel,RS240376
VT-F-99-010203,2024-11-28,2024-12-02,1.0,Actual,PEM102-OLD,Omni Channel,VT240145
VT-F-99-010721,2024-11-28,2024-12-09,1.0,Actual,PEM102-OLD,Omni Channel,VT240152
CT-F-99-020506,2024-11-28,2024-12-09,3.0,Actual,PEM102-OLD,Omni Channel,CT240268
VT-F-99-010721,2024-08-06,2024-12-09,1.0,Actual,PEM102-OLD,Omni Channel,VT240159
CT-F-99-020530,2024-08-06,2024-12-09,3.0,Actual,PEM102-OLD,Omni Channel,CT240258
VT-F-99-010721,2024-11-29,2024-12-13,5.0,Actual,PEM102-OLD,Omni Channel,VT240161
CT-F-99-020503,2024-11-29,2024-12-13,3.0,Actual,PEM102-OLD,Omni Channel,"CT240235,CT240278"
CT-F-99-020504,2024-11-29,2024-12-13,3.0,Actual,PEM102-OLD,Omni Channel,CT240306
CT-F-99-020506,2024-11-29,2024-12-13,9.0,Actual,PEM102-OLD,Omni Channel,CT240268
CT-F-99-020528,2024-11-29,2024-12-13,3.0,Actual,PEM102-OLD,Omni Channel,CT240281
VT-F-99-010721,2024-11-29,2024-12-13,1.0,Actual,PEM102-OLD,Omni Channel,VT240188
CT-F-99-020505,2024-11-29,2024-12-02,3.0,Actual,PEM102-OLD,Omni Channel,CT240223
VT-F-99-010721,2024-11-29,2024-12-13,3.0,Actual,PEM102-OLD,Omni Channel,VT240161
CT-F-99-020502,2024-11-29,2024-12-13,3.0,Actual,PEM102-OLD,Omni Channel,CT240224
CT-F-99-020504,2024-11-29,2024-12-13,6.0,Actual,PEM102-OLD,Omni Channel,CT240306
CT-F-99-020504,2024-11-29,2025-01-31,3.0,Actual,PEM107,Omni Channel,CT240311
VT-F-99-010721,2024-11-29,2024-12-13,3.0,Actual,PEM102-OLD,Omni Channel,VT240161
CT-F-99-020505,2024-11-29,2024-12-13,6.0,Actual,PEM102-OLD,Omni Channel,CT240307
CT-F-99-020507,2024-11-29,2024-12-13,3.0,Actual,PEM102-OLD,Omni Channel,CT240229
VT-F-99-010721,2024-11-29,2024-12-18,1.0,Actual,PEM102-OLD,Omni Channel,VT240188
CT-F-99-020530,2024-11-29,2024-12-18,3.0,Actual,PEM102-OLD,Omni Channel,CT240315
VT-F-99-010303,2024-11-29,2024-12-23,2.0,Actual,PEM102-OLD,Omni Channel,VT40180
CT-F-99-020701,2024-11-29,2024-12-23,2.0,Actual,PEM102-OLD,Omni Channel,CT240318
VT-F-99-010203,2024-11-29,2024-12-06,2.0,Actual,PEM102-OLD,Omni Channel,VT240145
CT-F-99-020505,2024-11-29,2024-12-06,2.0,Actual,PEM102-OLD,Omni Channel,"CT240223,CT240239"
VT-F-99-010715,2024-12-02,2025-04-26,1.0,Actual,PEM107,Omni Channel,VT240172
CT-F-99-020507,2024-12-02,2025-04-26,3.0,Actual,PEM107,Omni Channel,CT240229
VT-F-99-010721,2024-12-02,2025-01-10,1.0,Actual,PEM107,Omni Channel,VT240189
CT-F-99-020505,2024-12-02,2025-01-10,3.0,Actual,PEM107,Omni Channel,"CT240307,CT240321"
VT-F-99-010721,2024-12-02,2024-12-23,1.0,Actual,PEM102-OLD,Omni Channel,VT240161
CT-F-99-020531,2024-12-02,2024-12-23,1.0,Actual,PEM102-OLD,Omni Channel,CT240136
CT-F-99-020524,2024-12-02,2024-12-23,1.0,Actual,PEM102-OLD,Omni Channel,CT240314
CT-F-99-020528,2024-12-02,2024-12-23,1.0,Actual,PEM102-OLD,Omni Channel,CT240281
CT-F-99-020530,2024-12-02,2024-12-23,1.0,Actual,PEM102-OLD,Omni Channel,CT240315
CT-F-99-020526,2024-12-02,2024-12-23,1.0,Actual,PEM102-OLD,Omni Channel,CT240241
VT-F-99-010721,2024-12-02,2024-12-13,1.0,Actual,PEM102-OLD,Omni Channel,VT240152
CT-F-99-020528,2024-12-02,2024-12-13,3.0,Actual,PEM102-OLD,Omni Channel,CT240281
VT-F-99-010721,2024-12-02,2024-12-16,1.0,Actual,PEM102-OLD,Omni Channel,VT240160
CT-F-99-020505,2024-12-02,2024-12-16,3.0,Actual,PEM102-OLD,Omni Channel,CT240307
CT-F-99-020530,2024-11-14,2024-12-03,3.0,Actual,PEM102-OLD,Omni Channel,"CT240258,CT240315"
CT-F-99-020506,2024-12-02,2024-12-20,3.0,Actual,PEM102-OLD,Omni Channel,CT240268
VT-F-99-010721,2024-12-02,2024-12-20,1.0,Actual,PEM102-OLD,Omni Channel,VT240188
VT-F-99-010721,2024-12-02,2024-12-20,1.0,Actual,PEM102-OLD,Omni Channel,VT240160
VT-F-99-010721,2024-12-02,2024-12-06,1.0,Actual,PEM102-OLD,Omni Channel,VT240157
CT-F-99-020530,2024-12-02,2024-12-06,6.0,Actual,PEM102-OLD,Omni Channel,CT240232
CT-F-99-020507,2024-11-14,2024-12-12,3.0,Actual,PEM102-OLD,Omni Channel,"CT240214,CT240229"
CT-F-99-020507,2024-11-14,2024-12-13,3.0,Actual,PEM102-OLD,Omni Channel,"CT240214,CT240229"
CT-F-99-020506,2024-11-14,2025-01-31,3.0,Actual,PEM102-OLD,Omni Channel,CT240268
VT-F-99-010721,2024-11-14,2024-12-11,1.0,Actual,PEM107,Omni Channel,"VT240188,VT240161,VT240113"
VT-F-99-010721,2024-11-14,2024-12-12,1.0,Actual,PEM107,Omni Channel,"VT240188,VT240161,VT240113"
VT-F-99-010721,2024-11-14,2025-02-28,1.0,Actual,PEM107,Omni Channel,"VT240188,VT240161,VT240113"
CT-F-99-020527,2024-12-03,2024-12-09,1.0,Actual,PEM102-OLD,Omni Channel,CT240276
CT-F-99-020505,2024-12-03,2024-12-12,2.0,Actual,PEM102-OLD,Omni Channel,CT240239
CT-F-99-020504,2024-12-03,2025-01-31,2.0,Actual,PEM107,Omni Channel,CT240306
CT-F-99-020511,2024-12-03,2024-12-09,3.0,Actual,PEM102-OLD,Omni Channel,CT240048
CT-F-99-020507,2024-12-03,2024-12-12,3.0,Actual,PEM107,Omni Channel,"CT240096,CT240269"
CT-F-99-020507,2024-12-03,2025-01-31,2.0,Actual,PEM107,Omni Channel,"CT240096,CT240269"
VT-F-99-010203,2024-12-03,2025-01-31,2.0,Actual,PEM107,Omni Channel,VT240145
VT-F-99-010203,2024-12-03,2025-01-31,2.0,Actual,PEM107,Omni Channel,VT240179
VT-F-99-010203,2024-12-03,2025-01-31,2.0,Actual,PEM107,Omni Channel,VT240179
VT-F-99-010721,2024-12-03,2024-12-12,1.0,Actual,PEM102-OLD,Omni Channel,VT240160
CT-F-99-020508,2024-12-03,2024-12-12,3.0,Actual,PEM102-OLD,Omni Channel,"CT240177,CT240270"
VT-F-99-010721,2024-12-04,2024-12-13,1.0,Actual,PEM107,Omni Channel,VT240188
VT-F-99-010722,2024-12-04,2024-12-20,3.0,Actual,PEM102-OLD,Omni Channel,VT240171
CT-F-99-020506,2024-12-04,2025-03-31,3.0,Actual,PEM107,Omni Channel,CT240322
CT-F-99-020505,2024-12-04,2025-02-28,3.0,Actual,PEM107,Omni Channel,"CT240307,CT240321"
CT-F-99-020505,2024-12-04,2025-02-28,3.0,Actual,PEM107,Omni Channel,"CT240307,CT240321"
CT-F-99-020505,2024-12-04,2025-02-28,3.0,Actual,PEM107,Omni Channel,"CT240307,CT240321"
VT-F-99-010721,2024-12-04,2025-02-28,1.0,Actual,PEM107,Omni Channel,VT240188
VT-F-99-010721,2024-12-04,2025-02-28,1.0,Actual,PEM107,Omni Channel,VT240188
VT-F-99-010721,2024-12-04,2025-02-28,1.0,Actual,PEM107,Omni Channel,VT240189
VT-F-99-010721,2024-12-04,2025-03-31,1.0,Actual,PEM107,Omni Channel,VT250029
CT-F-99-020501,2024-12-04,2025-01-21,2.0,Actual,PEM107,Omni Channel,CT240225
CT-F-99-020502,2024-12-04,2025-01-21,2.0,Actual,PEM107,Omni Channel,CT240234
CT-F-99-020503,2024-12-04,2025-01-21,2.0,Actual,PEM107,Omni Channel,CT240278
CT-F-99-020504,2024-12-04,2025-01-21,2.0,Actual,PEM107,Omni Channel,CT240311
CT-F-99-020506,2024-12-04,2025-01-21,2.0,Actual,PEM107,Omni Channel,CT240312
CT-F-99-020507,2024-12-04,2025-01-21,2.0,Actual,PEM107,Omni Channel,CT240229
CT-F-99-020513,2024-12-04,2025-01-21,2.0,Actual,PEM107,Omni Channel,CT240328
VT-F-99-010721,2024-12-04,2024-12-24,1.0,Actual,PEM102-OLD,Omni Channel,VT240188
CT-F-99-020505,2024-12-04,2024-12-24,3.0,Actual,PEM102-OLD,Omni Channel,CT240307
RS-F-99-070002,2024-12-06,2025-01-30,60.0,Actual,PPD101,Omni Channel,
RS-F-99-070004,2024-12-06,2025-01-30,30.0,Actual,PPD101,Omni Channel,
VT-F-99-010722,2024-12-06,2024-12-30,1.0,Actual,PEM102-OLD,Omni Channel,VT240171
CT-F-99-020503,2024-12-09,2024-12-20,3.0,Actual,PEM102-OLD,Omni Channel,CT240278
CT-F-99-020505,2024-12-09,2024-12-20,3.0,Actual,PEM102-OLD,Omni Channel,CT240307
CT-F-99-020527,2024-12-09,2025-01-10,3.0,Actual,PEM107,Omni Channel,CT240295
VT-F-99-010721,2024-12-09,2024-12-09,1.0,Actual,PEM102-OLD,Omni Channel,VT240160
VT-F-99-010721,2024-12-10,2024-12-13,1.0,Actual,PEM102-OLD,Omni Channel,VT240188
RS-F-99-070004,2024-12-10,2025-01-31,30.0,Actual,PEM107,Omni Channel,RS240309
RS-F-99-070002,2024-12-10,2025-01-31,60.0,Actual,PEM107,Omni Channel,RS240308
CT-F-99-020502,2024-12-10,2024-12-13,2.0,Actual,PEM102-OLD,Omni Channel,CT240224
VT-F-99-010203,2024-12-10,2024-12-13,2.0,Actual,PEM102-OLD,Omni Channel,VT240179
CT-F-99-020506,2024-12-11,2025-01-02,2.0,Actual,PEM107,Omni Channel,CT240312
VT-F-99-010203,2024-12-11,2025-01-02,2.0,Actual,PEM107,Omni Channel,VT240179
VT-F-99-010721,2024-12-11,2024-12-25,1.0,Actual,PEM102-OLD,Omni Channel,VT240189
CT-F-99-020703,2024-12-11,2025-01-22,2.0,Actual,PEM107,Omni Channel,CT250001
CT-F-99-020506,2024-12-11,2025-01-22,4.0,Actual,PEM107,Omni Channel,CT240312
VT-F-99-010203,2024-12-11,2025-01-22,4.0,Actual,PEM107,Omni Channel,VT240179
CT-F-99-020510,2024-12-11,2025-03-21,2.0,Actual,PEM107,Omni Channel,CT240271
CT-F-99-020511,2024-12-11,2025-02-07,2.0,Actual,PEM107,Omni Channel,CT240048
CT-F-99-020506,2024-12-12,2024-12-19,3.0,Actual,PEM102-OLD,Omni Channel,CT240312
CT-F-99-020504,2024-12-12,2024-12-19,6.0,Actual,PEM102-OLD,Omni Channel,CT240311
VT-F-99-010715,2024-12-13,2025-01-07,1.0,Actual,PEM107,Omni Channel,VT240172
CT-F-99-020505,2024-12-13,2025-01-07,3.0,Actual,PEM107,Omni Channel,CT240321
CT-F-99-020506,2024-12-13,2024-12-24,1.0,Actual,PEM102-OLD,Omni Channel,CT240312
VT-F-99-010721,2024-12-13,2025-01-15,1.0,Actual,PEM107,Omni Channel,VT240189
CT-F-99-020504,2024-12-13,2025-01-15,3.0,Actual,PEM107,Omni Channel,CT240311
VT-F-99-010721,2024-12-13,2024-12-27,1.0,Actual,PEM102-OLD,Omni Channel,VT240188
CT-F-99-020506,2024-12-13,2024-12-27,3.0,Actual,PEM102-OLD,Omni Channel,CT240312
VT-F-99-010303,2024-12-13,2024-12-16,2.0,Actual,PEM102-OLD,Omni Channel,VT240180
VT-F-99-010721,2024-12-13,2025-01-15,2.0,Actual,PEM102-OLD,Omni Channel,VT240189
VT-F-99-010721,2024-12-13,2024-12-25,1.0,Actual,PEM102-OLD,Omni Channel,VT240188
CT-F-99-020505,2024-12-13,2024-12-25,3.0,Actual,PEM102-OLD,Omni Channel,CT240307
CT-F-99-020507,2024-12-16,2025-01-10,4.0,Actual,PEM107,Omni Channel,CT240269
CT-F-99-020510,2024-12-16,2025-01-10,4.0,Actual,PEM107,Omni Channel,CT240271
VT-F-99-010203,2024-12-16,2025-01-10,8.0,Actual,PEM107,Omni Channel,"VT240179,VT250006"
VT-F-99-010203,2024-12-16,2024-12-20,6.0,Actual,PEM102-OLD,Omni Channel,VT240179
CT-F-99-020501,2024-12-16,2024-12-20,4.0,Actual,PEM102-OLD,Omni Channel,CT240225
CT-F-99-020502,2024-12-16,2024-12-20,2.0,Actual,PEM102-OLD,Omni Channel,CT240224
RS-F-99-070002,2024-12-16,2024-12-20,6.0,Actual,PEM102-OLD,Omni Channel,FOR STOCK
RS-F-99-070004,2024-12-16,2024-12-20,6.0,Actual,PEM102-OLD,Omni Channel,FOR STOCK
VT-F-99-010721,2024-12-16,2024-12-20,1.0,Actual,PEM102-OLD,Omni Channel,VT240188
CT-F-99-020506,2024-12-16,2024-12-20,3.0,Actual,PEM102-OLD,Omni Channel,CT240312
CT-F-99-020524,2024-12-17,2024-12-25,3.0,Actual,PEM102-OLD,Omni Channel,CT240291
VT-F-99-010721,2024-12-17,2024-12-25,1.0,Actual,PEM102-OLD,Omni Channel,VT240188
CT-F-99-020511,2024-12-17,2024-12-24,2.0,Actual,PEM102-OLD,Omni Channel,CT240048
VT-F-99-010203,2024-12-17,2024-12-24,2.0,Actual,PEM102-OLD,Omni Channel,VT240179
VT-F-99-010721,2024-12-18,2024-12-24,1.0,Actual,PEM107,Omni Channel,VT240188
CT-F-99-020508,2024-12-18,2024-12-20,3.0,Actual,PEM102-OLD,Omni Channel,CT240240
CT-F-99-020705,2024-12-18,2025-02-06,3.0,Actual,PEM107,Omni Channel,CT250002
VT-F-99-010819,2024-12-18,2025-02-06,1.0,Actual,PEM107,Omni Channel,VT240166
CT-F-99-020530,2024-12-18,2025-01-05,3.0,Actual,PEM102-OLD,Omni Channel,CT240315
VT-F-99-010721,2024-12-18,2024-12-26,1.0,Actual,PEM102-OLD,Omni Channel,VT240188
CT-F-99-020504,2024-12-18,2024-12-26,3.0,Actual,PEM102-OLD,Omni Channel,CT240306
VT-F-99-010721,2024-12-19,2024-12-26,1.0,Actual,PEM102-OLD,Omni Channel,VT240188
CT-F-99-020505,2024-12-19,2024-12-26,3.0,Actual,PEM102-OLD,Omni Channel,CT240307
VT-F-99-010721,2024-12-19,2024-12-27,2.0,Actual,PEM102-OLD,Omni Channel,VT240188
CT-F-99-020510,2024-12-19,2024-12-27,3.0,Actual,PEM102-OLD,Omni Channel,CT240255
CT-F-99-020511,2024-12-19,2024-12-27,3.0,Actual,PEM102-OLD,Omni Channel,CT240048
RS-F-99-070004,2024-12-19,2024-12-20,3.0,Actual,PEM102-OLD,Omni Channel,RS240071
VT-F-99-010721,2024-12-20,2024-12-24,1.0,Actual,PEM102-OLD,Omni Channel,VT240189
CT-F-99-020506,2024-12-20,2024-12-24,3.0,Actual,PEM102-OLD,Omni Channel,CT240312
VT-F-99-010203,2024-12-20,2024-12-25,2.0,Actual,PEM102-OLD,Omni Channel,VT240179
CT-F-99-020502,2024-12-20,2024-12-25,2.0,Actual,PEM102-OLD,Omni Channel,CT240234
CT-F-99-020506,2024-12-20,2025-01-10,3.0,Actual,PEM107,Omni Channel,CT240312
RS-F-99-070003,2024-12-23,2025-03-12,300.0,Actual,PPD101,Omni Channel,
RS-F-99-070006,2024-12-23,2025-03-12,150.0,Actual,PPD101,Omni Channel,
RS-F-99-070005,2024-12-23,2025-03-12,30.0,Actual,PPD101,Omni Channel,
CT-F-99-020704,2024-12-23,2025-01-17,3.0,Actual,PEM107,Omni Channel,CT250011
VT-F-99-010203,2024-12-26,2025-01-08,1.0,Actual,PEM107,Omni Channel,VT240179
CT-F-99-020506,2024-12-26,2025-01-09,3.0,Actual,PEM107,Omni Channel,CT240312
CT-F-99-020501,2024-12-26,2025-02-28,3.0,Actual,PEM107,Omni Channel,"CT240039,CT240225"
VT-F-99-010721,2024-12-26,2025-02-28,1.0,Actual,PEM107,Omni Channel,VT240189
RS-F-99-070005,2025-01-02,2025-01-06,3.0,Actual,PEM107,Omni Channel,RS190335
RS-F-99-070002,2025-01-02,2025-01-06,6.0,Actual,PEM107,Omni Channel,RS240070
CT-F-99-020510,2025-01-02,2025-01-10,3.0,Actual,PEM107,Omni Channel,CT240271
VT-F-99-010203,2025-01-02,2025-01-15,16.0,Actual,PEM107,Omni Channel,VT240179
CT-F-99-020501,2025-01-02,2025-01-15,10.0,Actual,PEM107,Omni Channel,CT240233
CT-F-99-020502,2025-01-02,2025-01-15,6.0,Actual,PEM107,Omni Channel,CT240234
VT-F-99-010721,2025-01-02,2025-01-24,1.0,Actual,PEM107,Omni Channel,VT240189
CT-F-99-020505,2025-01-02,2025-01-24,3.0,Actual,PEM107,Omni Channel,CT240321
RS-F-99-010128,2025-01-02,2025-03-14,2.0,Actual,PEM107,Omni Channel,RS250024
RS-F-99-010122,2025-01-02,2025-03-14,2.0,Actual,PEM107,Omni Channel,RS250025
RS-F-99-010123,2025-01-02,2025-03-14,4.0,Actual,PEM107,Omni Channel,RS250027
RS-F-99-010124,2025-01-02,2025-03-14,2.0,Actual,PEM107,Omni Channel,RS250028
RS-F-99-010129,2025-01-02,2025-03-14,2.0,Actual,PEM107,Omni Channel,RS250026
CT-F-99-020726,2025-01-06,2025-02-17,3.0,Actual,PEM107,Omni Channel,CT250012
VT-F-99-010819,2025-01-06,2025-02-17,1.0,Actual,PEM107,Omni Channel,VT240168
VT-F-99-010715,2025-01-06,2025-01-22,1.0,Actual,PEM107,Omni Channel,VT240172
CT-F-99-020506,2025-01-06,2025-01-22,3.0,Actual,PEM107,Omni Channel,CT240322
CT-F-99-020510,2025-01-06,2025-01-07,3.0,Actual,PEM107,Omni Channel,CT240271
CT-F-99-020506,2025-01-06,2025-01-31,2.0,Actual,PEM107,Omni Channel,CT240312
VT-F-99-010209,2025-01-06,2025-01-20,2.0,Actual,PEM107,Omni Channel,VT250011
VT-F-99-010203,2025-01-07,2025-01-13,4.0,Actual,PEM107,Omni Channel,VT240179
CT-F-99-020510,2025-01-07,2025-01-13,4.0,Actual,PEM107,Omni Channel,CT240271
CT-F-99-020511,2025-01-07,2025-01-17,3.0,Actual,PEM107,Omni Channel,CT240048
VT-F-99-010721,2025-01-07,2025-01-17,1.0,Actual,PEM107,Omni Channel,VT240189
RS-F-99-070003,2025-01-07,2025-03-14,300.0,Actual,PEM107,Omni Channel,RS250018
RS-F-99-070006,2025-01-07,2025-03-14,150.0,Actual,PEM107,Omni Channel,RS250019
RS-F-99-070005,2025-01-07,2025-03-14,30.0,Actual,PEM107,Omni Channel,"RS250020,RS240072"
RS-F-99-070007,2025-01-07,2025-03-14,300.0,Actual,PEM107,Omni Channel,RS240195
RS-F-99-100001,2025-01-07,2025-01-24,1.0,Actual,PEM107,Omni Channel,RS250029
CT-F-99-020502,2025-01-07,2025-03-12,10.0,Actual,PPD101,Omni Channel,
RS-F-99-070007,2025-01-07,2025-03-12,150.0,Actual,PPD101,Omni Channel,
RS-F-99-070003,2025-01-07,2025-03-12,150.0,Actual,PPD101,Omni Channel,
RS-F-99-070006,2025-01-07,2025-03-12,150.0,Actual,PPD101,Omni Channel,
VT-F-99-010203,2025-01-07,2025-01-22,2.0,Actual,PEM107,Omni Channel,VT250006
CT-F-99-020506,2025-01-07,2025-01-22,2.0,Actual,PEM107,Omni Channel,CT240322
VT-F-99-010203,2025-01-07,2025-01-22,2.0,Actual,PEM107,Omni Channel,VT250006
CT-F-99-020506,2025-01-07,2025-01-22,2.0,Actual,PEM107,Omni Channel,CT240322
VT-F-99-010203,2025-01-08,2025-01-22,12.0,Actual,PEM107,Omni Channel,VT250006
CT-F-99-020506,2025-01-08,2025-01-22,4.0,Actual,PEM107,Omni Channel,CT240322
CT-F-99-020504,2025-01-08,2025-01-22,2.0,Actual,PEM107,Omni Channel,CT240311
CT-F-99-020505,2024-12-04,2025-01-10,3.0,Actual,PEM107,Omni Channel,CT240321
VT-F-99-010721,2024-12-04,2025-01-10,1.0,Actual,PEM107,Omni Channel,VT240189
CT-F-99-020506,2024-12-04,2025-01-15,3.0,Actual,PEM107,Omni Channel,CT240322
VT-F-99-010721,2024-12-04,2025-01-15,1.0,Actual,PEM107,Omni Channel,VT240194
RS-F-99-070006,2025-01-08,2025-01-15,30.0,Actual,PEM107,Omni Channel,RS250001
VT-F-99-010202,2025-01-08,2025-01-15,6.0,Actual,PEM107,Omni Channel,"VT240120,VT240165"
RS-F-99-070005,2025-01-08,2025-01-15,24.0,Actual,PEM107,Omni Channel,RS240072
RS-F-99-070002,2025-01-08,2025-01-15,90.0,Actual,PEM107,Omni Channel,RS240308
RS-F-99-041033,2025-01-08,2025-02-20,30.0,Actual,PEM107,Omni Channel,RS250003
RS-F-99-041034,2025-01-08,2025-01-15,12.0,Actual,PEM107,Omni Channel,RS250005
RS-F-99-041002,2025-01-08,2025-02-20,18.0,Actual,PEM107,Omni Channel,RS250002
RS-F-99-041003,2025-01-08,2025-01-15,12.0,Actual,PEM107,Omni Channel,RS250004
VT-F-99-010203,2025-01-08,2025-01-22,2.0,Actual,PEM107,Omni Channel,VT240322
CT-F-99-020506,2025-01-08,2025-01-22,2.0,Actual,PEM107,Omni Channel,CT240322
VT-F-99-010203,2025-01-08,2025-01-22,2.0,Actual,PEM107,Omni Channel,VT250006
CT-F-99-020504,2025-01-08,2025-01-22,2.0,Actual,PEM107,Omni Channel,CT240311
VT-F-99-010203,2025-01-08,2025-01-22,2.0,Actual,PEM107,Omni Channel,VT250006
CT-F-99-020511,2025-01-08,2025-01-22,2.0,Actual,PEM107,Omni Channel,CT240090
VT-F-99-010203,2025-01-08,2025-01-22,2.0,Actual,PEM107,Omni Channel,VT250006
CT-F-99-020502,2025-01-08,2025-01-22,2.0,Actual,PEM107,Omni Channel,CT240234
VT-F-99-010303,2025-01-08,2025-01-30,2.0,Actual,PEM107,Omni Channel,VT240180
CT-F-99-020702,2025-01-08,2025-01-30,2.0,Actual,PEM107,Omni Channel,CT250013
VT-F-99-010303,2025-01-09,2025-01-30,2.0,Actual,PEM107,Omni Channel,VT240180
CT-F-99-020703,2025-01-09,2025-01-30,2.0,Actual,PEM107,Omni Channel,CT250014
VT-F-99-010303,2025-01-09,2025-01-30,4.0,Actual,PEM107,Omni Channel,"VT250003,VT250021"
CT-F-99-020704,2025-01-09,2025-01-30,4.0,Actual,PEM107,Omni Channel,"CT250015,CT250029"
VT-F-99-010303,2025-01-09,2025-01-30,2.0,Actual,PEM107,Omni Channel,VT250003
CT-F-99-020706,2025-01-09,2025-01-30,2.0,Actual,PEM107,Omni Channel,CT250016
VT-F-99-010203,2025-01-09,2025-01-13,1.0,Actual,PEM107,Omni Channel,VT240179
VT-F-99-010721,2025-01-09,2025-01-17,1.0,Actual,PEM107,Omni Channel,VT240194
CT-F-99-020506,2025-01-09,2025-01-17,3.0,Actual,PEM107,Omni Channel,CT240312
VT-F-99-010721,2025-01-09,2025-01-15,1.0,Actual,PEM107,Omni Channel,VT240194
CT-F-99-020725,2025-01-09,2025-01-30,3.0,Actual,PEM107,Omni Channel,CT250017
VT-F-99-010819,2025-01-09,2025-01-30,1.0,Actual,PEM107,Omni Channel,VT240168
CT-F-99-020503,2025-01-10,2025-01-15,2.0,Actual,PEM107,Omni Channel,CT240278
VT-F-99-010721,2025-01-13,2025-03-04,1.0,Actual,PEM107,Omni Channel,VT240194
CT-F-99-020528,2025-01-13,2025-03-04,3.0,Actual,PEM107,Omni Channel,CT240319
VT-F-99-010203,2025-01-13,2025-01-15,2.0,Actual,PEM107,Omni Channel,VT250006
CT-F-99-020502,2025-01-13,2025-01-15,2.0,Actual,PEM107,Omni Channel,CT240234
VT-F-99-010203,2025-01-13,2025-01-17,2.0,Actual,PEM107,Omni Channel,VT250006
CT-F-99-020506,2025-01-13,2025-01-17,2.0,Actual,PEM107,Omni Channel,CT240322
CT-F-99-020530,2025-01-14,2025-01-30,3.0,Actual,PEM107,Omni Channel,"CT240315,CT240326"
VT-F-99-010721,2025-01-14,2025-01-30,1.0,Actual,PEM107,Omni Channel,VT240194
RS-F-99-100001,2025-01-14,2025-02-10,3.0,Actual,PEM107,Omni Channel,RS250032
CT-F-99-020526,2025-01-14,2025-04-30,1.0,Actual,PEM107,Omni Channel,CT240241
VT-F-99-010721,2025-01-14,2025-01-17,1.0,Actual,PEM107,Omni Channel,VT240194
CT-F-99-020507,2025-01-14,2025-01-17,3.0,Actual,PEM107,Omni Channel,CT240269
VT-F-99-010303,2025-01-14,2025-01-15,1.0,Actual,PEM107,Omni Channel,VT240180
RS-F-99-070002,2025-01-14,2025-01-15,3.0,Actual,PEM107,Omni Channel,RS240070
VT-F-99-010721,2025-01-14,2025-01-31,1.0,Actual,PEM107,Omni Channel,VT240194
CT-F-99-020527,2025-01-14,2025-01-31,3.0,Actual,PEM107,Omni Channel,CT240295
CT-F-99-020535,2025-01-14,2025-04-30,1.0,Actual,PEM107,Omni Channel,CT240187
VT-F-99-010202,2025-01-08,2025-02-04,3.0,Actual,PEM107,Omni Channel,"VT240120,VT240165"
RS-F-99-041034,2025-01-08,2025-02-20,12.0,Actual,PEM107,Omni Channel,RS250005
RS-F-99-041003,2025-01-08,2025-02-20,12.0,Actual,PEM107,Omni Channel,RS250004
CT-F-99-020508,2025-01-09,2025-01-31,3.0,Actual,PEM107,Omni Channel,CT240240
VT-F-99-010722,2025-01-15,2025-03-25,11.0,Actual,PEM107,Omni Channel,VT250004
RS-F-99-070003,2025-01-16,2025-03-28,150.0,Actual,PEM107,Omni Channel,RS250035
RS-F-99-070006,2025-01-16,2025-03-28,150.0,Actual,PEM107,Omni Channel,RS250035
CT-F-99-020502,2025-01-16,2025-03-28,10.0,Actual,PEM107,Omni Channel,CT250024
RS-F-99-070007,2025-01-16,2025-03-28,150.0,Actual,PEM107,Omni Channel,RS250036
VT-F-99-010203,2025-01-16,2025-01-20,16.0,Actual,PEM107,Omni Channel,VT250006
VT-F-99-010722,2025-01-16,2025-03-25,12.0,Actual,PEM107,Omni Channel,VT250004
VT-F-99-010721,2025-01-16,2025-01-17,1.0,Actual,PEM107,Omni Channel,VT240194
VT-F-99-010721,2025-01-17,2025-02-04,1.0,Actual,PEM107,Omni Channel,VT240194
CT-F-99-020527,2025-01-17,2025-02-04,3.0,Actual,PEM107,Omni Channel,CT240295
VT-F-99-010721,2025-01-17,2025-05-09,1.0,Actual,PEM107,Omni Channel,VT250027
CT-F-99-020526,2025-01-17,2025-05-09,3.0,Actual,PEM107,Omni Channel,CT240316
VT-F-99-010715,2025-01-17,2025-03-07,1.0,Actual,PEM107,Omni Channel,VT240172
CT-F-99-020504,2025-01-17,2025-03-07,3.0,Actual,PEM107,Omni Channel,CT240311
RS-F-99-070003,2025-01-20,2025-01-27,3.0,Actual,PEM107,Omni Channel,RS240197
RS-F-99-130011,2025-01-21,2025-02-20,2.0,Actual,PEM107,Omni Channel,RS250041
RS-F-99-010124,2025-01-21,2025-02-20,2.0,Actual,PEM107,Omni Channel,RS250040
VT-F-99-010721,2025-01-21,2025-01-29,1.0,Actual,PEM107,Omni Channel,VT240194
CT-F-99-020508,2025-01-21,2025-01-29,3.0,Actual,PEM107,Omni Channel,CT240270
VT-F-99-010721,2025-01-21,2025-01-31,1.0,Actual,PEM107,Omni Channel,VT240194
CT-F-99-020507,2025-01-21,2025-01-30,3.0,Actual,PEM107,Omni Channel,CT250007
CT-F-99-020524,2025-01-21,2025-03-21,3.0,Actual,PEM107,Omni Channel,CT240314
VT-F-99-010203,2025-01-21,2025-01-29,2.0,Actual,PEM107,Omni Channel,VT240179
CT-F-99-020506,2025-01-21,2025-01-29,2.0,Actual,PEM107,Omni Channel,CT250006
CT-F-99-020504,2025-01-21,2025-01-23,3.0,Actual,PEM107,Omni Channel,CT240311
VT-F-99-010721,2025-01-21,2025-01-23,1.0,Actual,PEM107,Omni Channel,VT240194
CT-F-99-020506,2025-01-21,2025-02-28,3.0,Actual,PEM107,Omni Channel,CT240322
VT-F-99-010721,2025-01-21,2025-02-28,1.0,Actual,PEM107,Omni Channel,VT240194
VT-F-99-010721,2025-01-21,2025-02-07,2.0,Actual,PEM107,Omni Channel,VT240189
CT-F-99-020527,2025-01-21,2025-02-07,6.0,Actual,PEM107,Omni Channel,"CT240324,CT240276"
VT-F-99-010701,2025-01-22,2025-01-27,1.0,Actual,PEM107,Omni Channel,VT240196
CT-F-99-020726,2025-01-22,2025-02-24,3.0,Actual,PEM107,Omni Channel,CT250028
VT-F-99-010819,2025-01-22,2025-02-24,1.0,Actual,PEM107,Omni Channel,VT240168
VT-F-99-010721,2025-01-22,2025-01-31,2.0,Actual,PEM107,Omni Channel,VT240194
CT-F-99-020507,2025-01-22,2025-01-31,3.0,Actual,PEM107,Omni Channel,CT250007
CT-F-99-020510,2025-01-22,2025-01-31,3.0,Actual,PEM107,Omni Channel,CT240271
VT-F-99-010715,2025-01-22,2025-02-03,1.0,Actual,PEM107,Omni Channel,VT240172
CT-F-99-020504,2025-01-22,2025-02-03,3.0,Actual,PEM107,Omni Channel,CT240311
VT-F-99-010715,2025-01-22,2025-02-03,1.0,Actual,PEM107,Omni Channel,VT240172
CT-F-99-020508,2025-01-22,2025-02-03,3.0,Actual,PEM107,Omni Channel,CT240270
VT-F-99-010715,2025-01-22,2025-02-06,1.0,Actual,PEM107,Omni Channel,VT240172
CT-F-99-020503,2025-01-22,2025-02-06,3.0,Actual,PEM107,Omni Channel,CT240278
VT-F-99-010820,2025-01-23,2025-02-21,1.0,Actual,PEM107,Omni Channel,VT250025
CT-F-99-020505,2025-01-23,2025-02-07,3.0,Actual,PEM107,Omni Channel,CT240321
VT-F-99-010721,2025-01-23,2025-02-07,1.0,Actual,PEM107,Omni Channel,VT240194
VT-F-99-010722,2025-02-03,2025-03-27,12.0,Actual,PTS,Tendering,CTR-2025-00379
VT-F-99-010722,2025-02-03,2025-03-27,11.0,Actual,PTS,Tendering,CTR-2025-00380
VT-F-99-010721,2025-01-24,2025-02-06,1.0,Actual,PEM107,Omni Channel,VT240194
CT-F-99-020527,2025-01-24,2025-02-06,3.0,Actual,PEM107,Omni Channel,CT240324
VT-F-99-010721,2025-01-24,2025-02-06,1.0,Actual,PEM107,Omni Channel,VT240194
CT-F-99-020531,2025-01-24,2025-02-06,3.0,Actual,PEM107,Omni Channel,CT240313
RS-F-99-070003,2025-01-24,2025-03-24,72.0,Actual,PEM107,Omni Channel,RS250049
VT-F-99-010202,2025-01-24,2025-02-20,5.0,Actual,PEM107,Omni Channel,"VT250012,VT250019"
RS-F-99-070004,2025-01-24,2025-02-24,60.0,Actual,PEM107,Omni Channel,RS240309
RS-F-99-070005,2025-01-24,2025-03-24,24.0,Actual,PEM107,Omni Channel,RS250050
RS-F-99-070002,2025-01-24,2025-03-24,48.0,Actual,PEM107,Omni Channel,RS240308
RS-F-99-070007,2025-01-24,2025-03-24,102.0,Actual,PEM107,Omni Channel,"RS240195,RS250048"
RS-F-99-041015,2025-01-24,2025-03-24,12.0,Actual,PEM107,Omni Channel,RS250056
RS-F-99-041033,2025-01-24,2025-03-05,12.0,Actual,PEM107,Omni Channel,RS250052
RS-F-99-041034,2025-01-24,2025-02-20,24.0,Actual,PEM107,Omni Channel,RS250054
RS-F-99-041002,2025-01-24,2025-03-20,24.0,Actual,PEM107,Omni Channel,RS250051
RS-F-99-041003,2025-01-24,2025-03-05,9.0,Actual,PEM107,Omni Channel,RS250053
RS-F-99-041004,2025-01-24,2025-03-05,30.0,Actual,PEM107,Omni Channel,RS250055
RS-F-99-041005,2025-01-24,2025-03-24,24.0,Actual,PEM107,Omni Channel,RS250057
RS-F-99-041007,2025-01-24,2025-03-24,4.0,Actual,PEM107,Omni Channel,RS250058
VT-F-99-010203,2025-01-24,2025-01-31,2.0,Actual,PEM107,Omni Channel,VT250016
CT-F-99-020527,2025-01-24,2025-02-28,3.0,Actual,PEM107,Omni Channel,CT240324
VT-F-99-010819,2025-01-24,2025-02-07,1.0,Actual,PEM107,Omni Channel,VT240168
VT-F-99-010819,2025-01-27,2025-02-21,1.0,Actual,PEM107,Omni Channel,VT240168
CT-F-99-020707,2025-01-27,2025-02-21,3.0,Actual,PEM107,Omni Channel,CT250030
VT-F-99-010721,2025-01-27,2025-02-05,1.0,Actual,PEM107,Omni Channel,VT240194
CT-F-99-020503,2025-01-27,2025-02-05,3.0,Actual,PEM107,Omni Channel,CT240278
CT-F-99-020528,2025-01-27,2025-01-27,3.0,Actual,PEM107,Omni Channel,CT240261
CT-F-99-020511,2025-01-27,2025-12-26,3.0,Actual,PEM107,Omni Channel,CT240090
VT-F-99-010721,2025-01-27,2025-01-28,1.0,Actual,PEM107,Omni Channel,VT240194
CT-F-99-020506,2025-01-27,2025-01-28,3.0,Actual,PEM107,Omni Channel,"CT240322,CT250006"
VT-F-99-010721,2025-01-28,2025-02-27,1.0,Actual,PEM107,Omni Channel,VT240194
CT-F-99-020505,2025-01-28,2025-02-27,3.0,Actual,PEM107,Omni Channel,CT240321
CT-F-99-020522,2025-01-28,2025-02-28,3.0,Actual,PEM107,Omni Channel,CT250034
CT-F-99-020502,2025-01-28,2025-02-28,3.0,Actual,PEM107,Omni Channel,CT240234
VT-F-99-010722,2025-01-28,2025-03-31,3.0,Actual,PEM107,Omni Channel,VT250004
RS-F-99-090028,2025-01-28,2025-03-11,48.0,Actual,PEM107,Omni Channel,RS250068
RS-F-99-090026,2025-01-28,2025-03-11,42.0,Actual,PEM107,Omni Channel,RS250069
RS-F-99-090041,2025-01-28,2025-03-11,3.0,Actual,PEM107,Omni Channel,RS250070
RS-F-99-090030,2025-01-28,2025-03-11,12.0,Actual,PEM107,Omni Channel,RS250067
VT-F-99-010722,2025-01-29,2025-02-28,3.0,Actual,PTS,Tendering,CTR-2025-00457
VT-F-99-010721,2025-01-29,2025-06-30,1.0,Actual,PEM107,Omni Channel,VT250054
CT-F-99-020526,2025-01-29,2025-06-30,3.0,Actual,PEM107,Omni Channel,CT240316
VT-F-99-010721,2025-01-29,2025-06-30,1.0,Actual,PEM107,Omni Channel,VT250054
CT-F-99-020526,2025-01-29,2025-06-30,3.0,Actual,PEM107,Omni Channel,CT240316
VT-F-99-010721,2025-01-30,2025-02-04,1.0,Actual,PEM107,Omni Channel,VT240194
CT-F-99-020505,2025-01-30,2025-02-04,3.0,Actual,PEM107,Omni Channel,CT250005
VT-F-99-010203,2025-01-30,2025-02-05,2.0,Actual,PEM107,Omni Channel,VT250016
CT-F-99-020503,2025-01-30,2025-02-05,2.0,Actual,PEM107,Omni Channel,CT240278
VT-F-99-010203,2024-04-04,2025-03-14,60.0,Actual,PEM107,Omni Channel,VT240073
VT-F-99-010721,2025-01-31,2025-01-31,1.0,Actual,PEM107,Omni Channel,VT240194
CT-F-99-020503,2025-01-31,2025-01-31,3.0,Actual,PEM107,Omni Channel,CT240278
RS-F-99-090030,2025-01-31,2025-02-21,4.0,Actual,PEM107,Omni Channel,RS250065
RS-F-99-090026,2025-01-31,2025-02-21,4.0,Actual,PEM107,Omni Channel,RS250066
VT-F-99-010203,2025-02-03,2025-02-13,2.0,Actual,PEM107,Omni Channel,VT250016
CT-F-99-020504,2025-02-03,2025-02-13,2.0,Actual,PEM107,Omni Channel,CT240320
VT-F-99-010721,2025-02-03,2025-02-14,1.0,Actual,PEM107,Omni Channel,VT240194
CT-F-99-020505,2025-02-03,2025-02-14,3.0,Actual,PEM107,Omni Channel,CT250005
VT-F-99-010202,2025-01-08,2025-02-20,6.0,Actual,PEM107,Omni Channel,"VT240120,VT240165"
CT-F-99-020728,2025-02-03,2025-02-28,3.0,Actual,PEM107,Omni Channel,CT250038
VT-F-99-010819,2025-02-03,2025-02-28,1.0,Actual,PEM107,Omni Channel,VT240168
VT-F-99-010721,2025-02-04,2025-02-14,1.0,Actual,PEM107,Omni Channel,VT250017
CT-F-99-020507,2025-02-04,2025-02-14,3.0,Actual,PEM107,Omni Channel,CT250007
VT-F-99-010203,2025-02-04,2025-02-13,2.0,Actual,PEM107,Omni Channel,VT250016
CT-F-99-020505,2025-02-04,2025-02-13,2.0,Actual,PEM107,Omni Channel,CT250005
VT-F-99-010203,2025-02-04,2025-02-13,2.0,Actual,PEM107,Omni Channel,VT250016
CT-F-99-020502,2025-02-04,2025-02-13,2.0,Actual,PEM107,Omni Channel,CT240234
CT-F-99-020501,2025-01-23,2025-02-14,3.0,Actual,PEM107,Omni Channel,CT240233
VT-F-99-010721,2025-01-23,2025-02-14,1.0,Actual,PEM107,Omni Channel,VT240194
CT-F-99-020506,2025-02-04,2025-03-31,3.0,Actual,PEM107,Omni Channel,CT250006
VT-F-99-010721,2025-02-04,2025-03-31,1.0,Actual,PEM107,Omni Channel,VT250017
CT-F-99-020506,2025-02-05,2025-02-13,3.0,Actual,PEM107,Omni Channel,CT250006
CT-F-99-020511,2025-02-05,2025-02-07,1.0,Actual,PEM107,Omni Channel,CT240090
CT-F-99-020524,2025-02-06,2025-02-10,1.0,Actual,PEM107,Omni Channel,CT240314
VT-F-99-010721,2025-02-06,2025-02-20,1.0,Actual,PEM107,Omni Channel,VT240194
CT-F-99-020504,2025-02-06,2025-02-20,3.0,Actual,PEM107,Omni Channel,CT240311
VT-F-99-010203,2025-02-06,2025-04-01,10.0,Actual,PEM107,Omni Channel,VT250026
CT-F-99-020504,2025-02-06,2025-04-01,10.0,Actual,PEM107,Omni Channel,CT250004
VT-F-99-010721,2025-02-06,2025-03-27,1.0,Actual,PEM107,Omni Channel,VT250029
VT-F-99-010721,2025-02-06,2025-03-27,1.0,Actual,PEM107,Omni Channel,VT250029 
CT-F-99-020507,2025-02-07,2025-03-31,3.0,Actual,PEM107,Omni Channel,CT250007
VT-F-99-010721,2025-02-07,2025-03-31,1.0,Actual,PEM107,Omni Channel,VT240194
VT-F-99-010721,2025-02-07,2025-02-28,1.0,Actual,PEM107,Omni Channel,VT240194
CT-F-99-020509,2025-02-07,2025-02-28,3.0,Actual,PEM107,Omni Channel,CT240301
VT-F-99-010721,2025-02-07,2025-02-28,1.0,Actual,PEM107,Omni Channel,VT240194
CT-F-99-020510,2025-02-07,2025-02-28,3.0,Actual,PEM107,Omni Channel,CT250009
CT-F-99-020506,2025-02-10,2025-02-14,3.0,Actual,PEM107,Omni Channel,CT250006
VT-F-99-010721,2025-02-10,2025-02-14,1.0,Actual,PEM107,Omni Channel,VT240194
CT-F-99-020505,2025-02-10,2025-02-14,3.0,Actual,PEM107,Omni Channel,CT250005
CT-F-99-020502,2025-02-10,2025-05-08,10.0,Actual,PPD101,Omni Channel,
VT-F-99-010721,2025-02-10,2025-02-21,1.0,Actual,PEM107,Omni Channel,VT240194
CT-F-99-020504,2025-02-10,2025-02-21,3.0,Actual,PEM107,Omni Channel,CT240320
RS-F-99-070003,2025-02-10,2025-02-19,12.0,Actual,PEM107,Omni Channel,"RS240197,RS250077"
CT-F-99-020506,2025-02-11,2025-02-21,3.0,Actual,PEM107,Omni Channel,CT250006
VT-F-99-010203,2025-02-11,2025-02-19,2.0,Actual,PEM107,Omni Channel,VT250016
CT-F-99-020502,2025-02-11,2025-02-19,2.0,Actual,PEM107,Omni Channel,CT240234
VT-F-99-010202,2025-02-11,2025-04-07,5.0,Actual,PEM107,Omni Channel,VT250037
VT-F-99-010302,2025-02-11,2025-04-07,5.0,Actual,PEM107,Omni Channel,VT250034
CT-F-99-020502,2025-02-11,2025-02-20,2.0,Actual,PEM107,Omni Channel,CT240234
CT-F-99-020503,2025-02-11,2025-02-20,4.0,Actual,PEM107,Omni Channel,CT240278
VT-F-99-010203,2025-02-11,2025-02-20,6.0,Actual,PEM107,Omni Channel,VT250016 
VT-F-99-010721,2025-02-11,2025-02-17,1.0,Actual,PEM107,Omni Channel,VT240194
CT-F-99-020505,2025-02-11,2025-02-17,3.0,Actual,PEM107,Omni Channel,CT250005
VT-F-99-010721,2025-02-11,2025-02-18,1.0,Actual,PEM107,Omni Channel,VT240194
CT-F-99-020505,2025-02-11,2025-02-18,3.0,Actual,PEM107,Omni Channel,CT250005
VT-F-99-010721,2025-02-11,2025-02-18,1.0,Actual,PEM107,Omni Channel,VT240194
CT-F-99-020505,2025-02-11,2025-02-18,3.0,Actual,PEM107,Omni Channel,CT250005
CT-F-99-020503,2025-02-11,2025-05-15,2.0,Actual,PEM107,Omni Channel,CT250003
CT-F-99-020505,2025-02-11,2025-05-15,8.0,Actual,PEM107,Omni Channel,"CT250033,CT240321"
CT-F-99-020506,2025-02-11,2025-05-15,2.0,Actual,PEM107,Omni Channel,CT250006
VT-F-99-010203,2025-02-11,2025-05-15,12.0,Actual,PEM107,Omni Channel,VT250026 
VT-F-99-010721,2025-02-11,2025-02-17,1.0,Actual,PEM107,Omni Channel,VT240194
CT-F-99-020505,2025-02-11,2025-02-17,3.0,Actual,PEM107,Omni Channel,CT250005
VT-F-99-010721,2025-02-11,2025-02-21,1.0,Actual,PEM107,Omni Channel,VT250017 
CT-F-99-020505,2025-02-11,2025-02-21,3.0,Actual,PEM107,Omni Channel,CT250005
VT-F-99-010819,2025-02-11,2025-02-25,1.0,Actual,PEM107,Omni Channel,VT240168
CT-F-99-020704,2025-02-11,2025-02-25,3.0,Actual,PEM107,Omni Channel,CT250044 
VT-F-99-010721,2025-02-13,2025-02-18,1.0,Actual,PEM107,Omni Channel,VT250017
VT-F-99-010721,2025-02-13,2025-02-17,1.0,Actual,PEM107,Omni Channel,VT250017
CT-F-99-020506,2025-02-13,2025-02-17,1.0,Actual,PEM107,Omni Channel,CT250006
VT-F-99-010715,2025-02-14,2025-03-31,2.0,Actual,PEM107,Omni Channel,VT240191 
CT-F-99-020503,2025-02-14,2025-02-28,2.0,Actual,PEM107,Omni Channel,CT240278
CT-F-99-020527,2025-02-14,2025-05-12,3.0,Actual,PEM107,Omni Channel,CT250027
CT-F-99-020502,2025-02-14,2025-02-20,3.0,Actual,PEM107,Omni Channel,CT240234
VT-F-99-010721,2025-02-14,2025-02-20,1.0,Actual,PEM107,Omni Channel,VT250017
CT-F-99-020502,2025-02-14,2025-02-20,3.0,Actual,PEM107,Omni Channel,CT240234
VT-F-99-010721,2025-02-14,2025-02-20,1.0,Actual,PEM107,Omni Channel,VT250017
CT-F-99-020502,2025-02-17,2025-02-18,3.0,Actual,PEM107,Omni Channel,CT240234
VT-F-99-010721,2025-02-17,2025-02-20,1.0,Actual,PEM107,Omni Channel,VT250017
CT-F-99-020505,2025-02-17,2025-02-20,3.0,Actual,PEM107,Omni Channel,CT250005
CT-F-99-020531,2025-02-17,2025-02-21,3.0,Actual,PEM107,Omni Channel,CT240313
VT-F-99-010721,2025-02-17,2025-02-21,1.0,Actual,PEM107,Omni Channel,VT250017
CT-F-99-020510,2025-02-13,2025-02-21,3.0,Actual,PEM107,Omni Channel,"CT240271,CT250009"
CT-F-99-020502,2025-02-17,2025-05-22,10.0,Actual,PEM107,Omni Channel,CT250047
CT-F-99-020524,2025-02-18,2025-04-25,3.0,Actual,PEM107,Omni Channel,CT240314
VT-F-99-010721,2025-02-18,2025-04-25,1.0,Actual,PEM107,Omni Channel,VT250028
VT-F-99-010203,2025-02-18,2025-02-25,2.0,Actual,PEM107,Omni Channel,VT250016
CT-F-99-020507,2025-02-18,2025-02-25,2.0,Actual,PEM107,Omni Channel,CT240269
VT-F-99-010203,2025-02-18,2025-02-21,2.0,Actual,PEM107,Omni Channel,VT250016
VT-F-99-010721,2025-02-18,2025-03-14,2.0,Actual,PEM107,Omni Channel,VT250017
CT-F-99-020506,2025-02-18,2025-03-14,3.0,Actual,PEM107,Omni Channel,CT250006 
CT-F-99-020507,2025-02-18,2025-03-14,3.0,Actual,PEM107,Omni Channel,CT250007
CT-F-99-020504,2025-02-18,2025-02-28,3.0,Actual,PEM107,Omni Channel,CT240320
CT-F-99-020504,2025-02-19,2025-02-19,3.0,Actual,PEM107,Omni Channel,CT240320
VT-F-99-010721,2025-02-19,2025-02-19,1.0,Actual,PEM107,Omni Channel,VT250017
VT-F-99-010721,2025-02-19,2025-02-21,1.0,Actual,PEM107,Omni Channel,VT250017
CT-F-99-020507,2025-02-19,2025-03-06,3.0,Actual,PEM107,Omni Channel,CT250007
VT-F-99-010721,2025-02-19,2025-03-06,1.0,Actual,PEM107,Omni Channel,VT240194
VT-F-99-010721,2025-02-20,2025-02-28,1.0,Actual,PEM107,Omni Channel,VT240194
CT-F-99-020527,2025-02-20,2025-02-28,3.0,Actual,PEM107,Omni Channel,CT250027
CT-F-99-020528,2025-02-20,2025-02-28,3.0,Actual,PEM107,Omni Channel,CT240319
VT-F-99-010721,2025-02-20,2025-02-28,1.0,Actual,PEM107,Omni Channel,VT240194
RS-F-99-070004,2025-01-24,2025-03-24,70.0,Actual,PEM107,Omni Channel,RS240309
RS-F-99-041002,2025-01-24,2025-03-05,24.0,Actual,PEM107,Omni Channel,RS250051
RS-F-99-041034,2025-01-24,2025-03-05,3.0,Actual,PEM107,Omni Channel,RS250054
VT-F-99-010202,2025-01-24,2025-03-24,3.0,Actual,PEM107,Omni Channel,"VT250012,VT250019"
VT-F-99-010203,2025-02-21,2025-02-26,2.0,Actual,PEM107,Omni Channel,VT250016
CT-F-99-020504,2025-02-21,2025-02-25,3.0,Actual,PEM107,Omni Channel,CT240320
VT-F-99-010721,2025-02-21,2025-02-25,1.0,Actual,PEM107,Omni Channel,VT240194
CT-F-99-020508,2025-02-21,2025-03-25,3.0,Actual,PEM107,Omni Channel,CT240270
VT-F-99-010721,2025-02-21,2025-03-25,1.0,Actual,PEM107,Omni Channel,VT250027
CT-F-99-020530,2025-02-24,2025-04-10,6.0,Actual,PEM107,Omni Channel,CT240326
VT-F-99-010721,2025-02-24,2025-04-10,3.0,Actual,PEM107,Omni Channel,VT250027
CT-F-99-020528,2025-02-24,2025-04-10,3.0,Actual,PEM107,Omni Channel,CT240330
VT-F-99-010203,2025-02-25,2025-02-28,2.0,Actual,PEM107,Omni Channel,VT250016
CT-F-99-020501,2025-02-25,2025-02-28,2.0,Actual,PEM107,Omni Channel,CT240233
CT-F-99-020526,2025-02-25,2025-03-06,3.0,Actual,PEM107,Omni Channel,CT240185
VT-F-99-010721,2025-02-25,2025-03-06,1.0,Actual,PEM107,Omni Channel,VT240189
VT-F-99-010721,2025-02-25,2025-03-07,1.0,Actual,PEM107,Omni Channel,VT250017
CT-F-99-020507,2025-02-25,2025-03-07,3.0,Actual,PEM107,Omni Channel,CT250007
RS-F-99-100001,2025-02-25,2025-04-30,3.0,Actual,PEM107,Omni Channel,RS250085
VT-F-99-010721,2025-02-25,2025-04-10,1.0,Actual,PEM107,Omni Channel,VT250028
CT-F-99-020528,2025-02-25,2025-04-10,3.0,Actual,PEM107,Omni Channel,CT240330
VT-F-99-010721,2025-02-25,2025-04-25,1.0,Actual,PEM107,Omni Channel,VT250036
CT-F-99-020504,2025-02-26,2025-03-21,3.0,Actual,PEM107,Omni Channel,CT240320
VT-F-99-010819,2025-02-26,2025-03-21,4.0,Actual,PEM107,Omni Channel,"VT240168,VT250007"
CT-F-99-020702,2025-02-26,2025-03-21,3.0,Actual,PEM107,Omni Channel,CT250049
CT-F-99-020704,2025-02-26,2025-03-21,6.0,Actual,PEM107,Omni Channel,CT250051
CT-F-99-020705,2025-02-26,2025-03-21,3.0,Actual,PEM107,Omni Channel,CT250052
CT-F-99-020703,2025-02-26,2025-03-21,3.0,Actual,PEM107,Omni Channel,CT250050
CT-F-99-020707,2025-02-26,2025-03-21,3.0,Actual,PEM107,Omni Channel,CT250053
VT-F-99-010721,2025-02-26,2025-03-21,1.0,Actual,PEM107,Omni Channel,VT250027
CT-F-99-020503,2025-02-26,2025-03-21,3.0,Actual,PEM107,Omni Channel,CT240278
VT-F-99-010819,2025-02-26,2025-03-21,4.0,Actual,PEM107,Omni Channel,VT250007
CT-F-99-020504,2025-02-26,2025-03-20,3.0,Actual,PEM107,Omni Channel,CT240320
CT-F-99-020702,2025-02-26,2025-03-21,3.0,Actual,PEM107,Omni Channel,CT250049
CT-F-99-020705,2025-02-26,2025-03-21,3.0,Actual,PEM107,Omni Channel,CT250052
VT-F-99-010721,2025-02-26,2025-03-20,1.0,Actual,PEM107,Omni Channel,VT250027 
CT-F-99-020504,2025-02-26,2025-07-31,2.0,Actual,PEM107,Omni Channel,CT240320
VT-F-99-010203,2025-02-26,2025-07-31,2.0,Actual,PEM107,Omni Channel,VT250031
CT-F-99-020504,2025-02-26,2025-07-31,2.0,Actual,PEM107,Omni Channel,CT240320
VT-F-99-010203,2025-02-26,2025-07-31,2.0,Actual,PEM107,Omni Channel,VT250031
CT-F-99-020506,2025-02-27,2025-02-28,3.0,Actual,PEM107,Omni Channel,CT240322
CT-F-99-020504,2025-02-27,2025-05-30,2.0,Actual,PEM107,Omni Channel,CT250032
VT-F-99-010203,2025-02-27,2025-05-30,2.0,Actual,PEM107,Omni Channel,VT250026
CT-F-99-020504,2025-02-27,2025-07-31,2.0,Actual,PEM107,Omni Channel,CT250032
VT-F-99-010203,2025-02-27,2025-07-31,2.0,Actual,PEM107,Omni Channel,VT250031
CT-F-99-020504,2025-02-27,2025-07-31,2.0,Actual,PEM107,Omni Channel,CT250032
VT-F-99-010203,2025-02-27,2025-07-31,2.0,Actual,PEM107,Omni Channel,VT250026
CT-F-99-020504,2025-02-27,2025-04-22,2.0,Actual,PEM107,Omni Channel,CT250032
VT-F-99-010203,2025-02-27,2025-04-22,2.0,Actual,PEM107,Omni Channel,VT250026
CT-F-99-020505,2025-02-27,2025-05-30,2.0,Actual,PEM107,Omni Channel,CT250033
VT-F-99-010209,2025-02-27,2025-05-30,2.0,Actual,PEM107,Omni Channel,VT250039
CT-F-99-020504,2025-02-27,2025-06-30,2.0,Actual,PEM107,Omni Channel,CT250058
VT-F-99-010203,2025-02-27,2025-06-30,2.0,Actual,PEM107,Omni Channel,VT250026
CT-F-99-020505,2025-02-27,2025-03-07,3.0,Actual,PEM107,Omni Channel,CT250005
CT-F-99-020505,2025-02-27,2025-03-31,3.0,Actual,PEM107,Omni Channel,CT250033
VT-F-99-010721,2025-02-27,2025-03-31,1.0,Actual,PEM107,Omni Channel,VT250027
CT-F-99-020507,2025-02-28,2025-03-28,3.0,Actual,PEM107,Omni Channel,CT250026
VT-F-99-010715,2025-02-28,2025-03-25,1.0,Actual,PEM107,Omni Channel,VT240191
CT-F-99-020507,2025-02-28,2025-03-25,3.0,Actual,PEM107,Omni Channel,CT250007
VT-F-99-010819,2025-03-03,2025-03-27,1.0,Actual,PEM107,Omni Channel,VT250007
CT-F-99-020704,2025-03-03,2025-03-27,3.0,Actual,PEM107,Omni Channel,CT250057
CT-F-99-020506,2025-03-03,2025-03-14,3.0,Actual,PEM107,Omni Channel,CT250020
VT-F-99-010721,2025-03-03,2025-03-14,1.0,Actual,PEM107,Omni Channel,VT250027
CT-F-99-020507,2025-03-03,2025-03-14,3.0,Actual,PEM107,Omni Channel,CT250026
RS-F-99-070003,2025-02-26,2025-06-20,300.0,Actual,PDEMO,Omni Channel,
RS-F-99-070006,2025-02-26,2025-06-20,300.0,Actual,PDEMO,Omni Channel,
VT-F-99-010203,2025-03-03,2025-03-04,1.0,Actual,PEM107,Omni Channel,VT250026 
CT-F-99-020506,2025-03-04,2025-04-04,3.0,Actual,PEM107,Omni Channel,CT250020
CT-F-99-020504,2025-03-04,2025-03-07,3.0,Actual,PEM107,Omni Channel,CT250004
VT-F-99-010721,2025-03-04,2025-03-07,1.0,Actual,PEM107,Omni Channel,VT240194
CT-F-99-020504,2025-03-04,2025-03-06,3.0,Actual,PEM107,Omni Channel,CT240320
VT-F-99-010721,2025-03-04,2025-03-07,1.0,Actual,PEM107,Omni Channel,VT250017
CT-F-99-020504,2025-03-04,2025-03-07,3.0,Actual,PEM107,Omni Channel,CT250004
RS-F-99-090010,2025-03-05,2025-03-14,3.0,Actual,PEM107,Omni Channel,RS250089
RS-F-99-090011,2025-03-05,2025-03-14,6.0,Actual,PEM107,Omni Channel,RS250090
CT-F-99-020501,2025-03-05,2025-03-31,2.0,Actual,PEM107,Omni Channel,CT240233
CT-F-99-020503,2025-03-05,2025-03-31,2.0,Actual,PEM107,Omni Channel,CT240278
VT-F-99-010203,2025-03-05,2025-03-31,4.0,Actual,PEM107,Omni Channel,VT250016
RS-F-99-041033,2025-01-24,2025-03-31,6.0,Actual,PEM107,Omni Channel,RS250052
RS-F-99-041034,2025-01-24,2025-03-24,33.0,Actual,PEM107,Omni Channel,RS250054
VT-F-99-010721,2025-03-06,2025-03-18,1.0,Actual,PEM107,Omni Channel,VT250017
CT-F-99-020528,2025-03-06,2025-03-18,3.0,Actual,PEM107,Omni Channel,"CT240319,CT240330"
VT-F-99-010721,2025-03-06,2025-03-13,1.0,Actual,PEM107,Omni Channel,VT250027
CT-F-99-020507,2025-03-06,2025-03-13,3.0,Actual,PEM107,Omni Channel,CT250026
VT-F-99-010721,2025-03-06,2025-03-13,1.0,Actual,PEM107,Omni Channel,VT250027
CT-F-99-020506,2025-03-06,2025-03-13,3.0,Actual,PEM107,Omni Channel,CT250006
VT-F-99-010721,2025-03-06,2025-03-07,1.0,Actual,PEM107,Omni Channel,VT250027
CT-F-99-020504,2025-03-06,2025-04-06,3.0,Actual,PEM107,Omni Channel,CT250004
CT-F-99-020723,2025-03-06,2025-03-31,3.0,Actual,PEM107,Omni Channel,CT240329
CT-F-99-020504,2025-03-06,2025-05-30,3.0,Actual,PEM107,Omni Channel,CT250058
VT-F-99-010721,2025-03-06,2025-05-30,1.0,Actual,PEM107,Omni Channel,VT250027
CT-F-99-020504,2025-03-06,2025-05-30,3.0,Actual,PEM107,Omni Channel,CT250004
VT-F-99-010721,2025-03-06,2025-05-30,1.0,Actual,PEM107,Omni Channel,VT250043
VT-F-99-010721,2025-03-06,2025-04-10,1.0,Actual,PEM107,Omni Channel,VT250028
CT-F-99-020528,2025-03-06,2025-04-10,3.0,Actual,PEM107,Omni Channel,CT240330
RS-F-99-070003,2025-03-07,2025-04-09,30.0,Actual,PEM107,Omni Channel,RS250094
RS-F-99-070006,2025-03-07,2025-03-24,30.0,Actual,PEM107,Omni Channel,RS250095
VT-F-99-010202,2025-03-07,2025-05-26,6.0,Actual,PEM107,Omni Channel,"VT250030,VT250037"
RS-F-99-070004,2025-03-07,2025-03-24,30.0,Actual,PEM107,Omni Channel,RS240309
RS-F-99-070005,2025-03-07,2025-03-24,21.0,Actual,PEM107,Omni Channel,RS250097
RS-F-99-070002,2025-03-07,2025-04-09,150.0,Actual,PEM107,Omni Channel,RS240308
RS-F-99-070007,2025-03-07,2025-04-09,120.0,Actual,PEM107,Omni Channel,RS250093
RS-F-99-041015,2025-03-07,2025-04-09,12.0,Actual,PEM107,Omni Channel,RS250102
RS-F-99-041033,2025-03-07,2025-04-09,30.0,Actual,PEM107,Omni Channel,RS250098
RS-F-99-041034,2025-03-07,2025-03-24,12.0,Actual,PEM107,Omni Channel,RS250099
RS-F-99-041010,2025-03-07,2025-04-09,12.0,Actual,PEM107,Omni Channel,RS250104
RS-F-99-041004,2025-03-07,2025-04-30,12.0,Actual,PEM107,Omni Channel,RS250101
RS-F-99-041005,2025-03-07,2025-05-26,12.0,Actual,PEM107,Omni Channel,RS250103
RS-F-99-041006,2025-03-07,2025-04-09,12.0,Actual,PEM107,Omni Channel,RS250105
RS-F-99-041007,2025-03-07,2025-04-28,6.0,Actual,PEM107,Omni Channel,RS250106
RS-F-99-041008,2025-03-07,2025-04-28,6.0,Actual,PEM107,Omni Channel,RS250107
VT-F-99-010203,2025-03-07,2025-03-17,2.0,Actual,PEM107,Omni Channel,VT250016
CT-F-99-020505,2025-03-07,2025-03-17,2.0,Actual,PEM107,Omni Channel,CT250033
VT-F-99-010701,2025-03-10,2025-03-12,1.0,Actual,PEM107,Omni Channel,VT250022
CT-F-99-020506,2025-03-10,2025-03-21,3.0,Actual,PEM107,Omni Channel,CT250020
VT-F-99-010721,2025-03-10,2025-03-14,1.0,Actual,PEM107,Omni Channel,VT250027
CT-F-99-020504,2025-03-10,2025-03-14,3.0,Actual,PEM107,Omni Channel,CT250004
CT-F-99-020525,2025-03-10,2025-04-11,3.0,Actual,PEM107,Omni Channel,CT230382 
VT-F-99-010721,2025-03-10,2025-03-14,3.0,Actual,PEM107,Omni Channel,VT250027
CT-F-99-020507,2025-03-10,2025-03-14,6.0,Actual,PEM107,Omni Channel,CT250007
CT-F-99-020510,2025-03-10,2025-03-14,3.0,Actual,PEM107,Omni Channel,CT250009
CT-F-99-020503,2025-03-10,2025-03-21,3.0,Actual,PEM107,Omni Channel,CT250003
CT-F-99-020507,2025-03-10,2025-04-30,3.0,Actual,PEM107,Omni Channel,CT250026
VT-F-99-010721,2025-03-10,2025-04-30,1.0,Actual,PEM107,Omni Channel,VT250028
VT-F-99-010721,2025-03-10,2025-03-12,1.0,Actual,PEM107,Omni Channel,VT250027
CT-F-99-020505,2025-03-10,2025-03-12,3.0,Actual,PEM107,Omni Channel,CT250033
CT-F-99-020504,2025-03-10,2025-03-20,3.0,Actual,PEM107,Omni Channel,CT250032
VT-F-99-010721,2025-03-10,2025-03-20,1.0,Actual,PEM107,Omni Channel,VT250028
RS-F-99-070004,2025-03-07,2025-04-11,90.0,Actual,PEM107,Omni Channel,RS240309
RS-F-99-041033,2025-03-07,2025-05-15,18.0,Actual,PEM107,Omni Channel,RS250098
RS-F-99-041034,2025-03-07,2025-05-15,18.0,Actual,PEM107,Omni Channel,RS250099
RS-F-99-041015,2025-03-07,2025-05-26,12.0,Actual,PEM107,Omni Channel,RS250102
RS-F-99-041010,2025-03-07,2025-05-26,6.0,Actual,PEM107,Omni Channel,RS250104
RS-F-99-041007,2025-03-07,2025-05-26,9.0,Actual,PEM107,Omni Channel,RS250106
CT-F-99-020507,2025-03-11,2025-03-20,3.0,Actual,PEM107,Omni Channel,CT250026
VT-F-99-010721,2025-02-14,2025-03-31,1.0,Actual,PEM107,Omni Channel,VT250027
CT-F-99-020510,2025-02-14,2025-03-31,3.0,Actual,PEM107,Omni Channel,CT250009
VT-F-99-010209,2025-03-11,2025-03-11,1.0,Actual,PEM107,Omni Channel,VT250050
CT-F-99-020509,2025-03-12,2025-04-22,4.0,Actual,PEM107,Omni Channel,CT250064
VT-F-99-010721,2025-03-12,2025-03-21,1.0,Actual,PEM107,Omni Channel,VT250017
CT-F-99-020503,2025-03-12,2025-03-21,3.0,Actual,PEM107,Omni Channel,CT250003
CT-F-99-020506,2025-03-03,2025-03-28,3.0,Actual,PEM107,Omni Channel,CT250020
CT-F-99-020504,2025-03-13,2025-03-14,2.0,Actual,PEM107,Omni Channel,CT250004 
VT-F-99-010203,2025-03-13,2025-03-14,2.0,Actual,PEM107,Omni Channel,VT250026
VT-F-99-010721,2025-03-13,2025-06-09,1.0,Actual,PEM107,Omni Channel,VT250059
CT-F-99-020525,2025-03-13,2025-06-09,3.0,Actual,PEM107,Omni Channel,CT240280
CT-F-99-020527,2025-03-13,2025-03-24,3.0,Actual,PEM107,Omni Channel,CT250027
CT-F-99-020524,2025-03-13,2025-06-30,3.0,Actual,PEM107,Omni Channel,CT250061
VT-F-99-010721,2025-03-13,2025-06-30,1.0,Actual,PEM107,Omni Channel,VT250059
CT-F-99-020524,2025-03-13,2025-05-09,3.0,Actual,PEM107,Omni Channel,CT240325
VT-F-99-010721,2025-03-13,2025-05-09,1.0,Actual,PEM107,Omni Channel,VT250029
VT-F-99-010721,2025-03-13,2025-04-10,1.0,Actual,PEM107,Omni Channel,VT250028
CT-F-99-020528,2025-03-13,2025-04-10,3.0,Actual,PEM107,Omni Channel,CT250022
VT-F-99-010721,2025-03-13,2025-04-04,1.0,Actual,PEM107,Omni Channel,VT250028 
CT-F-99-020507,2025-03-13,2025-04-04,3.0,Actual,PEM107,Omni Channel,CT250026
VT-F-99-010203,2024-03-19,2025-05-08,34.0,Actual,PPD101,Omni Channel,
CT-F-99-020508,2025-03-14,2025-04-01,2.0,Actual,PEM107,Omni Channel,CT250008 
VT-F-99-010203,2025-03-14,2025-04-01,2.0,Actual,PEM107,Omni Channel,VT250026
CT-F-99-020527,2025-03-17,2025-03-17,3.0,Actual,PEM107,Omni Channel,CT250027
CT-F-99-020504,2025-03-17,2025-03-25,2.0,Actual,PEM107,Omni Channel,CT250032
VT-F-99-010203,2025-03-17,2025-03-25,2.0,Actual,PEM107,Omni Channel,VT250026
CT-F-99-020506,2025-03-18,2025-04-03,3.0,Actual,PEM107,Omni Channel,CT250020
CT-F-99-020506,2025-03-18,2025-03-26,3.0,Actual,PEM107,Omni Channel,CT250020
VT-F-99-010721,2025-03-18,2025-03-20,1.0,Actual,PEM107,Omni Channel,VT250027
CT-F-99-020510,2025-03-18,2025-03-20,1.0,Actual,PEM107,Omni Channel,CT250009
VT-F-99-010819,2025-03-18,2025-04-22,1.0,Actual,PEM107,Omni Channel,VT250007
CT-F-99-020705,2025-03-18,2025-04-22,3.0,Actual,PEM107,Omni Channel,CT250070
CT-F-99-020705,2025-03-18,2025-05-08,2.0,Actual,PDEMO,Omni Channel,
CT-F-99-020527,2025-03-18,2025-03-27,3.0,Actual,PEM107,Omni Channel,CT250031
VT-F-99-010721,2025-03-19,2025-03-21,1.0,Actual,PEM107,Omni Channel,VT250028
CT-F-99-020506,2025-03-19,2025-03-21,3.0,Actual,PEM107,Omni Channel,CT250020
VT-F-99-010820,2025-03-19,2025-04-18,1.0,Actual,PEM107,Omni Channel,VT240117
VT-F-99-010721,2025-03-19,2025-03-27,2.0,Actual,PEM107,Omni Channel,VT250017
CT-F-99-020508,2025-03-19,2025-03-27,6.0,Actual,PEM107,Omni Channel,CT240270
VT-F-99-010721,2025-03-19,2025-03-22,1.0,Actual,PEM107,Omni Channel,VT250028
CT-F-99-020531,2025-03-19,2025-03-22,3.0,Actual,PEM107,Omni Channel,CT240323
CT-F-99-020504,2025-03-20,2025-03-24,3.0,Actual,PEM107,Omni Channel,CT240320
CT-F-99-020504,2025-03-20,2025-03-28,3.0,Actual,PEM107,Omni Channel,CT250032
VT-F-99-010721,2025-03-20,2025-03-26,1.0,Actual,PEM107,Omni Channel,VT250028
VT-F-99-010715,2025-03-20,2025-04-18,1.0,Actual,PEM107,Omni Channel,VT240191
CT-F-99-020508,2025-03-20,2025-04-18,3.0,Actual,PEM107,Omni Channel,CT250008
CT-F-99-020524,2025-03-20,2025-04-03,3.0,Actual,PEM107,Omni Channel,"CT240314, CT240325"
VT-F-99-010721,2025-03-20,2025-04-03,1.0,Actual,PEM107,Omni Channel,VT250028
CT-F-99-020528,2025-03-20,2025-04-30,3.0,Actual,PEM107,Omni Channel,CT250022
VT-F-99-010721,2025-03-20,2025-04-30,1.0,Actual,PEM107,Omni Channel,VT250028
CT-F-99-020504,2025-03-20,2025-03-28,3.0,Actual,PEM107,Omni Channel,CT250032  
VT-F-99-010721,2025-03-20,2025-03-31,1.0,Actual,PEM107,Omni Channel,VT250028
CT-F-99-020506,2025-03-20,2025-03-31,3.0,Actual,PEM107,Omni Channel,CT250020
CT-F-99-020507,2025-03-20,2025-06-30,3.0,Actual,PEM107,Omni Channel,CT250026
VT-F-99-010721,2025-03-20,2025-06-30,1.0,Actual,PEM107,Omni Channel,VT250059
RS-F-99-090026,2025-03-20,2025-04-02,4.0,Actual,PEM107,Omni Channel,RS250122
VT-F-99-010721,2025-03-21,2025-03-24,1.0,Actual,PEM107,Omni Channel,VT250028
CT-F-99-020501,2025-03-21,2025-03-24,3.0,Actual,PEM107,Omni Channel,CT240233
CT-F-99-020527,2025-03-21,2025-03-31,3.0,Actual,PEM107,Omni Channel,CT250031
VT-F-99-010721,2025-03-21,2025-03-31,1.0,Actual,PEM107,Omni Channel,VT250028
VT-F-99-010203,2025-03-24,2025-04-02,2.0,Actual,PEM107,Omni Channel,VT250016 
CT-F-99-020504,2025-03-24,2025-04-02,2.0,Actual,PEM107,Omni Channel,CT250032
RS-F-99-070003,2025-03-24,2025-06-19,300.0,Actual,PEM107,Omni Channel,RS250123
RS-F-99-070006,2025-03-24,2025-06-19,300.0,Actual,PEM107,Omni Channel,RS250124
RS-F-99-010123,2025-03-24,2025-07-18,4.0,Actual,PEM107,Omni Channel,RS250125
RS-F-99-010124,2025-03-24,2025-07-18,2.0,Actual,PEM107,Omni Channel,RS250126
CT-F-99-020501,2025-03-24,2025-06-20,50.0,Actual,PDEMO,Omni Channel,
VT-F-99-010721,2025-03-24,2025-03-28,1.0,Actual,PEM107,Omni Channel,VT250029
CT-F-99-020506,2025-03-24,2025-03-28,3.0,Actual,PEM107,Omni Channel,CT250020
CT-F-99-020504,2025-03-24,2025-06-20,4.0,Actual,PDEMO,Omni Channel,
CT-F-99-020506,2025-03-24,2025-06-20,4.0,Actual,PDEMO,Omni Channel,
CT-F-99-020502,2025-03-24,2025-06-20,10.0,Actual,PDEMO,Omni Channel,
VT-F-99-010721,2025-03-25,2025-03-28,1.0,Actual,PEM107,Omni Channel,VT250027
VT-F-99-010303,2025-03-25,2025-04-21,2.0,Actual,PEM107,Omni Channel,VT250021
CT-F-99-020704,2025-03-25,2025-04-21,2.0,Actual,PEM107,Omni Channel,CT250074
CT-F-99-020530,2025-03-26,2025-07-31,3.0,Actual,PEM107,Omni Channel,CT250023
CT-F-99-020702,2025-03-26,2025-04-30,2.0,Actual,PEM107,Omni Channel,CT250073
VT-F-99-010303,2025-03-26,2025-04-30,2.0,Actual,PEM107,Omni Channel,VT250021
CT-F-99-020504,2025-03-26,2025-03-31,3.0,Actual,PEM107,Omni Channel,CT250058
VT-F-99-010721,2025-03-26,2025-03-31,1.0,Actual,PEM107,Omni Channel,VT250029
CT-F-99-020501,2025-03-26,2025-04-04,3.0,Actual,PEM107,Omni Channel,CT240233
VT-F-99-010721,2025-03-26,2025-04-04,1.0,Actual,PEM107,Omni Channel,VT250029
VT-F-99-010721,2025-03-26,2025-04-12,1.0,Actual,PEM107,Omni Channel,VT250029
CT-F-99-020527,2025-03-26,2025-04-12,3.0,Actual,PEM107,Omni Channel,CT250054
CT-F-99-020530,2025-02-06,2025-03-27,3.0,Actual,PEM107,Omni Channel,CT250023
CT-F-99-020530,2025-02-06,2025-03-27,3.0,Actual,PEM107,Omni Channel,CT240326 
VT-F-99-010721,2025-03-26,2025-06-13,1.0,Actual,PEM107,Omni Channel,VT250059
CT-F-99-020527,2025-03-26,2025-06-13,3.0,Actual,PEM107,Omni Channel,CT250054
VT-F-99-010721,2025-03-27,2025-04-09,1.0,Actual,PEM107,Omni Channel,VT250029
CT-F-99-020510,2025-03-27,2025-04-09,3.0,Actual,PEM107,Omni Channel,CT250009
CT-F-99-020511,2025-03-27,2025-04-09,3.0,Actual,PEM107,Omni Channel,CT240090
CT-F-99-020505,2025-03-28,2025-05-30,3.0,Actual,PEM107,Omni Channel,CT250033
VT-F-99-010721,2025-03-28,2025-04-11,1.0,Actual,PEM107,Omni Channel,VT250029
CT-F-99-020528,2025-03-28,2025-04-10,3.0,Actual,PEM107,Omni Channel,CT250067 
CT-F-99-020705,2025-03-31,2025-05-22,2.0,Actual,PEM107,Omni Channel,CT250076
CT-F-99-020502,2025-03-31,2025-06-19,10.0,Actual,PEM107,Omni Channel,CT250078
CT-F-99-020504,2025-03-31,2025-06-19,4.0,Actual,PEM107,Omni Channel,CT250079
CT-F-99-020506,2025-03-31,2025-06-19,4.0,Actual,PEM107,Omni Channel,CT250080
RS-F-99-070004,2025-03-31,2025-05-25,30.0,Actual,PEM107,Omni Channel,RS240309
CT-F-99-020501,2025-03-31,2025-06-19,100.0,Actual,PEM107,Omni Channel,CT250077
CT-F-99-020506,2025-03-31,2025-04-21,3.0,Actual,PEM107,Omni Channel,CT250020
VT-F-99-010721,2025-03-31,2025-03-31,1.0,Actual,PEM107,Omni Channel,VT250028
VT-F-99-010721,2025-03-31,2025-04-11,1.0,Actual,PEM107,Omni Channel,VT250029
CT-F-99-020526,2025-03-31,2025-04-11,3.0,Actual,PEM107,Omni Channel,CT240241
VT-F-99-010715,2024-11-11,2025-04-04,1.0,Actual,PEM107,Omni Channel,VT240191
VT-F-99-010203,2025-04-01,2025-04-21,8.0,Actual,PEM107,Omni Channel,VT250026
CT-F-99-020505,2025-04-01,2025-04-21,8.0,Actual,PEM107,Omni Channel,"CT250033,CT250045"
VT-F-99-010721,2025-04-01,2025-04-04,1.0,Actual,PEM107,Omni Channel,VT250029
CT-F-99-020528,2025-04-01,2025-04-04,3.0,Actual,PEM107,Omni Channel,CT250022
VT-F-99-010722,2025-04-01,2025-05-07,2.0,Actual,PEM107,Omni Channel,VT250048
VT-F-99-010202,2025-03-31,2025-04-01,1.0,Actual,PEM107,Omni Channel,"VT250029,VT250038,CT250041"
CT-F-99-020502,2025-04-01,2025-04-03,2.0,Actual,PEM107,Omni Channel,CT250019
CT-F-99-020501,2025-04-01,2025-04-03,4.0,Actual,PEM107,Omni Channel,CT240233
VT-F-99-010203,2025-04-01,2025-04-03,6.0,Actual,PEM107,Omni Channel,VT250026
VT-F-99-010721,2025-04-02,2025-04-10,1.0,Actual,PEM107,Omni Channel,VT250029
CT-F-99-020530,2025-04-02,2025-04-10,3.0,Actual,PEM107,Omni Channel,CT250068
VT-F-99-010721,2025-04-02,2025-04-09,1.0,Actual,PEM107,Omni Channel,VT250029
CT-F-99-020507,2025-04-02,2025-04-09,3.0,Actual,PEM107,Omni Channel,CT250026
VT-F-99-010721,2025-04-02,2025-04-25,1.0,Actual,PEM107,Omni Channel,VT250036
CT-F-99-020506,2025-04-02,2025-04-25,3.0,Actual,PEM107,Omni Channel,CT250059
CT-F-99-020506,2025-04-02,2025-04-25,2.0,Actual,PEM107,Omni Channel,CT250006
VT-F-99-010303,2025-04-02,2025-04-11,2.0,Actual,PEM107,Omni Channel,VT250056
CT-F-99-020505,2025-04-02,2025-04-11,3.0,Actual,PEM107,Omni Channel,CT250033
VT-F-99-010721,2025-04-02,2025-04-11,1.0,Actual,PEM107,Omni Channel,VT250029
VT-F-99-010203,2025-04-02,2025-04-04,2.0,Actual,PEM107,Omni Channel,VT250026
CT-F-99-020506,2025-04-02,2025-04-04,2.0,Actual,PEM107,Omni Channel,CT250059
VT-F-99-010722,2025-04-02,2025-04-18,1.0,Actual,PEM107,Omni Channel,VT250048
RS-F-99-090011,2025-04-03,2025-04-09,3.0,Actual,PEM107,Omni Channel,RS250138
VT-F-99-010721,2025-04-03,2025-04-28,1.0,Actual,PEM107,Omni Channel,VT250036
CT-F-99-020528,2025-04-03,2025-04-28,3.0,Actual,PEM107,Omni Channel,CT250067
CT-F-99-020506,2025-04-03,2025-04-04,3.0,Actual,PEM107,Omni Channel,CT250059
VT-F-99-010203,2025-04-03,2025-04-09,2.0,Actual,PEM107,Omni Channel,VT250026
CT-F-99-020502,2025-04-03,2025-04-09,2.0,Actual,PEM107,Omni Channel,CT250019
VT-F-99-010203,2025-04-03,2025-04-09,2.0,Actual,PEM107,Omni Channel,VT250026
CT-F-99-020502,2025-04-03,2025-04-09,2.0,Actual,PEM107,Omni Channel,CT250019
CT-F-99-020531,2025-04-04,2025-04-09,3.0,Actual,PEM107,Omni Channel,"CT240136,CT240323"
VT-F-99-010721,2025-04-04,2025-04-04,1.0,Actual,PEM107,Omni Channel,VT250029
CT-F-99-020504,2025-04-04,2025-04-04,3.0,Actual,PEM107,Omni Channel,CT250032
VT-F-99-010203,2025-04-04,2025-04-30,1.0,Actual,PEM107,Omni Channel,VT250026
CT-F-99-020505,2025-04-04,2025-04-30,3.0,Actual,PEM107,Omni Channel,CT250045
VT-F-99-010721,2025-04-04,2025-04-09,1.0,Actual,PEM107,Omni Channel,VT250029
CT-F-99-020527,2025-04-04,2025-04-09,3.0,Actual,PEM107,Omni Channel,CT250054
VT-F-99-010721,2025-04-04,2025-04-20,1.0,Actual,PEM107,Omni Channel,VT250036
CT-F-99-020524,2025-04-04,2025-04-20,3.0,Actual,PEM107,Omni Channel,CT250061
VT-F-99-010721,2025-04-04,2025-04-20,1.0,Actual,PEM107,Omni Channel,VT250036
CT-F-99-020524,2025-04-04,2025-04-20,3.0,Actual,PEM107,Omni Channel,CT240325
VT-F-99-010721,2025-04-07,2025-04-09,1.0,Actual,PEM107,Omni Channel,VT250028
CT-F-99-020528,2025-04-07,2025-04-09,3.0,Actual,PEM107,Omni Channel,CT250067
VT-F-99-010721,2025-04-08,2025-04-09,1.0,Actual,PEM107,Omni Channel,VT250036
CT-F-99-020701,2025-04-08,2025-05-30,2.0,Actual,PPD101,Omni Channel,
VT-F-99-010721,2025-04-08,2025-04-21,1.0,Actual,PEM107,Omni Channel,VT250036
CT-F-99-020503,2025-04-08,2025-04-21,3.0,Actual,PEM107,Omni Channel,CT250063
RS-F-99-100001,2025-04-08,2025-04-30,3.0,Actual,PEM107,Omni Channel,RS250139
CT-F-99-020704,2025-04-09,2025-05-08,2.0,Actual,PEM107,Omni Channel,CT250100
VT-F-99-010303,2025-04-09,2025-05-08,2.0,Actual,PEM107,Omni Channel,VT250056
CT-F-99-020504,2025-04-09,2025-04-18,3.0,Actual,PEM107,Omni Channel,CT250058
VT-F-99-010203,2025-04-09,2025-04-11,2.0,Actual,PEM107,Omni Channel,VT250031
CT-F-99-020508,2025-04-09,2025-04-11,2.0,Actual,PEM107,Omni Channel,CT250008
RS-F-99-120002,2025-04-10,2025-04-11,2.0,Actual,PEM107,Omni Channel,RS250141
CT-F-99-020505,2025-04-10,2025-04-25,3.0,Actual,PEM107,Omni Channel,CT250045
RS-F-99-010122,2025-04-10,2025-05-30,2.0,Actual,PEM107,Omni Channel,RS250144
RS-F-99-010128,2025-04-10,2025-06-30,6.0,Actual,PEM107,Omni Channel,RS250143
RS-F-99-010129,2025-04-10,2025-05-30,8.0,Actual,PEM107,Omni Channel,RS250145
RS-F-99-010123,2025-04-10,2025-05-30,2.0,Actual,PEM107,Omni Channel,RS250146
VT-F-99-010721,2025-04-11,2025-04-30,1.0,Actual,PEM107,Omni Channel,VT250036
CT-F-99-020510,2025-04-11,2025-04-30,3.0,Actual,PEM107,Omni Channel,CT250009
VT-F-99-010202,2025-04-11,2025-04-30,1.0,Actual,PEM107,Omni Channel,VT250038
RS-F-99-050023,2025-04-11,2025-04-30,3.0,Actual,PEM107,Omni Channel,RS250153
CT-F-99-020504,2025-04-11,2025-04-23,3.0,Actual,PEM107,Omni Channel,CT250058 
VT-F-99-010721,2025-04-11,2025-04-23,1.0,Actual,PEM107,Omni Channel,VT250036
VT-F-99-010721,2025-04-11,2025-12-15,1.0,Actual,PEM107,Omni Channel,VT250036
CT-F-99-020506,2025-04-11,2025-12-15,3.0,Actual,PEM107,Omni Channel,CT250059
VT-F-99-010721,2025-04-17,2025-04-25,1.0,Actual,PEM107,Omni Channel,
CT-F-99-020504,2025-04-17,2025-04-25,3.0,Actual,PEM107,Omni Channel,
CT-F-99-020506,2025-04-18,2025-04-21,3.0,Actual,PEM107,Omni Channel,CT250059
VT-F-99-010721,2025-04-18,2025-04-21,1.0,Actual,PEM107,Omni Channel,VT250036
CT-F-99-020504,2025-04-18,2025-04-30,3.0,Actual,PEM107,Omni Channel,CT250058
VT-F-99-010721,2025-04-18,2025-04-30,1.0,Actual,PEM107,Omni Channel,VT250029
CT-F-99-020528,2025-04-18,2025-04-30,3.0,Actual,PEM107,Omni Channel,CT250093
VT-F-99-010721,2025-04-18,2025-04-30,1.0,Actual,PEM107,Omni Channel,VT250043
VT-F-99-010819,2025-04-21,2025-06-04,1.0,Actual,PEM107,Omni Channel,VT250007
CT-F-99-020707,2025-04-21,2025-06-04,3.0,Actual,PEM107,Omni Channel,CT250104
VT-F-99-010721,2025-04-21,2025-04-23,1.0,Actual,PEM107,Omni Channel,VT240194 
CT-F-99-020505,2025-04-21,2025-04-23,3.0,Actual,PEM107,Omni Channel,CT250033
VT-F-99-010721,2025-04-21,2025-04-21,1.0,Actual,PEM107,Omni Channel,VT250036
CT-F-99-020504,2025-04-21,2025-04-21,1.0,Actual,PEM107,Omni Channel,CT250058
CT-F-99-020703,2025-04-21,2025-05-14,3.0,Actual,PEM107,Omni Channel,CT250105
VT-F-99-010819,2025-04-21,2025-05-14,1.0,Actual,PEM107,Omni Channel,VT250007
VT-F-99-010203,2025-04-21,2025-05-21,10.0,Actual,PEM107,Omni Channel,VT250064
CT-F-99-020508,2025-04-21,2025-05-21,2.0,Actual,PEM107,Omni Channel,CT250069
CT-F-99-020511,2025-04-21,2025-05-21,8.0,Actual,PEM107,Omni Channel,"CT250066, CT250108"
CT-F-99-020510,2025-04-21,2025-05-21,2.0,Actual,PEM107,Omni Channel,CT250065
VT-F-99-010203,2025-04-21,2025-05-21,2.0,Actual,PEM107,Omni Channel,VT250064
VT-F-99-010203,2025-04-21,2025-06-17,6.0,Actual,PEM107,Omni Channel,VT250064
CT-F-99-020511,2025-04-21,2025-06-17,2.0,Actual,PEM107,Omni Channel,CT250108
CT-F-99-020508,2025-04-21,2025-06-06,4.0,Actual,PEM107,Omni Channel,CT250069
CT-F-99-020701,2025-04-21,2025-05-15,2.0,Actual,PEM107,Omni Channel,CT250106
CT-F-99-020511,2025-04-21,2025-06-06,6.0,Actual,PEM107,Omni Channel,CT250108
VT-F-99-010203,2025-04-21,2025-06-06,10.0,Actual,PEM107,Omni Channel,VT250064
RS-F-99-040004,2024-07-10,2024-09-20,8.0,Actual,PEM107,Omni Channel,RS240240
RS-F-99-120002,2024-07-10,2024-09-20,44.0,Actual,PEM107,Omni Channel,RS240235
CT-F-99-020504,2025-04-22,2025-04-30,3.0,Actual,PEM107,Omni Channel,CT250004
CT-F-99-020505,2025-04-22,2025-04-28,3.0,Actual,PEM107,Omni Channel,CT250045
CT-F-99-020506,2025-04-22,2025-04-28,6.0,Actual,PEM107,Omni Channel,CT250059
CT-F-99-020528,2025-04-22,2025-04-25,1.0,Actual,PEM107,Omni Channel,CT250093
VT-F-99-010721,2025-04-22,2025-08-29,1.0,Actual,PEM107,Omni Channel,VT250105
CT-F-99-020501,2025-04-23,2025-04-23,2.0,Actual,PEM107,Omni Channel,CT240233
VT-F-99-010203,2025-04-23,2025-04-23,2.0,Actual,PEM107,Omni Channel,VT250031
CT-F-99-020504,2025-04-23,2025-05-30,3.0,Actual,PEM107,Omni Channel,CT250058
VT-F-99-010721,2025-04-23,2025-04-30,1.0,Actual,PEM107,Omni Channel,VT250043
CT-F-99-020528,2025-04-23,2025-04-23,3.0,Actual,PEM107,Omni Channel,CT250093
CT-F-99-020508,2025-04-23,2025-05-30,3.0,Actual,PEM107,Omni Channel,CT250008
VT-F-99-010721,2025-04-23,2025-05-30,1.0,Actual,PEM107,Omni Channel,VT250043
CT-F-99-020530,2025-04-23,2025-05-02,3.0,Actual,PEM107,Omni Channel,CT250068
CT-F-99-020502,2025-04-23,2025-04-28,3.0,Actual,PEM107,Omni Channel,CT250019
VT-F-99-010721,2025-04-23,2025-04-28,1.0,Actual,PEM107,Omni Channel,VT250036
CT-F-99-020530,2025-04-23,2025-05-30,3.0,Actual,PEM107,Omni Channel,CT250068
VT-F-99-010721,2025-04-23,2025-05-30,1.0,Actual,PEM107,Omni Channel,VT250043
CT-F-99-020530,2025-04-23,2025-06-30,3.0,Actual,PEM107,Omni Channel,CT250114 
VT-F-99-010721,2025-04-23,2025-06-30,1.0,Actual,PEM107,Omni Channel,VT250059
CT-F-99-020510,2025-04-23,2025-04-28,2.0,Actual,PEM107,Omni Channel,CT250009
VT-F-99-010203,2025-04-23,2025-04-28,2.0,Actual,PEM107,Omni Channel,VT250031
RS-F-99-010127,2025-04-24,2025-05-15,2.0,Actual,PEM107,Omni Channel,RS250159
RS-F-99-010128,2025-04-24,2025-06-30,2.0,Actual,PEM107,Omni Channel,RS250160
RS-F-99-010122,2025-04-24,2025-05-15,2.0,Actual,PEM107,Omni Channel,RS250161
RS-F-99-010129,2025-04-24,2025-07-18,2.0,Actual,PEM107,Omni Channel,RS250162
RS-F-99-010123,2025-04-24,2025-07-18,8.0,Actual,PEM107,Omni Channel,RS250163
VT-F-99-010203,2025-04-24,2025-05-23,8.0,Actual,PEM107,Omni Channel,VT250064
CT-F-99-020508,2025-04-24,2025-05-23,4.0,Actual,PEM107,Omni Channel,CT250109
CT-F-99-020511,2025-04-24,2025-05-23,4.0,Actual,PEM107,Omni Channel,CT250108
CT-F-99-020507,2025-04-24,2025-04-30,3.0,Actual,PEM107,Omni Channel,CT250060
CT-F-99-020506,2025-04-24,2025-04-30,3.0,Actual,PEM107,Omni Channel,CT250059
CT-F-99-020526,2025-04-24,2025-04-30,3.0,Actual,PEM107,Omni Channel,"CT240241, CT240327"
CT-F-99-020504,2025-04-25,2025-05-08,2.0,Actual,PDEMO,Omni Channel,
CT-F-99-020506,2024-10-18,2025-04-28,3.0,Actual,PEM107,Omni Channel,"VT240152,VT240160,VT240189,CT2"
VT-F-99-010203,2025-04-28,2025-05-15,1.0,Actual,PEM107,Omni Channel,VT250031
CT-F-99-020503,2025-04-28,2025-05-15,1.0,Actual,PEM107,Omni Channel,CT250063
CT-F-99-020504,2025-04-28,2025-04-28,3.0,Actual,PEM107,Omni Channel,CT250058
VT-F-99-010721,2025-04-28,2025-04-28,1.0,Actual,PEM107,Omni Channel,VT250028
VT-F-99-010203,2025-04-28,2025-04-30,2.0,Actual,PEM107,Omni Channel,VT250031
CT-F-99-020503,2025-04-28,2025-04-30,2.0,Actual,PEM107,Omni Channel,CT250003
VT-F-99-010303,2025-04-28,2025-05-23,2.0,Actual,PEM107,Omni Channel,VT250056
CT-F-99-020703,2025-04-28,2025-05-23,2.0,Actual,PEM107,Omni Channel,CT250117
VT-F-99-010203,2025-04-28,2025-05-07,2.0,Actual,PEM107,Omni Channel,VT250031
CT-F-99-020502,2025-04-28,2025-05-07,2.0,Actual,PEM107,Omni Channel,CT250019
VT-F-99-010303,2025-04-28,2025-05-23,2.0,Actual,PEM107,Omni Channel,VT250066
CT-F-99-020702,2025-04-28,2025-05-23,2.0,Actual,PEM107,Omni Channel,CT250118
VT-F-99-010721,2025-04-28,2025-05-15,1.0,Actual,PEM107,Omni Channel,VT250043
CT-F-99-020504,2025-04-28,2025-05-15,3.0,Actual,PEM107,Omni Channel,CT250094
CT-F-99-020528,2025-04-29,2025-05-02,2.0,Actual,PEM107,Omni Channel,CT250093
VT-F-99-010721,2025-04-29,2025-05-02,1.0,Actual,PEM107,Omni Channel,VT250043
VT-F-99-010203,2025-04-29,2025-05-13,2.0,Actual,PEM107,Omni Channel,VT250031
CT-F-99-020501,2025-04-29,2025-05-13,2.0,Actual,PEM107,Omni Channel,CT240233
CT-F-99-020506,2025-04-29,2025-05-30,3.0,Actual,PEM107,Omni Channel,CT250096
VT-F-99-010721,2025-04-29,2025-05-19,1.0,Actual,PEM107,Omni Channel,VT250043 
CT-F-99-020535,2025-04-29,2025-05-19,1.0,Actual,PEM107,Omni Channel,"CT240187,CT250119"
VT-F-99-010721,2025-04-29,2025-05-10,1.0,Actual,PEM107,Omni Channel,VT250043
CT-F-99-020507,2025-04-29,2025-05-10,3.0,Actual,PEM107,Omni Channel,CT250060
VT-F-99-010721,2025-04-29,2025-05-09,1.0,Actual,PEM107,Omni Channel,VT250043
CT-F-99-020504,2025-04-29,2025-05-09,3.0,Actual,PEM107,Omni Channel,CT250094
VT-F-99-010202,2025-04-29,2025-05-07,1.0,Actual,PEM107,Omni Channel,VT250038
RS-F-99-041008,2025-03-07,2025-05-26,6.0,Actual,PEM107,Omni Channel,RS250107
VT-F-99-010721,2025-04-30,2025-05-07,1.0,Actual,PEM107,Omni Channel,VT250036
CT-F-99-020526,2025-04-30,2025-05-07,3.0,Actual,PEM107,Omni Channel,CT240327
VT-F-99-010203,2025-04-30,2025-06-06,2.0,Actual,PEM107,Omni Channel,VT250064
CT-F-99-020511,2025-04-30,2025-06-06,2.0,Actual,PEM107,Omni Channel,CT250108
CT-F-99-020528,2025-05-02,2025-05-09,1.0,Actual,PEM107,Omni Channel,CT250099
CT-F-99-020504,2025-05-06,2025-05-15,3.0,Actual,PEM107,Omni Channel,CT250094
CT-F-99-020502,2025-05-06,2025-05-16,5.0,Actual,PEM107,Omni Channel,CT250019
CT-F-99-020503,2025-05-06,2025-05-16,5.0,Actual,PEM107,Omni Channel,CT250003
CT-F-99-020504,2025-05-06,2025-05-16,5.0,Actual,PEM107,Omni Channel,CT250058
CT-F-99-020501,2025-05-06,2025-05-16,5.0,Actual,PEM107,Omni Channel,CT250018
VT-F-99-010721,2025-05-06,2025-05-15,1.0,Actual,PEM107,Omni Channel,VT250043
VT-F-99-010721,2025-05-06,2025-05-22,1.0,Actual,PEM107,Omni Channel,VT250036
CT-F-99-020528,2025-05-06,2025-05-22,3.0,Actual,PEM107,Omni Channel,CT250099 
VT-F-99-010721,2025-05-07,2025-05-30,1.0,Actual,PEM107,Omni Channel,VT250054
CT-F-99-020505,2025-05-07,2025-05-30,3.0,Actual,PEM107,Omni Channel,CT250045
CT-F-99-020505,2025-05-07,2025-05-30,2.0,Actual,PEM107,Omni Channel,CT250095
VT-F-99-010203,2025-05-07,2025-05-30,2.0,Actual,PEM107,Omni Channel,VT250031
CT-F-99-020507,2025-05-07,2025-05-30,3.0,Actual,PEM107,Omni Channel,CT250060
VT-F-99-010721,2025-05-07,2025-05-30,1.0,Actual,PEM107,Omni Channel,VT250043
CT-F-99-020504,2025-05-07,2025-05-08,2.0,Actual,PEM107,Omni Channel,CT250111
VT-F-99-010203,2025-05-07,2025-05-14,2.0,Actual,PEM107,Omni Channel,VT250031
CT-F-99-020506,2025-05-07,2025-05-14,2.0,Actual,PEM107,Omni Channel,CT250059
CT-F-99-020504,2025-05-07,2025-05-16,3.0,Actual,PEM107,Omni Channel,CT250094
VT-F-99-010721,2025-05-07,2025-05-16,1.0,Actual,PEM107,Omni Channel,VT250043
CT-F-99-020502,2025-05-07,2025-05-21,3.0,Actual,PEM107,Omni Channel,CT250019
VT-F-99-010721,2025-05-07,2025-05-21,1.0,Actual,PEM107,Omni Channel,VT250043
CT-F-99-020507,2025-05-07,2025-05-16,3.0,Actual,PEM107,Omni Channel,CT250060
VT-F-99-010721,2025-05-07,2025-05-16,1.0,Actual,PEM107,Omni Channel,VT250036
VT-F-99-010721,2025-05-07,2025-06-30,1.0,Actual,PEM107,Omni Channel,VT250059
CT-F-99-020508,2025-05-08,2025-06-12,2.0,Actual,PEM107,Omni Channel,CT250109
CT-F-99-020511,2025-05-08,2025-06-12,8.0,Actual,PEM107,Omni Channel,CT250122
VT-F-99-010203,2025-05-08,2025-06-12,10.0,Actual,PEM107,Omni Channel,VT250071
VT-F-99-010819,2025-05-08,2025-05-21,1.0,Actual,PEM107,Omni Channel,VT250007
CT-F-99-020706,2025-05-08,2025-05-21,3.0,Actual,PEM107,Omni Channel,CT250123
CT-F-99-020507,2025-05-08,2025-05-16,3.0,Actual,PEM107,Omni Channel,CT250060
VT-F-99-010721,2025-05-08,2025-05-16,1.0,Actual,PEM107,Omni Channel,VT250043
RS-F-99-070003,2025-05-09,2025-06-06,3.0,Actual,PEM107,Omni Channel,RS250185
RS-F-99-070006,2025-05-09,2025-06-19,30.0,Actual,PEM107,Omni Channel,RS250176
RS-F-99-070005,2025-05-09,2025-06-19,12.0,Actual,PEM107,Omni Channel,RS250177
RS-F-99-041006,2025-05-09,2025-06-19,12.0,Actual,PEM107,Omni Channel,RS250178
RS-F-99-070003,2025-05-13,2025-05-20,3.0,Actual,PEM107,Omni Channel,RS250183
RS-F-99-070006,2025-05-13,2025-05-20,15.0,Actual,PEM107,Omni Channel,RS250184
CT-F-99-020704,2025-05-13,2025-06-13,2.0,Actual,PEM107,Omni Channel,CT250126
VT-F-99-010303,2025-05-13,2025-06-13,2.0,Actual,PEM107,Omni Channel,VT250066
CT-F-99-020503,2025-05-13,2025-05-19,4.0,Actual,PEM107,Omni Channel,CT250003
VT-F-99-010203,2025-05-13,2025-05-19,4.0,Actual,PEM107,Omni Channel,VT250031
CT-F-99-020511,2025-05-13,2025-05-19,2.0,Actual,PEM107,Omni Channel,CT250021
VT-F-99-010203,2025-05-13,2025-05-19,2.0,Actual,PEM107,Omni Channel,VT250031
CT-F-99-020508,2025-05-13,2025-05-21,2.0,Actual,PEM107,Omni Channel,CT250008
VT-F-99-010721,2025-05-14,2025-05-23,1.0,Actual,PEM107,Omni Channel,VT250036
CT-F-99-020502,2025-05-14,2025-05-23,3.0,Actual,PEM107,Omni Channel,CT250019 
CT-F-99-020506,2025-05-14,2025-07-04,411.0,Actual,PPS,Tendering,CTR-2025-02440
CT-F-99-020507,2025-05-14,2025-07-04,287.0,Actual,PPS,Tendering,CTR-2025-02440
CT-F-99-020701,2025-05-14,2025-08-13,556.0,Actual,PPS,Tendering,CTR-2025-02440
CT-F-99-020702,2025-05-14,2025-07-04,265.0,Actual,PPS,Tendering,CTR-2025-02440
CT-F-99-020703,2025-05-14,2025-07-04,107.0,Actual,PPS,Tendering,CTR-2025-02440
CT-F-99-020706,2025-05-14,2025-07-04,30.0,Actual,PPS,Tendering,CTR-2025-02440
CT-F-99-020708,2025-05-14,2025-07-04,52.0,Actual,PPS,Tendering,CTR-2025-02440
CT-F-99-020709,2025-05-14,2025-07-04,2.0,Actual,PPS,Tendering,CTR-2025-02440
CT-F-99-020707,2025-05-14,2025-07-04,18.0,Actual,PPS,Tendering,CTR-2025-02440
CT-F-99-020710,2025-05-14,2025-07-04,8.0,Actual,PPS,Tendering,CTR-2025-02440
CT-F-99-020508,2025-05-14,2025-05-27,3.0,Actual,PEM107,Omni Channel,CT250008
VT-F-99-010715,2025-05-14,2025-05-29,1.0,Actual,PEM107,Omni Channel,VT240191
CT-F-99-020507,2025-05-14,2025-05-29,3.0,Actual,PEM107,Omni Channel,CT250060
CT-F-99-020504,2025-05-14,2025-06-04,3.0,Actual,PEM107,Omni Channel,CT250094
CT-F-99-020501,2025-05-14,2025-06-06,3.0,Actual,PEM107,Omni Channel,CT250018
CT-F-99-020508,2025-05-15,2025-07-25,2.0,Actual,PTS,Tendering,CTR-2025-02462
VT-F-99-010721,2025-05-14,2025-06-06,1.0,Actual,PEM107,Omni Channel,VT250054 
CT-F-99-020511,2025-05-15,2025-07-25,16.0,Actual,PTS,Tendering,CTR-2025-02462
VT-F-99-010203,2025-05-15,2025-07-25,18.0,Actual,PTS,Tendering,CTR-2025-02462
CT-F-99-020530,2025-05-15,2025-05-16,3.0,Actual,PEM107,Omni Channel,CT250068
VT-F-99-010721,2025-05-15,2025-05-16,1.0,Actual,PEM107,Omni Channel,VT250029 
CT-F-99-020510,2025-05-15,2025-06-13,2.0,Actual,PEM107,Omni Channel,CT250065
CT-F-99-020511,2025-05-15,2025-06-13,6.0,Actual,PEM107,Omni Channel,"CT250108,CT250122"
VT-F-99-010203,2025-05-15,2025-06-13,8.0,Actual,PEM107,Omni Channel,VT250071
CT-F-99-020508,2025-05-15,2025-06-13,2.0,Actual,PEM107,Omni Channel,CT250109
CT-F-99-020511,2025-05-15,2025-06-13,16.0,Actual,PEM107,Omni Channel,"CT250108,CT250116"
VT-F-99-010203,2025-05-15,2025-06-13,18.0,Actual,PEM107,Omni Channel,"VT250064,VT250071"
VT-F-99-010721,2025-05-15,2025-05-17,1.0,Actual,PEM107,Omni Channel,VT250054 
CT-F-99-020504,2025-05-15,2025-05-17,3.0,Actual,PEM107,Omni Channel,CT250094
CT-F-99-020504,2025-05-16,2025-05-21,2.0,Actual,PEM107,Omni Channel,CT250058
CT-F-99-020505,2025-05-16,2025-05-21,4.0,Actual,PEM107,Omni Channel,CT250095
VT-F-99-010203,2025-05-16,2025-05-21,6.0,Actual,PEM107,Omni Channel,VT250031
VT-F-99-010203,2025-05-16,2025-06-13,2.0,Actual,PEM107,Omni Channel,VT250064
CT-F-99-020508,2025-05-16,2025-06-13,2.0,Actual,PEM107,Omni Channel,CT250069
VT-F-99-010721,2025-05-16,2025-05-23,1.0,Actual,PEM107,Omni Channel,VT250036
CT-F-99-020525,2025-05-16,2025-05-23,3.0,Actual,PEM107,Omni Channel,CT240294
CT-F-99-020510,2025-05-16,2025-05-23,2.0,Actual,PEM107,Omni Channel,CT250009
CT-F-99-020527,2025-05-16,2025-12-26,3.0,Actual,PEM107,Omni Channel,CT250072
CT-F-99-020726,2025-05-19,2026-10-30,3.0,MPS,PEM107,Omni Channel,CT250130
VT-F-99-010819,2025-05-19,2026-10-30,1.0,MPS,PEM107,Omni Channel,VT250018
CT-F-99-020508,2025-05-19,2025-07-01,3.0,Actual,PEM107,Omni Channel,CT250069
VT-F-99-010721,2025-05-19,2025-07-01,1.0,Actual,PEM107,Omni Channel,VT250059 
CT-F-99-020501,2025-05-19,2025-10-08,50.0,Actual,PDEMO,Omni Channel,
CT-F-99-020514,2025-05-19,2025-08-20,10.0,Actual,PDEMO,Omni Channel,
CT-F-99-020502,2025-05-19,2025-10-08,20.0,Actual,PDEMO,Omni Channel,
RS-F-99-090011,2025-05-19,2025-06-05,3.0,Actual,PEM107,Omni Channel,RS250194
CT-F-99-020703,2025-05-19,2025-06-20,3.0,Actual,PEM107,Omni Channel,CT250131
VT-F-99-010818,2025-05-19,2025-06-20,1.0,Actual,PEM107,Omni Channel,VT250080
VT-F-99-010721,2025-05-19,2025-05-23,1.0,Actual,PEM107,Omni Channel,VT250054
CT-F-99-020510,2025-05-19,2025-05-23,3.0,Actual,PEM107,Omni Channel,CT250009
VT-F-99-010721,2025-05-19,2025-05-23,1.0,Actual,PEM107,Omni Channel,VT250054
CT-F-99-020505,2025-05-19,2025-05-23,3.0,Actual,PEM107,Omni Channel,CT250045
CT-F-99-020503,2025-05-19,2025-08-20,10.0,Actual,PDEMO,Omni Channel,
CT-F-99-020504,2025-05-19,2025-10-08,4.0,Actual,PDEMO,Omni Channel,
CT-F-99-020505,2025-05-19,2025-06-20,4.0,Actual,PDEMO,Omni Channel,
RS-F-99-070003,2025-05-19,2025-08-20,168.0,Actual,PDEMO,Omni Channel,
RS-F-99-070006,2025-05-19,2025-08-20,300.0,Actual,PDEMO,Omni Channel,
VT-F-99-010203,2025-05-19,2026-01-19,24.0,Actual,PDEMO,Omni Channel,
CT-F-99-020506,2025-05-20,2025-05-21,3.0,Actual,PEM107,Omni Channel,CT250096
VT-F-99-010721,2025-05-20,2025-05-21,1.0,Actual,PEM107,Omni Channel,VT250054
VT-F-99-010721,2025-05-20,2025-05-26,1.0,Actual,PEM107,Omni Channel,VT250054
CT-F-99-020504,2025-05-20,2025-05-26,3.0,Actual,PEM107,Omni Channel,CT250094
CT-F-99-020524,2025-05-16,2025-06-30,3.0,Actual,PEM107,Omni Channel,LB250078 CT250061
RS-F-99-090027,2025-05-20,2025-06-16,3.0,Actual,PEM107,Omni Channel,RS250200
CT-F-99-020526,2025-05-20,2025-05-30,1.0,Actual,PEM107,Omni Channel,CT250046
VT-F-99-010721,2025-05-21,2025-05-27,1.0,Actual,PEM107,Omni Channel,VT250054
CT-F-99-020510,2025-05-21,2025-05-27,3.0,Actual,PEM107,Omni Channel,CT250009
CT-F-99-020508,2025-05-21,2025-05-30,3.0,Actual,PEM107,Omni Channel,CT250008
VT-F-99-010721,2025-05-21,2025-05-30,1.0,Actual,PEM107,Omni Channel,VT250054 
RS-F-99-070005,2025-05-21,2025-06-11,24.0,Actual,PEM107,Omni Channel,RS250196
RS-F-99-041033,2025-05-21,2025-06-11,15.0,Actual,PEM107,Omni Channel,RS250197
RS-F-99-041005,2025-05-21,2025-06-11,6.0,Actual,PEM107,Omni Channel,RS250198
CT-F-99-020507,2025-05-22,2025-06-06,3.0,Actual,PEM107,Omni Channel,CT250060
VT-F-99-010721,2025-05-22,2025-06-06,1.0,Actual,PEM107,Omni Channel,VT250043
CT-F-99-020506,2025-05-22,2025-07-01,411.0,Actual,PEM107,Tendering,"CT250039,CT250083"
CT-F-99-020507,2025-05-22,2025-07-01,287.0,Actual,PEM107,Tendering,"CT250040,CT250084"
CT-F-99-020701,2025-05-22,2025-07-01,556.0,Actual,PEM107,Tendering,"CT250041,CT250085"
CT-F-99-020702,2025-05-22,2025-07-01,265.0,Actual,PEM107,Tendering,"CT250042,CT250086"
CT-F-99-020703,2025-05-22,2025-07-01,107.0,Actual,PEM107,Tendering,"CT250043,CT250087"
CT-F-99-020706,2025-05-22,2025-07-01,30.0,Actual,PEM107,Tendering,CT250088
CT-F-99-020708,2025-05-22,2025-07-01,52.0,Actual,PEM107,Tendering,CT250090
CT-F-99-020709,2025-05-22,2025-07-01,2.0,Actual,PEM107,Tendering,CT250092
CT-F-99-020707,2025-05-22,2025-07-01,18.0,Actual,PEM107,Tendering,CT250089
CT-F-99-020710,2025-05-22,2025-07-01,8.0,Actual,PEM107,Tendering,CT250091
VT-F-99-010721,2025-05-22,2025-07-28,1.0,Actual,PEM107,Omni Channel,VT250059
CT-F-99-020528,2025-05-22,2025-07-28,3.0,Actual,PEM107,Omni Channel,CT250099
VT-F-99-010721,2025-05-22,2025-07-28,1.0,Actual,PEM107,Omni Channel,VT250059
CT-F-99-020528,2025-05-22,2025-07-28,3.0,Actual,PEM107,Omni Channel,"CT250099, CT250113 "
CT-F-99-020510,2025-05-22,2025-05-29,3.0,Actual,PEM107,Omni Channel,CT250065
VT-F-99-010721,2025-05-22,2025-05-29,1.0,Actual,PEM107,Omni Channel,VT250054
CT-F-99-020503,2025-05-23,2025-05-30,3.0,Actual,PEM107,Omni Channel,CT250003
VT-F-99-010721,2025-05-23,2025-05-30,1.0,Actual,PEM107,Omni Channel,VT250043
VT-F-99-010721,2025-05-23,2025-06-02,1.0,Actual,PEM107,Omni Channel,VT250043
CT-F-99-020506,2025-05-23,2025-06-02,3.0,Actual,PEM107,Omni Channel,CT250096
CT-F-99-020502,2025-05-23,2025-05-26,12.0,Actual,PEM107,Omni Channel,"CT250019,CT250062"
VT-F-99-010721,2025-05-23,2025-05-26,4.0,Actual,PEM107,Omni Channel,VT250055
RS-F-99-070003,2025-05-26,2025-09-30,300.0,Actual,PEM107,Omni Channel,RS250204
RS-F-99-070006,2025-05-26,2025-09-30,300.0,Actual,PEM107,Omni Channel,RS250205
CT-F-99-020502,2025-05-26,2025-10-08,20.0,Actual,PEM107,Omni Channel,CT250135
CT-F-99-020503,2025-05-26,2025-09-30,10.0,Actual,PEM107,Omni Channel,CT250129
CT-F-99-020504,2025-05-26,2025-09-30,4.0,Actual,PEM107,Omni Channel,CT250139
CT-F-99-020505,2025-05-26,2025-06-20,4.0,Actual,PEM107,Omni Channel,CT250140
CT-F-99-020501,2025-05-26,2025-10-08,50.0,Actual,PEM107,Omni Channel,CT250133
VT-F-99-010203,2025-05-26,2025-12-15,50.0,Actual,PEM107,Omni Channel,VT250085
CT-F-99-020514,2025-05-26,2025-09-30,10.0,Actual,PEM107,Omni Channel,CT250134
VT-F-99-010721,2025-05-27,2025-07-04,2.0,Actual,PEM107,Omni Channel,VT250083
CT-F-99-020527,2025-05-27,2025-07-04,3.0,Actual,PEM107,Omni Channel,CT250072
CT-F-99-020526,2025-05-27,2025-07-04,3.0,Actual,PEM107,Omni Channel,"CT240327, CT250046"
RS-F-99-070006,2025-05-27,2025-06-20,102.0,Actual,PDEMO,Omni Channel,
CT-F-99-020505,2025-05-07,2025-06-30,3.0,Actual,PEM107,Omni Channel,CT250095
VT-F-99-010721,2025-05-27,2025-05-30,1.0,Actual,PEM107,Omni Channel,VT250029 
VT-F-99-010202,2025-05-27,2025-05-27,2.0,Actual,PEM107,Omni Channel,VT250038
VT-F-99-010721,2025-05-27,2025-06-06,1.0,Actual,PEM107,Omni Channel,VT250059
CT-F-99-020504,2025-05-27,2025-06-06,3.0,Actual,PEM107,Omni Channel,CT250094
VT-F-99-010820,2025-05-27,2025-07-04,7.0,Actual,PEM107,Omni Channel,VT250013
VT-F-99-010303,2025-05-28,2025-06-24,2.0,Actual,PEM107,Omni Channel,VT250066 
CT-F-99-020703,2025-05-28,2025-06-24,2.0,Actual,PEM107,Omni Channel,CT250147
VT-F-99-010303,2025-05-28,2025-06-24,6.0,Actual,PEM107,Omni Channel,VT250077
CT-F-99-020701,2025-05-28,2025-06-24,4.0,Actual,PEM107,Omni Channel,CT250148
CT-F-99-020702,2025-05-28,2025-06-24,2.0,Actual,PEM107,Omni Channel,CT250149
VT-F-99-010721,2025-05-28,2025-06-19,1.0,Actual,PEM107,Omni Channel,VT250043
CT-F-99-020507,2025-05-28,2025-06-19,3.0,Actual,PEM107,Omni Channel,CT250060
VT-F-99-010721,2025-05-28,2025-06-26,6.0,Actual,PEM107,Omni Channel,VT250083
CT-F-99-020506,2025-05-28,2025-06-26,18.0,Actual,PEM107,Omni Channel,"CT250096,CT250120"
CT-F-99-020505,2025-05-28,2025-06-26,3.0,Actual,PEM107,Omni Channel,CT250095
VT-F-99-010819,2025-05-28,2025-06-26,2.0,Actual,PEM107,Omni Channel,VT250018
CT-F-99-020705,2025-05-28,2025-06-26,3.0,Actual,PEM107,Omni Channel,CT250150
CT-F-99-020704,2025-05-28,2025-06-26,3.0,Actual,PEM107,Omni Channel,CT250151
CT-F-99-020510,2025-05-29,2025-06-17,2.0,Actual,PEM107,Omni Channel,CT250065
CT-F-99-020511,2025-05-29,2025-06-17,2.0,Actual,PEM107,Omni Channel,CT250108
VT-F-99-010203,2025-05-29,2025-06-17,4.0,Actual,PEM107,Omni Channel,VT250064
RS-F-99-010124,2025-05-29,2025-08-21,2.0,Actual,PEM107,Omni Channel,RS250212
VT-F-99-010722,2025-05-29,2025-06-30,2.0,Actual,PEM107,Omni Channel,VT250061
CT-F-99-020502,2025-05-30,2025-06-06,2.0,Actual,PEM107,Omni Channel,CT250062
CT-F-99-020501,2025-05-30,2025-06-06,2.0,Actual,PEM107,Omni Channel,CT250018
VT-F-99-010203,2025-05-30,2025-06-06,2.0,Actual,PEM107,Omni Channel,VT250031
VT-F-99-010203,2025-05-30,2025-06-06,2.0,Actual,PEM107,Omni Channel,VT250031
VT-F-99-010721,2025-05-30,2025-08-29,1.0,Actual,PEM107,Omni Channel,VT250105
CT-F-99-020528,2025-05-30,2025-08-29,3.0,Actual,PEM107,Omni Channel,CT250180
VT-F-99-010203,2025-05-30,2025-06-02,2.0,Actual,PEM107,Omni Channel,VT250026
CT-F-99-020503,2025-05-30,2025-06-02,2.0,Actual,PEM107,Omni Channel,CT250003
VT-F-99-010820,2025-05-30,2025-07-02,7.0,Actual,PCE101,Omni Channel,J25083
CT-F-99-020524,2025-05-30,2025-06-17,3.0,Actual,PEM107,Omni Channel,CT250097
VT-F-99-010721,2025-05-30,2025-06-17,1.0,Actual,PEM107,Omni Channel,VT250059
VT-F-99-010721,2025-05-30,2025-06-13,1.0,Actual,PEM107,Omni Channel,VT250059
CT-F-99-020504,2025-05-30,2025-06-13,3.0,Actual,PEM107,Omni Channel,CT250094
CT-F-99-020511,2025-05-30,2025-06-06,2.0,Actual,PEM107,Omni Channel,CT250021
VT-F-99-010721,2025-06-02,2025-06-02,1.0,Actual,PEM107,Omni Channel,VT250059
CT-F-99-020525,2025-06-02,2025-06-02,3.0,Actual,PEM107,Omni Channel,CT250075
VT-F-99-010721,2025-06-02,2026-02-27,1.0,Actual,PEM107,Omni Channel,VT250097
CT-F-99-020532,2025-06-02,2026-02-27,3.0,Actual,PEM107,Omni Channel,CT250154
CT-F-99-020513,2025-06-02,2026-02-27,9.0,Actual,PEM107,Omni Channel,CT250153
VT-F-99-010721,2025-06-02,2025-08-06,1.0,Actual,PEM107,Omni Channel,VT250097
CT-F-99-020528,2025-06-02,2025-08-06,3.0,Actual,PEM107,Omni Channel,CT250113
VT-F-99-010302,2025-06-02,2025-07-18,9.0,Actual,PPS,Tendering,CTR-2025-02834
VT-F-99-010303,2025-06-04,2025-06-30,2.0,Actual,PEM107,Omni Channel,VT250087
CT-F-99-020702,2025-06-04,2025-06-30,2.0,Actual,PEM107,Omni Channel,CT250155
VT-F-99-010715,2025-06-04,2026-03-17,1.0,Actual,PEM107,Omni Channel,VT240191
CT-F-99-020506,2025-06-04,2026-03-17,3.0,Actual,PEM107,Omni Channel,CT250096
CT-F-99-020525,2025-06-04,2025-06-17,3.0,Actual,PEM107,Omni Channel,CT250075
CT-F-99-020506,2025-06-04,2025-06-06,3.0,Actual,PEM107,Omni Channel,CT250096
VT-F-99-010721,2025-06-04,2025-06-16,1.0,Actual,PEM107,Omni Channel,VT250059
CT-F-99-020508,2025-06-04,2025-06-16,3.0,Actual,PEM107,Omni Channel,CT250069
VT-F-99-010303,2025-06-05,2025-06-26,2.0,Actual,PEM107,Omni Channel,VT250087
CT-F-99-020502,2025-06-05,2025-07-08,9.0,Actual,PEM107,Omni Channel,"CT250019,CT250062"
VT-F-99-010721,2025-06-05,2025-07-08,3.0,Actual,PEM107,Omni Channel,VT250054
CT-F-99-020502,2025-06-05,2025-07-01,6.0,Actual,PEM107,Omni Channel,CT250062
VT-F-99-010721,2025-06-05,2025-07-01,2.0,Actual,PEM107,Omni Channel,VT250059
CT-F-99-020702,2025-06-05,2025-07-04,3.0,Actual,PEM107,Omni Channel,CT250155
VT-F-99-010819,2025-06-05,2025-07-04,1.0,Actual,PEM107,Omni Channel,VT250094
CT-F-99-020702,2025-06-05,2025-07-04,6.0,Actual,PEM107,Omni Channel,CT250155
VT-F-99-010819,2025-06-05,2025-07-04,2.0,Actual,PEM107,Omni Channel,VT250018
VT-F-99-010202,2025-06-05,2025-07-18,17.0,Actual,PEM107,Tendering,VT250044
VT-F-99-010302,2025-06-05,2025-07-18,9.0,Actual,PEM107,Tendering,VT250045
RS-F-99-070006,2025-06-05,2025-06-30,300.0,Actual,PEM107,Omni Channel,RS250215
CT-F-99-020504,2025-06-05,2025-06-09,3.0,Actual,PEM107,Omni Channel,CT250121
VT-F-99-010715,2025-06-05,2025-06-09,1.0,Actual,PEM107,Omni Channel,VT240191
CT-F-99-020504,2025-06-06,2025-08-20,4.0,Actual,PDEMO,Omni Channel,
CT-F-99-020505,2025-06-06,2025-08-20,4.0,Actual,PDEMO,Omni Channel,
RS-F-99-070006,2025-06-06,2025-11-17,300.0,Actual,PDEMO,Omni Channel,
VT-F-99-010819,2025-06-06,2025-07-25,1.0,Actual,PEM107,Omni Channel,VT250018
CT-F-99-020706,2025-06-06,2025-07-25,3.0,Actual,PEM107,Omni Channel,CT250158
VT-F-99-010715,2025-06-09,2025-07-18,1.0,Actual,PEM107,Omni Channel,VT240191
CT-F-99-020503,2025-06-09,2025-07-18,3.0,Actual,PEM107,Omni Channel,CT250003
CT-F-99-020709,2025-06-09,2025-07-25,3.0,Actual,PEM107,Omni Channel,CT250161
CT-F-99-020508,2025-06-09,2025-06-18,3.0,Actual,PEM107,Omni Channel,CT250069
VT-F-99-010721,2025-06-09,2025-07-25,1.0,Actual,PEM107,Omni Channel,LB250089 VT250086
CT-F-99-020510,2025-06-09,2025-07-25,3.0,Actual,PEM107,Omni Channel,LB250089 CT250065
VT-F-99-010721,2025-06-09,2025-07-03,1.0,Actual,PEM107,Omni Channel,VT250059
CT-F-99-020507,2025-06-09,2025-07-03,3.0,Actual,PEM107,Omni Channel,CT250060
CT-F-99-020508,2025-04-21,2025-06-17,4.0,Actual,PEM107,Omni Channel,CT250109
CT-F-99-020506,2025-06-09,2025-06-10,1.0,Actual,PEM107,Omni Channel,CT250059
VT-F-99-010721,2025-06-09,2025-06-20,1.0,Actual,PEM107,Omni Channel,VT250083
CT-F-99-020508,2025-06-09,2025-06-20,3.0,Actual,PEM107,Omni Channel,CT250069
VT-F-99-010722,2025-06-10,2025-07-15,1.0,Actual,PEM107,Omni Channel,VT250084
CT-F-99-020506,2025-06-10,2025-08-29,3.0,Actual,PEM107,Omni Channel,CT250162
VT-F-99-010721,2025-06-10,2025-08-29,1.0,Actual,PEM107,Omni Channel,VT250105
CT-F-99-020527,2025-06-10,2025-06-13,2.0,Actual,PEM107,Omni Channel,CT250146
CT-F-99-020527,2025-06-10,2025-07-09,3.0,Actual,PEM107,Omni Channel,CT250146
RS-F-99-010129,2025-06-10,2025-07-09,2.0,Actual,PEM107,Omni Channel,RS250230
CT-F-99-020506,2025-06-10,2025-06-12,2.0,Actual,PEM107,Omni Channel,CT250096
CT-F-99-020505,2025-06-10,2025-07-09,3.0,Actual,PEM107,Omni Channel,CT250045
VT-F-99-010721,2025-06-10,2025-07-09,1.0,Actual,PEM107,Omni Channel,VT250059
VT-F-99-010209,2025-06-10,2025-06-12,2.0,Actual,PEM107,Omni Channel,VT250095
RS-F-99-070003,2025-06-11,2025-07-07,60.0,Actual,PEM107,Omni Channel,RS250217
RS-F-99-070005,2025-06-11,2025-07-07,30.0,Actual,PEM107,Omni Channel,RS250218
RS-F-99-070002,2025-06-11,2025-07-07,60.0,Actual,PEM107,Omni Channel,RS240308
RS-F-99-041010,2025-06-11,2025-07-07,6.0,Actual,PEM107,Omni Channel,RS250219
RS-F-99-070006,2025-06-11,2025-11-28,300.0,Actual,PEM107,Omni Channel,RS250232
CT-F-99-020504,2025-06-11,2025-08-29,4.0,Actual,PEM107,Omni Channel,CT250165
CT-F-99-020505,2025-06-11,2025-08-29,4.0,Actual,PEM107,Omni Channel,CT250166
VT-F-99-010721,2025-06-11,2025-06-19,1.0,Actual,PEM107,Omni Channel,VT250054 
VT-F-99-010722,2025-06-11,2025-07-07,1.0,Actual,PEM107,Omni Channel,VT250084
CT-F-99-020506,2025-06-12,2025-06-13,3.0,Actual,PEM107,Omni Channel,CT250096
VT-F-99-010721,2025-06-12,2025-07-07,1.0,Actual,PEM107,Omni Channel,VT250086
CT-F-99-020530,2025-06-12,2025-07-07,3.0,Actual,PEM107,Omni Channel,CT250114
VT-F-99-010819,2025-06-12,2025-07-15,1.0,Actual,PEM107,Omni Channel,VT250018
CT-F-99-020722,2025-06-12,2025-07-15,3.0,Actual,PEM107,Omni Channel,CT250167
VT-F-99-010819,2025-06-12,2025-06-19,1.0,Actual,PEM107,Omni Channel,VT250018
VT-F-99-010721,2025-06-13,2025-07-03,2.0,Actual,PEM107,Omni Channel,VT250086
CT-F-99-020526,2025-06-13,2025-07-03,6.0,Actual,PEM107,Omni Channel,CT250055
VT-F-99-010721,2025-06-16,2025-07-31,1.0,Actual,PEM107,Omni Channel,VT250086
RS-F-99-100001,2025-06-16,2025-07-31,6.0,Actual,PEM107,Omni Channel,RS250234
CT-F-99-020504,2025-06-16,2025-06-30,3.0,Actual,PEM107,Omni Channel,CT250121
VT-F-99-010721,2025-06-16,2025-06-30,1.0,Actual,PEM107,Omni Channel,VT250083
VT-F-99-010721,2025-06-16,2025-06-20,1.0,Actual,PEM107,Omni Channel,VT250083
CT-F-99-020507,2025-06-16,2025-06-20,3.0,Actual,PEM107,Omni Channel,CT250060
CT-F-99-020503,2025-06-16,2025-06-18,3.0,Actual,PEM107,Omni Channel,CT250003
VT-F-99-010721,2025-06-16,2025-06-18,1.0,Actual,PEM107,Omni Channel,VT250083
CT-F-99-020506,2025-06-16,2025-06-18,2.0,Actual,PEM107,Omni Channel,"CT250059,CT250096"
VT-F-99-010721,2025-06-17,2025-06-20,1.0,Actual,PEM107,Omni Channel,VT250083
CT-F-99-020510,2025-06-17,2025-06-20,3.0,Actual,PEM107,Omni Channel,CT250065
CT-F-99-020524,2025-06-17,2025-06-20,3.0,Actual,PEM107,Omni Channel,CT250097
VT-F-99-010721,2025-06-17,2025-06-20,1.0,Actual,PEM107,Omni Channel,VT250083
CT-F-99-020504,2025-06-18,2025-06-18,3.0,Actual,PEM107,Omni Channel,CT250121
CT-F-99-020504,2025-06-18,2025-06-24,3.0,Actual,PEM107,Omni Channel,CT250121
VT-F-99-010721,2025-06-18,2025-06-24,1.0,Actual,PEM107,Omni Channel,VT250083
VT-F-99-010819,2025-06-18,2025-07-17,1.0,Actual,PEM107,Omni Channel,VT250018
CT-F-99-020725,2025-06-18,2025-07-17,3.0,Actual,PEM107,Omni Channel,CT250169
VT-F-99-010721,2025-06-20,2025-07-03,1.0,Actual,PEM107,Omni Channel,VT250083
CT-F-99-020505,2025-06-20,2025-07-03,3.0,Actual,PEM107,Omni Channel,CT250045
CT-F-99-020527,2025-06-20,2025-06-25,3.0,Actual,PEM107,Omni Channel,CT250072
VT-F-99-010203,2024-08-21,2025-11-21,50.0,Actual,PEM107,Omni Channel,VT240138
CT-F-99-020511,2025-06-23,2025-06-25,2.0,Actual,PEM107,Omni Channel,CT250122
VT-F-99-010203,2025-06-23,2025-06-25,2.0,Actual,PEM107,Omni Channel,VT250031
CT-F-99-020511,2025-06-23,2025-06-25,2.0,Actual,PEM107,Omni Channel,CT250122
VT-F-99-010203,2025-06-23,2025-06-25,2.0,Actual,PEM107,Omni Channel,VT250031
VT-F-99-010203,2024-08-14,2025-11-17,68.0,Actual,PPD101,Omni Channel,
VT-F-99-010715,2025-06-24,2025-08-20,1.0,Actual,PEM107,Omni Channel,VT240191
CT-F-99-020506,2025-06-24,2025-08-20,3.0,Actual,PEM107,Omni Channel,CT250120
RS-F-99-070006,2025-05-27,2025-08-20,198.0,Actual,PDEMO,Omni Channel,
VT-F-99-010203,2025-06-24,2025-07-15,2.0,Actual,PEM107,Omni Channel,VT250026
CT-F-99-020508,2025-06-24,2025-07-15,2.0,Actual,PEM107,Omni Channel,CT250008
CT-F-99-020501,2025-03-24,2025-08-20,50.0,Actual,PDEMO,Omni Channel,
RS-F-99-120006,2025-06-25,2025-08-07,2.0,Actual,PEM107,Omni Channel,RS250254
CT-F-99-020505,2025-06-25,2025-06-25,2.0,Actual,PEM107,Omni Channel,CT250141
VT-F-99-010721,2025-06-25,2025-07-14,1.0,Actual,PEM107,Omni Channel,VT250059
CT-F-99-020511,2025-06-25,2025-07-14,3.0,Actual,PEM107,Omni Channel,CT250021
VT-F-99-010819,2025-06-25,2025-07-15,1.0,Actual,PEM107,Omni Channel,VT250018
CT-F-99-020709,2025-06-25,2025-07-15,3.0,Actual,PEM107,Omni Channel,CT250172
VT-F-99-010721,2025-06-25,2025-07-03,1.0,Actual,PEM107,Omni Channel,VT250086
VT-F-99-010203,2025-06-25,2025-07-14,2.0,Actual,PEM107,Omni Channel,VT250026
CT-F-99-020506,2025-06-25,2025-07-14,2.0,Actual,PEM107,Omni Channel,CT250162
VT-F-99-010203,2025-06-26,2025-07-07,1.0,Actual,PEM107,Omni Channel,VT250031
RS-F-99-090026,2025-06-26,2025-07-07,12.0,Actual,PEM107,Omni Channel,RS250255
VT-F-99-010721,2025-06-27,2025-07-04,1.0,Actual,PEM107,Omni Channel,VT250086
CT-F-99-020528,2025-06-27,2025-07-04,3.0,Actual,PEM107,Omni Channel,CT250113
CT-F-99-020527,2025-06-27,2025-06-27,3.0,Actual,PEM107,Omni Channel,CT250146
RS-F-99-041006,2025-06-25,2025-08-07,2.0,Actual,PEM107,Omni Channel,RS250253
CT-F-99-020504,2025-06-30,2025-07-25,2.0,Actual,PEM107,Omni Channel,CT250058
VT-F-99-010203,2025-06-30,2025-07-25,2.0,Actual,PEM107,Omni Channel,VT250031
VT-F-99-010721,2025-07-01,2025-08-29,1.0,Actual,PEM107,Omni Channel,VT250097
VT-F-99-010701,2025-07-01,2025-07-04,1.0,Actual,PEM107,Omni Channel,VT250062
CT-F-99-020508,2025-07-01,2025-07-15,3.0,Actual,PEM107,Omni Channel,CT250128
VT-F-99-010721,2025-07-01,2025-07-15,1.0,Actual,PEM107,Omni Channel,VT250086
CT-F-99-020502,2025-07-01,2025-08-07,3.0,Actual,PEM107,Omni Channel,CT250144
VT-F-99-010721,2025-07-01,2025-08-07,1.0,Actual,PEM107,Omni Channel,VT250086 
VT-F-99-010715,2025-06-30,2025-07-28,1.0,Actual,PEM107,Omni Channel,VT250093
VT-F-99-010203,2025-07-02,2025-07-07,2.0,Actual,PEM107,Omni Channel,VT250031
VT-F-99-010721,2025-07-02,2025-07-08,2.0,Actual,PEM107,Omni Channel,VT250083
CT-F-99-020507,2025-07-02,2025-07-08,3.0,Actual,PEM107,Omni Channel,CT250060
CT-F-99-020509,2025-07-02,2025-07-08,3.0,Actual,PEM107,Omni Channel,CT250178
CT-F-99-020526,2025-04-22,2025-08-29,3.0,Actual,PEM107,Omni Channel,CT250168
VT-F-99-010721,2025-07-03,2025-07-04,1.0,Actual,PEM107,Omni Channel,VT250086
CT-F-99-020528,2025-07-03,2025-07-04,3.0,Actual,PEM107,Omni Channel,CT250157 
CT-F-99-020524,2025-07-03,2025-07-25,3.0,Actual,PEM107,Omni Channel,CT250152
VT-F-99-010721,2025-07-03,2025-07-25,1.0,Actual,PEM107,Omni Channel,VT250086
VT-F-99-010721,2025-07-03,2025-07-09,1.0,Actual,PEM107,Omni Channel,VT250086
CT-F-99-020506,2025-07-03,2025-07-09,3.0,Actual,PEM107,Omni Channel,CT250120
CT-F-99-020526,2025-07-03,2025-07-16,1.0,Actual,PEM107,Omni Channel,CT250046
CT-F-99-020508,2025-07-04,2025-08-07,3.0,Actual,PEM107,Omni Channel,CT250128
VT-F-99-010721,2025-07-04,2025-08-07,1.0,Actual,PEM107,Omni Channel,VT250086
CT-F-99-020528,2025-07-04,2025-07-04,2.0,Actual,PEM107,Omni Channel,CT250157
CT-F-99-020527,2025-07-04,2025-07-14,3.0,Actual,PEM107,Omni Channel,CT250164
VT-F-99-010721,2025-07-04,2025-07-22,1.0,Actual,PEM107,Omni Channel,VT250086
CT-F-99-020506,2025-07-04,2025-07-22,3.0,Actual,PEM107,Omni Channel,CT250120
CT-F-99-020506,2025-07-04,2025-07-09,3.0,Actual,PEM107,Omni Channel,CT250120
VT-F-99-010721,2025-07-04,2025-07-09,1.0,Actual,PEM107,Omni Channel,VT250086
RS-F-99-100001,2025-07-07,2025-08-01,3.0,Actual,PEM107,Omni Channel,RS250267
VT-F-99-010721,2025-07-07,2025-07-14,1.0,Actual,PEM107,Omni Channel,VT250086 
CT-F-99-020507,2025-07-07,2025-07-14,3.0,Actual,PEM107,Omni Channel,CT250098
VT-F-99-010721,2025-07-07,2025-07-09,1.0,Actual,PEM107,Omni Channel,VT250086
CT-F-99-020530,2025-07-07,2025-07-09,3.0,Actual,PEM107,Omni Channel,CT250114
VT-F-99-010721,2025-07-07,2025-07-08,1.0,Actual,PEM107,Omni Channel,VT250086
CT-F-99-020505,2025-07-07,2025-07-08,3.0,Actual,PEM107,Omni Channel,CT250095
VT-F-99-010701,2025-07-07,2025-07-14,1.0,Actual,PEM107,Omni Channel,VT250062
VT-F-99-010715,2025-07-08,2025-07-18,1.0,Actual,PEM107,Omni Channel,VT250093
CT-F-99-020506,2025-07-08,2025-07-18,3.0,Actual,PEM107,Omni Channel,CT250120
RS-F-99-070004,2025-07-08,2025-07-09,6.0,Actual,PEM107,Omni Channel,
VT-F-99-010203,2025-07-08,2025-07-16,16.0,Actual,PEM107,Omni Channel,VT250079
CT-F-99-020531,2025-07-09,2025-07-09,3.0,Actual,PEM107,Omni Channel,CT240323 
VT-F-99-010819,2025-07-14,2025-08-07,1.0,Actual,PEM107,Omni Channel,VT250094
CT-F-99-020722,2025-07-14,2025-08-07,3.0,Actual,PEM107,Omni Channel,CT250190
CT-F-99-020508,2025-06-24,2025-07-22,2.0,Actual,PEM107,Omni Channel,CT250109
VT-F-99-010209,2025-06-24,2025-07-22,2.0,Actual,PEM107,Omni Channel,VT250108
VT-F-99-010819,2025-07-14,2025-08-14,1.0,Actual,PEM107,Omni Channel,VT250094
CT-F-99-020703,2025-07-14,2025-08-14,3.0,Actual,PEM107,Omni Channel,CT250191
CT-F-99-020504,2025-07-14,2025-07-30,3.0,Actual,PEM107,Omni Channel,CT250121
VT-F-99-010721,2025-07-14,2025-07-30,1.0,Actual,PEM107,Omni Channel,VT250097
VT-F-99-010721,2025-07-14,2025-08-15,1.0,Actual,PEM107,Omni Channel,VT250097
CT-F-99-020507,2025-07-14,2025-08-15,3.0,Actual,PEM107,Omni Channel,CT250098
CT-F-99-020504,2025-07-14,2025-07-15,2.0,Actual,PEM107,Omni Channel,CT250121
CT-F-99-020504,2025-07-14,2025-07-31,2.0,Actual,PEM107,Omni Channel,CT250121
VT-F-99-010203,2025-07-14,2025-07-15,2.0,Actual,PEM107,Omni Channel,VT250079
VT-F-99-010203,2025-07-14,2025-07-31,2.0,Actual,PEM107,Omni Channel,VT250079
CT-F-99-020507,2025-07-14,2025-08-29,3.0,Actual,PEM107,Omni Channel,CT250098
VT-F-99-010721,2025-07-14,2025-08-29,1.0,Actual,PEM107,Omni Channel,VT250097
VT-F-99-010721,2025-07-15,2025-07-18,1.0,Actual,PEM107,Omni Channel,VT250086
CT-F-99-020526,2025-07-15,2025-07-18,3.0,Actual,PEM107,Omni Channel,CT250046
CT-F-99-020528,2025-07-15,2025-07-18,3.0,Actual,PEM107,Omni Channel,CT250157
VT-F-99-010721,2025-07-15,2025-07-18,1.0,Actual,PEM107,Omni Channel,VT250086
CT-F-99-020506,2025-07-15,2025-07-16,3.0,Actual,PEM107,Omni Channel,CT250120
VT-F-99-010721,2025-07-15,2025-08-01,1.0,Actual,PEM107,Omni Channel,VT250086
CT-F-99-020507,2025-07-15,2025-08-01,3.0,Actual,PEM107,Omni Channel,CT250098
CT-F-99-020503,2025-07-15,2025-07-16,2.0,Actual,PEM107,Omni Channel,CT250063
VT-F-99-010203,2025-07-15,2025-07-16,2.0,Actual,PEM107,Omni Channel,VT250031
CT-F-99-020506,2025-07-15,2025-07-18,3.0,Actual,PEM107,Omni Channel,CT250162
VT-F-99-010721,2025-07-15,2025-07-18,1.0,Actual,PEM107,Omni Channel,VT250086
VT-F-99-010820,2025-07-15,2025-10-03,24.0,Actual,PEM107,Omni Channel,VT250109
VT-F-99-010721,2025-07-16,2025-08-10,1.0,Actual,PEM107,Omni Channel,VT250097
CT-F-99-020505,2025-07-16,2025-08-10,3.0,Actual,PEM107,Omni Channel,CT250095
VT-F-99-010721,2025-07-16,2025-07-25,1.0,Actual,PEM107,Omni Channel,VT250097
CT-F-99-020505,2025-07-16,2025-07-25,3.0,Actual,PEM107,Omni Channel,CT250095
CT-F-99-020508,2025-07-16,2025-07-18,3.0,Actual,PEM107,Omni Channel,CT250109
CT-F-99-020506,2025-07-16,2025-09-19,3.0,Actual,PEM107,Omni Channel,CT250162
RS-F-99-070007,2025-07-17,2025-10-08,102.0,Actual,PEM107,Omni Channel,RS250281
RS-F-99-070002,2025-07-17,2025-08-20,157.0,Actual,PEM107,Omni Channel,RS250280
CT-F-99-020507,2025-07-17,2025-10-08,4.0,Actual,PEM107,Omni Channel,CT250192
VT-F-99-010721,2025-07-17,2025-07-18,1.0,Actual,PEM107,Omni Channel,VT250086
CT-F-99-020507,2025-07-17,2025-07-18,3.0,Actual,PEM107,Omni Channel,CT250098
RS-F-99-010123,2025-07-17,2025-08-29,2.0,Actual,PEM107,Omni Channel,RS250278
CT-F-99-020504,2025-07-17,2025-08-29,3.0,Actual,PEM107,Omni Channel,CT250121
VT-F-99-010721,2025-07-17,2025-08-29,1.0,Actual,PEM107,Omni Channel,VT250097
CT-F-99-020504,2025-07-17,2025-07-23,4.0,Actual,PEM107,Omni Channel,CT250121
VT-F-99-010203,2025-07-17,2025-07-23,4.0,Actual,PEM107,Omni Channel,VT250079
VT-F-99-010721,2025-07-18,2025-07-30,1.0,Actual,PEM107,Omni Channel,VT250083
CT-F-99-020531,2025-07-18,2025-07-30,3.0,Actual,PEM107,Omni Channel,CT250071
CT-F-99-020527,2025-07-18,2025-07-30,3.0,Actual,PEM107,Omni Channel,CT250164
VT-F-99-010721,2025-07-21,2025-07-29,1.0,Actual,PEM107,Omni Channel,VT250086
CT-F-99-020510,2025-07-21,2025-10-08,4.0,Actual,PEM107,Omni Channel,CT250193
VT-F-99-010721,2025-07-21,2025-07-30,1.0,Actual,PEM107,Omni Channel,VT250086
CT-F-99-020505,2025-07-21,2025-07-30,3.0,Actual,PEM107,Omni Channel,CT250095
CT-F-99-020506,2025-07-21,2025-08-22,3.0,Actual,PEM107,Omni Channel,CT250096
VT-F-99-010722,2025-07-18,2025-10-31,12.0,Actual,PEM102,Omni Channel,SS250189
VT-F-99-010721,2025-07-22,2025-07-25,1.0,Actual,PEM107,Omni Channel,VT250086
CT-F-99-020505,2025-07-22,2025-07-25,3.0,Actual,PEM107,Omni Channel,CT250095
VT-F-99-010701,2025-07-22,2025-08-04,1.0,Actual,PEM107,Omni Channel,VT250106
CT-F-99-020705,2025-07-22,2025-08-20,3.0,Actual,PEM107,Omni Channel,CT250194
VT-F-99-010818,2025-07-22,2025-08-20,1.0,Actual,PEM107,Omni Channel,VT250113
CT-F-99-020510,2025-07-22,2025-07-30,1.0,Actual,PEM107,Omni Channel,CT250009
VT-F-99-010721,2025-07-22,2025-07-30,1.0,Actual,PEM107,Omni Channel,VT250097
VT-F-99-010819,2025-07-22,2025-09-19,1.0,Actual,PEM107,Omni Channel,VT250094 
CT-F-99-020707,2025-07-22,2025-09-19,3.0,Actual,PEM107,Omni Channel,CT250199
CT-F-99-020504,2025-07-22,2025-07-25,3.0,Actual,PEM107,Omni Channel,CT250094
VT-F-99-010721,2025-07-22,2025-07-25,1.0,Actual,PEM107,Omni Channel,VT250086
VT-F-99-010721,2025-07-22,2025-07-25,1.0,Actual,PEM107,Omni Channel,VT250086
CT-F-99-020505,2025-07-22,2025-07-25,3.0,Actual,PEM107,Omni Channel,CT250095
CT-F-99-020532,2025-07-22,2025-08-25,3.0,Actual,PEM107,Omni Channel,CT250200
CT-F-99-020503,2025-07-23,2025-08-01,3.0,Actual,PEM107,Omni Channel,CT250063
VT-F-99-010721,2025-07-23,2025-08-01,1.0,Actual,PEM107,Omni Channel,VT250097
CT-F-99-020510,2025-07-23,2025-07-25,3.0,Actual,PEM107,Omni Channel,CT250065
CT-F-99-020527,2025-07-24,2025-08-05,3.0,Actual,PEM107,Omni Channel,CT250164
VT-F-99-010721,2025-07-24,2025-08-05,1.0,Actual,PEM107,Omni Channel,VT250097
VT-F-99-010203,2025-07-24,2025-07-24,1.0,Actual,PEM107,Omni Channel,VT250079
VT-F-99-010819,2025-07-25,2025-08-19,1.0,Actual,PEM107,Omni Channel,VT250094
CT-F-99-020705,2025-07-25,2025-08-19,3.0,Actual,PEM107,Omni Channel,CT250203
CT-F-99-020507,2025-07-29,2025-08-25,4.0,Actual,PTS,Tendering,CTR-2025-03947
CT-F-99-020508,2025-07-29,2025-08-25,2.0,Actual,PTS,Tendering,CTR-2025-03947
CT-F-99-020510,2025-07-29,2025-08-25,4.0,Actual,PTS,Tendering,CTR-2025-03947
CT-F-99-020512,2025-07-29,2025-08-25,30.0,Actual,PTS,Tendering,CTR-2025-03947
VT-F-99-010203,2025-07-29,2025-08-25,148.0,Actual,PTS,Tendering,CTR-2025-03947
VT-F-99-010721,2025-07-29,2025-08-14,1.0,Actual,PEM107,Omni Channel,VT250097
CT-F-99-020528,2025-07-29,2025-08-14,3.0,Actual,PEM107,Omni Channel,CT250180 
VT-F-99-010721,2025-07-29,2025-08-20,1.0,Actual,PEM107,Omni Channel,VT250097
CT-F-99-020530,2025-07-29,2025-08-20,3.0,Actual,PEM107,Omni Channel,CT250160
VT-F-99-010721,2025-07-29,2025-09-03,1.0,Actual,PEM107,Omni Channel,VT250105
CT-F-99-020530,2025-07-29,2025-09-03,3.0,Actual,PEM107,Omni Channel,CT250160
VT-F-99-010721,2025-07-29,2025-08-15,1.0,Actual,PEM107,Omni Channel,VT250097
CT-F-99-020507,2025-07-29,2025-08-15,3.0,Actual,PEM107,Omni Channel,CT250098
VT-F-99-010721,2025-07-29,2025-08-22,1.0,Actual,PEM107,Omni Channel,VT250097
VT-F-99-010203,2025-07-29,2025-08-15,2.0,Actual,PEM107,Omni Channel,VT250079
VT-F-99-010203,2025-07-30,2025-08-01,2.0,Actual,PEM107,Omni Channel,VT250079
CT-F-99-020503,2025-07-30,2025-08-01,2.0,Actual,PEM107,Omni Channel,CT250063
CT-F-99-020528,2025-07-30,2025-07-31,3.0,Actual,PEM107,Omni Channel,CT250113
VT-F-99-010721,2025-07-30,2025-07-31,1.0,Actual,PEM107,Omni Channel,VT250086
VT-F-99-010722,2025-07-30,2025-08-29,2.0,Actual,PEM107,Omni Channel,LB250107 CU250015 SS250191 VT2
VT-F-99-010701,2025-07-31,2025-08-04,1.0,Actual,PEM107,Omni Channel,VT250106
CT-F-99-020507,2025-07-31,2025-08-06,2.0,Actual,PEM107,Omni Channel,CT250026
VT-F-99-010203,2025-07-31,2025-08-07,2.0,Actual,PEM107,Omni Channel,VT250079
CT-F-99-020505,2025-07-31,2025-08-07,2.0,Actual,PEM107,Omni Channel,CT250141
VT-F-99-010203,2025-08-01,2025-08-05,8.0,Actual,PEM107,Omni Channel,VT250079
CT-F-99-020501,2025-08-01,2025-08-05,8.0,Actual,PEM107,Omni Channel,CT250018
VT-F-99-010203,2025-08-01,2025-08-05,6.0,Actual,PEM107,Omni Channel,VT250079
CT-F-99-020502,2025-08-01,2025-08-05,6.0,Actual,PEM107,Omni Channel,CT250062
VT-F-99-010715,2025-08-01,2025-08-20,1.0,Actual,PEM107,Omni Channel,VT250093
CT-F-99-020504,2025-08-01,2025-08-20,3.0,Actual,PEM107,Omni Channel,CT250121
CT-F-99-020506,2025-08-01,2025-08-08,3.0,Actual,PEM107,Omni Channel,CT250162
VT-F-99-010819,2025-08-04,2025-08-14,1.0,Actual,PEM107,Omni Channel,VT250094
CT-F-99-020730,2025-08-04,2025-08-14,3.0,Actual,PEM107,Omni Channel,CT250206
CT-F-99-020505,2025-08-04,2025-08-13,3.0,Actual,PEM107,Omni Channel,CT250141
VT-F-99-010721,2025-08-04,2025-08-13,1.0,Actual,PEM107,Omni Channel,VT250097
VT-F-99-010303,2025-08-04,2025-09-01,1.0,Actual,PEM107,Omni Channel,VT250087
VT-F-99-010721,2025-08-04,2025-08-11,1.0,Actual,PEM107,Omni Channel,VT250097
VT-F-99-010202,2025-08-04,2025-08-11,1.0,Actual,PEM107,Omni Channel,VT250067
VT-F-99-010721,2025-08-04,2025-08-31,1.0,Actual,PEM107,Omni Channel,VT250105
CT-F-99-020504,2025-08-04,2025-08-31,3.0,Actual,PEM107,Omni Channel,CT250132
VT-F-99-010721,2025-08-04,2025-08-31,1.0,Actual,PEM107,Omni Channel,VT250105
CT-F-99-020504,2025-08-04,2025-08-31,3.0,Actual,PEM107,Omni Channel,CT250132
VT-F-99-010721,2025-08-04,2025-08-31,1.0,Actual,PEM107,Omni Channel,VT250105
CT-F-99-020503,2025-08-04,2025-08-31,3.0,Actual,PEM107,Omni Channel,CT250145
CT-F-99-020505,2025-07-29,2025-08-15,2.0,Actual,PEM107,Omni Channel,CT250141
VT-F-99-010721,2025-08-05,2025-08-31,1.0,Actual,PEM107,Omni Channel,VT250105
CT-F-99-020504,2025-08-05,2025-08-31,3.0,Actual,PEM107,Omni Channel,CT250132
VT-F-99-010721,2025-08-05,2025-08-31,1.0,Actual,PEM107,Omni Channel,VT250105
CT-F-99-020502,2025-08-05,2025-08-31,3.0,Actual,PEM107,Omni Channel,CT250144
VT-F-99-010721,2025-08-05,2025-08-31,1.0,Actual,PEM107,Omni Channel,VT250105
CT-F-99-020503,2025-08-05,2025-08-31,3.0,Actual,PEM107,Omni Channel,CT250145
VT-F-99-010721,2025-08-05,2025-08-31,1.0,Actual,PEM107,Omni Channel,VT250105
CT-F-99-020503,2025-08-05,2025-08-31,3.0,Actual,PEM107,Omni Channel,CT250145
VT-F-99-010721,2025-08-05,2025-08-31,1.0,Actual,PEM107,Omni Channel,VT250105
CT-F-99-020501,2025-08-05,2025-08-31,3.0,Actual,PEM107,Omni Channel,CT250018
VT-F-99-010721,2025-08-05,2025-08-31,1.0,Actual,PEM107,Omni Channel,VT250105
CT-F-99-020502,2025-08-05,2025-08-31,3.0,Actual,PEM107,Omni Channel,CT250144
VT-F-99-010721,2025-08-05,2025-08-31,1.0,Actual,PEM107,Omni Channel,VT250105
CT-F-99-020502,2025-08-05,2025-08-31,3.0,Actual,PEM107,Omni Channel,CT250144
VT-F-99-010721,2025-08-05,2025-08-31,1.0,Actual,PEM107,Omni Channel,VT250105
CT-F-99-020502,2025-08-05,2025-08-31,3.0,Actual,PEM107,Omni Channel,CT250144
VT-F-99-010721,2025-08-05,2025-08-31,1.0,Actual,PEM107,Omni Channel,VT250105
CT-F-99-020505,2025-08-05,2025-08-31,3.0,Actual,PEM107,Omni Channel,CT250141
VT-F-99-010721,2025-08-05,2025-08-31,1.0,Actual,PEM107,Omni Channel,VT250105
CT-F-99-020501,2025-08-05,2025-08-31,3.0,Actual,PEM107,Omni Channel,CT250118
VT-F-99-010721,2025-08-05,2025-08-31,1.0,Actual,PEM107,Omni Channel,VT250105
CT-F-99-020504,2025-08-05,2025-08-31,3.0,Actual,PEM107,Omni Channel,CT250132
VT-F-99-010721,2025-08-05,2025-08-31,1.0,Actual,PEM107,Omni Channel,VT250105
CT-F-99-020503,2025-08-05,2025-08-31,3.0,Actual,PEM107,Omni Channel,CT250145
VT-F-99-010721,2025-08-05,2025-08-31,1.0,Actual,PEM107,Omni Channel,VT250105
CT-F-99-020502,2025-08-05,2025-08-31,3.0,Actual,PEM107,Omni Channel,CT250144
VT-F-99-010721,2025-08-05,2025-08-15,2.0,Actual,PEM107,Omni Channel,VT250105
CT-F-99-020502,2025-08-05,2025-08-15,3.0,Actual,PEM107,Omni Channel,CT250144
CT-F-99-020504,2025-08-05,2025-08-15,3.0,Actual,PEM107,Omni Channel,CT250121
VT-F-99-010721,2025-08-05,2025-08-15,5.0,Actual,PEM107,Omni Channel,VT250105
CT-F-99-020502,2025-08-05,2025-08-15,9.0,Actual,PEM107,Omni Channel,CT250144
CT-F-99-020503,2025-08-05,2025-08-15,6.0,Actual,PEM107,Omni Channel,CT250145
VT-F-99-010203,2025-08-06,2025-08-25,2.0,Actual,PEM107,Omni Channel,VT250079
CT-F-99-020502,2025-08-06,2025-08-25,2.0,Actual,PEM107,Omni Channel,CT250181
CT-F-99-020504,2025-08-06,2025-08-11,9.0,Actual,PEM107,Omni Channel,"CT250132,CT250183"
VT-F-99-010721,2025-08-06,2025-08-11,3.0,Actual,PEM107,Omni Channel,VT250097
RS-F-99-070003,2025-08-06,2025-09-08,60.0,Actual,PEM107,Omni Channel,RS250307
RS-F-99-070006,2025-08-06,2025-09-08,30.0,Actual,PEM107,Omni Channel,RS250308
VT-F-99-010202,2025-08-06,2025-09-08,15.0,Actual,PEM107,Omni Channel,VT250114
RS-F-99-070004,2025-08-06,2025-09-08,60.0,Actual,PEM107,Omni Channel,RS240309
RS-F-99-070005,2025-08-06,2025-09-08,30.0,Actual,PEM107,Omni Channel,RS250310
RS-F-99-070002,2025-08-06,2025-09-08,60.0,Actual,PEM107,Omni Channel,RS250306
RS-F-99-070007,2025-08-06,2025-09-08,60.0,Actual,PEM107,Omni Channel,RS250305
VT-F-99-010721,2025-08-06,2025-08-29,5.0,Actual,PEM107,Omni Channel,VT250105
VT-F-99-010721,2025-08-06,2025-08-07,1.0,Actual,PEM107,Omni Channel,VT250097
CT-F-99-020506,2025-08-06,2025-08-07,3.0,Actual,PEM107,Omni Channel,CT250162
VT-F-99-010721,2025-08-07,2025-08-14,1.0,Actual,PEM107,Omni Channel,VT250097
CT-F-99-020504,2025-08-07,2025-08-14,3.0,Actual,PEM107,Omni Channel,CT250132
VT-F-99-010721,2025-08-07,2025-09-03,1.0,Actual,PEM107,Omni Channel,VT250105
CT-F-99-020506,2025-08-07,2025-09-03,3.0,Actual,PEM107,Omni Channel,CT250185
CT-F-99-020502,2025-08-07,2025-11-25,20.0,Actual,PEM107,Omni Channel,CT250213
CT-F-99-020503,2025-08-07,2025-11-25,20.0,Actual,PEM107,Omni Channel,CT250215
CT-F-99-020504,2025-08-07,2025-10-08,10.0,Actual,PEM107,Omni Channel,CT250217
CT-F-99-020505,2025-08-07,2025-11-25,10.0,Actual,PEM107,Omni Channel,CT250219
CT-F-99-020506,2025-08-07,2025-10-08,8.0,Actual,PEM107,Omni Channel,CT250220
CT-F-99-020514,2025-08-07,2025-10-08,20.0,Actual,PEM107,Omni Channel,CT250212
CT-F-99-020510,2025-08-07,2025-08-13,3.0,Actual,PEM107,Omni Channel,"VT250060,CT250143"
CT-F-99-020503,2025-08-07,2025-08-15,3.0,Actual,PEM107,Omni Channel,CT250063
VT-F-99-010721,2025-08-07,2025-08-15,1.0,Actual,PEM107,Omni Channel,VT250097
VT-F-99-010721,2025-08-08,2025-08-22,1.0,Actual,PEM107,Omni Channel,VT250105 
CT-F-99-020504,2025-08-08,2025-08-22,3.0,Actual,PEM107,Omni Channel,CT250183
CT-F-99-020510,2025-08-08,2025-08-08,3.0,Actual,PEM107,Omni Channel,CT250143
RS-F-99-070003,2025-05-19,2025-10-08,132.0,Actual,PDEMO,Omni Channel,
CT-F-99-020507,2025-08-11,2025-09-30,4.0,Actual,PEM107,Omni Channel,CT250098
CT-F-99-020508,2025-08-11,2025-09-30,2.0,Actual,PEM107,Omni Channel,CT250128
CT-F-99-020510,2025-08-11,2025-09-30,4.0,Actual,PEM107,Omni Channel,CT250115
CT-F-99-020512,2025-08-11,2025-09-30,30.0,Actual,PEM107,Omni Channel,CT250163
VT-F-99-010203,2025-08-11,2025-09-30,148.0,Actual,PEM107,Omni Channel,VT250096
CT-F-99-020510,2025-08-11,2025-08-15,3.0,Actual,PEM107,Omni Channel,CT250143
VT-F-99-010721,2025-08-11,2025-08-15,1.0,Actual,PEM107,Omni Channel,VT250097
CT-F-99-020527,2025-08-11,2025-08-13,1.0,Actual,PEM107,Omni Channel,CT250164
VT-F-99-010721,2025-08-13,2025-09-05,1.0,Actual,PEM107,Omni Channel,VT250105
CT-F-99-020506,2025-08-13,2025-09-05,3.0,Actual,PEM107,Omni Channel,CT250162
CT-F-99-020703,2025-08-14,2025-09-12,3.0,Actual,PEM107,Omni Channel,CT250225
VT-F-99-010818,2025-08-14,2025-09-12,1.0,Actual,PEM107,Omni Channel,VT250120
CT-F-99-020506,2025-08-14,2025-09-10,3.0,Actual,PEM107,Omni Channel,CT250185
CT-F-99-020703,2025-08-14,2025-09-12,3.0,Actual,PEM107,Omni Channel,CT250225
VT-F-99-010819,2025-08-14,2025-09-12,1.0,Actual,PEM107,Omni Channel,VT250094 
VT-F-99-010721,2025-08-14,2025-08-15,1.0,Actual,PEM107,Omni Channel,VT250097
CT-F-99-020507,2025-08-14,2025-08-15,3.0,Actual,PEM107,Omni Channel,CT250098
VT-F-99-010203,2025-08-15,2025-08-15,2.0,Actual,PEM107,Omni Channel,VT250079
CT-F-99-020504,2025-08-15,2025-08-15,2.0,Actual,PEM107,Omni Channel,CT250121
CT-F-99-020525,2025-08-15,2025-08-28,3.0,Actual,PEM107,Omni Channel,CT250075
VT-F-99-010721,2025-08-15,2025-08-28,1.0,Actual,PEM107,Omni Channel,VT250097
VT-F-99-010721,2025-08-15,2025-08-15,1.0,Actual,PEM107,Omni Channel,VT250105
CT-F-99-020531,2025-08-15,2025-08-15,3.0,Actual,PEM107,Omni Channel,CT250071
RS-F-99-100013,2025-08-15,2025-09-15,3.0,Actual,PEM107,Omni Channel,RS250322
CT-F-99-020504,2025-08-15,2025-12-08,3.0,Actual,PEM107,Omni Channel,CT250304
CT-F-99-020502,2025-08-18,2025-08-18,3.0,Actual,PEM107,Omni Channel,CT250181
VT-F-99-010721,2025-08-18,2025-08-18,1.0,Actual,PEM107,Omni Channel,VT250097
CT-F-99-020502,2025-08-18,2025-08-26,3.0,Actual,PEM107,Omni Channel,CT250181
VT-F-99-010721,2025-08-18,2025-08-26,1.0,Actual,PEM107,Omni Channel,VT250105
CT-F-99-020502,2025-08-18,2025-09-12,3.0,Actual,PEM107,Omni Channel,CT250181
VT-F-99-010721,2025-08-18,2025-09-12,1.0,Actual,PEM107,Omni Channel,VT250105
CT-F-99-020506,2025-08-18,2025-08-18,3.0,Actual,PEM107,Omni Channel,CT250162
VT-F-99-010203,2025-08-18,2025-08-20,2.0,Actual,PEM107,Omni Channel,VT250078
CT-F-99-020503,2025-08-18,2025-08-20,2.0,Actual,PEM107,Omni Channel,CT250063
CT-F-99-020502,2025-08-18,2025-08-28,3.0,Actual,PEM107,Omni Channel,CT250181
VT-F-99-010721,2025-08-18,2025-08-28,1.0,Actual,PEM107,Omni Channel,VT250105
CT-F-99-020502,2025-08-18,2025-10-07,3.0,Actual,PEM107,Omni Channel,CT250181
VT-F-99-010721,2025-08-18,2025-08-21,1.0,Actual,PEM107,Omni Channel,VT250105
CT-F-99-020503,2025-08-18,2025-08-20,3.0,Actual,PEM107,Omni Channel,CT250145
VT-F-99-010721,2025-08-18,2025-10-07,1.0,Actual,PEM107,Omni Channel,VT250105
CT-F-99-020503,2025-08-18,2025-08-26,3.0,Actual,PEM107,Omni Channel,CT250145
VT-F-99-010721,2025-08-18,2025-08-26,1.0,Actual,PEM107,Omni Channel,VT250105
CT-F-99-020503,2025-08-18,2025-10-07,3.0,Actual,PEM107,Omni Channel,CT250145
VT-F-99-010721,2025-08-18,2025-08-27,1.0,Actual,PEM107,Omni Channel,VT250105
CT-F-99-020502,2025-08-18,2025-08-25,3.0,Actual,PEM107,Omni Channel,CT250181
VT-F-99-010721,2025-08-18,2025-10-07,1.0,Actual,PEM107,Omni Channel,VT250105
CT-F-99-020504,2025-08-18,2025-09-01,2.0,Actual,PEM107,Omni Channel,CT250132
VT-F-99-010721,2025-08-18,2025-08-19,1.0,Actual,PEM107,Omni Channel,VT250097
CT-F-99-020504,2025-08-18,2025-09-26,3.0,Actual,PEM107,Omni Channel,CT250183
VT-F-99-010721,2025-08-18,2025-08-29,1.0,Actual,PEM107,Omni Channel,VT250105
CT-F-99-020505,2025-08-18,2025-08-22,3.0,Actual,PEM107,Omni Channel,CT250141
VT-F-99-010721,2025-08-18,2025-08-22,1.0,Actual,PEM107,Omni Channel,VT250105
CT-F-99-020506,2025-08-18,2025-08-22,3.0,Actual,PEM107,Omni Channel,CT250185
VT-F-99-010721,2025-08-18,2025-09-26,1.0,Actual,PEM107,Omni Channel,VT250105
VT-F-99-010203,2025-08-18,2025-09-02,6.0,Actual,PEM107,Omni Channel,VT250078
CT-F-99-020503,2025-08-18,2025-09-02,6.0,Actual,PEM107,Omni Channel,CT250063
VT-F-99-010721,2025-08-19,2025-08-28,1.0,Actual,PEM107,Omni Channel,VT250105
CT-F-99-020508,2025-08-19,2025-08-28,3.0,Actual,PEM107,Omni Channel,CT250109
VT-F-99-010615,2025-08-19,2026-03-31,9.0,Actual,PEM107,Tendering,VT250101
VT-F-99-010722,2025-08-19,2025-10-01,12.0,Actual,PTS,Tendering,CTR-2025-04414
VT-F-99-010721,2025-08-19,2025-09-10,1.0,Actual,PEM107,Omni Channel,VT250105
CT-F-99-020531,2025-08-19,2025-09-10,3.0,Actual,PEM107,Omni Channel,CT250188
VT-F-99-010616,2025-08-20,2025-09-19,3.0,Actual,PEM107,Omni Channel,VT250121
VT-F-99-010721,2025-08-20,2025-10-14,1.0,Actual,PEM107,Omni Channel,VT250105
CT-F-99-020529,2025-08-20,2025-10-14,3.0,Actual,PEM107,Omni Channel,CT250228
CT-F-99-020510,2025-08-20,2025-08-22,3.0,Actual,PEM107,Omni Channel,CT250143
VT-F-99-010721,2025-08-20,2025-08-22,1.0,Actual,PEM107,Omni Channel,VT250105 
CT-F-99-020502,2025-08-20,2025-09-01,3.0,Actual,PEM107,Omni Channel,CT250181
CT-F-99-020504,2025-08-20,2025-09-01,3.0,Actual,PEM107,Omni Channel,CT250183
CT-F-99-020506,2025-08-20,2025-09-01,3.0,Actual,PEM107,Omni Channel,CT250185
VT-F-99-010721,2025-08-20,2025-09-01,3.0,Actual,PEM107,Omni Channel,VT250105
VT-F-99-010721,2025-08-20,2025-08-28,1.0,Actual,PEM107,Omni Channel,VT250105
CT-F-99-020527,2025-08-20,2025-08-28,3.0,Actual,PEM107,Omni Channel,CT250189
VT-F-99-010721,2025-08-20,2025-09-01,2.0,Actual,PEM107,Omni Channel,"VT250105,CT250181,CT250183"
RS-F-99-041010,2025-08-20,2025-09-26,6.0,Actual,PEM107,Omni Channel,RS250316
RS-F-99-041006,2025-08-20,2025-09-26,6.0,Actual,PEM107,Omni Channel,RS250317
RS-F-99-041007,2025-08-20,2025-09-26,3.0,Actual,PEM107,Omni Channel,RS250318
RS-F-99-041008,2025-08-20,2025-09-26,6.0,Actual,PEM107,Omni Channel,RS250319
CT-F-99-020502,2025-08-21,2025-09-10,7.0,Actual,PEM107,Omni Channel,"CT250181,CT250222"
CT-F-99-020503,2025-08-21,2025-09-10,7.0,Actual,PEM107,Omni Channel,CT250063
CT-F-99-020504,2025-08-21,2025-09-10,8.0,Actual,PEM107,Omni Channel,CT250183
VT-F-99-010303,2025-08-21,2025-09-17,1.0,Actual,PEM107,Omni Channel,VT250087
CT-F-99-020709,2025-08-21,2025-09-17,1.0,Actual,PEM107,Omni Channel,CT250232
VT-F-99-010203,2025-08-21,2025-08-28,16.0,Actual,PEM107,Omni Channel,VT250078
CT-F-99-020507,2025-08-21,2025-08-22,3.0,Actual,PEM107,Omni Channel,CT250186
VT-F-99-010721,2025-08-21,2025-08-22,1.0,Actual,PEM107,Omni Channel,VT250105
VT-F-99-010203,2025-08-21,2025-09-12,2.0,Actual,PEM107,Omni Channel,VT250078
RS-F-99-070002,2025-07-17,2025-10-08,83.0,Actual,PEM107,Omni Channel,RS250280
VT-F-99-010203,2025-08-21,2025-09-12,2.0,Actual,PEM107,Omni Channel,VT250078
CT-F-99-020502,2025-08-21,2025-09-12,2.0,Actual,PEM107,Omni Channel,CT250222
CT-F-99-020503,2025-08-21,2025-08-29,3.0,Actual,PEM107,Omni Channel,CT250145
CT-F-99-020506,2025-08-21,2025-08-25,3.0,Actual,PEM107,Omni Channel,CT250185
VT-F-99-010721,2025-08-21,2025-08-25,1.0,Actual,PEM107,Omni Channel,VT250105
CT-F-99-020505,2025-08-21,2025-08-29,3.0,Actual,PEM107,Omni Channel,CT250045
VT-F-99-010203,2024-08-14,2025-10-08,72.0,Actual,PPD101,Omni Channel,
RS-F-99-010127,2025-08-22,2025-10-30,2.0,Actual,PEM107,Omni Channel,RS250330
RS-F-99-010128,2025-08-22,2025-10-30,4.0,Actual,PEM107,Omni Channel,RS250329
RS-F-99-010123,2025-08-22,2025-10-30,2.0,Actual,PEM107,Omni Channel,RS250331
VT-F-99-010722,2025-08-22,2025-09-04,2.0,Actual,PEM107,Omni Channel,VT250098
CT-F-99-020507,2025-08-25,2025-09-16,3.0,Actual,PEM107,Omni Channel,CT250186
VT-F-99-010721,2025-08-25,2025-09-16,1.0,Actual,PEM107,Omni Channel,VT250105
CT-F-99-020508,2025-08-25,2025-09-17,3.0,Actual,PEM107,Omni Channel,CT250142
VT-F-99-010721,2025-08-25,2025-09-17,1.0,Actual,PEM107,Omni Channel,VT250105
CT-F-99-020508,2025-08-25,2025-09-24,3.0,Actual,PEM107,Omni Channel,CT250128
VT-F-99-010721,2025-08-25,2025-09-24,1.0,Actual,PEM107,Omni Channel,VT250105
CT-F-99-020708,2025-08-25,2025-09-12,3.0,Actual,PEM107,Omni Channel,CT250234
VT-F-99-010819,2025-08-25,2025-09-12,1.0,Actual,PEM107,Omni Channel,VT250094
CT-F-99-020508,2025-08-25,2025-09-22,3.0,Actual,PEM107,Omni Channel,CT250128
VT-F-99-010721,2025-08-25,2025-09-22,1.0,Actual,PEM107,Omni Channel,VT250105
CT-F-99-020507,2025-08-25,2025-09-18,3.0,Actual,PEM107,Omni Channel,CT250186
CT-F-99-020507,2025-08-25,2025-08-29,3.0,Actual,PEM107,Omni Channel,CT250186
CT-F-99-020507,2025-08-25,2025-09-23,3.0,Actual,PEM107,Omni Channel,CT250186
CT-F-99-020507,2025-08-25,2025-09-17,3.0,Actual,PEM107,Omni Channel,CT250186
CT-F-99-020507,2025-08-25,2025-09-23,3.0,Actual,PEM107,Omni Channel,CT250186
CT-F-99-020508,2025-08-25,2025-09-16,3.0,Actual,PEM107,Omni Channel,CT250142
CT-F-99-020507,2025-08-25,2025-09-22,3.0,Actual,PEM107,Omni Channel,CT250186
CT-F-99-020507,2025-08-25,2025-09-18,3.0,Actual,PEM107,Omni Channel,CT250186
CT-F-99-020508,2025-08-25,2025-09-17,3.0,Actual,PEM107,Omni Channel,CT250142
CT-F-99-020508,2025-08-25,2025-09-23,3.0,Actual,PEM107,Omni Channel,CT250142
CT-F-99-020506,2025-08-25,2025-08-31,3.0,Actual,PEM107,Omni Channel,CT250162
VT-F-99-010721,2025-08-25,2025-08-31,1.0,Actual,PEM107,Omni Channel,VT250105
VT-F-99-010721,2025-08-25,2025-08-29,1.0,Actual,PEM107,Omni Channel,VT250105
CT-F-99-020528,2025-08-25,2025-08-29,3.0,Actual,PEM107,Omni Channel,CT250180
VT-F-99-010721,2025-08-26,2025-08-26,1.0,Actual,PEM107,Omni Channel,VT250105
CT-F-99-020502,2025-08-26,2025-08-26,3.0,Actual,PEM107,Omni Channel,CT250181
CT-F-99-020530,2025-08-26,2025-08-26,3.0,Actual,PEM107,Omni Channel,CT250197 
VT-F-99-010721,2025-08-26,2025-10-24,1.0,Actual,PEM107,Omni Channel,VT250105
CT-F-99-020504,2025-08-26,2025-10-24,3.0,Actual,PEM107,Omni Channel,CT250183
CT-F-99-020528,2025-08-26,2025-08-27,3.0,Actual,PEM107,Omni Channel,CT250180
VT-F-99-010721,2025-08-26,2025-08-27,1.0,Actual,PEM107,Omni Channel,VT250097
CT-F-99-020524,2025-07-24,2025-09-01,3.0,Actual,PEM107,Omni Channel,"VT250097,CT250180 ,SL250008"
CT-F-99-020530,2025-08-27,2025-09-03,3.0,Actual,PEM107,Omni Channel,CT250197
VT-F-99-010721,2025-08-27,2025-08-29,1.0,Actual,PEM107,Omni Channel,VT250105
VT-F-99-010203,2025-05-13,2025-10-07,2.0,Actual,PEM107,Omni Channel,SR250017 VT250116
CT-F-99-020511,2025-05-13,2025-10-07,2.0,Actual,PEM107,Omni Channel,SR250017 CT250137
VT-F-99-010721,2025-08-21,2025-08-29,1.0,Actual,PEM107,Omni Channel,VT250105
VT-F-99-010721,2025-08-21,2025-08-29,1.0,Actual,PEM107,Omni Channel,VT250105
VT-F-99-010721,2025-08-28,2025-09-19,1.0,Actual,PEM107,Omni Channel,VT250105
CT-F-99-020506,2025-08-28,2025-09-19,3.0,Actual,PEM107,Omni Channel,CT250185
VT-F-99-010721,2025-08-28,2025-09-03,1.0,Actual,PEM107,Omni Channel,VT250105
CT-F-99-020506,2025-08-28,2025-09-03,3.0,Actual,PEM107,Omni Channel,CT250185
VT-F-99-010715,2025-08-28,2025-09-19,1.0,Actual,PEM107,Omni Channel,VT250093
CT-F-99-020507,2025-08-28,2025-09-19,3.0,Actual,PEM107,Omni Channel,CT250186
CT-F-99-020508,2025-08-29,2025-09-26,3.0,Actual,PEM107,Omni Channel,CT250187
CT-F-99-020506,2025-08-29,2025-09-04,3.0,Actual,PEM107,Omni Channel,CT250185
VT-F-99-010721,2025-08-29,2025-09-04,1.0,Actual,PEM107,Omni Channel,VT250105
VT-F-99-010721,2025-08-29,2025-08-30,1.0,Actual,PEM107,Omni Channel,VT250105
CT-F-99-020508,2025-08-29,2025-08-30,3.0,Actual,PEM107,Omni Channel,CT250142
CT-F-99-020504,2025-08-29,2025-09-19,3.0,Actual,PEM107,Omni Channel,CT250183
CT-F-99-020501,2025-05-19,2025-11-17,50.0,Actual,PDEMO,Omni Channel,
VT-F-99-010203,2025-05-19,2025-12-22,50.0,Actual,PDEMO,Omni Channel,
CT-F-99-020507,2025-08-29,2025-09-08,3.0,Actual,PEM107,Omni Channel,CT250224
VT-F-99-010721,2025-08-29,2025-09-08,1.0,Actual,PEM107,Omni Channel,VT250105
CT-F-99-020510,2025-08-29,2025-10-24,3.0,Actual,PEM107,Omni Channel,"CT250009, CT250065"
VT-F-99-010203,2025-09-01,2025-09-03,2.0,Actual,PEM107,Omni Channel,VT250078
CT-F-99-020504,2025-09-01,2025-09-03,2.0,Actual,PEM107,Omni Channel,CT250183
VT-F-99-010721,2025-09-01,2026-05-29,1.0,Actual,PEM107,Omni Channel,VT250105
CT-F-99-020504,2025-09-01,2026-05-29,3.0,Actual,PEM107,Omni Channel,CT250183
VT-F-99-010721,2025-09-01,2025-09-05,1.0,Actual,PEM107,Omni Channel,VT250105
CT-F-99-020504,2025-09-01,2025-09-05,3.0,Actual,PEM107,Omni Channel,CT250183
VT-F-99-010721,2025-09-02,2025-09-10,1.0,Actual,PEM107,Omni Channel,VT250105
CT-F-99-020528,2025-09-02,2025-09-10,1.0,Actual,PEM107,Omni Channel,CT250180
CT-F-99-020508,2025-09-02,2025-10-03,3.0,Actual,PEM107,Omni Channel,CT250187
VT-F-99-010721,2025-09-02,2025-10-03,1.0,Actual,PEM107,Omni Channel,VT250105
CT-F-99-020504,2025-09-02,2025-09-19,3.0,Actual,PEM107,Omni Channel,CT250183
VT-F-99-010721,2025-09-02,2025-09-19,1.0,Actual,PEM107,Omni Channel,VT250122
CT-F-99-020504,2025-09-02,2025-09-25,3.0,Actual,PEM107,Omni Channel,CT250183
VT-F-99-010721,2025-09-02,2025-09-25,1.0,Actual,PEM107,Omni Channel,VT250122
CT-F-99-020504,2025-09-02,2025-09-15,3.0,Actual,PEM107,Omni Channel,CT250183
VT-F-99-010721,2025-09-02,2025-09-15,1.0,Actual,PEM107,Omni Channel,VT250122
CT-F-99-020530,2025-09-02,2025-09-22,3.0,Actual,PEM107,Omni Channel,CT250197
VT-F-99-010701,2025-09-02,2025-09-30,1.0,Actual,PEM107,Omni Channel,VT250106
CT-F-99-020527,2025-09-02,2025-09-05,3.0,Actual,PEM107,Omni Channel,CT250189
CT-F-99-020527,2025-09-03,2025-09-05,3.0,Actual,PEM107,Omni Channel,CT250189
VT-F-99-010721,2025-09-03,2025-09-05,1.0,Actual,PEM107,Omni Channel,VT250105
CT-F-99-020505,2025-09-03,2025-09-11,6.0,Actual,PEM107,Omni Channel,CT250141
VT-F-99-010721,2025-09-03,2025-09-11,2.0,Actual,PEM107,Omni Channel,VT250105
CT-F-99-020507,2025-08-08,2025-09-05,3.0,Actual,PEM107,Omni Channel,"VT250060,CT250132"
VT-F-99-010721,2025-09-03,2025-09-18,1.0,Actual,PEM107,Omni Channel,VT250122
CT-F-99-020510,2025-09-03,2025-09-18,3.0,Actual,PEM107,Omni Channel,CT250115
CT-F-99-020508,2025-09-03,2025-09-12,3.0,Actual,PEM107,Omni Channel,CT250142
CT-F-99-020506,2025-09-03,2025-09-15,3.0,Actual,PEM107,Omni Channel,CT250185
CT-F-99-020507,2025-09-03,2025-09-12,3.0,Actual,PEM107,Omni Channel,CT250224
VT-F-99-010721,2025-09-03,2025-09-12,1.0,Actual,PEM107,Omni Channel,VT250105
VT-F-99-010721,2025-09-05,2025-09-19,1.0,Actual,PEM107,Omni Channel,VT250122
CT-F-99-020506,2025-09-05,2025-09-19,3.0,Actual,PEM107,Omni Channel,CT250185
CT-F-99-020528,2025-09-05,2025-09-26,3.0,Actual,PEM107,Omni Channel,CT250205
CT-F-99-020506,2025-09-08,2025-09-09,2.0,Actual,PEM107,Omni Channel,CT250162
VT-F-99-010203,2025-09-08,2025-09-12,2.0,Actual,PEM107,Omni Channel,VT250116
CT-F-99-020503,2025-09-08,2025-09-12,2.0,Actual,PEM107,Omni Channel,CT250063
VT-F-99-010701,2025-09-08,2025-09-12,1.0,Actual,PEM107,Omni Channel,VT250118
CT-F-99-020510,2025-09-08,2025-10-03,4.0,Actual,PEM107,Omni Channel,CT250202
VT-F-99-010203,2025-09-08,2025-10-03,4.0,Actual,PEM107,Omni Channel,VT250116
VT-F-99-010819,2025-09-09,2025-10-16,1.0,Actual,PEM107,Omni Channel,VT250094
CT-F-99-020706,2025-09-09,2025-10-16,3.0,Actual,PEM107,Omni Channel,CT250239
VT-F-99-010203,2025-09-09,2025-10-03,4.0,Actual,PEM107,Omni Channel,"VT250119,VT250127"
CT-F-99-020510,2025-09-09,2025-10-03,2.0,Actual,PEM107,Omni Channel,CT250202
CT-F-99-020511,2025-09-09,2025-10-03,2.0,Actual,PEM107,Omni Channel,CT250122
VT-F-99-010721,2025-09-10,2025-09-15,1.0,Actual,PEM107,Omni Channel,VT250122
VT-F-99-010721,2025-09-10,2025-09-16,2.0,Actual,PEM107,Omni Channel,"VT250083,VT250105"
CT-F-99-020508,2025-09-10,2025-09-16,3.0,Actual,PEM107,Omni Channel,CT250128
CT-F-99-020510,2025-09-10,2025-09-16,3.0,Actual,PEM107,Omni Channel,CT250115
VT-F-99-010721,2025-09-10,2025-09-19,1.0,Actual,PEM107,Omni Channel,VT250122
CT-F-99-020504,2025-09-10,2025-09-19,3.0,Actual,PEM107,Omni Channel,CT250183
CT-F-99-020504,2025-09-11,2025-09-30,2.0,Actual,PEM107,Omni Channel,CT250183
CT-F-99-020506,2025-09-11,2025-09-30,6.0,Actual,PEM107,Omni Channel,"CT250162,CT250185"
VT-F-99-010209,2025-09-11,2025-09-30,8.0,Actual,PEM107,Omni Channel,VT250129
VT-F-99-010303,2025-09-11,2025-10-10,4.0,Actual,PEM107,Omni Channel,VT250090
CT-F-99-020703,2025-09-11,2025-10-10,2.0,Actual,PEM107,Omni Channel,CT250242
CT-F-99-020702,2025-09-11,2025-10-10,2.0,Actual,PEM107,Omni Channel,CT250241
CT-F-99-020506,2025-09-11,2025-09-12,3.0,Actual,PEM107,Omni Channel,CT250185
VT-F-99-010203,2025-09-11,2025-10-07,14.0,Actual,PEM107,Omni Channel,VT250127
CT-F-99-020508,2025-09-11,2025-10-07,2.0,Actual,PEM107,Omni Channel,CT250236 
CT-F-99-020510,2025-09-11,2025-10-07,2.0,Actual,PEM107,Omni Channel,CT250202
CT-F-99-020511,2025-09-11,2025-10-07,10.0,Actual,PEM107,Omni Channel,CT250122
VT-F-99-010715,2025-09-12,2025-11-30,1.0,Actual,PEM107,Omni Channel,VT250139
CT-F-99-020505,2025-09-12,2025-11-30,3.0,Actual,PEM107,Omni Channel,CT250141
VT-F-99-010203,2025-09-12,2025-10-10,18.0,Actual,PEM107,Omni Channel,VT250130
CT-F-99-020508,2025-09-12,2025-10-10,10.0,Actual,PEM107,Omni Channel,CT250236
CT-F-99-020510,2025-09-12,2025-10-10,4.0,Actual,PEM107,Omni Channel,CT250243
CT-F-99-020511,2025-09-12,2025-10-10,4.0,Actual,PEM107,Omni Channel,CT250122
VT-F-99-010203,2025-09-12,2025-10-10,12.0,Actual,PEM107,Omni Channel,VT250130
CT-F-99-020508,2025-09-12,2025-10-10,2.0,Actual,PEM107,Omni Channel,CT250236
CT-F-99-020510,2025-09-12,2025-10-10,4.0,Actual,PEM107,Omni Channel,CT250243
CT-F-99-020511,2025-09-12,2025-10-10,6.0,Actual,PEM107,Omni Channel,CT250066
VT-F-99-010303,2025-09-12,2025-10-10,2.0,Actual,PEM107,Omni Channel,VT250090
CT-F-99-020703,2025-09-12,2025-10-10,2.0,Actual,PEM107,Omni Channel,CT250244
VT-F-99-010203,2025-09-12,2025-10-07,16.0,Actual,PEM107,Omni Channel,VT250131
CT-F-99-020508,2025-09-12,2025-10-07,6.0,Actual,PEM107,Omni Channel,CT250236
CT-F-99-020510,2025-09-12,2025-10-07,4.0,Actual,PEM107,Omni Channel,CT250243
CT-F-99-020511,2025-09-12,2025-10-07,6.0,Actual,PEM107,Omni Channel,CT250201
VT-F-99-010721,2025-09-12,2025-09-19,1.0,Actual,PEM107,Omni Channel,VT250122
CT-F-99-020503,2025-09-12,2025-09-19,3.0,Actual,PEM107,Omni Channel,CT250182
CT-F-99-020508,2025-09-15,2025-09-17,2.0,Actual,PEM107,Omni Channel,CT250109
RS-F-99-010128,2025-09-15,2025-11-03,2.0,Actual,PEM107,Omni Channel,RS250347
RS-F-99-010122,2025-09-15,2025-11-03,4.0,Actual,PEM107,Omni Channel,RS250348
RS-F-99-010124,2025-09-15,2025-11-03,2.0,Actual,PEM107,Omni Channel,RS250349
VT-F-99-010203,2025-09-15,2025-10-10,16.0,Actual,PEM107,Omni Channel,VT250131
CT-F-99-020508,2025-09-15,2025-10-10,2.0,Actual,PEM107,Omni Channel,CT250245
CT-F-99-020510,2025-09-15,2025-10-10,8.0,Actual,PEM107,Omni Channel,CT250243
CT-F-99-020511,2025-09-15,2025-10-10,6.0,Actual,PEM107,Omni Channel,CT250248
CT-F-99-020506,2025-09-15,2025-09-25,3.0,Actual,PEM107,Omni Channel,CT250185
CT-F-99-020505,2025-09-15,2025-09-26,3.0,Actual,PEM107,Omni Channel,CT250141
VT-F-99-010721,2025-09-15,2025-09-26,1.0,Actual,PEM107,Omni Channel,VT250122
CT-F-99-020503,2025-09-15,2025-09-25,3.0,Actual,PEM107,Omni Channel,CT250063
RS-F-99-090028,2025-09-15,2025-10-31,5.0,Actual,PEM107,Omni Channel,RS250350
VT-F-99-010721,2025-09-15,2025-09-25,1.0,Actual,PEM107,Omni Channel,VT250122
VT-F-99-010721,2025-09-16,2025-09-19,1.0,Actual,PEM107,Omni Channel,VT250105
CT-F-99-020505,2025-09-16,2025-09-19,3.0,Actual,PEM107,Omni Channel,CT250141
CT-F-99-020505,2025-09-16,2025-12-19,3.0,Actual,PEM107,Omni Channel,CT250184
CT-F-99-020504,2025-09-16,2025-12-19,3.0,Actual,PEM107,Omni Channel,CT250183
VT-F-99-010721,2025-09-16,2025-12-19,2.0,Actual,PEM107,Omni Channel,VT250122
CT-F-99-020508,2025-09-16,2025-09-19,3.0,Actual,PEM107,Omni Channel,CT250187
VT-F-99-010203,2025-09-16,2025-09-19,2.0,Actual,PEM107,Omni Channel,VT250116
CT-F-99-020502,2025-09-16,2025-09-19,2.0,Actual,PEM107,Omni Channel,CT250222
VT-F-99-010203,2025-09-16,2025-09-16,2.0,Actual,PEM107,Omni Channel,VT250116
CT-F-99-020504,2025-09-16,2025-09-16,2.0,Actual,PEM107,Omni Channel,CT250183
VT-F-99-010721,2025-09-16,2025-09-25,1.0,Actual,PEM107,Omni Channel,VT250122
CT-F-99-020530,2025-09-16,2025-09-25,3.0,Actual,PEM107,Omni Channel,CT250197
CT-F-99-020506,2025-09-17,2025-10-03,4.0,Actual,PEM107,Omni Channel,"DB250161,CT250231"
VT-F-99-010203,2025-09-17,2025-10-03,4.0,Actual,PEM107,Omni Channel,DB250161 VT250116
VT-F-99-010203,2025-09-18,2025-10-14,4.0,Actual,PEM107,Omni Channel,VT250131
CT-F-99-020508,2025-09-18,2025-10-14,4.0,Actual,PEM107,Omni Channel,CT250245
VT-F-99-010202,2025-09-18,2025-10-03,1.0,Actual,PEM107,Omni Channel,VT250067
VT-F-99-010203,2025-09-18,2025-09-22,2.0,Actual,PEM107,Omni Channel,VT250116
CT-F-99-020503,2025-09-18,2025-09-22,2.0,Actual,PEM107,Omni Channel,CT250063
CT-F-99-020503,2025-09-19,2025-10-05,4.0,Actual,PEM107,Omni Channel,CT250223
VT-F-99-010203,2025-09-19,2025-10-05,4.0,Actual,PEM107,Omni Channel,VT250116
VT-F-99-010203,2025-09-19,2025-10-17,6.0,Actual,PEM107,Omni Channel,"VT250131,VT250132"
CT-F-99-020510,2025-09-19,2025-10-17,2.0,Actual,PEM107,Omni Channel,CT250243
CT-F-99-020511,2025-09-19,2025-10-17,4.0,Actual,PEM107,Omni Channel,CT250248
CT-F-99-020508,2025-09-19,2025-10-10,3.0,Actual,PEM107,Omni Channel,CT250187
VT-F-99-010715,2025-09-23,2025-10-31,1.0,Actual,PEM107,Omni Channel,VT250093
CT-F-99-020507,2025-09-23,2025-10-31,3.0,Actual,PEM107,Omni Channel,CT250224
CT-F-99-020703,2025-09-23,2025-10-24,3.0,Actual,PEM107,Omni Channel,CT250258
VT-F-99-010819,2025-09-23,2025-10-24,1.0,Actual,PEM107,Omni Channel,VT250094
VT-F-99-010721,2025-09-23,2025-10-22,1.0,Actual,PEM107,Omni Channel,VT250122
RS-F-99-070007,2025-07-17,2025-11-25,198.0,Actual,PEM107,Omni Channel,RS250281
CT-F-99-020504,2025-09-23,2025-09-25,2.0,Actual,PEM107,Omni Channel,CT250230
VT-F-99-010203,2025-09-23,2025-09-25,2.0,Actual,PEM107,Omni Channel,VT250116
VT-F-99-010722,2025-09-23,2025-10-31,1.0,Actual,PEM102,Omni Channel,CTR-2025-05153
VT-F-99-010722,2025-09-24,2025-10-20,1.0,Actual,PTS,Tendering,CTR-2025-05154
VT-F-99-010203,2025-09-24,2025-10-08,1.0,Actual,PEM107,Omni Channel,VT250079
VT-F-99-010203,2025-09-25,2025-10-15,8.0,Actual,PEM107,Omni Channel,VT250116
CT-F-99-020511,2025-09-25,2025-10-15,8.0,Actual,PEM107,Omni Channel,CT250201
VT-F-99-010701,2025-09-26,2025-10-06,1.0,Actual,PEM107,Omni Channel,VT250118
VT-F-99-010721,2025-09-26,2025-10-03,1.0,Actual,PEM107,Omni Channel,VT250122
CT-F-99-020531,2025-09-26,2025-10-03,3.0,Actual,PEM107,Omni Channel,CT250188
CT-F-99-020701,2025-09-26,2025-10-24,2.0,Actual,PEM107,Omni Channel,CT250259
VT-F-99-010303,2025-09-26,2025-10-24,2.0,Actual,PEM107,Omni Channel,VT250133
CT-F-99-020510,2025-09-26,2025-09-29,3.0,Actual,PEM107,Omni Channel,CT250143
CT-F-99-020508,2025-09-26,2025-10-24,10.0,Actual,PEM107,Omni Channel,CT250245
CT-F-99-020510,2025-09-26,2025-10-24,28.0,Actual,PEM107,Omni Channel,"CT250247,CT250251"
CT-F-99-020508,2025-09-29,2026-01-23,10.0,Actual,PTS,Omni Channel,CTR-2025-05231
VT-F-99-010721,2025-09-26,2025-10-03,1.0,Actual,PEM107,Omni Channel,VT250122
CT-F-99-020528,2025-09-26,2025-10-03,3.0,Actual,PEM107,Omni Channel,CT250205
CT-F-99-020510,2025-09-29,2025-10-23,28.0,Actual,PTS,Omni Channel,CTR-2025-05231
VT-F-99-010721,2025-09-29,2025-10-03,1.0,Actual,PEM107,Omni Channel,VT250122
CT-F-99-020504,2025-09-29,2025-10-03,3.0,Actual,PEM107,Omni Channel,CT250183
VT-F-99-010721,2025-09-29,2025-10-03,1.0,Actual,PEM107,Omni Channel,VT250122
CT-F-99-020524,2025-09-29,2025-10-03,3.0,Actual,PEM107,Omni Channel,CT250152 
VT-F-99-010819,2025-09-29,2026-09-30,1.0,MPS,PEM107,Omni Channel,LB250139 VT250115
CT-F-99-020726,2025-09-29,2026-09-30,3.0,MPS,PEM107,Omni Channel,LB250139 CT250260
VT-F-99-010721,2025-09-29,2025-12-26,1.0,Actual,PEM107,Omni Channel,VT250122
CT-F-99-020530,2025-09-29,2025-12-26,3.0,Actual,PEM107,Omni Channel,CT250238
CT-F-99-020506,2025-09-29,2025-10-08,2.0,Actual,PEM107,Omni Channel,CT250185
CT-F-99-020504,2025-09-29,2025-10-31,3.0,Actual,PEM107,Omni Channel,CT250183
VT-F-99-010721,2025-09-29,2025-10-31,1.0,Actual,PEM107,Omni Channel,VT250122
CT-F-99-020508,2025-09-30,2025-09-30,1.0,Actual,PEM107,Omni Channel,CT250142
RS-F-99-070003,2025-09-30,2025-12-19,150.0,Actual,PEM107,Omni Channel,RS250361
RS-F-99-070006,2025-09-30,2025-12-19,201.0,Actual,PEM107,Omni Channel,RS250362
VT-F-99-010701,2025-09-30,2025-10-10,1.0,Actual,PEM107,Omni Channel,VT250118
CT-F-99-020504,2025-09-30,2025-10-30,3.0,Actual,PEM107,Omni Channel,CT250230
CT-F-99-020703,2025-09-30,2025-10-30,3.0,Actual,PEM107,Omni Channel,CT250261
VT-F-99-010819,2025-09-30,2025-10-30,1.0,Actual,PEM107,Omni Channel,VT250115
CT-F-99-020717,2025-09-30,2025-10-30,3.0,Actual,PEM107,Omni Channel,CT250262
VT-F-99-010721,2025-09-30,2025-10-10,1.0,Actual,PEM107,Omni Channel,VT250122 
CT-F-99-020505,2025-09-30,2025-10-10,3.0,Actual,PEM107,Omni Channel,CT250141
VT-F-99-010203,2025-10-02,2025-10-08,2.0,Actual,PEM107,Omni Channel,VT250116
CT-F-99-020502,2025-10-02,2025-10-08,2.0,Actual,PEM107,Omni Channel,CT250222
RS-F-99-070007,2025-09-30,2025-12-19,150.0,Actual,PEM107,Omni Channel,RS250363
VT-F-99-010721,2025-10-02,2025-10-10,1.0,Actual,PEM107,Omni Channel,VT250122
CT-F-99-020504,2025-10-02,2025-10-10,3.0,Actual,PEM107,Omni Channel,CT250183
CT-F-99-020506,2025-09-29,2025-10-03,3.0,Actual,PEM107,Omni Channel,CT250185
VT-F-99-010721,2025-09-29,2025-10-03,1.0,Actual,PEM107,Omni Channel,VT250122
CT-F-99-020504,2025-10-02,2025-10-22,3.0,Actual,PEM107,Omni Channel,CT250230
VT-F-99-010721,2025-10-02,2025-10-22,1.0,Actual,PEM107,Omni Channel,VT250122
CT-F-99-020508,2025-10-03,2025-10-17,3.0,Actual,PEM107,Omni Channel,CT250187
CT-F-99-020506,2025-10-03,2025-10-20,3.0,Actual,PEM107,Omni Channel,CT250185
VT-F-99-010715,2025-10-03,2025-10-20,1.0,Actual,PEM107,Omni Channel,VT250093
CT-F-99-020705,2025-10-03,2025-11-20,3.0,Actual,PEM107,Omni Channel,CT250263
VT-F-99-010818,2025-10-03,2025-11-20,1.0,Actual,PEM107,Omni Channel,VT250143
VT-F-99-010722,2025-10-03,2025-12-10,21.0,Actual,PTS,Tendering,CTR-2025-05360
VT-F-99-010715,2025-10-06,2025-10-31,1.0,Actual,PEM107,Omni Channel,VT250093
CT-F-99-020506,2025-10-06,2025-10-31,3.0,Actual,PEM107,Omni Channel,CT250185
VT-F-99-010722,2025-10-15,2025-11-07,40.0,Actual,PTS,Tendering,CTR-2025-05372
VT-F-99-010721,2025-10-06,2025-10-29,1.0,Actual,PEM107,Omni Channel,VT250122
CT-F-99-020508,2025-10-06,2025-10-29,3.0,Actual,PEM107,Omni Channel,CT250249
VT-F-99-010721,2025-10-06,2025-10-09,1.0,Actual,PEM107,Omni Channel,VT250122
CT-F-99-020507,2025-10-06,2025-10-09,3.0,Actual,PEM107,Omni Channel,CT250224
VT-F-99-010721,2025-10-06,2025-10-09,1.0,Actual,PEM107,Omni Channel,VT250122
CT-F-99-020508,2025-10-06,2025-10-09,3.0,Actual,PEM107,Omni Channel,CT250187
VT-F-99-010721,2025-10-06,2025-10-09,1.0,Actual,PEM107,Omni Channel,VT250122
CT-F-99-020530,2025-10-06,2025-10-09,3.0,Actual,PEM107,Omni Channel,CT250238 
CT-F-99-020501,2025-10-06,2025-10-21,6.0,Actual,PEM107,Omni Channel,CT250018
VT-F-99-010721,2025-10-06,2025-10-21,2.0,Actual,PEM107,Omni Channel,VT250122
CT-F-99-020501,2025-05-26,2025-11-28,50.0,Actual,PEM107,Omni Channel,CT250133
VT-F-99-010819,2025-10-06,2025-11-06,1.0,Actual,PEM107,Omni Channel,VT250115
CT-F-99-020717,2025-10-06,2025-11-06,3.0,Actual,PEM107,Omni Channel,CT250265
CT-F-99-020505,2025-08-20,2025-10-08,3.0,Actual,PEM107,Omni Channel,CT250184
CT-F-99-020503,2025-08-20,2025-10-08,3.0,Actual,PEM107,Omni Channel,CT250182
CT-F-99-020508,2025-10-06,2025-10-17,2.0,Actual,PEM107,Omni Channel,CT250249
VT-F-99-010203,2025-10-06,2025-10-17,2.0,Actual,PEM107,Omni Channel,VT250116
VT-F-99-010819,2025-10-06,2025-11-04,1.0,Actual,PEM107,Omni Channel,VT250115
CT-F-99-020728,2025-10-06,2025-11-04,3.0,Actual,PEM107,Omni Channel,CT250264
CT-F-99-020524,2025-10-07,2025-12-22,3.0,Actual,PEM107,Omni Channel,"CT250179,CT250273"
VT-F-99-010721,2025-10-07,2025-12-22,1.0,Actual,PEM107,Omni Channel,VT250126
CT-F-99-020524,2025-10-07,2025-11-28,3.0,Actual,PEM107,Omni Channel,CT250152
VT-F-99-010721,2025-10-07,2025-11-28,1.0,Actual,PEM107,Omni Channel,VT250122
CT-F-99-020530,2025-10-07,2025-10-14,3.0,Actual,PEM107,Omni Channel,CT250238 
VT-F-99-010203,2024-08-21,2025-11-28,50.0,Actual,PEM107,Omni Channel,VT240138
VT-F-99-010721,2025-09-29,2025-10-10,1.0,Actual,PEM107,Omni Channel,VT250122
CT-F-99-020507,2025-09-29,2025-10-10,3.0,Actual,PEM107,Omni Channel,CT250224
CT-F-99-020501,2025-10-08,2025-11-20,2.0,Actual,PEM107,Omni Channel,CT250127
VT-F-99-010203,2025-10-08,2025-11-20,2.0,Actual,PEM107,Omni Channel,VT250116
CT-F-99-020527,2025-10-09,2025-11-07,3.0,Actual,PEM107,Omni Channel,"CT250189,CT250226"
RS-F-99-041008,2025-10-10,2025-11-21,2.0,Actual,PEM107,Omni Channel,RS250376
VT-F-99-010715,2025-10-14,2025-10-16,1.0,Actual,PEM107,Omni Channel,VT250093
CT-F-99-020506,2025-10-14,2025-10-16,3.0,Actual,PEM107,Omni Channel,CT250231
CT-F-99-020726,2025-10-14,2025-11-15,3.0,Actual,PEM107,Omni Channel,CT250268
VT-F-99-010819,2025-10-14,2025-11-15,1.0,Actual,PEM107,Omni Channel,VT250115
CT-F-99-020507,2025-10-14,2025-10-21,2.0,Actual,PEM107,Omni Channel,CT240269
VT-F-99-010203,2025-10-14,2025-10-21,2.0,Actual,PEM107,Omni Channel,VT250116
VT-F-99-010819,2025-10-14,2025-11-12,1.0,Actual,PEM107,Omni Channel,VT250115
CT-F-99-020706,2025-10-14,2025-11-12,3.0,Actual,PEM107,Omni Channel,CT250267
VT-F-99-010721,2025-10-15,2025-11-03,1.0,Actual,PEM107,Omni Channel,VT250122
CT-F-99-020527,2025-10-15,2025-11-03,3.0,Actual,PEM107,Omni Channel,CT250226
CT-F-99-020505,2025-10-16,2025-10-16,3.0,Actual,PEM107,Omni Channel,CT250184
VT-F-99-010721,2025-10-16,2025-10-16,1.0,Actual,PEM107,Omni Channel,VT250122
CT-F-99-020524,2025-10-16,2026-03-31,3.0,Actual,PEM107,Omni Channel,CT250179 
CT-F-99-020530,2025-10-16,2025-11-28,3.0,Actual,PEM107,Omni Channel,CT250266
VT-F-99-010721,2025-10-16,2025-11-28,1.0,Actual,PEM107,Omni Channel,VT250122
CT-F-99-020528,2025-10-16,2025-11-28,3.0,Actual,PEM107,Omni Channel,CT250205 
VT-F-99-010721,2025-10-16,2025-11-28,1.0,Actual,PEM107,Omni Channel,VT250122
VT-F-99-010721,2025-10-16,2025-10-21,1.0,Actual,PEM107,Omni Channel,VT250122
CT-F-99-020527,2025-10-16,2025-10-21,3.0,Actual,PEM107,Omni Channel,CT250226
VT-F-99-010202,2025-10-16,2025-10-21,1.0,Actual,PEM107,Omni Channel,VT250067
RS-F-99-090028,2025-10-16,2025-11-18,12.0,Actual,PEM107,Omni Channel,RS250377
VT-F-99-010721,2025-10-16,2025-12-19,1.0,Actual,PEM107,Omni Channel,VT250122
CT-F-99-020530,2025-10-16,2025-12-19,3.0,Actual,PEM107,Omni Channel,CT250238
VT-F-99-010721,2025-10-16,2025-10-22,1.0,Actual,PEM107,Omni Channel,VT250122
CT-F-99-020508,2025-10-16,2025-10-22,3.0,Actual,PEM107,Omni Channel,"CT250142,CT250187"
VT-F-99-010721,2025-10-16,2025-10-22,1.0,Actual,PEM107,Omni Channel,VT250122
VT-F-99-010721,2025-10-17,2025-10-31,1.0,Actual,PEM107,Omni Channel,VT250126
CT-F-99-020506,2025-10-17,2025-10-31,3.0,Actual,PEM107,Omni Channel,CT250231
VT-F-99-010721,2025-10-17,2025-10-24,1.0,Actual,PEM107,Omni Channel,VT250126
CT-F-99-020506,2025-10-17,2025-10-24,3.0,Actual,PEM107,Omni Channel,CT250231
CT-F-99-020505,2025-10-17,2025-10-24,3.0,Actual,PEM107,Omni Channel,CT250184
VT-F-99-010721,2025-10-17,2025-10-24,1.0,Actual,PEM107,Omni Channel,VT250122
CT-F-99-020504,2025-10-17,2025-10-22,3.0,Actual,PEM107,Omni Channel,CT250230
VT-F-99-010721,2025-10-17,2025-10-22,1.0,Actual,PEM107,Omni Channel,VT250126
CT-F-99-020504,2025-10-17,2025-10-22,3.0,Actual,PEM107,Omni Channel,CT250230
VT-F-99-010721,2025-10-17,2025-10-22,1.0,Actual,PEM107,Omni Channel,VT250126
CT-F-99-020506,2025-10-17,2025-10-22,3.0,Actual,PEM107,Omni Channel,CT250231
CT-F-99-020506,2025-10-17,2025-11-28,3.0,Actual,PEM107,Omni Channel,CT250231
CT-F-99-020505,2025-10-17,2025-10-24,3.0,Actual,PEM107,Omni Channel,CT250184
VT-F-99-010721,2025-10-17,2025-10-24,1.0,Actual,PEM107,Omni Channel,VT250122
CT-F-99-020508,2025-10-17,2025-10-24,3.0,Actual,PEM107,Omni Channel,CT250249
VT-F-99-010721,2025-10-17,2025-10-24,1.0,Actual,PEM107,Omni Channel,VT250126
CT-F-99-020508,2025-10-20,2025-10-29,2.0,Actual,PEM107,Omni Channel,CT250245
VT-F-99-010721,2025-10-20,2025-12-26,1.0,Actual,PEM107,Omni Channel,VT250122
CT-F-99-020507,2025-10-20,2025-12-26,3.0,Actual,PEM107,Omni Channel,CT250224
VT-F-99-010721,2025-10-20,2025-12-26,1.0,Actual,PEM107,Omni Channel,VT250162
CT-F-99-020510,2025-10-20,2025-12-26,3.0,Actual,PEM107,Omni Channel,CT250202
VT-F-99-010721,2025-10-20,2025-10-22,1.0,Actual,PEM107,Omni Channel,VT250122
CT-F-99-020511,2025-10-20,2025-10-22,3.0,Actual,PEM107,Omni Channel,CT250021
CT-F-99-020506,2025-10-20,2025-10-21,1.0,Actual,PEM107,Omni Channel,CT250231
VT-F-99-010722,2025-10-20,2025-12-26,1.0,Actual,PEM102,Omni Channel,SS250255
CT-F-99-020504,2025-10-20,2025-11-05,3.0,Actual,PEM107,Omni Channel,CT250183
VT-F-99-010721,2025-10-20,2025-11-05,1.0,Actual,PEM107,Omni Channel,VT250126
VT-F-99-010203,2025-10-20,2025-12-19,2.0,Actual,PEM107,Omni Channel,VT250116
VT-F-99-010203,2025-10-20,2025-12-19,1.0,Actual,PEM107,Omni Channel,VT250137
VT-F-99-010203,2025-10-20,2025-12-19,1.0,Actual,PEM107,Omni Channel,VT250116
RS-F-99-010127,2025-10-20,2025-12-15,2.0,Actual,PEM107,Omni Channel,RS250381
RS-F-99-010128,2025-10-20,2025-12-15,2.0,Actual,PEM107,Omni Channel,RS250380
RS-F-99-010122,2025-10-20,2025-12-15,4.0,Actual,PEM107,Omni Channel,RS250383
RS-F-99-010123,2025-10-20,2025-12-15,2.0,Actual,PEM107,Omni Channel,RS250384
VT-F-99-010721,2025-10-21,2025-11-07,1.0,Actual,PEM107,Omni Channel,VT250126 
CT-F-99-020504,2025-10-21,2025-11-07,3.0,Actual,PEM107,Omni Channel,CT250230
VT-F-99-010202,2025-10-21,2025-11-11,10.0,Actual,PEM107,Omni Channel,VT250146
VT-F-99-010721,2025-10-21,2025-10-30,1.0,Actual,PEM107,Omni Channel,VT250126 
CT-F-99-020506,2025-10-21,2025-10-30,3.0,Actual,PEM107,Omni Channel,CT250231
CT-F-99-020508,2025-10-21,2025-10-28,2.0,Actual,PEM107,Omni Channel,CT250245
VT-F-99-010203,2025-10-21,2025-10-28,2.0,Actual,PEM107,Omni Channel,VT250116
VT-F-99-010722,2025-10-22,2025-10-30,1.0,Actual,PEM107,Omni Channel,VT250138
RS-F-99-090003,2025-10-21,2025-11-03,3.0,Actual,PEM107,Omni Channel,RS250385
RS-F-99-090027,2025-10-22,2025-12-01,3.0,Actual,PEM107,Omni Channel,RS250389
CT-F-99-020524,2025-10-24,2025-10-24,1.0,Actual,PEM107,Omni Channel,CT250179 
CT-F-99-020526,2025-10-24,2025-12-19,3.0,Actual,PEM107,Omni Channel,"CT250046,CT250168,CT250198"
VT-F-99-010722,2025-10-21,2025-12-26,1.0,Actual,PTS,Tendering,CTR-2025-05678
VT-F-99-010721,2025-10-24,2025-10-30,1.0,Actual,PEM107,Omni Channel,VT250126
CT-F-99-020508,2025-10-24,2025-10-30,3.0,Actual,PEM107,Omni Channel,CT250249
CT-F-99-020511,2025-10-24,2025-11-04,3.0,Actual,PEM107,Omni Channel,CT250201
VT-F-99-010721,2025-10-24,2025-11-04,1.0,Actual,PEM107,Omni Channel,VT250126
VT-F-99-010715,2025-10-27,2025-12-05,1.0,Actual,PEM107,Omni Channel,VT250139
CT-F-99-020506,2025-10-27,2025-12-05,3.0,Actual,PEM107,Omni Channel,CT250231
VT-F-99-010715,2025-10-27,2025-11-21,2.0,Actual,PEM107,Omni Channel,VT250153
CT-F-99-020505,2025-10-27,2025-11-21,6.0,Actual,PEM107,Omni Channel,CT250184
VT-F-99-010721,2025-10-27,2025-12-31,1.0,Actual,PEM107,Omni Channel,VT250126
CT-F-99-020506,2025-10-27,2025-12-31,3.0,Actual,PEM107,Omni Channel,CT250231
VT-F-99-010721,2025-10-27,2025-12-31,1.0,Actual,PEM107,Omni Channel,VT250126
CT-F-99-020506,2025-10-27,2025-12-31,3.0,Actual,PEM107,Omni Channel,CT250231
VT-F-99-010722,2025-10-28,2025-11-10,40.0,Actual,PEM102,Omni Channel,SS250258
CT-F-99-020507,2025-10-28,2026-06-30,3.0,Actual,PEM107,Omni Channel,CT250224
VT-F-99-010721,2025-10-28,2026-03-31,1.0,Actual,PEM107,Omni Channel,VT250122
VT-F-99-010715,2025-10-28,2025-11-04,1.0,Actual,PEM107,Omni Channel,VT250139
CT-F-99-020506,2025-10-28,2025-11-04,3.0,Actual,PEM107,Omni Channel,CT250231
VT-F-99-010721,2025-10-28,2025-11-11,1.0,Actual,PEM107,Omni Channel,VT240194
CT-F-99-020530,2025-10-28,2025-11-11,3.0,Actual,PEM107,Omni Channel,CT250266
CT-F-99-020505,2025-10-28,2025-11-03,3.0,Actual,PEM107,Omni Channel,CT250184
VT-F-99-010721,2025-10-28,2025-11-03,1.0,Actual,PEM107,Omni Channel,VT250122
VT-F-99-010721,2025-10-29,2025-11-07,1.0,Actual,PEM107,Omni Channel,VT250126
CT-F-99-020506,2025-10-29,2025-11-07,3.0,Actual,PEM107,Omni Channel,CT250231
RS-F-99-090027,2025-10-29,2025-12-01,3.0,Actual,PEM107,Omni Channel,RS250394
VT-F-99-010721,2025-10-29,2025-10-31,1.0,Actual,PEM107,Omni Channel,VT250122
CT-F-99-020526,2025-10-29,2025-10-31,3.0,Actual,PEM107,Omni Channel,CT250168
CT-F-99-020501,2025-10-29,2025-11-11,1.0,Actual,PEM107,Omni Channel,CT250127
CT-F-99-020502,2025-10-29,2025-11-15,3.0,Actual,PEM107,Omni Channel,CT250222
VT-F-99-010721,2025-10-29,2025-11-15,1.0,Actual,PEM107,Omni Channel,VT250126
VT-F-99-010721,2025-10-29,2025-11-15,1.0,Actual,PEM107,Omni Channel,VT250126
CT-F-99-020505,2025-10-29,2025-11-15,3.0,Actual,PEM107,Omni Channel,CT250256
VT-F-99-010721,2025-10-29,2025-11-15,1.0,Actual,PEM107,Omni Channel,VT250126
VT-F-99-010721,2025-10-29,2025-11-15,1.0,Actual,PEM107,Omni Channel,VT250126
CT-F-99-020502,2025-10-29,2025-11-15,3.0,Actual,PEM107,Omni Channel,CT250222
VT-F-99-010721,2025-10-29,2025-11-15,1.0,Actual,PEM107,Omni Channel,VT250126
CT-F-99-020505,2025-10-29,2025-11-15,3.0,Actual,PEM107,Omni Channel,CT250184
VT-F-99-010721,2025-10-29,2025-11-15,1.0,Actual,PEM107,Omni Channel,VT250126
CT-F-99-020505,2025-10-29,2025-11-15,3.0,Actual,PEM107,Omni Channel,CT250184
VT-F-99-010721,2025-10-29,2025-11-15,1.0,Actual,PEM107,Omni Channel,VT250126
CT-F-99-020503,2025-10-29,2025-11-15,3.0,Actual,PEM107,Omni Channel,CT250182
VT-F-99-010721,2025-10-29,2025-11-15,1.0,Actual,PEM107,Omni Channel,VT250126
CT-F-99-020503,2025-10-29,2025-11-15,3.0,Actual,PEM107,Omni Channel,CT250182
VT-F-99-010721,2025-10-29,2025-11-15,1.0,Actual,PEM107,Omni Channel,VT250126
CT-F-99-020503,2025-10-29,2025-11-15,3.0,Actual,PEM107,Omni Channel,CT250182
VT-F-99-010721,2025-10-29,2025-11-15,1.0,Actual,PEM107,Omni Channel,VT250126
CT-F-99-020503,2025-10-29,2025-11-15,3.0,Actual,PEM107,Omni Channel,CT250182
VT-F-99-010721,2025-10-29,2025-11-15,1.0,Actual,PEM107,Omni Channel,VT250126
CT-F-99-020503,2025-10-29,2025-11-15,3.0,Actual,PEM107,Omni Channel,CT250182
VT-F-99-010721,2025-10-29,2025-11-15,1.0,Actual,PEM107,Omni Channel,VT250126
CT-F-99-020502,2025-10-29,2025-11-15,3.0,Actual,PEM107,Omni Channel,CT250222
VT-F-99-010722,2025-10-30,2025-12-26,21.0,Actual,PEM102,Omni Channel,SS250261
CT-F-99-020503,2025-10-31,2025-11-03,3.0,Actual,PEM107,Omni Channel,CT250182
VT-F-99-010715,2025-10-31,2025-11-03,1.0,Actual,PEM107,Omni Channel,VT250139
CT-F-99-020529,2025-11-03,2025-11-07,3.0,Actual,PEM107,Omni Channel,CT250110
VT-F-99-010721,2025-11-03,2025-11-07,1.0,Actual,PEM107,Omni Channel,VT250122
CT-F-99-020505,2025-11-03,2025-11-03,3.0,Actual,PEM107,Omni Channel,CT250184
VT-F-99-010819,2025-11-03,2025-12-03,1.0,Actual,PEM107,Omni Channel,VT250115
CT-F-99-020706,2025-11-03,2025-12-03,3.0,Actual,PEM107,Omni Channel,CT250280
VT-F-99-010721,2025-11-03,2025-11-28,1.0,Actual,PEM107,Omni Channel,VT250126
CT-F-99-020530,2025-11-03,2025-11-28,3.0,Actual,PEM107,Omni Channel,CT250266
VT-F-99-010721,2025-11-03,2025-11-07,3.0,Actual,PEM107,Omni Channel,VT250126 
CT-F-99-020506,2025-11-03,2025-11-07,6.0,Actual,PEM107,Omni Channel,CT250231
VT-F-99-010721,2025-11-03,2025-11-27,1.0,Actual,PEM107,Omni Channel,VT250126
VT-F-99-010721,2025-11-03,2025-11-06,1.0,Actual,PEM107,Omni Channel,VT250126 
CT-F-99-020524,2025-11-03,2025-11-06,3.0,Actual,PEM107,Omni Channel,CT250179
CT-F-99-020508,2025-11-03,2025-12-12,2.0,Actual,PEM107,Omni Channel,CT250246
CT-F-99-020530,2025-11-03,2025-11-27,3.0,Actual,PEM107,Omni Channel,CT250281
CT-F-99-020508,2025-11-03,2025-11-04,3.0,Actual,PEM107,Omni Channel,
VT-F-99-010721,2025-11-04,2025-11-24,1.0,Actual,PEM107,Omni Channel,VT250126 
CT-F-99-020513,2025-11-04,2025-11-24,3.0,Actual,PEM107,Omni Channel,CT250282
VT-F-99-010203,2025-11-04,2025-11-20,2.0,Actual,PEM107,Omni Channel,VT250026
CT-F-99-020510,2025-11-04,2025-11-20,2.0,Actual,PEM107,Omni Channel,CT250243
CT-F-99-020530,2025-11-04,2025-11-05,2.0,Actual,PEM107,Omni Channel,CT250266 
VT-F-99-010721,2025-11-05,2025-11-13,1.0,Actual,PEM107,Omni Channel,VT250122
CT-F-99-020504,2025-11-05,2025-11-13,3.0,Actual,PEM107,Omni Channel,CT250230
CT-F-99-020528,2025-11-05,2025-11-07,1.0,Actual,PEM107,Omni Channel,CT250237 
CT-F-99-020501,2025-11-05,2025-11-18,3.0,Actual,PEM107,Omni Channel,CT250127
VT-F-99-010721,2025-11-05,2025-11-18,1.0,Actual,PEM107,Omni Channel,VT250126
CT-F-99-020504,2025-11-05,2025-11-18,3.0,Actual,PEM107,Omni Channel,CT240189
VT-F-99-010721,2025-11-05,2025-11-18,1.0,Actual,PEM107,Omni Channel,VT250126
VT-F-99-010721,2025-11-05,2025-11-21,1.0,Actual,PEM107,Omni Channel,VT250126
CT-F-99-020503,2025-11-05,2025-11-21,3.0,Actual,PEM107,Omni Channel,CT250223
VT-F-99-010721,2025-11-05,2025-11-21,1.0,Actual,PEM107,Omni Channel,VT250126
CT-F-99-020510,2025-11-05,2025-11-21,3.0,Actual,PEM107,Omni Channel,CT250202
VT-F-99-010721,2025-11-05,2025-11-21,1.0,Actual,PEM107,Omni Channel,VT250126
CT-F-99-020505,2025-11-05,2025-11-21,3.0,Actual,PEM107,Omni Channel,CT250256
CT-F-99-020505,2025-11-05,2025-11-21,3.0,Actual,PEM107,Omni Channel,CT250256
VT-F-99-010721,2025-11-05,2025-11-21,1.0,Actual,PEM107,Omni Channel,VT250126
CT-F-99-020502,2025-11-05,2025-11-21,3.0,Actual,PEM107,Omni Channel,CT250181
VT-F-99-010721,2025-11-05,2025-11-21,1.0,Actual,PEM107,Omni Channel,VT250126
VT-F-99-010819,2025-11-06,2025-12-07,1.0,Actual,PEM107,Omni Channel,VT240166
CT-F-99-020706,2025-11-06,2025-12-07,3.0,Actual,PEM107,Omni Channel,CT250283
VT-F-99-010721,2025-11-06,2025-11-13,1.0,Actual,PEM107,Omni Channel,VT250122 
CT-F-99-020508,2025-11-06,2025-11-13,3.0,Actual,PEM107,Omni Channel,CT250249
VT-F-99-010721,2025-11-06,2025-11-07,1.0,Actual,PEM107,Omni Channel,VT250122 
CT-F-99-020524,2025-11-06,2026-01-30,3.0,Actual,PEM107,Omni Channel,CT250179
VT-F-99-010721,2025-11-06,2026-01-30,1.0,Actual,PEM107,Omni Channel,VT250126
CT-F-99-020529,2025-11-06,2025-12-22,3.0,Actual,PEM107,Omni Channel,CT250284
VT-F-99-010721,2025-11-06,2025-12-22,1.0,Actual,PEM107,Omni Channel,VT250126
CT-F-99-020511,2025-11-06,2025-11-12,3.0,Actual,PEM107,Omni Channel,CT250201
VT-F-99-010721,2025-11-06,2025-11-12,1.0,Actual,PEM107,Omni Channel,VT250122
CT-F-99-020510,2025-11-06,2025-11-12,3.0,Actual,PEM107,Omni Channel,CT250143
VT-F-99-010721,2025-11-06,2025-11-12,1.0,Actual,PEM107,Omni Channel,VT250122
VT-F-99-010701,2025-11-07,2025-12-09,1.0,Actual,PEM107,Omni Channel,VT250158
CT-F-99-020508,2025-11-07,2026-01-20,3.0,Actual,PEM107,Omni Channel,CT250249
VT-F-99-010701,2025-11-07,2025-11-19,1.0,Actual,PEM107,Omni Channel,VT250144
CT-F-99-020504,2025-11-07,2025-11-11,2.0,Actual,PEM107,Omni Channel,CT250230
CT-F-99-020505,2025-11-07,2025-11-11,2.0,Actual,PEM107,Omni Channel,CT250184
VT-F-99-010203,2025-11-07,2025-11-11,4.0,Actual,PEM107,Omni Channel,VT250116
CT-F-99-020506,2025-11-10,2025-11-13,3.0,Actual,PEM107,Omni Channel,CT250231
VT-F-99-010721,2025-11-10,2025-11-21,1.0,Actual,PEM107,Omni Channel,VT250126
VT-F-99-010721,2025-11-10,2025-11-12,1.0,Actual,PEM107,Omni Channel,VT250122
CT-F-99-020528,2025-11-10,2025-11-12,3.0,Actual,PEM107,Omni Channel,CT250205
VT-F-99-010202,2025-11-10,2025-11-12,1.0,Actual,PEM107,Omni Channel,VT250067 
CT-F-99-020504,2025-11-10,2025-11-14,2.0,Actual,PEM107,Omni Channel,CT250230
VT-F-99-010721,2025-11-10,2026-01-22,1.0,Actual,PEM107,Omni Channel,VT250126
VT-F-99-010721,2025-11-10,2025-12-19,5.0,Actual,PEM107,Omni Channel,VT250126
CT-F-99-020503,2025-11-10,2025-12-19,3.0,Actual,PEM107,Omni Channel,CT250223
CT-F-99-020504,2025-11-10,2025-12-19,12.0,Actual,PEM107,Omni Channel,CT250230
CT-F-99-020502,2025-11-10,2025-11-21,3.0,Actual,PEM107,Omni Channel,CT250181
CT-F-99-020510,2025-11-10,2025-11-14,3.0,Actual,PEM107,Omni Channel,CT250202
CT-F-99-020510,2025-11-10,2025-11-14,3.0,Actual,PEM107,Omni Channel,CT250202
VT-F-99-010721,2025-11-11,2025-12-20,1.0,Actual,PEM107,Omni Channel,VT250126
CT-F-99-020703,2025-11-11,2025-12-16,3.0,Actual,PEM107,Omni Channel,CT250285
CT-F-99-020510,2025-11-11,2025-12-20,3.0,Actual,PEM107,Omni Channel,CT250250
VT-F-99-010818,2025-11-11,2025-12-16,1.0,Actual,PEM107,Omni Channel,VT250157
VT-F-99-010202,2025-11-11,2025-12-20,1.0,Actual,PEM107,Omni Channel,VT250146
VT-F-99-010721,2025-11-11,2025-11-12,1.0,Actual,PEM107,Omni Channel,VT250122
CT-F-99-020506,2025-11-11,2025-11-12,3.0,Actual,PEM107,Omni Channel,CT250231
CT-F-99-020503,2025-11-11,2025-12-19,52.0,Actual,PTS,Tendering,CTR-2025-06116
VT-F-99-010721,2025-11-11,2026-06-30,3.0,Actual,PEM107,Omni Channel,VT250126
CT-F-99-020506,2025-11-11,2025-11-17,3.0,Actual,PEM107,Omni Channel,CT250231
CT-F-99-020507,2025-11-11,2025-11-17,3.0,Actual,PEM107,Omni Channel,CT250224
CT-F-99-020510,2025-11-11,2026-12-30,3.0,Actual,PEM107,Omni Channel,CT250202
CT-F-99-020511,2025-11-11,2025-11-21,3.0,Actual,PEM107,Omni Channel,CT240090
CT-F-99-020506,2025-11-11,2025-11-14,3.0,Actual,PEM107,Omni Channel,CT250231
CT-F-99-020506,2025-11-11,2025-11-17,3.0,Actual,PEM107,Omni Channel,CT250231
VT-F-99-010721,2025-11-11,2025-11-17,1.0,Actual,PEM107,Omni Channel,VT250126
CT-F-99-020507,2025-11-11,2025-12-19,6.0,Actual,PTS,Tendering,CTR-2025-06116
CT-F-99-020508,2025-11-11,2025-12-19,5.0,Actual,PTS,Tendering,CTR-2025-06116
CT-F-99-020511,2025-11-11,2025-12-19,1.0,Actual,PTS,Tendering,CTR-2025-06116
RS-F-99-070004,2025-11-11,2025-12-19,826.0,Actual,PTS,Tendering,CTR-2025-06116
CT-F-99-020528,2025-11-11,2025-11-14,3.0,Actual,PEM107,Omni Channel,CT250237
VT-F-99-010721,2025-11-12,2025-12-04,1.0,Actual,PEM107,Omni Channel,VT250126
CT-F-99-020528,2025-11-12,2025-12-04,3.0,Actual,PEM107,Omni Channel,CT250237 
VT-F-99-010721,2025-11-12,2025-11-21,1.0,Actual,PEM107,Omni Channel,VT250126
CT-F-99-020528,2025-11-12,2025-11-21,3.0,Actual,PEM107,Omni Channel,CT250237
CT-F-99-020507,2025-11-12,2025-11-14,2.0,Actual,PEM107,Omni Channel,CT250026
VT-F-99-010203,2025-11-12,2025-11-14,2.0,Actual,PEM107,Omni Channel,VT250116
VT-F-99-010721,2025-11-12,2025-12-02,1.0,Actual,PEM107,Omni Channel,VT250126
CT-F-99-020526,2025-11-12,2025-12-02,3.0,Actual,PEM107,Omni Channel,CT250168
VT-F-99-010203,2025-11-12,2025-11-21,2.0,Actual,PEM107,Omni Channel,VT250136
CT-F-99-020503,2025-11-12,2025-11-21,2.0,Actual,PEM107,Omni Channel,CT250223
VT-F-99-010202,2025-11-10,2025-11-12,1.0,Actual,PEM107,Omni Channel,VT250067
VT-F-99-010721,2025-11-10,2025-11-12,1.0,Actual,PEM107,Omni Channel,VT250126
CT-F-99-020528,2025-11-10,2025-11-12,3.0,Actual,PEM107,Omni Channel,CT250205
VT-F-99-010203,2025-11-13,2025-11-21,42.0,Actual,PEM107,Omni Channel,"VT250132,VT250136"
CT-F-99-020501,2025-11-13,2025-11-21,8.0,Actual,PEM107,Omni Channel,CT250127
CT-F-99-020502,2025-11-13,2025-11-21,12.0,Actual,PEM107,Omni Channel,CT250229
CT-F-99-020503,2025-11-13,2025-11-21,4.0,Actual,PEM107,Omni Channel,CT250223
CT-F-99-020504,2025-11-13,2025-11-21,6.0,Actual,PEM107,Omni Channel,CT250230
CT-F-99-020505,2025-11-13,2025-11-21,12.0,Actual,PEM107,Omni Channel,CT250256
VT-F-99-010722,2025-11-13,2025-11-28,110.0,Actual,PEM102,Omni Channel,SS250258-1
CT-F-99-020704,2025-11-13,2025-12-25,2.0,Actual,PEM107,Omni Channel,CT250289
VT-F-99-010721,2025-11-13,2025-11-14,1.0,Actual,PEM107,Omni Channel,VT250122
CT-F-99-020504,2025-11-13,2025-11-14,2.0,Actual,PEM107,Omni Channel,CT250230
VT-F-99-010721,2025-11-13,2025-11-28,1.0,Actual,PEM107,Omni Channel,VT250126
CT-F-99-020506,2025-11-13,2025-11-28,3.0,Actual,PEM107,Omni Channel,CT250231
VT-F-99-010721,2025-11-13,2025-11-26,1.0,Actual,PEM107,Omni Channel,VT250126
CT-F-99-020524,2025-11-13,2025-11-26,3.0,Actual,PEM107,Omni Channel,CT240130
CT-F-99-020527,2025-11-13,2025-11-14,3.0,Actual,PEM107,Omni Channel,CT250226
VT-F-99-010715,2025-11-14,2025-12-16,1.0,Actual,PEM107,Omni Channel,VT250139
CT-F-99-020506,2025-11-14,2025-12-16,3.0,Actual,PEM107,Omni Channel,CT250231
VT-F-99-010819,2025-11-14,2025-12-10,1.0,Actual,PEM107,Omni Channel,VT250115 
CT-F-99-020717,2025-11-14,2025-12-10,3.0,Actual,PEM107,Omni Channel,CT250290
CT-F-99-020704,2025-11-14,2025-12-04,2.0,Actual,PEM107,Omni Channel,CT250293
VT-F-99-010303,2025-11-14,2025-12-04,2.0,Actual,PEM107,Omni Channel,"VT240180,VT250160"
CT-F-99-020504,2025-11-14,2025-11-14,2.0,Actual,PEM107,Omni Channel,"CT250230,CT250255"
VT-F-99-010203,2025-11-14,2025-11-14,2.0,Actual,PEM107,Omni Channel,VT250136
CT-F-99-020503,2025-11-14,2025-12-26,2.0,Actual,PEM107,Omni Channel,CT250223
VT-F-99-010203,2025-11-14,2025-12-26,2.0,Actual,PEM107,Omni Channel,VT250136
VT-F-99-010721,2025-11-14,2025-11-26,1.0,Actual,PEM107,Omni Channel,VT250126
CT-F-99-020504,2025-11-14,2025-11-26,3.0,Actual,PEM107,Omni Channel,CT250255
VT-F-99-010303,2025-11-14,2025-12-03,2.0,Actual,PEM107,Omni Channel,VT250160
CT-F-99-020504,2025-11-14,2025-12-03,2.0,Actual,PEM107,Omni Channel,CT250255
CT-F-99-020507,2025-11-14,2025-12-03,2.0,Actual,PEM107,Omni Channel,CT250026
CT-F-99-020703,2025-11-14,2025-12-03,3.0,Actual,PEM107,Omni Channel,CT250294
CT-F-99-020503,2025-11-14,2025-12-03,2.0,Actual,PEM107,Omni Channel,CT250223
CT-F-99-020506,2025-11-14,2025-11-20,2.0,Actual,PEM107,Omni Channel,CT250185
CT-F-99-020704,2025-11-14,2025-12-04,2.0,Actual,PEM107,Omni Channel,CT250293
VT-F-99-010303,2025-11-14,2025-12-04,2.0,Actual,PEM107,Omni Channel,VT250133
CT-F-99-020503,2025-11-14,2025-11-20,2.0,Actual,PEM107,Omni Channel,CT250223
CT-F-99-020503,2025-11-14,2025-11-20,2.0,Actual,PEM107,Omni Channel,CT250223
CT-F-99-020705,2025-11-14,2025-12-04,2.0,Actual,PEM107,Omni Channel,CT250295
VT-F-99-010303,2025-11-14,2025-12-04,2.0,Actual,PEM107,Omni Channel,VT250133
CT-F-99-020507,2025-11-14,2025-11-20,3.0,Actual,PEM107,Omni Channel,CT250224
CT-F-99-020705,2025-11-14,2025-12-04,2.0,Actual,PEM107,Omni Channel,CT250295
VT-F-99-010303,2025-11-14,2025-12-04,2.0,Actual,PEM107,Omni Channel,VT250160
CT-F-99-020504,2025-11-14,2025-11-20,3.0,Actual,PEM107,Omni Channel,CT250230
CT-F-99-020705,2025-11-14,2025-12-03,2.0,Actual,PEM107,Omni Channel,CT250295
VT-F-99-010209,2025-11-14,2025-12-03,2.0,Actual,PEM107,Omni Channel,VT250164
VT-F-99-010203,2025-11-14,2025-12-03,2.0,Actual,PEM107,Omni Channel,VT250136
VT-F-99-010203,2025-11-14,2025-12-03,2.0,Actual,PEM107,Omni Channel,VT250136
VT-F-99-010203,2025-11-14,2025-11-20,2.0,Actual,PEM107,Omni Channel,VT250136
VT-F-99-010203,2025-11-14,2025-11-20,2.0,Actual,PEM107,Omni Channel,VT250136
VT-F-99-010203,2025-11-14,2025-11-20,2.0,Actual,PEM107,Omni Channel,VT250136
CT-F-99-020506,2025-11-17,2025-12-15,2.0,Actual,PEM107,Omni Channel,CT250231
VT-F-99-010203,2025-11-17,2025-12-15,2.0,Actual,PEM107,Omni Channel,VT250136
CT-F-99-020505,2025-10-29,2025-11-18,3.0,Actual,PEM107,Omni Channel,CT250256
VT-F-99-010721,2025-11-17,2025-11-26,1.0,Actual,PEM107,Omni Channel,VT250126
CT-F-99-020531,2025-11-17,2025-11-26,3.0,Actual,PEM107,Omni Channel,CT250188
VT-F-99-010203,2025-11-17,2025-12-01,2.0,Actual,PEM107,Omni Channel,VT250136
CT-F-99-020504,2025-11-17,2025-12-01,2.0,Actual,PEM107,Omni Channel,CT250255
VT-F-99-010721,2025-11-18,2025-11-21,1.0,Actual,PEM107,Omni Channel,VT250126
CT-F-99-020506,2025-11-18,2025-11-21,3.0,Actual,PEM107,Omni Channel,CT250231
VT-F-99-010202,2025-11-18,2025-12-17,1.0,Actual,PEM107,Omni Channel,VT250146
VT-F-99-010202,2025-11-18,2025-12-17,1.0,Actual,PEM107,Omni Channel,VT250146 
VT-F-99-010202,2025-11-18,2025-12-17,1.0,Actual,PEM107,Omni Channel,VT250146 
CT-F-99-020507,2025-11-18,2025-12-19,3.0,Actual,PEM107,Omni Channel,CT250235
VT-F-99-010721,2025-11-18,2025-12-19,1.0,Actual,PEM107,Omni Channel,VT250155 
VT-F-99-010202,2025-11-18,2025-12-19,1.0,Actual,PEM107,Omni Channel,"VT250146,VT260003 "
CT-F-99-020505,2025-11-18,2026-03-31,3.0,Actual,PEM107,Omni Channel,CT250305
VT-F-99-010721,2025-11-18,2026-03-31,1.0,Actual,PEM107,Omni Channel,VT260001
VT-F-99-010202,2025-11-18,2026-03-31,1.0,Actual,PEM107,Omni Channel,VT250146 
CT-F-99-020514,2025-11-18,2026-03-31,2.0,Actual,PEM107,Omni Channel,CT250296
VT-F-99-010203,2025-11-18,2026-03-31,2.0,Actual,PEM107,Omni Channel,VT250136
CT-F-99-020528,2025-11-18,2025-12-26,3.0,Actual,PEM107,Omni Channel,"CT250237,CT250288"
VT-F-99-010721,2025-11-18,2025-12-26,1.0,Actual,PEM107,Omni Channel,VT250155
VT-F-99-010202,2025-11-18,2025-12-26,1.0,Actual,PEM107,Omni Channel,VT250146
CT-F-99-020505,2025-11-18,2025-12-26,2.0,Actual,PEM107,Omni Channel,CT250274
VT-F-99-010203,2025-11-18,2025-12-26,2.0,Actual,PEM107,Omni Channel,VT250136
CT-F-99-020530,2025-11-18,2025-12-26,3.0,Actual,PEM107,Omni Channel,"CT250281, CT250300"
VT-F-99-010721,2025-11-18,2025-12-26,1.0,Actual,PEM107,Omni Channel,VT250155
VT-F-99-010202,2025-11-18,2025-12-26,1.0,Actual,PEM107,Omni Channel,VT250146
VT-F-99-010203,2025-11-18,2025-12-26,2.0,Actual,PEM107,Omni Channel,VT250136
CT-F-99-020506,2025-11-18,2025-12-24,3.0,Actual,PEM107,Omni Channel,CT250257
VT-F-99-010721,2025-11-18,2025-12-24,1.0,Actual,PEM107,Omni Channel,VT250155
VT-F-99-010202,2025-11-18,2025-12-24,1.0,Actual,PEM107,Omni Channel,VT250166
CT-F-99-020502,2025-11-18,2025-12-24,2.0,Actual,PEM107,Omni Channel,CT250229
VT-F-99-010203,2025-11-18,2025-12-24,2.0,Actual,PEM107,Omni Channel,VT250136
CT-F-99-020506,2025-11-18,2026-03-31,3.0,Actual,PEM107,Omni Channel,CT250257
VT-F-99-010721,2025-11-18,2026-03-31,1.0,Actual,PEM107,Omni Channel,VT250155
VT-F-99-010202,2025-11-18,2026-01-30,1.0,Actual,PEM107,Omni Channel,VT250166
VT-F-99-010203,2025-11-18,2025-12-17,2.0,Actual,PEM107,Omni Channel,VT250136
VT-F-99-010721,2025-11-14,2025-11-20,1.0,Actual,PEM107,Omni Channel,VT250126
VT-F-99-010819,2025-11-14,2025-12-03,1.0,Actual,PEM107,Omni Channel,VT250115
VT-F-99-010721,2025-11-14,2025-11-20,1.0,Actual,PEM107,Omni Channel,VT250126
CT-F-99-020508,2025-11-19,2025-12-04,3.0,Actual,PEM107,Omni Channel,CT250246
VT-F-99-010721,2025-11-19,2025-12-04,1.0,Actual,PEM107,Omni Channel,VT250155 
VT-F-99-010721,2025-11-19,2025-11-20,1.0,Actual,PEM107,Omni Channel,VT250126 
CT-F-99-020530,2025-11-19,2025-11-20,3.0,Actual,PEM107,Omni Channel,CT250281
VT-F-99-010202,2025-11-19,2025-11-20,1.0,Actual,PEM107,Omni Channel,VT250146
RS-F-99-041033,2025-11-20,2025-12-30,15.0,Actual,PEM107,Omni Channel,RS250416
RS-F-99-041034,2025-11-20,2025-12-30,15.0,Actual,PEM107,Omni Channel,RS250417
RS-F-99-041010,2025-11-20,2025-12-30,30.0,Actual,PEM107,Omni Channel,RS250418
RS-F-99-041035,2025-11-20,2025-12-30,12.0,Actual,PEM107,Omni Channel,"RS220330,RS250420"
RS-F-99-041001,2025-11-20,2025-12-30,15.0,Actual,PEM107,Omni Channel,RS250414
RS-F-99-041002,2025-11-20,2025-12-30,15.0,Actual,PEM107,Omni Channel,RS250415
RS-F-99-041006,2025-11-20,2026-02-02,12.0,Actual,PEM107,Omni Channel,RS250419
RS-F-99-041007,2025-11-20,2025-12-30,12.0,Actual,PEM107,Omni Channel,RS250421
RS-F-99-041008,2025-11-20,2025-12-30,12.0,Actual,PEM107,Omni Channel,RS250422
VT-F-99-010721,2025-11-20,2026-01-23,1.0,Actual,PEM107,Omni Channel,VT250155
CT-F-99-020528,2025-11-20,2026-01-23,3.0,Actual,PEM107,Omni Channel,CT250299
VT-F-99-010721,2025-11-20,2026-01-30,1.0,Actual,PEM107,Omni Channel,VT250155
VT-F-99-010721,2025-11-20,2026-10-09,1.0,MPS,PEM107,Omni Channel,VT250155
CT-F-99-020504,2025-11-20,2026-10-09,3.0,MPS,PEM107,Omni Channel,CT260021
VT-F-99-010721,2025-11-20,2025-12-26,1.0,Actual,PEM107,Omni Channel,VT250155
CT-F-99-020506,2025-11-20,2025-12-26,3.0,Actual,PEM107,Omni Channel,CT250257
VT-F-99-010721,2025-11-20,2025-12-04,1.0,Actual,PEM107,Omni Channel,VT250155
CT-F-99-020507,2025-11-20,2025-12-04,3.0,Actual,PEM107,Omni Channel,CT250235
VT-F-99-010721,2025-11-20,2025-12-26,1.0,Actual,PEM107,Omni Channel,VT250155
CT-F-99-020508,2025-11-20,2025-12-26,3.0,Actual,PEM107,Omni Channel,CT250246
CT-F-99-020527,2025-11-20,2026-01-30,3.0,Actual,PEM107,Omni Channel,CT250269
CT-F-99-020530,2025-11-20,2025-12-19,3.0,Actual,PEM107,Omni Channel,CT250238
CT-F-99-020506,2025-11-20,2025-12-04,3.0,Actual,PEM107,Omni Channel,CT250257
CT-F-99-020504,2025-11-21,2025-11-21,3.0,Actual,PEM107,Omni Channel,CT250230
VT-F-99-010721,2025-11-21,2025-11-21,1.0,Actual,PEM107,Omni Channel,VT250126
CT-F-99-020506,2025-11-21,2025-11-25,3.0,Actual,PEM107,Omni Channel,CT250257
VT-F-99-010715,2025-11-21,2025-11-26,1.0,Actual,PEM107,Omni Channel,VT250153
CT-F-99-020505,2025-11-21,2025-11-26,3.0,Actual,PEM107,Omni Channel,CT250256
VT-F-99-010721,2025-11-21,2025-11-28,1.0,Actual,PEM107,Omni Channel,VT250126
CT-F-99-020505,2025-11-21,2025-11-28,3.0,Actual,PEM107,Omni Channel,CT250274
VT-F-99-010721,2025-11-21,2025-12-02,1.0,Actual,PEM107,Omni Channel,VT250126
CT-F-99-020528,2025-11-21,2025-12-02,3.0,Actual,PEM107,Omni Channel,"CT250237,CT250288"
VT-F-99-010202,2025-11-21,2025-12-19,1.0,Actual,PEM107,Omni Channel,VT250146
CT-F-99-020504,2025-11-21,2025-12-04,3.0,Actual,PEM107,Omni Channel,CT250255
CT-F-99-020529,2025-11-20,2025-12-19,3.0,Actual,PEM107,Omni Channel,CT250325
CT-F-99-020504,2025-11-21,2025-11-28,3.0,Actual,PEM107,Omni Channel,CT250255
VT-F-99-010721,2025-11-21,2025-11-28,1.0,Actual,PEM107,Omni Channel,VT250126 
CT-F-99-020504,2025-11-21,2026-03-31,3.0,Actual,PEM107,Omni Channel,CT250255
VT-F-99-010721,2025-11-21,2025-11-28,1.0,Actual,PEM107,Omni Channel,VT250155 
CT-F-99-020505,2025-11-21,2025-11-28,3.0,Actual,PEM107,Omni Channel,CT250274
VT-F-99-010715,2025-11-21,2025-12-08,1.0,Actual,PEM107,Omni Channel,VT250153
CT-F-99-020505,2025-11-21,2025-12-08,3.0,Actual,PEM107,Omni Channel,CT250274
VT-F-99-010721,2025-11-24,2025-12-16,1.0,Actual,PEM107,Omni Channel,VT250155
CT-F-99-020506,2025-11-24,2025-12-16,3.0,Actual,PEM107,Omni Channel,CT250257
VT-F-99-010721,2025-11-24,2025-11-25,1.0,Actual,PEM107,Omni Channel,VT250126
CT-F-99-020508,2025-11-24,2025-11-25,3.0,Actual,PEM107,Omni Channel,CT250246
CT-F-99-020527,2025-11-24,2025-11-24,3.0,Actual,PEM107,Omni Channel,CT250269
VT-F-99-010701,2025-11-24,2025-12-02,1.0,Actual,PEM107,Omni Channel,VT250158
CT-F-99-020708,2025-11-24,2025-12-19,3.0,Actual,PEM107,Omni Channel,CT250322
VT-F-99-010819,2025-11-24,2025-12-19,1.0,Actual,PEM107,Omni Channel,VT250161
CT-F-99-020528,2025-11-24,2025-11-27,5.0,Actual,PEM107,Omni Channel,CT250288
VT-F-99-010721,2025-11-24,2025-12-22,1.0,Actual,PEM107,Omni Channel,VT250162
CT-F-99-020522,2025-11-24,2025-12-22,3.0,Actual,PEM107,Omni Channel,CT250323
CT-F-99-020504,2025-11-24,2025-11-27,3.0,Actual,PEM107,Omni Channel,CT250230
VT-F-99-010721,2025-11-25,2025-12-04,1.0,Actual,PEM107,Omni Channel,VT250155
CT-F-99-020504,2025-11-25,2025-12-04,3.0,Actual,PEM107,Omni Channel,CT250255
VT-F-99-010203,2025-11-25,2025-11-28,1.0,Actual,PEM107,Omni Channel,VT250116
VT-F-99-010721,2025-11-25,2026-01-30,1.0,Actual,PEM107,Omni Channel,VT250162
CT-F-99-020530,2025-11-25,2025-12-26,3.0,Actual,PEM107,Omni Channel,CT250300
VT-F-99-010202,2025-11-25,2026-01-30,1.0,Actual,PEM107,Omni Channel,VT250166
CT-F-99-020527,2025-11-26,2025-12-19,3.0,Actual,PEM107,Omni Channel,CT250269
CT-F-99-020523,2025-11-26,2025-12-15,3.0,Actual,PEM107,Omni Channel,CT250324
VT-F-99-010721,2025-11-26,2025-12-15,1.0,Actual,PEM107,Omni Channel,VT250162
CT-F-99-020523,2025-11-26,2025-12-15,3.0,Actual,PEM107,Omni Channel,CT250324
VT-F-99-010721,2025-11-26,2025-12-15,1.0,Actual,PEM107,Omni Channel,VT250162
CT-F-99-020507,2025-11-26,2025-11-28,3.0,Actual,PEM107,Omni Channel,CT250235
VT-F-99-010721,2025-11-26,2025-11-28,1.0,Actual,PEM107,Omni Channel,VT250126
VT-F-99-010721,2025-11-26,2025-12-26,1.0,Actual,PEM107,Omni Channel,VT250155
CT-F-99-020505,2025-11-26,2025-12-26,3.0,Actual,PEM107,Omni Channel,CT250274
VT-F-99-010721,2025-11-26,2025-12-26,1.0,Actual,PEM107,Omni Channel,VT250162
VT-F-99-010721,2025-11-26,2025-12-12,1.0,Actual,PEM107,Omni Channel,VT250162
CT-F-99-020528,2025-11-26,2025-12-12,3.0,Actual,PEM107,Omni Channel,CT250314
CT-F-99-020506,2025-11-26,2025-12-26,3.0,Actual,PEM107,Omni Channel,CT250257
VT-F-99-010721,2025-11-19,2025-12-15,1.0,Actual,PEM107,Omni Channel,VT250162
CT-F-99-020530,2025-11-19,2025-12-15,3.0,Actual,PEM107,Omni Channel,CT250266
VT-F-99-010202,2025-11-19,2025-12-15,1.0,Actual,PEM107,Omni Channel,VT250166
CT-F-99-020511,2025-11-27,2025-12-19,3.0,Actual,PEM107,Omni Channel,CT250248
VT-F-99-010721,2025-11-27,2025-12-19,1.0,Actual,PEM107,Omni Channel,VT250162
VT-F-99-010203,2025-11-27,2025-12-22,1.0,Actual,PEM107,Omni Channel,VT250137
VT-F-99-010721,2025-11-27,2025-12-09,1.0,Actual,PEM107,Omni Channel,VT250126
CT-F-99-020508,2025-11-27,2025-12-09,3.0,Actual,PEM107,Omni Channel,CT250246
CT-F-99-020503,2025-11-27,2025-12-19,3.0,Actual,PEM107,Omni Channel,CT250223
VT-F-99-010721,2025-11-27,2025-12-09,1.0,Actual,PEM107,Omni Channel,VT250126
CT-F-99-020508,2025-11-27,2025-12-09,3.0,Actual,PEM107,Omni Channel,CT250246
CT-F-99-020505,2025-11-27,2025-12-19,3.0,Actual,PEM107,Omni Channel,CT250305
VT-F-99-010721,2025-11-27,2025-12-19,1.0,Actual,PEM107,Omni Channel,VT250162
CT-F-99-020504,2025-11-27,2026-03-31,3.0,Actual,PEM107,Omni Channel,CT250255
CT-F-99-020505,2025-11-27,2025-12-04,3.0,Actual,PEM107,Omni Channel,CT250305
VT-F-99-010721,2025-11-27,2025-12-04,1.0,Actual,PEM107,Omni Channel,VT250162
VT-F-99-010203,2025-11-27,2025-12-19,2.0,Actual,PEM107,Omni Channel,VT250136
CT-F-99-020505,2025-11-27,2025-12-19,2.0,Actual,PEM107,Omni Channel,CT250274
VT-F-99-010721,2025-11-28,2026-10-09,1.0,MPS,PEM107,Omni Channel,VT250162
CT-F-99-020530,2025-11-28,2026-10-09,3.0,MPS,PEM107,Omni Channel,CT250317
VT-F-99-010721,2025-11-28,2026-03-20,1.0,Actual,PEM107,Omni Channel,VT250155
CT-F-99-020531,2025-11-28,2025-12-26,1.0,Actual,PEM107,Omni Channel,CT250301
CT-F-99-020524,2025-11-28,2025-12-26,1.0,Actual,PEM107,Omni Channel,CT250273
CT-F-99-020528,2025-11-28,2025-12-26,1.0,Actual,PEM107,Omni Channel,CT250288
CT-F-99-020530,2025-11-28,2025-12-26,1.0,Actual,PEM107,Omni Channel,CT250317
CT-F-99-020526,2025-11-28,2025-12-26,1.0,Actual,PEM107,Omni Channel,CT250198
CT-F-99-020503,2025-11-28,2025-12-23,52.0,Actual,PEM107,Omni Channel,CT250240
CT-F-99-020507,2025-11-28,2025-12-23,6.0,Actual,PEM107,Omni Channel,CT250235
CT-F-99-020508,2025-11-28,2025-12-23,5.0,Actual,PEM107,Omni Channel,CT250252
CT-F-99-020511,2025-11-28,2025-12-23,1.0,Actual,PEM107,Omni Channel,CT240090
RS-F-99-070004,2025-11-28,2025-12-23,826.0,Actual,PEM107,Omni Channel,"RS240309,RS250346"
CT-F-99-020506,2025-11-28,2025-12-04,3.0,Actual,PEM107,Omni Channel,CT250257
VT-F-99-010721,2025-11-28,2025-12-04,1.0,Actual,PEM107,Omni Channel,VT250162
CT-F-99-020502,2025-11-28,2025-12-12,3.0,Actual,PEM107,Omni Channel,CT250229
VT-F-99-010721,2025-11-28,2025-12-12,1.0,Actual,PEM107,Omni Channel,VT250162
VT-F-99-010202,2025-11-28,2025-12-12,1.0,Actual,PEM107,Omni Channel,VT250171
CT-F-99-020506,2025-11-28,2025-12-09,3.0,Actual,PEM107,Omni Channel,CT250272
VT-F-99-010721,2025-11-28,2025-12-09,1.0,Actual,PEM107,Omni Channel,VT250162
VT-F-99-010202,2025-11-28,2025-12-09,1.0,Actual,PEM107,Omni Channel,VT250171
CT-F-99-020504,2025-11-28,2025-12-09,3.0,Actual,PEM107,Omni Channel,CT250304
VT-F-99-010721,2025-11-28,2025-12-09,1.0,Actual,PEM107,Omni Channel,VT250162
VT-F-99-010202,2025-11-28,2025-12-09,1.0,Actual,PEM107,Omni Channel,VT250171
CT-F-99-020502,2025-11-28,2025-12-04,2.0,Actual,PEM107,Omni Channel,CT250229
CT-F-99-020510,2025-11-28,2025-12-04,4.0,Actual,PEM107,Omni Channel,CT250250
VT-F-99-010203,2025-11-28,2025-12-04,6.0,Actual,PEM107,Omni Channel,VT250136
VT-F-99-010721,2025-11-28,2025-12-04,1.0,Actual,PEM107,Omni Channel,VT250126
CT-F-99-020508,2025-11-28,2025-12-04,3.0,Actual,PEM107,Omni Channel,CT250246
VT-F-99-010203,2025-12-01,2025-12-03,2.0,Actual,PEM107,Omni Channel,VT250137
CT-F-99-020503,2025-12-01,2025-12-03,2.0,Actual,PEM107,Omni Channel,CT250303
VT-F-99-010203,2025-05-26,2026-01-19,24.0,Actual,PEM107,Omni Channel,VT250085
VT-F-99-010819,2025-12-01,2026-01-15,1.0,Actual,PEM107,Omni Channel,VT250161
RS-F-99-070005,2025-12-01,2025-12-02,3.0,Actual,PEM107,Omni Channel,CTR-2025-06612
CT-F-99-020704,2025-12-01,2026-01-15,3.0,Actual,PEM107,Omni Channel,CT260001
CT-F-99-020506,2025-12-02,2026-07-03,6.0,Actual,PEM107,Omni Channel,CT250306
CT-F-99-020508,2025-12-02,2026-07-24,6.0,Actual,PEM107,Omni Channel,CT250246
CT-F-99-020510,2025-12-02,2026-03-31,3.0,Actual,PEM107,Omni Channel,CT250243
CT-F-99-020527,2025-12-02,2026-03-31,3.0,Actual,PEM107,Omni Channel,CT250315 
CT-F-99-020528,2025-12-02,2026-04-03,6.0,Actual,PEM107,Omni Channel,"CT250316,CT260004"
CT-F-99-020530,2025-12-02,2026-03-31,3.0,Actual,PEM107,Omni Channel,CT250300
VT-F-99-010721,2025-12-02,2026-03-31,8.0,Actual,PEM107,Omni Channel,VT250162
VT-F-99-010202,2025-12-02,2026-03-31,1.0,Actual,PEM107,Omni Channel,VT250146
CT-F-99-020510,2025-12-02,2025-12-19,3.0,Actual,PEM107,Omni Channel,CT250250
VT-F-99-010721,2025-12-02,2025-12-04,1.0,Actual,PEM107,Omni Channel,VT250126 
CT-F-99-020507,2025-12-02,2025-12-04,3.0,Actual,PEM107,Omni Channel,CT250224
CT-F-99-020505,2025-12-02,2025-12-11,3.0,Actual,PEM107,Omni Channel,CT250305
VT-F-99-010721,2025-12-02,2025-12-11,1.0,Actual,PEM107,Omni Channel,VT250155
VT-F-99-010203,2025-12-03,2025-12-09,1.0,Actual,PEM107,Omni Channel,VT250137
CT-F-99-020506,2025-12-03,2025-12-08,3.0,Actual,PEM107,Omni Channel,CT250257
CT-F-99-020507,2025-12-04,2026-03-31,3.0,Actual,PEM107,Omni Channel,CT250235
VT-F-99-010721,2025-12-04,2026-03-31,1.0,Actual,PEM107,Omni Channel,VT250126
CT-F-99-020504,2025-12-04,2025-12-12,3.0,Actual,PEM107,Omni Channel,CT250230
VT-F-99-010302,2025-12-04,2025-12-23,1.0,Actual,PEM107,Omni Channel,VT250177
VT-F-99-010302,2025-12-04,2025-12-24,1.0,Actual,PCE101,Total Customer Solution,J25225
VT-F-99-010721,2025-12-08,2025-12-16,1.0,Actual,PEM107,Omni Channel,VT250155
CT-F-99-020524,2025-12-08,2025-12-16,3.0,Actual,PEM107,Omni Channel,CT250287
VT-F-99-010203,2025-12-08,2025-12-12,1.0,Actual,PEM107,Omni Channel,VT250116
VT-F-99-010721,2025-12-08,2025-12-09,1.0,Actual,PEM107,Omni Channel,VT250126
CT-F-99-020525,2025-12-09,2025-12-16,3.0,Actual,PEM107,Omni Channel,CT250156
VT-F-99-010721,2025-12-09,2025-12-16,1.0,Actual,PEM107,Omni Channel,VT250162
VT-F-99-010721,2025-12-09,2025-12-25,1.0,Actual,PEM107,Omni Channel,VT250162
CT-F-99-020510,2025-12-09,2025-12-25,3.0,Actual,PEM107,Omni Channel,CT250243
VT-F-99-010701,2025-12-09,2025-12-22,1.0,Actual,PEM107,Omni Channel,VT250158
VT-F-99-010721,2025-12-10,2026-01-19,1.0,Actual,PEM107,Omni Channel,VT250162
CT-F-99-020530,2025-12-10,2026-01-19,3.0,Actual,PEM107,Omni Channel,"CT250266,CT260002"
VT-F-99-010721,2025-12-10,2026-01-19,1.0,Actual,PEM107,Omni Channel,VT250162
CT-F-99-020530,2025-12-10,2026-01-19,3.0,Actual,PEM107,Omni Channel,CT260002
VT-F-99-010721,2025-12-10,2025-12-26,1.0,Actual,PEM107,Omni Channel,VT250162
CT-F-99-020507,2025-12-10,2025-12-26,3.0,Actual,PEM107,Omni Channel,CT250235
VT-F-99-010701,2025-12-10,2026-01-15,1.0,Actual,PEM107,Omni Channel,VT260002
RS-F-99-090030,2025-12-11,2026-01-12,1.0,Actual,PEM107,Omni Channel,RS260015
VT-F-99-010721,2025-12-11,2025-12-17,1.0,Actual,PEM107,Omni Channel,VT250155
CT-F-99-020503,2025-12-11,2025-12-17,3.0,Actual,PEM107,Omni Channel,CT250223
VT-F-99-010721,2025-12-11,2025-12-17,1.0,Actual,PEM107,Omni Channel,VT250162
CT-F-99-020510,2025-12-11,2025-12-17,3.0,Actual,PEM107,Omni Channel,CT250250
VT-F-99-010721,2025-11-28,2025-12-26,1.0,Actual,PEM107,Omni Channel,VT250162
CT-F-99-020502,2025-12-12,2025-12-24,3.0,Actual,PEM107,Omni Channel,CT250229
VT-F-99-010721,2025-12-12,2025-12-24,1.0,Actual,PEM107,Omni Channel,VT250162
VT-F-99-010721,2025-12-12,2026-02-27,1.0,Actual,PEM107,Omni Channel,VT260001 
CT-F-99-020530,2025-12-12,2026-02-27,3.0,Actual,PEM107,Omni Channel,CT250300
VT-F-99-010202,2025-12-12,2026-02-27,1.0,Actual,PEM107,Omni Channel,VT260003
VT-F-99-010202,2025-12-12,2026-12-30,1.0,Actual,PEM107,Omni Channel,VT260003
VT-F-99-010721,2025-12-12,2026-12-30,1.0,Actual,PEM107,Omni Channel,VT260001
CT-F-99-020528,2025-12-12,2026-12-30,3.0,Actual,PEM107,Omni Channel,CT250316
VT-F-99-010722,2025-12-12,2025-12-15,1.0,Actual,PEM102,Omni Channel,SS250304
CT-F-99-020502,2025-12-12,2025-12-19,3.0,Actual,PEM107,Omni Channel,CT250229
VT-F-99-010721,2025-12-12,2025-12-19,1.0,Actual,PEM107,Omni Channel,VT250162 
RS-F-99-090003,2025-12-15,2026-01-15,3.0,Actual,PEM107,Omni Channel,RS260001
CT-F-99-020503,2025-11-18,2025-12-17,2.0,Actual,PEM107,Omni Channel,CT250309
VT-F-99-010721,2025-12-16,2025-12-18,1.0,Actual,PEM107,Omni Channel,VT250126
CT-F-99-020506,2025-12-16,2025-12-18,3.0,Actual,PEM107,Omni Channel,CT250306
VT-F-99-010721,2025-12-16,2026-01-16,1.0,Actual,PEM107,Omni Channel,VT250162
CT-F-99-020506,2025-12-16,2026-01-16,3.0,Actual,PEM107,Omni Channel,CT250306
CT-F-99-020506,2025-12-16,2025-12-23,3.0,Actual,PEM107,Omni Channel,CT250272
VT-F-99-010721,2025-12-16,2025-12-23,1.0,Actual,PEM107,Omni Channel,VT250162
VT-F-99-010202,2025-12-16,2025-12-23,1.0,Actual,PEM107,Omni Channel,VT250019
CT-F-99-020501,2025-12-16,2025-12-23,2.0,Actual,PEM107,Omni Channel,CT250127
VT-F-99-010203,2025-12-16,2025-12-23,2.0,Actual,PEM107,Omni Channel,VT250136
VT-F-99-010721,2025-12-17,2025-12-24,1.0,Actual,PEM107,Omni Channel,VT250162
CT-F-99-020510,2025-12-17,2025-12-24,3.0,Actual,PEM107,Omni Channel,CT250202
CT-F-99-020504,2025-12-17,2026-01-30,3.0,Actual,PEM107,Omni Channel,CT250255
VT-F-99-010721,2025-12-17,2026-01-30,1.0,Actual,PEM107,Omni Channel,VT250162
VT-F-99-010721,2025-12-17,2025-12-22,1.0,Actual,PEM107,Omni Channel,VT250162
CT-F-99-020504,2025-12-17,2025-12-22,3.0,Actual,PEM107,Omni Channel,CT250255
VT-F-99-010721,2025-12-17,2025-12-22,1.0,Actual,PEM107,Omni Channel,VT250162
CT-F-99-020505,2025-12-17,2025-12-22,3.0,Actual,PEM107,Omni Channel,CT250256
VT-F-99-010722,2025-12-19,2026-01-06,1.0,Actual,PEM107,Omni Channel,VT250147
VT-F-99-010721,2025-12-19,2026-01-15,1.0,Actual,PEM107,Omni Channel,VT260001
CT-F-99-020508,2025-12-19,2026-01-15,3.0,Actual,PEM107,Omni Channel,CT250252
CT-F-99-020510,2025-12-19,2026-01-14,2.0,Actual,PEM107,Omni Channel,CT250251
VT-F-99-010203,2025-12-19,2026-01-14,2.0,Actual,PEM107,Omni Channel,VT250137
CT-F-99-020505,2025-12-19,2026-10-30,2.0,MPS,PEM107,Omni Channel,CT250311
VT-F-99-010203,2025-12-19,2026-10-30,2.0,MPS,PEM107,Omni Channel,VT250137
CT-F-99-020505,2025-12-19,2026-10-30,2.0,MPS,PEM107,Omni Channel,CT250311
VT-F-99-010203,2025-12-19,2026-09-30,2.0,MPS,PEM107,Omni Channel,VT250137
CT-F-99-020503,2025-12-19,2026-01-14,2.0,Actual,PEM107,Omni Channel,CT250309
VT-F-99-010203,2025-12-19,2026-01-14,2.0,Actual,PEM107,Omni Channel,VT250137
CT-F-99-020524,2025-12-22,2026-02-13,3.0,Actual,PEM107,Omni Channel,CT250287 
VT-F-99-010721,2025-12-22,2026-02-13,1.0,Actual,PEM107,Omni Channel,VT260001
VT-F-99-010203,2025-12-23,2026-01-08,4.0,Actual,PEM107,Omni Channel,VT250137
CT-F-99-020506,2025-12-23,2026-01-08,4.0,Actual,PEM107,Omni Channel,CT250272
CT-F-99-020506,2025-12-23,2026-01-08,4.0,Actual,PEM107,Omni Channel,CT250312
VT-F-99-010203,2025-12-24,2026-01-09,12.0,Actual,PEM107,Omni Channel,VT250137
CT-F-99-020506,2025-12-24,2026-01-09,6.0,Actual,PEM107,Omni Channel,"CT250306,CT250312"
CT-F-99-020511,2025-12-24,2026-01-09,6.0,Actual,PEM107,Omni Channel,CT250248
VT-F-99-010203,2025-12-24,2026-01-21,2.0,Actual,PEM107,Omni Channel,VT250137
VT-F-99-010721,2025-12-24,2026-01-07,1.0,Actual,PEM107,Omni Channel,VT250162 
CT-F-99-020504,2025-12-24,2026-01-07,3.0,Actual,PEM107,Omni Channel,CT250304
RS-F-99-070005,2025-12-24,2026-01-16,60.0,Actual,PEM107,Omni Channel,RS260012
RS-F-99-070003,2025-09-30,2026-02-25,150.0,Actual,PEM107,Omni Channel,RS250361
RS-F-99-070006,2025-09-30,2026-02-25,249.0,Actual,PEM107,Omni Channel,RS250362
RS-F-99-070007,2025-09-30,2026-02-25,150.0,Actual,PEM107,Omni Channel,RS250363
VT-F-99-010203,2025-12-25,2026-01-21,2.0,Actual,PEM107,Omni Channel,VT250137
VT-F-99-010721,2025-12-26,2026-01-08,1.0,Actual,PEM107,Omni Channel,VT250162
CT-F-99-020507,2025-12-26,2026-01-08,3.0,Actual,PEM107,Omni Channel,CT250270
CT-F-99-020504,2025-12-26,2025-12-29,3.0,Actual,PEM107,Omni Channel,CT250304
VT-F-99-010721,2026-01-05,2026-01-15,2.0,Actual,PEM107,Omni Channel,VT250162 
CT-F-99-020505,2026-01-05,2026-01-15,3.0,Actual,PEM107,Omni Channel,CT250274
CT-F-99-020508,2026-01-05,2026-01-15,3.0,Actual,PEM107,Omni Channel,CT250246
CT-F-99-020506,2026-01-06,2026-01-08,3.0,Actual,PEM107,Omni Channel,CT250306
VT-F-99-010721,2026-01-06,2026-01-08,1.0,Actual,PEM107,Omni Channel,VT250162
VT-F-99-010721,2026-01-06,2026-01-21,1.0,Actual,PEM107,Omni Channel,VT260001
CT-F-99-020504,2026-01-06,2026-01-21,3.0,Actual,PEM107,Omni Channel,CT250318
VT-F-99-010203,2026-01-06,2026-01-16,2.0,Actual,PEM107,Omni Channel,VT250137
CT-F-99-020504,2026-01-06,2026-01-16,2.0,Actual,PEM107,Omni Channel,CT250255
CT-F-99-020504,2026-01-06,2026-01-26,18.0,Actual,PEM107,Omni Channel,CT250310
CT-F-99-020506,2026-01-06,2026-01-16,3.0,Actual,PEM107,Omni Channel,CT250306
VT-F-99-010721,2026-01-06,2026-01-16,1.0,Actual,PEM107,Omni Channel,VT250162
CT-F-99-020506,2025-11-10,2026-01-22,3.0,Actual,PEM107,Omni Channel,CT250306
RS-F-99-120002,2026-01-06,2026-01-23,600.0,Actual,PTS,Tendering,CTR-2026-00056
RS-F-99-120002,2026-01-06,2026-02-23,600.0,Actual,PTS,Tendering,CTR-2026-00056
RS-F-99-120002,2026-01-06,2026-03-25,600.0,Actual,PTS,Tendering,CTR-2026-00056
RS-F-99-120002,2026-01-06,2026-04-25,600.0,Actual,PTS,Tendering,CTR-2026-00056
CT-F-99-020528,2026-01-07,2026-01-20,3.0,Actual,PEM107,Omni Channel,CT260004
VT-F-99-010721,2026-01-07,2026-01-21,1.0,Actual,PEM107,Omni Channel,VT260001
CT-F-99-020504,2026-01-07,2026-01-21,3.0,Actual,PEM107,Omni Channel,CT250318
VT-F-99-010203,2026-01-07,2026-01-26,2.0,Actual,PEM107,Omni Channel,VT250168
CT-F-99-020504,2026-01-07,2026-01-26,2.0,Actual,PEM107,Omni Channel,CT250304
CT-F-99-020504,2026-01-07,2026-02-25,6.0,Actual,PEM107,Omni Channel,CT260016
VT-F-99-010616,2026-01-07,2026-03-19,6.0,Actual,PEM107,Omni Channel,VT260011
RS-F-99-070003,2026-01-07,2026-03-19,300.0,Actual,PEM107,Omni Channel,RS260018
RS-F-99-070006,2026-01-07,2026-03-19,300.0,Actual,PEM107,Omni Channel,RS260019
CT-F-99-020510,2026-01-07,2026-01-30,3.0,Actual,PEM107,Omni Channel,CT250251
VT-F-99-010721,2026-01-07,2026-01-30,2.0,Actual,PEM107,Omni Channel,VT260001
CT-F-99-020505,2026-01-07,2026-01-08,3.0,Actual,PEM107,Omni Channel,CT250305
VT-F-99-010721,2026-01-07,2026-01-08,1.0,Actual,PEM107,Omni Channel,VT250162
CT-F-99-020524,2026-01-07,2026-01-30,3.0,Actual,PEM107,Omni Channel,CT250298
VT-F-99-010721,2026-01-07,2026-01-30,1.0,Actual,PEM107,Omni Channel,VT260001
VT-F-99-010819,2026-01-07,2026-02-03,1.0,Actual,PEM107,Omni Channel,VT250161
CT-F-99-020706,2026-01-07,2026-02-03,3.0,Actual,PEM107,Omni Channel,CT260015
CT-F-99-020506,2026-01-08,2026-01-14,2.0,Actual,PEM107,Omni Channel,CT250312
VT-F-99-010203,2026-01-08,2026-01-14,2.0,Actual,PEM107,Omni Channel,VT250168
CT-F-99-020528,2026-01-08,2026-01-22,3.0,Actual,PEM107,Omni Channel,CT250316
VT-F-99-010721,2026-01-08,2026-01-30,1.0,Actual,PEM107,Omni Channel,VT260001
CT-F-99-020502,2026-01-08,2026-01-23,3.0,Actual,PEM107,Omni Channel,CT250229
CT-F-99-020530,2026-01-08,2026-01-14,3.0,Actual,PEM107,Omni Channel,CT250300
VT-F-99-010721,2026-01-08,2026-01-26,1.0,Actual,PEM107,Omni Channel,VT260001
CT-F-99-020530,2026-01-08,2026-01-26,3.0,Actual,PEM107,Omni Channel,CT260002 
VT-F-99-010721,2026-01-08,2026-04-10,1.0,Actual,PEM107,Omni Channel,VT260001
CT-F-99-020528,2026-01-08,2026-04-10,3.0,Actual,PEM107,Omni Channel,CT260013
VT-F-99-010721,2026-01-09,2026-01-23,1.0,Actual,PEM107,Omni Channel,VT260001
CT-F-99-020504,2026-01-09,2026-01-27,3.0,Actual,PEM107,Omni Channel,CT260009
CT-F-99-020705,2026-01-09,2026-04-30,3.0,Actual,PEM107,Omni Channel,CT260031
VT-F-99-010818,2026-01-09,2026-04-30,1.0,Actual,PEM107,Omni Channel,VT250165 
VT-F-99-010715,2026-01-09,2026-02-20,1.0,Actual,PEM107,Omni Channel,VT250153
CT-F-99-020504,2026-01-09,2026-02-20,3.0,Actual,PEM107,Omni Channel,CT250318
CT-F-99-020704,2026-01-09,2026-04-30,3.0,Actual,PEM107,Omni Channel,CT260032
VT-F-99-010818,2026-01-09,2026-04-30,1.0,Actual,PEM107,Omni Channel,VT250165
CT-F-99-020508,2026-01-22,2026-03-23,250.0,Actual,PTS,Tendering,CTR-2026-00132
CT-F-99-020508,2026-01-22,2026-04-22,49.0,Actual,PTS,Tendering,CTR-2026-00132
VT-F-99-010721,2026-01-09,2026-01-23,1.0,Actual,PEM107,Omni Channel,VT260001
RS-F-99-120002,2026-01-09,2026-01-23,600.0,Actual,PEM107,Tendering,RS250368
RS-F-99-120002,2026-01-09,2026-02-25,600.0,Actual,PEM107,Tendering,RS250369
RS-F-99-120002,2026-01-09,2026-03-25,600.0,Actual,PEM107,Tendering,RS250370
RS-F-99-120002,2026-01-09,2026-04-24,600.0,Actual,PEM107,Tendering,"RS250371,RS250372"
VT-F-99-010721,2026-01-09,2026-01-16,1.0,Actual,PEM107,Omni Channel,VT260001
CT-F-99-020504,2026-01-09,2026-01-16,3.0,Actual,PEM107,Omni Channel,CT250255
CT-F-99-020503,2026-01-08,2026-02-11,3.0,Actual,PEM107,Omni Channel,CT250303
CT-F-99-020504,2026-01-12,2026-03-19,10.0,Actual,PEM107,Omni Channel,CT260016
CT-F-99-020506,2026-01-12,2026-01-16,3.0,Actual,PEM107,Omni Channel,CTR-2026-00168
CT-F-99-020506,2026-01-13,2026-01-14,3.0,Actual,PEM107,Omni Channel,CT250320
VT-F-99-010721,2026-01-13,2026-01-22,1.0,Actual,PEM107,Omni Channel,VT260001
CT-F-99-020508,2026-01-13,2026-01-22,3.0,Actual,PEM107,Omni Channel,CT250252
CT-F-99-020506,2026-01-13,2026-01-26,9.0,Actual,PEM107,Omni Channel,CT260010
CT-F-99-020706,2026-01-13,2026-01-29,3.0,Actual,PEM107,Omni Channel,CT260035
CT-F-99-020706,2026-01-13,2026-01-29,3.0,Actual,PEM107,Omni Channel,CT260035
VT-F-99-010818,2026-01-13,2026-01-29,1.0,Actual,PEM107,Omni Channel,VT260016
VT-F-99-010818,2026-01-13,2026-01-29,1.0,Actual,PEM107,Omni Channel,VT260016
VT-F-99-010715,2026-01-13,2026-01-26,3.0,Actual,PEM107,Omni Channel,VT250173
CT-F-99-020503,2026-01-13,2026-02-27,3.0,Actual,PEM107,Omni Channel,CT250303
CT-F-99-020523,2026-01-09,2026-01-23,3.0,Actual,PEM107,Omni Channel,CT260036
VT-F-99-010819,2026-01-14,2026-02-13,1.0,Actual,PEM107,Omni Channel,VT250161
CT-F-99-020704,2026-01-14,2026-02-13,3.0,Actual,PEM107,Omni Channel,CT260038
CT-F-99-020506,2026-01-13,2026-01-19,3.0,Actual,PEM107,Omni Channel,CT250320
VT-F-99-010715,2026-01-13,2026-01-19,1.0,Actual,PEM107,Omni Channel,VT250170 
CT-F-99-020506,2026-01-15,2026-02-03,27.0,Actual,PEM107,Omni Channel,"CT260010,CT260023"
CT-F-99-020524,2026-01-15,2026-02-03,3.0,Actual,PEM107,Omni Channel,"CT250273,CT260014"
VT-F-99-010721,2026-01-15,2026-02-03,10.0,Actual,PEM107,Omni Channel,VT260001
VT-F-99-010819,2026-01-16,2026-02-20,1.0,Actual,PEM107,Omni Channel,VT250161
CT-F-99-020717,2026-01-16,2026-02-20,3.0,Actual,PEM107,Omni Channel,CT260039
VT-F-99-010721,2026-01-16,2026-01-23,2.0,Actual,PEM107,Omni Channel,VT260001
CT-F-99-020527,2026-01-16,2026-01-23,3.0,Actual,PEM107,Omni Channel,CT250315
CT-F-99-020504,2026-01-16,2026-01-23,3.0,Actual,PEM107,Omni Channel,CT250310
VT-F-99-010701,2026-01-16,2026-01-19,1.0,Actual,PEM107,Omni Channel,VT260002
VT-F-99-010819,2026-01-16,2026-02-13,1.0,Actual,PEM107,Omni Channel,VT250161
CT-F-99-020708,2026-01-16,2026-02-13,3.0,Actual,PEM107,Omni Channel,CT260041
RS-F-99-120006,2026-01-16,2026-01-30,2.0,Actual,PEM107,Omni Channel,RS260026
RS-F-99-041005,2026-01-16,2026-01-30,2.0,Actual,PEM107,Omni Channel,RS260027
VT-F-99-010203,2025-05-26,2026-02-27,26.0,Actual,PEM107,Omni Channel,VT250085
CT-F-99-020508,2026-01-19,2026-01-30,3.0,Actual,PEM107,Omni Channel,CT250252
RS-F-99-050128,2026-01-19,2026-02-14,3.0,Actual,PEM107,Omni Channel,RS260028
VT-F-99-010819,2026-01-19,2026-02-06,1.0,Actual,PEM107,Omni Channel,VT250161
CT-F-99-020704,2026-01-19,2026-02-06,3.0,Actual,PEM107,Omni Channel,CT260040
CT-F-99-020514,2026-01-19,2026-03-19,10.0,Actual,PEM107,Omni Channel,CT260043
CT-F-99-020506,2026-01-19,2026-03-19,4.0,Actual,PEM107,Omni Channel,CT260042
CT-F-99-020502,2026-01-19,2026-01-27,2.0,Actual,PEM107,Omni Channel,CT250229
VT-F-99-010203,2026-01-19,2026-01-27,2.0,Actual,PEM107,Omni Channel,VT250168
CT-F-99-020504,2026-01-19,2026-03-31,3.0,Actual,PEM107,Omni Channel,"CT250310,CT250318"
VT-F-99-010721,2026-01-20,2026-10-09,1.0,MPS,PEM107,Omni Channel,VT260001
CT-F-99-020507,2026-01-20,2026-10-09,3.0,MPS,PEM107,Omni Channel,CT250270
VT-F-99-010721,2026-01-20,2026-01-29,1.0,Actual,PEM107,Omni Channel,VT260001
CT-F-99-020506,2026-01-20,2026-01-29,3.0,Actual,PEM107,Omni Channel,CT260023
CT-F-99-020506,2026-01-13,2026-01-30,3.0,Actual,PEM107,Omni Channel,CT260023
VT-F-99-010721,2026-01-13,2026-01-30,1.0,Actual,PEM107,Omni Channel,VT260001
RS-F-99-070004,2026-01-21,2026-01-23,6.0,Actual,PEM107,Omni Channel,
VT-F-99-010203,2025-05-19,2026-02-25,26.0,Actual,PDEMO,Omni Channel,
VT-F-99-010701,2026-01-21,2026-01-27,1.0,Actual,PEM107,Omni Channel,VT260002
CT-F-99-020504,2026-01-21,2026-02-05,3.0,Actual,PEM107,Omni Channel,CT260009
VT-F-99-010715,2026-01-21,2026-02-05,1.0,Actual,PEM107,Omni Channel,VT250170
VT-F-99-010721,2026-01-22,2026-02-13,1.0,Actual,PEM107,Omni Channel,VT260001
CT-F-99-020529,2026-01-22,2026-02-13,3.0,Actual,PEM107,Omni Channel,CT260020
CT-F-99-020506,2026-01-22,2026-01-30,3.0,Actual,PEM107,Omni Channel,CT260010
VT-F-99-010721,2026-01-22,2026-01-30,1.0,Actual,PEM107,Omni Channel,VT260001
VT-F-99-010819,2026-01-22,2026-02-20,1.0,Actual,PEM107,Omni Channel,VT250161
CT-F-99-020728,2026-01-22,2026-02-20,3.0,Actual,PEM107,Omni Channel,CT260047
VT-F-99-010721,2026-01-22,2026-02-03,1.0,Actual,PEM107,Omni Channel,VT260001
CT-F-99-020527,2026-01-22,2026-02-03,3.0,Actual,PEM107,Omni Channel,CT250315
VT-F-99-010721,2026-01-23,2026-02-02,1.0,Actual,PEM107,Omni Channel,VT260001 
CT-F-99-020506,2026-01-23,2026-02-02,3.0,Actual,PEM107,Omni Channel,CT260023
CT-F-99-020504,2026-01-23,2026-02-06,3.0,Actual,PEM107,Omni Channel,"CT250310,CT250318"
CT-F-99-020510,2026-01-23,2026-04-30,3.0,Actual,PEM107,Omni Channel,CT250251
CT-F-99-020504,2026-01-23,2026-03-31,3.0,Actual,PEM107,Omni Channel,CT260009
VT-F-99-010721,2026-01-23,2026-03-31,1.0,Actual,PEM107,Omni Channel,VT260001 
CT-F-99-020504,2026-01-23,2026-03-31,3.0,Actual,PEM107,Omni Channel,CT260021
VT-F-99-010721,2026-01-23,2026-03-31,1.0,Actual,PEM107,Omni Channel,VT260001
VT-F-99-010303,2026-01-23,2026-02-23,3.0,Actual,PEM107,Omni Channel,VT250160
CT-F-99-020524,2026-01-26,2026-02-09,1.0,Actual,PEM107,Omni Channel,CT260014
CT-F-99-020530,2026-01-26,2026-02-09,1.0,Actual,PEM107,Omni Channel,CT260012
VT-F-99-010818,2026-01-26,2026-02-20,1.0,Actual,PEM107,Omni Channel,VT260023
CT-F-99-020710,2026-01-26,2026-02-20,3.0,Actual,PEM107,Omni Channel,CT260048
VT-F-99-010721,2026-01-27,2026-02-25,1.0,Actual,PEM107,Omni Channel,VT260001
CT-F-99-020507,2026-01-27,2026-02-25,3.0,Actual,PEM107,Omni Channel,CT250270
VT-F-99-010721,2026-01-27,2026-02-25,1.0,Actual,PEM107,Omni Channel,VT260001
CT-F-99-020507,2026-01-27,2026-02-25,3.0,Actual,PEM107,Omni Channel,CT250270
VT-F-99-010721,2026-01-27,2026-01-28,1.0,Actual,PEM107,Omni Channel,VT260001
CT-F-99-020506,2026-01-27,2026-01-28,3.0,Actual,PEM107,Omni Channel,CT250320
CT-F-99-020503,2026-01-27,2026-03-31,3.0,Actual,PEM107,Omni Channel,CT250303
VT-F-99-010721,2026-01-27,2026-03-31,1.0,Actual,PEM107,Omni Channel,VT260001
VT-F-99-010721,2026-01-27,2026-03-31,1.0,Actual,PEM107,Omni Channel,VT260001
CT-F-99-020505,2026-01-27,2026-03-31,3.0,Actual,PEM107,Omni Channel,CT250305
CT-F-99-020503,2026-01-27,2026-03-31,3.0,Actual,PEM107,Omni Channel,CT250303
CT-F-99-020503,2026-01-27,2026-03-31,3.0,Actual,PEM107,Omni Channel,CT260044
CT-F-99-020524,2026-01-27,2026-02-13,3.0,Actual,PEM107,Omni Channel,CT260014
VT-F-99-010721,2026-01-27,2026-02-13,1.0,Actual,PEM107,Omni Channel,VT260001
VT-F-99-010203,2026-01-28,2026-02-03,10.0,Actual,PEM107,Omni Channel,VT250168
VT-F-99-010701,2026-01-28,2026-02-02,1.0,Actual,PEM107,Omni Channel,VT260002
RS-F-99-041001,2025-11-20,2026-02-02,15.0,Actual,PEM107,Omni Channel,RS250414
RS-F-99-041002,2025-11-20,2026-02-02,15.0,Actual,PEM107,Omni Channel,RS250415
RS-F-99-041033,2025-11-20,2026-02-02,15.0,Actual,PEM107,Omni Channel,RS250416
RS-F-99-041034,2025-11-20,2026-02-02,15.0,Actual,PEM107,Omni Channel,RS250417
RS-F-99-041035,2025-11-20,2026-02-02,6.0,Actual,PEM107,Omni Channel,"RS220330,RS250420"
RS-F-99-041008,2025-11-20,2026-02-02,6.0,Actual,PEM107,Omni Channel,RS250422
VT-F-99-010721,2026-01-28,2026-02-27,1.0,Actual,PEM107,Omni Channel,VT260001
CT-F-99-020504,2026-01-28,2026-02-27,3.0,Actual,PEM107,Omni Channel,CT260021
CT-F-99-020524,2025-10-16,2026-09-30,3.0,MPS,PEM107,Omni Channel,"CT260014,CT260027"
VT-F-99-010721,2026-01-29,2026-03-31,1.0,Actual,PEM107,Omni Channel,VT260001 
CT-F-99-020506,2026-01-29,2026-03-31,3.0,Actual,PEM107,Omni Channel,CT260023
VT-F-99-010721,2026-01-29,2026-03-31,1.0,Actual,PEM107,Omni Channel,VT260001
CT-F-99-020508,2026-01-29,2026-03-31,3.0,Actual,PEM107,Omni Channel,CT250252
CT-F-99-020704,2026-01-29,2026-02-25,3.0,Actual,PEM107,Omni Channel,CT260050
VT-F-99-010819,2026-01-29,2026-02-25,1.0,Actual,PEM107,Omni Channel,VT250161 
CT-F-99-020704,2026-01-29,2026-02-25,3.0,Actual,PEM107,Omni Channel,CT260050
VT-F-99-010819,2026-01-29,2026-02-25,1.0,Actual,PEM107,Omni Channel,VT250161
VT-F-99-010721,2026-01-30,2026-02-12,1.0,Actual,PEM107,Omni Channel,VT260001
CT-F-99-020528,2026-01-30,2026-02-12,3.0,Actual,PEM107,Omni Channel,CT250316
VT-F-99-010721,2026-01-30,2026-02-11,1.0,Actual,PEM107,Omni Channel,VT260001
CT-F-99-020506,2026-01-30,2026-02-11,3.0,Actual,PEM107,Omni Channel,CT260023
CT-F-99-020508,2026-01-30,2026-03-20,250.0,Actual,PEM107,Tendering,CT250286
CT-F-99-020508,2026-01-30,2026-04-20,49.0,Actual,PEM107,Tendering,CT250286
CT-F-99-020535,2026-01-30,2026-02-27,3.0,Actual,PEM107,Omni Channel,"CT240187,CT260051"
VT-F-99-010721,2026-01-30,2026-02-27,1.0,Actual,PEM107,Omni Channel,VT260013
CT-F-99-020505,2026-01-30,2026-02-06,3.0,Actual,PEM107,Omni Channel,CT250305
VT-F-99-010721,2026-01-30,2026-02-06,1.0,Actual,PEM107,Omni Channel,VT260001
VT-F-99-010303,2026-01-30,2026-02-02,1.0,Actual,PEM107,Omni Channel,VT250160
CT-F-99-020507,2026-02-03,2026-02-25,6.0,Actual,PEM107,Omni Channel,CT260052
VT-F-99-010615,2026-02-04,2026-10-30,9.0,MPS,PEM107,Omni Channel,VT260029
CT-F-99-020705,2026-02-04,2026-03-16,1.0,Actual,PCE101,Omni Channel,J26012
VT-F-99-010203,2026-02-04,2026-03-16,3.0,Actual,PCE101,Omni Channel,J26012
RS-F-99-070004,2026-02-04,2026-02-13,3.0,Actual,PEM107,Omni Channel,CTR-2026-00661
VT-F-99-010819,2026-02-05,2026-03-04,1.0,Actual,PEM107,Omni Channel,VT260021
CT-F-99-020706,2026-02-05,2026-03-04,3.0,Actual,PEM107,Omni Channel,CT260058
VT-F-99-010302,2026-02-05,2026-02-11,1.0,Actual,PEM107,Omni Channel,VT260028
CT-F-99-020704,2026-01-21,2026-03-02,3.0,Actual,PEM107,Omni Channel,CT260057
VT-F-99-010819,2026-01-21,2026-03-02,1.0,Actual,PEM107,Omni Channel,VT260021
CT-F-99-020503,2026-01-21,2026-03-31,3.0,Actual,PEM107,Omni Channel,CT250303
VT-F-99-010715,2026-02-06,2026-02-13,1.0,Actual,PEM107,Omni Channel,VT250173 
CT-F-99-020502,2026-02-06,2026-02-13,3.0,Actual,PEM107,Omni Channel,CT250229
VT-F-99-010302,2026-02-09,2026-02-12,1.0,Actual,PCE101,Total Customer Solution,J26013
CT-F-99-020507,2026-02-09,2026-03-19,6.0,Actual,PEM107,Omni Channel,CT260059
CT-F-99-020503,2026-02-09,2026-02-27,3.0,Actual,PEM107,Omni Channel,CT250303
VT-F-99-010721,2026-02-09,2026-02-27,1.0,Actual,PEM107,Omni Channel,VT260001
VT-F-99-010721,2026-02-09,2026-02-12,1.0,Actual,PEM107,Omni Channel,VT260001
CT-F-99-020504,2026-02-09,2026-02-27,3.0,Actual,PEM107,Omni Channel,CT260009
CT-F-99-020725,2026-02-09,2026-03-11,1.0,Actual,PEM107,Omni Channel,CT260060
CT-F-99-020507,2026-02-09,2026-02-13,3.0,Actual,PEM107,Omni Channel,CT250235
CT-F-99-020510,2026-01-21,2026-04-30,3.0,Actual,PEM107,Omni Channel,CT250251
VT-F-99-010715,2026-02-10,2026-03-16,1.0,Actual,PEM107,Omni Channel,VT250173
CT-F-99-020506,2026-02-10,2026-03-16,3.0,Actual,PEM107,Omni Channel,CT260023
VT-F-99-010721,2026-02-10,2026-03-31,1.0,Actual,PEM107,Omni Channel,VT250162
CT-F-99-020506,2026-02-10,2026-03-31,3.0,Actual,PEM107,Omni Channel,CT260023
CT-F-99-020508,2026-02-10,2026-02-13,3.0,Actual,PEM107,Omni Channel,CT250252
VT-F-99-010721,2026-02-11,2026-02-12,1.0,Actual,PEM107,Omni Channel,VT250162
CT-F-99-020504,2026-02-11,2026-02-12,3.0,Actual,PEM107,Omni Channel,CT260021
VT-F-99-010721,2026-02-11,2026-02-16,1.0,Actual,PEM107,Omni Channel,VT260001
CT-F-99-020505,2026-02-11,2026-02-16,3.0,Actual,PEM107,Omni Channel,CT250305
VT-F-99-010721,2026-02-12,2026-03-05,1.0,Actual,PEM107,Omni Channel,VT260013
CT-F-99-020506,2026-02-12,2026-03-05,3.0,Actual,PEM107,Omni Channel,CT260023
CT-F-99-020709,2026-02-12,2026-03-11,2.0,Actual,PEM107,Omni Channel,CT260061
VT-F-99-010721,2026-02-12,2026-02-20,1.0,Actual,PEM107,Omni Channel,VT260013
CT-F-99-020507,2026-02-12,2026-02-20,3.0,Actual,PEM107,Omni Channel,CT250270
VT-F-99-010819,2026-02-12,2026-03-12,1.0,Actual,PEM107,Omni Channel,VT260021
CT-F-99-020705,2026-02-12,2026-03-12,3.0,Actual,PEM107,Omni Channel,VT260021
CT-F-99-020504,2026-02-12,2026-02-19,3.0,Actual,PEM107,Omni Channel,CT260021
VT-F-99-010721,2026-02-12,2026-02-19,1.0,Actual,PEM107,Omni Channel,VT260013
CT-F-99-020508,2026-02-12,2026-02-19,3.0,Actual,PEM107,Omni Channel,CT260011
VT-F-99-010721,2026-02-12,2026-02-19,1.0,Actual,PEM107,Omni Channel,VT260013 
CT-F-99-020504,2026-02-12,2026-02-13,3.0,Actual,PEM107,Omni Channel,CT260021
VT-F-99-010721,2026-02-12,2026-02-13,1.0,Actual,PEM107,Omni Channel,VT260001
CT-F-99-020504,2026-02-12,2026-02-20,3.0,Actual,PEM107,Omni Channel,CT260021
VT-F-99-010721,2026-02-12,2026-02-20,1.0,Actual,PEM107,Omni Channel,VT260013
CT-F-99-020503,2026-02-12,2026-02-16,2.0,Actual,PEM107,Omni Channel,CT250309
VT-F-99-010203,2026-02-12,2026-02-16,2.0,Actual,PEM107,Omni Channel,VT250168
CT-F-99-020524,2026-02-12,2026-03-31,3.0,Actual,PEM107,Omni Channel,CT260027
CT-F-99-020506,2026-02-13,2026-02-27,3.0,Actual,PEM107,Omni Channel,CT260049
VT-F-99-010721,2026-02-13,2026-02-27,1.0,Actual,PEM107,Omni Channel,VT260013
VT-F-99-010819,2026-02-16,2026-03-19,1.0,Actual,PEM107,Omni Channel,VT260021 
CT-F-99-020725,2026-02-16,2026-03-19,3.0,Actual,PEM107,Omni Channel,CT260063
VT-F-99-010203,2026-02-16,2026-02-20,2.0,Actual,PEM107,Omni Channel,VT260006
CT-F-99-020504,2026-02-16,2026-06-11,4.0,Actual,PEM107,Omni Channel,CT260064
RS-F-99-010114,2026-02-16,2026-03-04,3.0,Actual,PEM107,Omni Channel,RS260064
CT-F-99-020502,2026-02-16,2026-06-11,10.0,Actual,PEM107,Omni Channel,CT260068
CT-F-99-020514,2026-02-16,2026-06-11,20.0,Actual,PEM107,Omni Channel,CT260067
CT-F-99-020508,2026-02-16,2026-03-19,4.0,Actual,PEM107,Omni Channel,CT260070
VT-F-99-010203,2026-02-17,2026-02-23,1.0,Actual,PEM107,Omni Channel,VT260006
CT-F-99-020506,2026-01-13,2026-02-25,6.0,Actual,PEM107,Omni Channel,CT260049
VT-F-99-010721,2026-01-21,2026-02-20,1.0,Actual,PEM107,Omni Channel,VT260001
VT-F-99-010721,2026-02-17,2026-03-13,1.0,Actual,PEM107,Omni Channel,VT260013
CT-F-99-020527,2026-02-17,2026-03-13,3.0,Actual,PEM107,Omni Channel,CT250269
VT-F-99-010715,2026-02-17,2026-03-09,1.0,Actual,PEM107,Omni Channel,VT260017 
CT-F-99-020504,2026-02-17,2026-03-09,3.0,Actual,PEM107,Omni Channel,CT260021
CT-F-99-020531,2026-02-17,2026-03-02,3.0,Actual,PEM107,Omni Channel,CT250188
VT-F-99-010721,2026-02-17,2026-03-02,1.0,Actual,PEM107,Omni Channel,VT260013
CT-F-99-020505,2026-02-18,2026-04-01,3.0,Actual,PEM107,Omni Channel,CT250305
VT-F-99-010715,2026-02-18,2026-04-01,1.0,Actual,PEM107,Omni Channel,VT260013
CT-F-99-020504,2026-02-18,2026-02-20,3.0,Actual,PEM107,Omni Channel,CT260021
VT-F-99-010203,2026-02-18,2026-03-09,2.0,Actual,PEM107,Omni Channel,VT260006
VT-F-99-010202,2026-02-18,2026-05-22,10.0,Actual,PEM107,Omni Channel,VT260034
RS-F-99-041035,2026-02-18,2026-05-22,6.0,Actual,PEM107,Omni Channel,RS260080
RS-F-99-041006,2026-02-18,2026-05-22,12.0,Actual,PEM107,Omni Channel,RS260079
RS-F-99-041007,2026-02-18,2026-05-29,12.0,Actual,PEM107,Omni Channel,RS260081
RS-F-99-041008,2026-02-18,2026-05-22,9.0,Actual,PEM107,Omni Channel,RS260082
VT-F-99-010721,2026-02-19,2026-02-24,1.0,Actual,PEM107,Omni Channel,VT260013
CT-F-99-020508,2026-02-19,2026-02-24,3.0,Actual,PEM107,Omni Channel,CT260011
VT-F-99-010616,2026-01-07,2026-02-25,15.0,Actual,PEM107,Omni Channel,VT260011
VT-F-99-010721,2026-02-20,2026-02-23,1.0,Actual,PEM107,Omni Channel,VT260001
CT-F-99-020503,2026-02-20,2026-02-23,3.0,Actual,PEM107,Omni Channel,CT250303
VT-F-99-010721,2026-02-20,2026-05-15,1.0,Actual,PEM107,Omni Channel,VT260013
CT-F-99-020530,2026-02-20,2026-05-15,3.0,Actual,PEM107,Omni Channel,CT260012
VT-F-99-010721,2026-02-20,2026-02-27,1.0,Actual,PEM107,Omni Channel,VT260013
CT-F-99-020505,2026-02-20,2026-02-27,3.0,Actual,PEM107,Omni Channel,CT250311
VT-F-99-010721,2026-02-20,2026-03-20,1.0,Actual,PEM107,Omni Channel,VT260013
CT-F-99-020511,2026-02-20,2026-03-20,3.0,Actual,PEM107,Omni Channel,CT250248
VT-F-99-010820,2026-02-20,2026-04-07,1.0,Actual,PCE101,Omni Channel,J26021
VT-F-99-010820,2026-02-20,2026-04-06,1.0,Actual,PEM107,Omni Channel,VT250013
CT-F-99-020505,2026-02-18,2026-03-31,3.0,Actual,PEM107,Omni Channel,CT250311
VT-F-99-010721,2026-01-21,2026-04-30,1.0,Actual,PEM107,Omni Channel,CT250251
VT-F-99-010721,2026-01-27,2026-03-31,1.0,Actual,PEM107,Omni Channel,VT260013
VT-F-99-010721,2026-01-27,2026-03-31,1.0,Actual,PEM107,Omni Channel,VT260013
CT-F-99-020510,2026-02-24,2026-06-30,3.0,Actual,PEM107,Omni Channel,CT250251
VT-F-99-010721,2026-02-24,2026-06-30,1.0,Actual,PEM107,Omni Channel,VT260013 
VT-F-99-010715,2026-02-25,2026-03-25,1.0,Actual,PEM107,Omni Channel,VT260017
CT-F-99-020505,2026-02-25,2026-03-25,3.0,Actual,PEM107,Omni Channel,CT250319
VT-F-99-010721,2026-02-25,2026-04-10,1.0,Actual,PEM107,Omni Channel,VT260013
CT-F-99-020528,2026-02-25,2026-04-10,3.0,Actual,PEM107,Omni Channel,CT260013
VT-F-99-010721,2026-02-25,2026-04-10,1.0,Actual,PEM107,Omni Channel,VT260013
CT-F-99-020528,2026-02-25,2026-04-10,3.0,Actual,PEM107,Omni Channel,CT260013
VT-F-99-010715,2026-02-25,2026-04-03,1.0,Actual,PEM107,Omni Channel,VT260017
CT-F-99-020505,2026-02-25,2026-04-03,3.0,Actual,PEM107,Omni Channel,CT250305
VT-F-99-010203,2026-02-25,2026-02-27,2.0,Actual,PEM107,Omni Channel,VT260006
CT-F-99-020505,2026-02-25,2026-02-27,2.0,Actual,PEM107,Omni Channel,CT250319
CT-F-99-020705,2026-02-26,2026-03-20,3.0,Actual,PEM107,Omni Channel,CT260078
VT-F-99-010819,2026-02-26,2026-03-20,1.0,Actual,PEM107,Omni Channel,VT260021 
CT-F-99-020506,2026-02-26,2026-03-20,3.0,Actual,PEM107,Omni Channel,CT260023
VT-F-99-010721,2026-02-26,2026-03-20,1.0,Actual,PEM107,Omni Channel,VT260013
CT-F-99-020507,2026-02-26,2026-03-13,3.0,Actual,PEM107,Omni Channel,CT250235
CT-F-99-020507,2026-02-26,2026-03-13,3.0,Actual,PEM107,Omni Channel,CT250235
CT-F-99-020507,2026-02-26,2026-03-13,3.0,Actual,PEM107,Omni Channel,CT250270
VT-F-99-010721,2026-02-26,2026-03-13,1.0,Actual,PEM107,Omni Channel,VT260013
VT-F-99-010721,2026-02-26,2026-03-13,1.0,Actual,PEM107,Omni Channel,VT260013
VT-F-99-010721,2026-02-26,2026-03-13,1.0,Actual,PEM107,Omni Channel,VT260013
CT-F-99-020507,2026-02-26,2026-03-13,3.0,Actual,PEM107,Omni Channel,CT250270
CT-F-99-020505,2026-02-26,2026-03-13,3.0,Actual,PEM107,Omni Channel,CT250319
CT-F-99-020505,2026-02-26,2026-03-20,3.0,Actual,PEM107,Omni Channel,CT250319
VT-F-99-010721,2026-02-26,2026-03-13,1.0,Actual,PEM107,Omni Channel,VT260013
VT-F-99-010721,2026-02-26,2026-03-13,1.0,Actual,PEM107,Omni Channel,VT260013
VT-F-99-010721,2026-02-26,2026-03-20,1.0,Actual,PEM107,Omni Channel,VT260013
VT-F-99-010721,2026-02-26,2026-03-20,1.0,Actual,PEM107,Omni Channel,VT260013
CT-F-99-020506,2026-02-26,2026-03-20,3.0,Actual,PEM107,Omni Channel,CT260023
CT-F-99-020508,2026-02-26,2026-03-25,3.0,Actual,PEM107,Omni Channel,CT260011
VT-F-99-010721,2026-02-26,2026-03-25,1.0,Actual,PEM107,Omni Channel,VT260013
VT-F-99-010819,2026-02-26,2026-03-19,1.0,Actual,PEM107,Omni Channel,VT260021
CT-F-99-020706,2026-02-26,2026-03-19,3.0,Actual,PEM107,Omni Channel,CT260079
CT-F-99-020502,2026-03-02,2026-03-04,2.0,Actual,PEM107,Omni Channel,CT250302
VT-F-99-010203,2026-03-02,2026-03-04,2.0,Actual,PEM107,Omni Channel,VT260006
VT-F-99-010721,2026-03-02,2026-03-20,1.0,Actual,PEM107,Omni Channel,VT260013
CT-F-99-020506,2026-03-02,2026-03-20,3.0,Actual,PEM107,Omni Channel,CT260023
VT-F-99-010721,2026-03-04,2026-03-28,1.0,Actual,PEM107,Omni Channel,VT260013
CT-F-99-020535,2026-03-04,2026-03-28,3.0,Actual,PEM107,Omni Channel,CT260088
CT-F-99-020507,2026-03-04,2026-03-19,6.0,Actual,PEM107,Omni Channel,CT260081
RS-F-99-070004,2026-03-04,2026-03-19,150.0,Actual,PEM107,Omni Channel,RS260099
CT-F-99-020508,2026-02-24,2026-05-29,3.0,Actual,PEM107,Omni Channel,"VT260013,CT250198"
VT-F-99-010721,2026-02-24,2026-05-29,1.0,Actual,PEM107,Omni Channel,"VT260013,CT250198"
VT-F-99-010721,2026-03-04,2026-03-13,1.0,Actual,PEM107,Omni Channel,VT260013
CT-F-99-020506,2026-03-04,2026-03-20,3.0,Actual,PEM107,Omni Channel,CT260049
CT-F-99-020507,2026-03-04,2026-03-20,3.0,Actual,PEM107,Omni Channel,"CT250270,CT250307"
VT-F-99-010721,2026-03-04,2026-03-20,1.0,Actual,PEM107,Omni Channel,VT260013
CT-F-99-020706,2026-03-04,2026-04-03,3.0,Actual,PEM107,Omni Channel,CT260083
CT-F-99-020705,2026-03-04,2026-04-03,3.0,Actual,PEM107,Omni Channel,CT260082
VT-F-99-010819,2026-03-04,2026-04-03,1.0,Actual,PEM107,Omni Channel,VT260021
CT-F-99-020504,2026-03-04,2026-04-30,3.0,Actual,PEM107,Omni Channel,CT260021
VT-F-99-010721,2026-03-04,2026-04-30,1.0,Actual,PEM107,Omni Channel,VT260013
VT-F-99-010721,2026-03-04,2026-03-30,1.0,Actual,PEM107,Omni Channel,VT260013
CT-F-99-020528,2026-03-04,2026-03-30,3.0,Actual,PEM107,Omni Channel,CT260028
CT-F-99-020504,2026-03-04,2026-03-05,1.0,Actual,PEM107,Omni Channel,CT260021
CT-F-99-020507,2026-03-04,2026-03-20,3.0,Actual,PEM107,Omni Channel,"VT260013,VT260005,CT260049"
VT-F-99-010721,2026-03-04,2026-03-20,1.0,Actual,PEM107,Omni Channel,"VT260013,VT260005,CT260049"
VT-F-99-010819,2026-03-04,2026-04-03,1.0,Actual,PEM107,Omni Channel,"VT260021,CT260082"
VT-F-99-010721,2026-03-05,2026-03-20,1.0,Actual,PEM107,Omni Channel,VT260013
CT-F-99-020530,2026-03-05,2026-03-20,3.0,Actual,PEM107,Omni Channel,CT260002
CT-F-99-020502,2026-03-06,2026-03-11,2.0,Actual,PEM107,Omni Channel,CT250302
VT-F-99-010203,2026-03-06,2026-03-11,2.0,Actual,PEM107,Omni Channel,VT260006
VT-F-99-010721,2026-03-06,2026-07-10,1.0,Actual,PEM107,Omni Channel,VT260013
VT-F-99-010721,2026-03-09,2026-03-11,1.0,Actual,PEM107,Omni Channel,VT260013
CT-F-99-020503,2026-03-09,2026-03-19,3.0,Actual,PEM107,Omni Channel,CT250303
VT-F-99-010721,2026-03-09,2026-03-19,1.0,Actual,PEM107,Omni Channel,VT260013
VT-F-99-010203,2026-03-09,2026-03-16,16.0,Actual,PEM107,Omni Channel,VT260006
CT-F-99-020502,2026-03-09,2026-03-16,4.0,Actual,PEM107,Omni Channel,CT250308
CT-F-99-020504,2026-03-09,2026-03-16,4.0,Actual,PEM107,Omni Channel,CT260021
CT-F-99-020506,2026-03-09,2026-03-16,4.0,Actual,PEM107,Omni Channel,"CT250320,CT260023"
RS-F-99-090010,2026-03-09,2026-04-10,3.0,Actual,PEM107,Omni Channel,RS260112
VT-F-99-010721,2026-03-09,2026-05-29,1.0,Actual,PEM107,Omni Channel,VT260013
CT-F-99-020527,2026-03-09,2026-05-29,3.0,Actual,PEM107,Omni Channel,CT260005 
VT-F-99-010715,2026-03-10,2026-05-15,1.0,Actual,PEM107,Omni Channel,VT260017
CT-F-99-020504,2026-03-10,2026-05-15,3.0,Actual,PEM107,Omni Channel,CT260021
VT-F-99-010721,2026-03-10,2026-03-24,1.0,Actual,PEM107,Omni Channel,VT260013 
CT-F-99-020504,2026-03-10,2026-03-24,3.0,Actual,PEM107,Omni Channel,CT260021
CT-F-99-020535,2026-03-10,2026-03-24,3.0,Actual,PEM107,Omni Channel,CT260080
CT-F-99-020504,2026-03-10,2026-03-31,3.0,Actual,PEM107,Omni Channel,CT260021
CT-F-99-020501,2026-03-11,2026-03-13,2.0,Actual,PEM107,Omni Channel,CT250127
CT-F-99-020507,2026-03-11,2026-03-31,3.0,Actual,PEM107,Omni Channel,CT250307
VT-F-99-010721,2026-03-11,2026-03-31,1.0,Actual,PEM107,Omni Channel,VT260013
VT-F-99-010701,2026-03-11,2026-03-13,1.0,Actual,PEM107,Omni Channel,VT260002
VT-F-99-010721,2026-03-12,2026-03-16,1.0,Actual,PEM107,Omni Channel,VT260013
CT-F-99-020508,2026-03-12,2026-03-16,3.0,Actual,PEM107,Omni Channel,CT260011
VT-F-99-010721,2026-03-12,2026-03-31,1.0,Actual,PEM107,Omni Channel,VT260013 
CT-F-99-020508,2026-03-12,2026-03-31,3.0,Actual,PEM107,Omni Channel,CT260011
VT-F-99-010203,2026-03-12,2026-03-18,2.0,Actual,PEM107,Omni Channel,VT260006
CT-F-99-020504,2026-03-12,2026-03-18,2.0,Actual,PEM107,Omni Channel,CT260033
CT-F-99-020510,2026-03-12,2026-03-18,2.0,Actual,PEM107,Omni Channel,CT250250
VT-F-99-010820,2026-03-12,2026-03-30,1.0,Actual,PCE101,Total Customer Solution,J26038
RS-F-99-070003,2026-03-13,2026-09-10,100.0,Actual,PEM107,Omni Channel,RS260108
RS-F-99-070006,2026-03-13,2026-11-25,300.0,MPS,PEM107,Omni Channel,RS260109
CT-F-99-020507,2026-03-13,2026-06-11,10.0,Actual,PEM107,Omni Channel,CT260092
CT-F-99-020501,2026-03-13,2026-07-08,68.0,Actual,PEM107,Omni Channel,CT260089
RS-F-99-070007,2026-03-13,2026-10-20,150.0,MPS,PEM107,Omni Channel,RS260110
VT-F-99-010203,2026-03-13,2026-08-06,6.0,Actual,PEM107,Omni Channel,VT260043
VT-F-99-010721,2026-03-16,2026-03-18,1.0,Actual,PEM107,Omni Channel,VT260013
CT-F-99-020505,2026-03-16,2026-03-18,3.0,Actual,PEM107,Omni Channel,CT250305
VT-F-99-010820,2026-03-16,2026-03-20,1.0,Actual,PEM102,Omni Channel,SS260035
VT-F-99-010721,2026-03-16,2026-04-03,2.0,Actual,PEM107,Omni Channel,VT260031
CT-F-99-020506,2026-03-16,2026-04-03,3.0,Actual,PEM107,Omni Channel,CT260049
CT-F-99-020507,2026-03-16,2026-04-03,3.0,Actual,PEM107,Omni Channel,CT250321
VT-F-99-010721,2026-03-17,2026-10-09,1.0,MPS,PEM107,Omni Channel,VT260031 
CT-F-99-020508,2026-03-17,2026-10-09,3.0,MPS,PEM107,Omni Channel,CT260011
CT-F-99-020507,2025-11-28,2026-03-20,3.0,Actual,PEM107,Omni Channel,CT250321
VT-F-99-010715,2026-03-17,2026-05-15,1.0,Actual,PEM107,Omni Channel,VT260038
CT-F-99-020504,2026-03-17,2026-05-15,3.0,Actual,PEM107,Omni Channel,CT260021
CT-F-99-020505,2026-03-17,2026-04-30,3.0,Actual,PEM107,Omni Channel,CT250319
VT-F-99-010721,2026-03-17,2026-04-30,1.0,Actual,PEM107,Omni Channel,VT260031
VT-F-99-010203,2026-03-17,2026-03-25,2.0,Actual,PEM107,Omni Channel,VT260006
VT-F-99-010721,2026-03-18,2026-03-26,1.0,Actual,PEM107,Omni Channel,VT260031
VT-F-99-010203,2026-03-18,2026-04-10,1.0,Actual,PEM107,Omni Channel,VT260006
CT-F-99-020508,2026-03-18,2026-04-10,1.0,Actual,PEM107,Omni Channel,CT250246
CT-F-99-020510,2026-03-18,2026-03-27,3.0,Actual,PEM107,Omni Channel,CT250251
VT-F-99-010721,2026-03-18,2026-03-27,1.0,Actual,PEM107,Omni Channel,VT260031
CT-F-99-020504,2026-03-18,2026-03-20,3.0,Actual,PEM107,Omni Channel,CT260021
VT-F-99-010721,2026-03-18,2026-03-31,1.0,Actual,PEM107,Omni Channel,VT260013
CT-F-99-020530,2026-03-18,2026-03-31,3.0,Actual,PEM107,Omni Channel,CT260002
CT-F-99-020501,2026-03-18,2026-04-03,2.0,Actual,PEM107,Omni Channel,CT250127
VT-F-99-010203,2026-03-18,2026-04-03,2.0,Actual,PEM107,Omni Channel,VT260006
VT-F-99-010721,2026-03-18,2026-03-20,1.0,Actual,PEM107,Omni Channel,VT260013
CT-F-99-020502,2026-03-18,2026-03-20,3.0,Actual,PEM107,Omni Channel,CT250229
VT-F-99-010203,2026-03-18,2026-03-20,2.0,Actual,PEM107,Omni Channel,VT260006
CT-F-99-020502,2026-03-18,2026-03-20,2.0,Actual,PEM107,Omni Channel,CT260045
RS-F-99-070004,2026-03-18,2026-04-03,3.0,Actual,PEM107,Omni Channel,CTR-2026-01484
RS-F-99-070002,2026-03-18,2026-04-03,3.0,Actual,PEM107,Omni Channel,CTR-2026-01484
VT-F-99-010721,2026-03-18,2026-03-19,1.0,Actual,PEM107,Omni Channel,VT260013
CT-F-99-020506,2026-03-18,2026-03-19,3.0,Actual,PEM107,Omni Channel,CT260023
VT-F-99-010721,2026-03-19,2026-04-08,1.0,Actual,PEM107,Omni Channel,VT260031 
CT-F-99-020528,2026-03-19,2026-04-08,3.0,Actual,PEM107,Omni Channel,CT260028
RS-F-99-070006,2026-03-13,2026-06-30,3.0,Actual,PEMCSA,Omni Channel,CTR-2026-01504
VT-F-99-010721,2026-03-19,2026-04-08,1.0,Actual,PEM107,Omni Channel,VT260031
CT-F-99-020511,2026-03-19,2026-04-08,3.0,Actual,PEM107,Omni Channel,CT250248
VT-F-99-010721,2026-03-20,2026-03-30,1.0,Actual,PEM107,Omni Channel,VT260031
CT-F-99-020506,2026-03-20,2026-03-30,3.0,Actual,PEM107,Omni Channel,CT260049
RS-F-99-070002,2026-03-20,2026-03-25,6.0,Actual,PEM107,Omni Channel,
VT-F-99-010721,2026-03-20,2026-04-01,1.0,Actual,PEM107,Omni Channel,VT260031
CT-F-99-020504,2026-03-20,2026-03-24,2.0,Actual,PEM107,Omni Channel,CT260009
VT-F-99-010203,2026-03-20,2026-03-24,2.0,Actual,PEM107,Omni Channel,VT260006
CT-F-99-020507,2026-03-23,2026-04-30,3.0,Actual,PEM107,Omni Channel,CT260085
VT-F-99-010721,2026-03-23,2026-04-30,1.0,Actual,PEM107,Omni Channel,VT260031
CT-F-99-020507,2026-03-23,2026-03-31,3.0,Actual,PEM107,Omni Channel,CT260024
VT-F-99-010721,2026-03-23,2026-03-31,1.0,Actual,PEM107,Omni Channel,VT260031
CT-F-99-020525,2026-03-23,2026-03-26,3.0,Actual,PEM107,Omni Channel,CT250156 
VT-F-99-010721,2026-03-23,2026-03-26,1.0,Actual,PEM107,Omni Channel,VT260013 
CT-F-99-020527,2026-03-23,2026-03-26,3.0,Actual,PEM107,Omni Channel,CT260005
VT-F-99-010721,2026-03-23,2026-04-10,1.0,Actual,PEM107,Omni Channel,VT260031
CT-F-99-020530,2026-03-23,2026-04-10,3.0,Actual,PEM107,Omni Channel,CT250317 
VT-F-99-010819,2026-03-23,2026-04-23,2.0,Actual,PEM107,Omni Channel,VT260021
CT-F-99-020704,2026-03-23,2026-04-23,3.0,Actual,PEM107,Omni Channel,CT260098
CT-F-99-020705,2026-03-23,2026-04-23,3.0,Actual,PEM107,Omni Channel,CT260099
VT-F-99-010202,2026-03-23,2026-04-10,1.0,Actual,PEM107,Omni Channel,VT260027
VT-F-99-010721,2026-03-23,2026-04-10,1.0,Actual,PEM107,Omni Channel,VT260031 
VT-F-99-010202,2026-03-23,2026-04-10,1.0,Actual,PEM107,Omni Channel,VT260003
CT-F-99-020507,2026-03-23,2026-04-10,3.0,Actual,PEM107,Omni Channel,CT260024
CT-F-99-020506,2026-03-23,2026-04-10,3.0,Actual,PEM107,Omni Channel,CT260049
VT-F-99-010721,2026-03-23,2026-04-10,1.0,Actual,PEM107,Omni Channel,VT260031
CT-F-99-020503,2026-03-23,2026-03-24,3.0,Actual,PEM107,Omni Channel,CT260044
VT-F-99-010721,2026-03-24,2026-03-26,1.0,Actual,PEM107,Omni Channel,VT260031
CT-F-99-020503,2026-03-24,2026-03-26,3.0,Actual,PEM107,Omni Channel,CT260044
CT-F-99-020506,2026-03-18,2026-03-26,3.0,Actual,PEM107,Omni Channel,CT260049
CT-F-99-020528,2026-03-24,2026-04-10,3.0,Actual,PEM107,Omni Channel,CT260028
CT-F-99-020506,2026-03-26,2026-04-17,3.0,Actual,PEM107,Omni Channel,CT260049
VT-F-99-010721,2026-03-26,2026-04-17,1.0,Actual,PEM107,Omni Channel,VT260031
CT-F-99-020508,2026-03-20,2026-04-01,3.0,Actual,PEM107,Omni Channel,CT260011
CT-F-99-020507,2026-03-26,2026-04-07,3.0,Actual,PEM107,Omni Channel,CT260024
VT-F-99-010721,2026-03-26,2026-04-07,1.0,Actual,PEM107,Omni Channel,VT260031
CT-F-99-020506,2026-03-26,2026-04-21,3.0,Actual,PEM107,Omni Channel,CT260049
VT-F-99-010721,2026-03-26,2026-04-21,1.0,Actual,PEM107,Omni Channel,VT260031
VT-F-99-010715,2026-03-26,2026-04-10,1.0,Actual,PEM107,Omni Channel,VT260038 
CT-F-99-020504,2026-03-26,2026-04-10,3.0,Actual,PEM107,Omni Channel,CT260033
CT-F-99-020506,2026-03-26,2026-03-27,3.0,Actual,PEM107,Omni Channel,CT260049
CT-F-99-020531,2026-03-27,2026-04-03,3.0,Actual,PEM107,Omni Channel,"CT250301,CT260006 "
VT-F-99-010721,2026-03-27,2026-04-03,1.0,Actual,PEM107,Omni Channel,VT260031
VT-F-99-010203,2026-03-27,2026-04-10,2.0,Actual,PEM107,Omni Channel,VT260006
CT-F-99-020505,2026-03-27,2026-04-10,2.0,Actual,PEM107,Omni Channel,CT250319
VT-F-99-010721,2026-03-30,2026-04-27,1.0,Actual,PEM107,Omni Channel,VT260031
CT-F-99-020526,2026-03-30,2026-04-27,3.0,Actual,PEM107,Omni Channel,CT250198 
VT-F-99-010721,2026-03-30,2026-04-01,1.0,Actual,PEM107,Omni Channel,VT260031
CT-F-99-020503,2026-03-30,2026-04-01,3.0,Actual,PEM107,Omni Channel,CT260044
VT-F-99-010721,2026-03-30,2026-04-01,1.0,Actual,PEM107,Omni Channel,VT260013
CT-F-99-020507,2026-03-30,2026-03-30,3.0,Actual,PEM107,Omni Channel,CT260024
VT-F-99-010721,2026-03-30,2026-03-30,1.0,Actual,PEM107,Omni Channel,VT260013
RS-F-99-010123,2026-03-31,2026-05-18,2.0,Actual,PEM107,Omni Channel,RS260127
RS-F-99-070002,2026-03-31,2026-04-20,3.0,Actual,PEM107,Omni Channel,CTR-2026-01767
CT-F-99-020504,2026-03-20,2026-04-03,2.0,Actual,PEM107,Omni Channel,CT260033
VT-F-99-010203,2026-03-20,2026-04-03,2.0,Actual,PEM107,Omni Channel,VT260006
VT-F-99-010722,2026-03-31,2026-04-06,1.0,Actual,PEM107,Omni Channel,VT260010
CT-F-99-020508,2026-04-01,2026-04-10,3.0,Actual,PEM107,Omni Channel,CT260011
VT-F-99-010721,2026-04-01,2026-04-10,1.0,Actual,PEM107,Omni Channel,VT260031
CT-F-99-020510,2026-04-01,2026-04-10,3.0,Actual,PEM107,Omni Channel,CT250251
VT-F-99-010721,2026-04-01,2026-04-10,1.0,Actual,PEM107,Omni Channel,VT260031
CT-F-99-020504,2026-04-01,2026-07-21,3.0,Actual,PEM107,Omni Channel,CT260139
VT-F-99-010721,2026-04-01,2026-07-21,1.0,Actual,PEM107,Omni Channel,VT260050
VT-F-99-010721,2026-04-01,2026-04-07,1.0,Actual,PEM107,Omni Channel,VT260013
CT-F-99-020504,2026-04-01,2026-04-07,3.0,Actual,PEM107,Omni Channel,CT260021
VT-F-99-010721,2026-04-01,2026-04-06,1.0,Actual,PEM107,Omni Channel,VT260031
CT-F-99-020505,2026-04-01,2026-04-06,3.0,Actual,PEM107,Omni Channel,CT260022
CT-F-99-020505,2026-04-01,2026-04-03,3.0,Actual,PEM107,Omni Channel,CT260022
VT-F-99-010721,2026-04-01,2026-04-03,1.0,Actual,PEM107,Omni Channel,VT260031
VT-F-99-010721,2026-04-01,2026-04-09,1.0,Actual,PEM107,Omni Channel,VT260031
VT-F-99-010721,2026-04-01,2026-04-09,1.0,Actual,PEM107,Omni Channel,VT260031
VT-F-99-010721,2026-04-01,2026-04-09,1.0,Actual,PEM107,Omni Channel,VT260031
CT-F-99-020526,2026-04-01,2026-04-09,3.0,Actual,PEM107,Omni Channel,CT250198
CT-F-99-020527,2026-04-01,2026-04-09,3.0,Actual,PEM107,Omni Channel,CT260026
CT-F-99-020526,2026-04-01,2026-04-09,3.0,Actual,PEM107,Omni Channel,"CT250198,CT260077"
VT-F-99-010721,2026-04-01,2026-04-10,1.0,Actual,PEM107,Omni Channel,VT260031
CT-F-99-020528,2026-04-01,2026-04-10,3.0,Actual,PEM107,Omni Channel,CT260076 
VT-F-99-010721,2026-04-02,2026-04-30,1.0,Actual,PEM107,Omni Channel,VT260031
CT-F-99-020530,2026-04-02,2026-04-30,3.0,Actual,PEM107,Omni Channel,"CT260012,CT260029"
VT-F-99-010721,2026-04-02,2026-05-29,1.0,Actual,PEM107,Omni Channel,VT260037
CT-F-99-020528,2026-04-02,2026-05-29,3.0,Actual,PEM107,Omni Channel,CT260096
VT-F-99-010721,2026-04-02,2026-04-06,1.0,Actual,PEM107,Omni Channel,VT260031
CT-F-99-020506,2026-04-02,2026-04-06,3.0,Actual,PEM107,Omni Channel,CT260049
VT-F-99-010203,2026-03-13,2026-06-11,24.0,Actual,PEM107,Omni Channel,VT260043
RS-F-99-070003,2026-03-13,2026-10-20,200.0,MPS,PEM107,Omni Channel,RS260108
RS-F-99-070006,2026-03-13,2026-09-10,100.0,Actual,PEM107,Omni Channel,RS260109
CT-F-99-020502,2026-03-13,2026-07-08,20.0,Actual,PEM107,Omni Channel,CT260091
CT-F-99-020501,2026-03-13,2026-06-11,66.0,Actual,PEM107,Omni Channel,CT260089
CT-F-99-020501,2026-03-13,2026-08-06,16.0,Actual,PEM107,Omni Channel,CT260089
VT-F-99-010616,2026-03-13,2026-06-11,24.0,Actual,PEM107,Omni Channel,VT260042
CT-F-99-020514,2026-03-13,2026-07-08,20.0,Actual,PEM107,Omni Channel,CT260090
VT-F-99-010721,2026-04-02,2026-04-10,1.0,Actual,PEM107,Omni Channel,VT260031
CT-F-99-020506,2026-04-02,2026-04-10,3.0,Actual,PEM107,Omni Channel,CT260073
CT-F-99-020530,2026-04-02,2026-04-17,3.0,Actual,PEM107,Omni Channel,CT260029
VT-F-99-010721,2026-04-02,2026-04-17,1.0,Actual,PEM107,Omni Channel,VT260031
CT-F-99-020525,2026-04-02,2026-05-29,3.0,Actual,PEM107,Omni Channel,CT250156
VT-F-99-010721,2026-04-02,2026-05-29,1.0,Actual,PEM107,Omni Channel,VT260031
CT-F-99-020506,2026-04-02,2026-04-22,3.0,Actual,PEM107,Omni Channel,CT260073
VT-F-99-010721,2026-04-02,2026-04-22,1.0,Actual,PEM107,Omni Channel,VT260031 
CT-F-99-020506,2026-04-02,2026-04-10,3.0,Actual,PEM107,Omni Channel,CT260073
CT-F-99-020510,2026-04-02,2026-04-03,3.0,Actual,PEM107,Omni Channel,CT250251
VT-F-99-010721,2026-04-02,2026-04-03,1.0,Actual,PEM107,Omni Channel,VT260031
CT-F-99-020510,2026-04-02,2026-04-03,3.0,Actual,PEM107,Omni Channel,CT250251
VT-F-99-010721,2026-04-02,2026-04-03,1.0,Actual,PEM107,Omni Channel,VT260031 
VT-F-99-010203,2026-04-03,2026-04-08,2.0,Actual,PEM107,Omni Channel,VT260006
CT-F-99-020504,2026-04-03,2026-04-08,2.0,Actual,PEM107,Omni Channel,CT260033
VT-F-99-010721,2026-04-03,2026-05-15,1.0,Actual,PEM107,Omni Channel,VT260031
CT-F-99-020503,2026-04-03,2026-05-15,3.0,Actual,PEM107,Omni Channel,CT260044
CT-F-99-020513,2026-04-03,2026-04-30,6.0,Actual,PEM107,Omni Channel,CT260110
VT-F-99-010721,2026-04-03,2026-04-03,1.0,Actual,PEM107,Omni Channel,VT260031
CT-F-99-020508,2026-04-03,2026-04-03,3.0,Actual,PEM107,Omni Channel,CT260011
VT-F-99-010721,2026-04-03,2026-04-03,1.0,Actual,PEM107,Omni Channel,VT260031
CT-F-99-020504,2026-04-03,2026-04-27,3.0,Actual,PEM107,Omni Channel,CT260046
CT-F-99-020532,2026-04-03,2026-05-29,3.0,Actual,PEM107,Omni Channel,CT260109
CT-F-99-020504,2026-04-03,2026-05-29,3.0,Actual,PEM107,Omni Channel,CT260046
VT-F-99-010721,2026-04-03,2026-05-29,1.0,Actual,PEM107,Omni Channel,VT260031
CT-F-99-020504,2026-04-03,2026-05-29,3.0,Actual,PEM107,Omni Channel,CT260046 
VT-F-99-010721,2026-04-03,2026-05-29,1.0,Actual,PEM107,Omni Channel,VT260031 
VT-F-99-010820,2026-04-03,2026-05-14,1.0,Actual,PCE101,Total Customer Solution,J26053
VT-F-99-010721,2026-04-03,2026-04-08,1.0,Actual,PEM107,Omni Channel,VT260031
CT-F-99-020504,2026-04-03,2026-04-08,3.0,Actual,PEM107,Omni Channel,CT260046
RS-F-99-070002,2026-04-06,2026-07-08,100.0,Actual,PEM107,Omni Channel,RS260130
CT-F-99-020505,2026-04-06,2026-06-11,4.0,Actual,PEM107,Omni Channel,CT260104
CT-F-99-020507,2026-04-06,2026-06-10,10.0,Actual,PEM107,Omni Channel,CT260112
VT-F-99-010616,2026-04-06,2026-07-08,12.0,Actual,PEM107,Omni Channel,VT260053
CT-F-99-020504,2026-04-06,2026-04-30,3.0,Actual,PEM107,Omni Channel,"VT260031,CT260046"
VT-F-99-010721,2026-04-06,2026-04-30,1.0,Actual,PEM107,Omni Channel,"VT260031,CT260046"
CT-F-99-020504,2026-04-06,2026-04-27,4.0,Actual,PEM107,Omni Channel,CT260046
VT-F-99-010820,2026-04-07,2026-04-21,1.0,Actual,PEM102,Omni Channel,SS260064
VT-F-99-010820,2026-04-07,2026-04-21,1.0,Actual,PEM102,Omni Channel,SS260066
CT-F-99-020504,2026-04-07,2026-04-17,3.0,Actual,PEM107,Omni Channel,CT260046
CT-F-99-020505,2026-04-07,2026-05-29,3.0,Actual,PEM107,Omni Channel,CT260022
VT-F-99-010721,2026-04-07,2026-05-29,1.0,Actual,PEM107,Omni Channel,VT260031
CT-F-99-020527,2026-04-07,2026-04-09,3.0,Actual,PEM107,Omni Channel,CT260026
VT-F-99-010721,2026-04-07,2026-04-09,1.0,Actual,PEM107,Omni Channel,VT260031
CT-F-99-020506,2026-04-07,2026-04-24,3.0,Actual,PEM107,Omni Channel,CT260073
CT-F-99-020525,2026-04-07,2026-04-10,3.0,Actual,PEM107,Omni Channel,CT250156 
VT-F-99-010721,2026-04-07,2026-04-10,1.0,Actual,PEM107,Omni Channel,VT260031
CT-F-99-020506,2026-04-07,2026-04-24,3.0,Actual,PEM107,Omni Channel,CT260073
VT-F-99-010715,2026-04-07,2026-05-15,1.0,Actual,PEM107,Omni Channel,VT260051
CT-F-99-020503,2026-04-07,2026-05-15,3.0,Actual,PEM107,Omni Channel,CT260044
VT-F-99-010722,2026-04-08,2026-04-24,1.0,Actual,PEM107,Omni Channel,VT250147
CT-F-99-020530,2026-04-08,2026-04-10,3.0,Actual,PEM107,Omni Channel,CTR-2026-01974
VT-F-99-010721,2026-04-08,2026-04-20,1.0,Actual,PEM107,Omni Channel,VT260031
CT-F-99-020505,2026-04-08,2026-04-20,3.0,Actual,PEM107,Omni Channel,CT260022
CT-F-99-020508,2026-04-08,2026-04-10,3.0,Actual,PEM107,Omni Channel,CT260011
VT-F-99-010203,2026-04-08,2026-04-20,12.0,Actual,PEM107,Omni Channel,VT260006
CT-F-99-020501,2026-04-08,2026-04-20,8.0,Actual,PEM107,Omni Channel,CT250127
CT-F-99-020502,2026-04-08,2026-04-20,4.0,Actual,PEM107,Omni Channel,CT260045
CT-F-99-020506,2026-04-08,2026-04-22,3.0,Actual,PEM107,Omni Channel,CT260073
CT-F-99-020504,2026-04-08,2026-04-23,3.0,Actual,PEM107,Omni Channel,CT260033
VT-F-99-010721,2026-04-09,2026-05-08,1.0,Actual,PEM107,Omni Channel,VT260031
CT-F-99-020530,2026-04-09,2026-05-08,3.0,Actual,PEM107,Omni Channel,CT260101
VT-F-99-010721,2026-04-09,2026-05-13,2.0,Actual,PEM107,Omni Channel,VT260037
CT-F-99-020525,2026-04-09,2026-04-10,3.0,Actual,PEM107,Omni Channel,CT260025 
VT-F-99-010721,2026-04-09,2026-04-10,1.0,Actual,PEM107,Omni Channel,VT260031 
VT-F-99-010721,2026-04-09,2026-04-23,1.0,Actual,PEM107,Omni Channel,VT260031
CT-F-99-020504,2026-04-09,2026-04-21,3.0,Actual,PEM107,Omni Channel,CT260046
VT-F-99-010721,2026-04-09,2026-04-21,1.0,Actual,PEM107,Omni Channel,VT260031
VT-F-99-010721,2026-04-09,2026-06-30,1.0,Actual,PEM107,Omni Channel,VT260037
CT-F-99-020504,2026-04-09,2026-06-30,3.0,Actual,PEM107,Omni Channel,CT260071
CT-F-99-020504,2026-04-09,2026-06-30,3.0,Actual,PEM107,Omni Channel,CT260071
VT-F-99-010721,2026-04-09,2026-06-30,1.0,Actual,PEM107,Omni Channel,VT260037 
CT-F-99-020503,2026-04-09,2026-04-23,3.0,Actual,PEM107,Omni Channel,CT260044
RS-F-99-070002,2026-04-10,2026-04-20,12.0,Actual,PEM107,Omni Channel,
RS-F-99-070004,2026-04-10,2026-04-20,6.0,Actual,PEM107,Omni Channel,
CT-F-99-020528,2026-04-10,2026-05-29,3.0,Actual,PEM107,Omni Channel,CT260107 
CT-F-99-020528,2026-04-10,2026-05-29,3.0,Actual,PEM107,Omni Channel,CT260107 
CT-F-99-020524,2026-04-16,2026-04-17,3.0,Actual,PEM107,Omni Channel,"CT260027,CT260066"
CT-F-99-020524,2026-04-16,2026-06-30,3.0,Actual,PEM107,Omni Channel,CT260066
VT-F-99-010721,2026-04-16,2026-06-30,1.0,Actual,PEM107,Omni Channel,VT260037
VT-F-99-010202,2026-04-16,2026-06-30,1.0,Actual,PEM107,Omni Channel,VT260027
CT-F-99-020526,2026-04-17,2026-08-31,3.0,Actual,PEM107,Omni Channel,CT260077 
VT-F-99-010715,2026-04-20,2026-04-24,1.0,Actual,PEM107,Omni Channel,VT260038
CT-F-99-020504,2026-04-20,2026-04-24,3.0,Actual,PEM107,Omni Channel,CT260071
VT-F-99-010715,2026-04-20,2026-04-24,1.0,Actual,PEM107,Omni Channel,VT260038 
CT-F-99-020504,2026-04-20,2026-04-24,3.0,Actual,PEM107,Omni Channel,CT260071
VT-F-99-010715,2026-04-20,2026-04-24,1.0,Actual,PEM107,Omni Channel,VT260038
CT-F-99-020504,2026-04-20,2026-04-24,3.0,Actual,PEM107,Omni Channel,CT260071
CT-F-99-020510,2026-04-20,2026-04-21,3.0,Actual,PEM107,Omni Channel,CT250251
VT-F-99-010721,2026-04-20,2026-04-24,1.0,Actual,PEM107,Omni Channel,VT260031
CT-F-99-020503,2026-04-20,2026-04-24,3.0,Actual,PEM107,Omni Channel,CT260044
CT-F-99-020504,2026-04-20,2026-04-24,3.0,Actual,PEM107,Omni Channel,CT260071
CT-F-99-020511,2026-04-20,2026-05-15,3.0,Actual,PEM107,Omni Channel,CT250248
CT-F-99-020508,2026-04-21,2026-04-24,3.0,Actual,PEM107,Omni Channel,CT260074
VT-F-99-010820,2026-04-21,2026-05-25,1.0,Actual,PCE101,Total Customer Solution,J26054
RS-F-99-120006,2026-04-22,2026-05-15,2.0,Actual,PEM107,Omni Channel,RS260135
RS-F-99-041034,2026-04-22,2026-05-15,2.0,Actual,PEM107,Omni Channel,RS260134
VT-F-99-010721,2026-04-22,2026-04-28,1.0,Actual,PEM107,Omni Channel,VT260037 
CT-F-99-020506,2026-04-22,2026-04-28,3.0,Actual,PEM107,Omni Channel,CT260073
VT-F-99-010721,2026-04-22,2026-04-28,1.0,Actual,PEM107,Omni Channel,VT260037 
CT-F-99-020506,2026-04-22,2026-04-28,3.0,Actual,PEM107,Omni Channel,CT260073
CT-F-99-020530,2026-04-22,2026-06-30,3.0,Actual,PEM107,Omni Channel,"CT260101,CT260106"
VT-F-99-010721,2026-04-22,2026-06-30,1.0,Actual,PEM107,Omni Channel,VT260037
CT-F-99-020505,2026-04-22,2026-04-27,3.0,Actual,PEM107,Omni Channel,CT260022
VT-F-99-010721,2026-04-22,2026-04-27,1.0,Actual,PEM107,Omni Channel,VT260037
VT-F-99-010721,2026-04-22,2026-05-15,1.0,Actual,PEM107,Omni Channel,VT260037
CT-F-99-020504,2026-04-22,2026-05-15,3.0,Actual,PEM107,Omni Channel,CT260071
CT-F-99-020506,2026-04-22,2026-05-05,3.0,Actual,PEM107,Omni Channel,CT260073
VT-F-99-010721,2026-04-22,2026-04-24,1.0,Actual,PEM107,Omni Channel,VT260031
CT-F-99-020524,2026-04-22,2026-04-24,3.0,Actual,PEM107,Omni Channel,CT260066
CT-F-99-020506,2026-04-22,2026-04-30,3.0,Actual,PEM107,Omni Channel,CT260073
CT-F-99-020504,2026-04-22,2026-04-30,3.0,Actual,PEM107,Omni Channel,CT260071
CT-F-99-020504,2026-04-22,2026-04-30,3.0,Actual,PEM107,Omni Channel,CT260087
VT-F-99-010721,2026-04-23,2026-05-15,1.0,Actual,PEM107,Omni Channel,VT260037
CT-F-99-020502,2026-04-23,2026-05-15,3.0,Actual,PEM107,Omni Channel,CT250302
VT-F-99-010721,2026-04-23,2026-04-28,1.0,Actual,PEM107,Omni Channel,VT260037
CT-F-99-020505,2026-04-23,2026-04-28,3.0,Actual,PEM107,Omni Channel,CT260022
VT-F-99-010721,2026-04-24,2026-04-29,1.0,Actual,PEM107,Omni Channel,VT260037
CT-F-99-020506,2026-04-24,2026-04-29,3.0,Actual,PEM107,Omni Channel,CT260086
CT-F-99-020528,2026-04-09,2026-05-13,6.0,Actual,PEM107,Omni Channel,CT260107
CT-F-99-020530,2026-04-24,2026-04-29,3.0,Actual,PEM107,Omni Channel,"CT260029,CT260101"
VT-F-99-010303,2026-04-24,2026-04-27,1.0,Actual,PEM107,Omni Channel,VT260024
VT-F-99-010820,2026-04-24,2026-06-11,10.0,Actual,PCE101,Omni Channel,J26067
CT-F-99-020505,2026-04-27,2026-04-29,4.0,Actual,PEM107,Omni Channel,CT260022
CT-F-99-020507,2026-04-27,2026-04-29,3.0,Actual,PEM107,Omni Channel,CT260024
VT-F-99-010721,2026-04-27,2026-04-30,1.0,Actual,PEM107,Omni Channel,VT260031 
CT-F-99-020506,2026-04-27,2026-04-28,3.0,Actual,PEM107,Omni Channel,CT260086
CT-F-99-020505,2026-04-27,2026-05-15,3.0,Actual,PEM107,Omni Channel,CT260022
VT-F-99-010721,2026-04-27,2026-04-30,1.0,Actual,PEM107,Omni Channel,VT260031
CT-F-99-020532,2026-04-27,2026-04-30,3.0,Actual,PEM107,Omni Channel,CT260129
RS-F-99-090026,2026-04-27,2026-06-15,8.0,Actual,PEM107,Omni Channel,RS260142
CT-F-99-020505,2026-04-28,2026-06-10,14.0,Actual,PEM107,Omni Channel,CT260130
VT-F-99-010616,2026-04-28,2026-08-06,6.0,Actual,PEM107,Omni Channel,VT260064
CT-F-99-020528,2026-04-28,2026-05-18,3.0,Actual,PEM107,Omni Channel,CT260096 
VT-F-99-010721,2026-04-28,2026-06-30,1.0,Actual,PEM107,Omni Channel,VT260050
CT-F-99-020506,2026-04-28,2026-06-30,3.0,Actual,PEM107,Omni Channel,CT260086
VT-F-99-010721,2026-04-29,2026-04-30,1.0,Actual,PEM107,Omni Channel,VT260031
CT-F-99-020506,2026-04-29,2026-04-30,3.0,Actual,PEM107,Omni Channel,CT260073
VT-F-99-010820,2026-04-29,2026-05-29,1.0,Actual,PCE101,Omni Channel,J26071
CT-F-99-020512,2026-04-29,2026-05-25,6.0,Actual,PEM107,Omni Channel,CT260132
VT-F-99-010721,2026-04-29,2026-05-25,2.0,Actual,PEM107,Omni Channel,VT260031
CT-F-99-020501,2026-04-29,2026-05-29,2.0,Actual,PEM107,Omni Channel,CT250127
VT-F-99-010203,2026-04-29,2026-05-29,2.0,Actual,PEM107,Omni Channel,VT260006
VT-F-99-010820,2026-04-29,2026-05-29,1.0,Actual,PEM107,Omni Channel,VT250013
CT-F-99-020707,2026-04-29,2026-05-29,3.0,Actual,PEM107,Omni Channel,CT260133
VT-F-99-010721,2026-04-29,2026-05-07,1.0,Actual,PEM107,Omni Channel,VT260031
CT-F-99-020505,2026-04-29,2026-05-07,3.0,Actual,PEM107,Omni Channel,CT260022
CT-F-99-020527,2026-04-29,2026-05-04,3.0,Actual,PEM107,Omni Channel,CT260095
CT-F-99-020504,2026-04-29,2026-04-30,1.0,Actual,PEM107,Omni Channel,CT260046
CT-F-99-020503,2026-04-30,2026-04-30,3.0,Actual,PEM107,Omni Channel,CT260044
VT-F-99-010820,2026-04-30,2026-06-23,10.0,Actual,PEM102,Omni Channel,SS260073
CT-F-99-020505,2026-04-30,2026-04-30,3.0,Actual,PEM107,Omni Channel,CT260022 
VT-F-99-010721,2026-04-30,2026-04-30,1.0,Actual,PEM107,Omni Channel,VT260031 
CT-F-99-020506,2026-04-30,2026-07-31,3.0,Actual,PEM107,Omni Channel,CT260086
VT-F-99-010721,2026-04-30,2026-07-31,1.0,Actual,PEM107,Omni Channel,VT260037
CT-F-99-020511,2026-04-30,2026-05-29,3.0,Actual,PEM107,Omni Channel,CT250254
CT-F-99-020502,2026-04-30,2026-05-29,3.0,Actual,PEM107,Omni Channel,CT260045
VT-F-99-010721,2026-04-30,2026-05-29,1.0,Actual,PEM107,Omni Channel,VT260037
VT-F-99-010721,2026-05-04,2026-05-12,1.0,Actual,PEM107,Omni Channel,VT260037
CT-F-99-020506,2026-05-04,2026-05-12,3.0,Actual,PEM107,Omni Channel,CT260086
VT-F-99-010721,2026-05-04,2026-05-07,1.0,Actual,PEM107,Omni Channel,VT260031
CT-F-99-020506,2026-05-04,2026-05-07,3.0,Actual,PEM107,Omni Channel,CT260086
VT-F-99-010819,2026-05-04,2026-05-25,1.0,Actual,PEM107,Omni Channel,VT260039
CT-F-99-020706,2026-05-04,2026-05-20,3.0,Actual,PEM107,Omni Channel,CT260134
VT-F-99-010819,2026-05-04,2026-05-20,1.0,Actual,PEM107,Omni Channel,VT260039
CT-F-99-020508,2026-05-05,2026-05-15,3.0,Actual,PEM107,Omni Channel,CT260074
VT-F-99-010721,2026-05-05,2026-05-15,1.0,Actual,PEM107,Omni Channel,VT260031
CT-F-99-020506,2026-05-05,2026-05-15,3.0,Actual,PEM107,Omni Channel,CT260086
CT-F-99-020506,2026-05-05,2026-05-29,3.0,Actual,PEM107,Omni Channel,CT260086
VT-F-99-010721,2026-05-05,2026-05-29,1.0,Actual,PEM107,Omni Channel,VT260037
CT-F-99-020511,2026-05-05,2026-05-29,3.0,Actual,PEM107,Omni Channel,CT250254
VT-F-99-010721,2026-05-05,2026-05-29,1.0,Actual,PEM107,Omni Channel,VT260037
VT-F-99-010721,2026-05-05,2026-05-29,1.0,Actual,PEM107,Omni Channel,VT260037 
CT-F-99-020504,2026-05-05,2026-05-07,3.0,Actual,PEM107,Omni Channel,CT260046
CT-F-99-020510,2026-05-05,2026-05-29,3.0,Actual,PEM107,Omni Channel,CT250251
VT-F-99-010721,2026-05-06,2026-05-18,1.0,Actual,PEM107,Omni Channel,VT260037
CT-F-99-020504,2026-05-06,2026-05-18,3.0,Actual,PEM107,Omni Channel,CT260087
CT-F-99-020524,2026-05-06,2026-05-14,1.0,Actual,PEM107,Omni Channel,CT260066 
CT-F-99-020508,2026-05-06,2026-05-07,3.0,Actual,PEM107,Omni Channel,CT260074
CT-F-99-020702,2026-05-06,2026-06-05,2.0,Actual,PEM107,Omni Channel,CT260135
VT-F-99-010303,2026-05-06,2026-06-05,2.0,Actual,PEM107,Omni Channel,VT250160
VT-F-99-010203,2026-05-06,2026-05-11,2.0,Actual,PEM107,Omni Channel,VT260006
CT-F-99-020504,2026-05-06,2026-05-11,2.0,Actual,PEM107,Omni Channel,"CT260046,CT260114"
CT-F-99-020701,2026-05-07,2026-06-05,4.0,Actual,PEM107,Omni Channel,CT260136
VT-F-99-010303,2026-05-07,2026-06-05,4.0,Actual,PEM107,Omni Channel,VT260024
VT-F-99-010721,2026-05-05,2026-05-08,1.0,Actual,PEM107,Omni Channel,LB260083
VT-F-99-010819,2026-05-08,2026-06-08,1.0,Actual,PEM107,Omni Channel,VT260039
CT-F-99-020704,2026-05-08,2026-06-08,3.0,Actual,PEM107,Omni Channel,CT260137
VT-F-99-010203,2026-05-11,2026-05-13,1.0,Actual,PEM107,Omni Channel,VT260049
RS-F-99-041006,2026-02-18,2026-05-29,6.0,Actual,PEM107,Omni Channel,RS260079
RS-F-99-041035,2026-02-18,2026-05-29,6.0,Actual,PEM107,Omni Channel,RS260080
RS-F-99-041008,2026-02-18,2026-05-29,9.0,Actual,PEM107,Omni Channel,RS260082
CT-F-99-020502,2026-05-12,2026-05-13,3.0,Actual,PEM107,Omni Channel,CT250302
CT-F-99-020506,2026-05-12,2026-06-10,3.0,Actual,PEM107,Omni Channel,CT260086
VT-F-99-010721,2026-05-12,2026-05-13,1.0,Actual,PEM107,Omni Channel,VT260037
CT-F-99-020704,2026-05-12,2026-06-09,3.0,Actual,PEM107,Omni Channel,CT260137
VT-F-99-010818,2026-05-12,2026-06-09,1.0,Actual,PEM107,Omni Channel,VT260069
CT-F-99-020706,2026-05-12,2026-06-09,3.0,Actual,PEM107,Omni Channel,CT260138
VT-F-99-010818,2026-05-12,2026-06-09,1.0,Actual,PEM107,Omni Channel,VT260069
CT-F-99-020504,2026-05-12,2026-05-20,3.0,Actual,PEM107,Omni Channel,CT260087
VT-F-99-010721,2026-05-12,2026-05-20,1.0,Actual,PEM107,Omni Channel,VT260037
RS-F-99-100001,2026-05-12,2026-05-22,3.0,Actual,PEM107,Omni Channel,RS250234
VT-F-99-010721,2026-05-13,2026-05-28,1.0,Actual,PEM107,Omni Channel,VT260037
CT-F-99-020504,2026-05-13,2026-05-28,3.0,Actual,PEM107,Omni Channel,CT260087
CT-F-99-020503,2026-05-13,2026-05-20,2.0,Actual,PEM107,Omni Channel,CT250309
RS-F-99-070005,2026-05-14,2026-06-19,2000.0,Actual,PPS,Tendering,CTR-2026-02687
RS-F-99-070005,2026-05-14,2026-07-21,2000.0,Actual,PPS,Tendering,CTR-2026-02687
RS-F-99-070005,2026-05-14,2026-08-21,2000.0,Actual,PPS,Tendering,CTR-2026-02687
RS-F-99-070005,2026-05-14,2026-09-21,2082.0,Actual,PPS,Tendering,CTR-2026-02687
CT-F-99-020504,2026-05-14,2026-06-19,500.0,Actual,PPS,Tendering,CTR-2026-02687
CT-F-99-020504,2026-05-14,2026-07-21,500.0,Actual,PPS,Tendering,CTR-2026-02687
CT-F-99-020504,2026-05-14,2026-08-21,228.0,Actual,PPS,Tendering,CTR-2026-02687
CT-F-99-020506,2026-05-14,2026-05-15,2.0,Actual,PEM107,Omni Channel,CT260086
VT-F-99-010721,2026-05-14,2026-05-15,1.0,Actual,PEM107,Omni Channel,VT260037
VT-F-99-010721,2026-05-15,2026-07-17,1.0,Actual,PEM107,Omni Channel,VT260037
CT-F-99-020530,2026-05-15,2026-07-17,3.0,Actual,PEM107,Omni Channel,CT260106 
VT-F-99-010721,2026-05-15,2026-06-24,1.0,Actual,PEM107,Omni Channel,VT260037
CT-F-99-020531,2026-05-15,2026-06-24,3.0,Actual,PEM107,Omni Channel,CT250313
VT-F-99-010721,2026-05-15,2026-06-24,1.0,Actual,PEM107,Omni Channel,VT260037
CT-F-99-020505,2026-05-15,2026-06-24,3.0,Actual,PEM107,Omni Channel,CT260072
VT-F-99-010721,2026-05-15,2026-07-31,1.0,Actual,PEM107,Omni Channel,VT260037
CT-F-99-020504,2026-05-18,2026-05-21,3.0,Actual,PEM107,Omni Channel,CT260087
CT-F-99-020502,2026-05-18,2026-09-10,16.0,Actual,PEM107,Omni Channel,CT260144
CT-F-99-020505,2026-05-18,2026-10-20,6.0,MPS,PEM107,Omni Channel,CT260146
CT-F-99-020506,2026-05-18,2026-08-06,4.0,Actual,PEM107,Omni Channel,CT260147
CT-F-99-020501,2026-05-18,2026-10-15,80.0,MPS,PEM107,Omni Channel,CT260143
VT-F-99-010203,2026-05-18,2026-10-15,100.0,MPS,PEM107,Omni Channel,VT260072
VT-F-99-010616,2026-05-18,2026-10-15,15.0,MPS,PEM107,Omni Channel,VT260071
CT-F-99-020514,2026-05-18,2026-09-10,18.0,Actual,PEM107,Omni Channel,CT260145
VT-F-99-010202,2026-05-18,2026-06-26,10.0,Actual,PEM107,Omni Channel,VT260034
RS-F-99-041033,2026-05-18,2026-06-26,20.0,Actual,PEM107,Omni Channel,RS260157
RS-F-99-041035,2026-05-18,2026-08-24,12.0,Actual,PEM107,Omni Channel,CTR-2026-02766
RS-F-99-041001,2026-05-18,2026-06-26,20.0,Actual,PEM107,Omni Channel,RS260155
RS-F-99-041002,2026-05-18,2026-06-26,20.0,Actual,PEM107,Omni Channel,RS260156
RS-F-99-041004,2026-05-18,2026-09-25,30.0,MPS,PEM107,Omni Channel,CTR-2026-02766
RS-F-99-041006,2026-05-18,2026-07-30,18.0,Actual,PEM107,Omni Channel,RS260159
RS-F-99-041007,2026-05-18,2026-09-25,12.0,MPS,PEM107,Omni Channel,CTR-2026-02766
RS-F-99-041008,2026-05-18,2026-09-25,18.0,MPS,PEM107,Omni Channel,CTR-2026-02766
VT-F-99-010721,2026-05-19,2026-05-28,1.0,Actual,PEM107,Omni Channel,VT260037
CT-F-99-020508,2026-05-19,2026-05-28,3.0,Actual,PEM107,Omni Channel,CT260094
RS-F-99-070007,2026-05-20,2026-06-17,6.0,Actual,PEM107,Omni Channel,RS260167
VT-F-99-010721,2026-05-20,2026-10-09,1.0,MPS,PEM107,Omni Channel,VT260037
CT-F-99-020504,2026-05-20,2026-10-09,3.0,MPS,PEM107,Omni Channel,CT260087
CT-F-99-020502,2026-05-20,2026-05-21,3.0,Actual,PEM107,Omni Channel,CT250308
VT-F-99-010721,2026-05-20,2026-05-21,1.0,Actual,PEM107,Omni Channel,VT260037
CT-F-99-020506,2026-05-20,2026-06-30,3.0,Actual,PEM107,Omni Channel,CT260116
VT-F-99-010721,2026-05-20,2026-05-29,1.0,Actual,PEM107,Omni Channel,VT260037
CT-F-99-020527,2026-05-20,2026-05-29,3.0,Actual,PEM107,Omni Channel,CT260108
CT-F-99-020706,2026-05-20,2026-06-19,3.0,Actual,PEM107,Omni Channel,CT260150
VT-F-99-010721,2026-05-20,2026-06-26,1.0,Actual,PEM107,Omni Channel,VT260037
CT-F-99-020506,2026-05-20,2026-06-26,3.0,Actual,PEM107,Omni Channel,CT260116
VT-F-99-010721,2026-05-20,2026-05-29,1.0,Actual,PEM107,Omni Channel,VT260037
CT-F-99-020507,2026-05-20,2026-05-29,3.0,Actual,PEM107,Omni Channel,CT260024
VT-F-99-010721,2026-05-21,2026-05-25,1.0,Actual,PEM107,Omni Channel,VT260037
CT-F-99-020506,2026-05-21,2026-05-25,3.0,Actual,PEM107,Omni Channel,CT260086
CT-F-99-020705,2026-05-21,2026-06-16,3.0,Actual,PEM107,Omni Channel,CT260151
VT-F-99-010818,2026-05-21,2026-06-16,1.0,Actual,PEM107,Omni Channel,VT260073
VT-F-99-010203,2026-05-21,2026-06-05,2.0,Actual,PEM107,Omni Channel,VT260006
VT-F-99-010721,2026-05-22,2026-06-06,2.0,Actual,PEM107,Omni Channel,VT260037
CT-F-99-020526,2026-05-22,2026-06-06,6.0,Actual,PEM107,Omni Channel,CT260105 
CT-F-99-020524,2026-05-22,2026-06-30,3.0,Actual,PEM107,Omni Channel,CT260066
VT-F-99-010721,2026-05-22,2026-06-30,1.0,Actual,PEM107,Omni Channel,VT260037
VT-F-99-010721,2026-05-22,2026-05-26,1.0,Actual,PEM107,Omni Channel,VT260037
CT-F-99-020506,2026-05-22,2026-05-28,2.0,Actual,PEM107,Omni Channel,CT260116
VT-F-99-010203,2026-05-22,2026-05-28,2.0,Actual,PEM107,Omni Channel,VT260036
VT-F-99-010721,2026-05-25,2026-06-05,1.0,Actual,PEM107,Omni Channel,VT260037
CT-F-99-020508,2026-05-25,2026-06-05,3.0,Actual,PEM107,Omni Channel,CT260074
VT-F-99-010721,2026-05-25,2026-05-27,1.0,Actual,PEM107,Omni Channel,VT260037
CT-F-99-020504,2026-05-25,2026-05-27,3.0,Actual,PEM107,Omni Channel,CT260087
CT-F-99-020506,2026-05-25,2026-05-27,3.0,Actual,PEM107,Omni Channel,CT260116
VT-F-99-010721,2026-05-26,2026-05-29,1.0,Actual,PEM107,Omni Channel,VT260037
VT-F-99-010721,2026-05-26,2026-06-12,1.0,Actual,PEM107,Omni Channel,VT260037
CT-F-99-020530,2026-05-26,2026-06-12,3.0,Actual,PEM107,Omni Channel,VT260037
CT-F-99-020506,2026-05-26,2026-06-19,3.0,Actual,PEM107,Omni Channel,CT260086
VT-F-99-010203,2026-05-26,2026-05-26,1.0,Actual,PEM107,Omni Channel,VT260049
VT-F-99-010715,2026-05-26,2026-06-12,1.0,Actual,PEM107,Omni Channel,VT260051
CT-F-99-020504,2026-05-26,2026-06-12,3.0,Actual,PEM107,Omni Channel,CT260087
CT-F-99-020504,2026-05-26,2026-06-05,3.0,Actual,PEM107,Omni Channel,CT260087
VT-F-99-010721,2026-05-26,2026-06-05,1.0,Actual,PEM107,Omni Channel,VT260037
CT-F-99-020504,2026-05-26,2026-06-04,3.0,Actual,PEM107,Omni Channel,CT260087
VT-F-99-010721,2026-05-26,2026-06-04,1.0,Actual,PEM107,Omni Channel,VT260037
CT-F-99-020503,2026-05-26,2026-06-04,3.0,Actual,PEM107,Omni Channel,CT260065
VT-F-99-010721,2026-05-26,2026-06-04,1.0,Actual,PEM107,Omni Channel,VT260037
CT-F-99-020508,2026-05-27,2026-06-25,3.0,Actual,PEM107,Omni Channel,CT260094
VT-F-99-010721,2026-05-27,2026-06-25,1.0,Actual,PEM107,Omni Channel,VT260037
CT-F-99-020506,2026-05-26,2026-06-03,3.0,Actual,PEM107,Omni Channel,CT260116
VT-F-99-010721,2026-04-24,2026-06-19,1.0,Actual,PEM107,Omni Channel,VT260037
CT-F-99-020510,2026-05-27,2026-06-10,3.0,Actual,PEM107,Omni Channel,CT250253
VT-F-99-010721,2026-05-27,2026-06-10,1.0,Actual,PEM107,Omni Channel,VT260037 
RS-F-99-100001,2026-04-24,2026-09-30,3.0,MPS,PEM107,Omni Channel,RS260226
VT-F-99-010721,2026-05-27,2026-06-11,3.0,Actual,PEM107,Omni Channel,VT260037
CT-F-99-020527,2026-05-27,2026-06-11,6.0,Actual,PEM107,Omni Channel,CT260108
CT-F-99-020531,2026-05-27,2026-06-11,3.0,Actual,PEM107,Omni Channel,CT260006
CT-F-99-020504,2026-05-27,2026-06-25,500.0,Actual,PEM107,Tendering,CT260053
RS-F-99-070005,2026-05-27,2026-06-25,2000.0,Actual,PEM107,Tendering,RS260037
CT-F-99-020504,2026-05-27,2026-07-24,500.0,Actual,PEM107,Tendering,CT260054
CT-F-99-020504,2026-05-27,2026-08-24,228.0,Actual,PEM107,Tendering,CT260054
RS-F-99-070005,2026-05-27,2026-07-24,2000.0,Actual,PEM107,Tendering,RS260038
RS-F-99-070005,2026-05-27,2026-08-24,2000.0,Actual,PEM107,Tendering,RS260039
RS-F-99-070005,2026-05-27,2026-09-18,2082.0,Actual,PEM107,Tendering,RS260039
CT-F-99-020505,2026-05-28,2026-06-05,3.0,Actual,PEM107,Omni Channel,CT260072
VT-F-99-010721,2026-05-28,2026-06-05,1.0,Actual,PEM107,Omni Channel,VT260037
VT-F-99-010721,2026-05-28,2026-06-04,1.0,Actual,PEM107,Omni Channel,VT260037
VT-F-99-010721,2026-05-28,2026-06-04,1.0,Actual,PEM107,Omni Channel,VT260037
VT-F-99-010721,2026-05-28,2026-06-04,1.0,Actual,PEM107,Omni Channel,VT260037 
CT-F-99-020508,2026-05-28,2026-06-04,3.0,Actual,PEM107,Omni Channel,CT260094
CT-F-99-020528,2026-05-28,2026-06-04,3.0,Actual,PEM107,Omni Channel,CT260111
RS-F-99-090033,2026-05-28,2026-07-02,3.0,Actual,PEM107,Omni Channel,RS260181
VT-F-99-010203,2026-05-29,2026-06-24,6.0,Actual,PEM107,Omni Channel,VT260036
CT-F-99-020524,2026-05-29,2026-07-10,3.0,Actual,PEM107,Omni Channel,CT260149
CT-F-99-020508,2026-05-29,2026-06-19,3.0,Actual,PEM107,Omni Channel,CT260094
VT-F-99-010820,2026-05-29,2026-06-30,1.0,Actual,PCE101,Total Customer Solution,J26091
CT-F-99-020706,2026-05-29,2026-06-26,3.0,Actual,PEM107,Omni Channel,CT260153
VT-F-99-010818,2026-05-29,2026-06-26,1.0,Actual,PEM107,Omni Channel,VT260075
VT-F-99-010820,2026-05-29,2026-06-10,1.0,Actual,PEM102,Omni Channel,SS260092
VT-F-99-010721,2026-05-29,2026-06-12,1.0,Actual,PEM107,Omni Channel,VT260037
CT-F-99-020504,2026-05-29,2026-06-12,3.0,Actual,PEM107,Omni Channel,CT260114
VT-F-99-010721,2026-05-29,2026-06-12,1.0,Actual,PEM107,Omni Channel,VT260037
CT-F-99-020508,2026-05-29,2026-06-12,3.0,Actual,PEM107,Omni Channel,CT260121
CT-F-99-020530,2026-06-04,2026-06-26,2.0,Actual,PEM107,Omni Channel,CT260126
VT-F-99-010721,2026-06-04,2026-06-19,1.0,Actual,PEM107,Omni Channel,VT260037
CT-F-99-020528,2026-06-04,2026-06-19,3.0,Actual,PEM107,Omni Channel,CT260111
RS-F-99-090026,2026-06-04,2026-06-26,3.0,Actual,PEM107,Omni Channel,RS260187
CT-F-99-020505,2026-06-04,2026-06-05,3.0,Actual,PEM107,Omni Channel,CT260072
CT-F-99-020508,2026-06-04,2026-06-09,1.0,Actual,PEM107,Omni Channel,CT260074
VT-F-99-010721,2026-06-05,2026-06-15,1.0,Actual,PEM107,Omni Channel,VT260037
CT-F-99-020504,2026-06-05,2026-06-15,3.0,Actual,PEM107,Omni Channel,CT260114
CT-F-99-020528,2026-04-20,2026-08-15,3.0,Actual,PEM107,Omni Channel,CT260111
VT-F-99-010721,2026-06-05,2026-06-26,1.0,Actual,PEM107,Omni Channel,VT260037 
CT-F-99-020508,2026-06-05,2026-06-26,3.0,Actual,PEM107,Omni Channel,CT260121
RS-F-99-100001,2026-06-08,2026-07-03,3.0,Actual,PEM107,Omni Channel,RS250234
CT-F-99-020504,2026-06-08,2026-06-10,3.0,Actual,PEM107,Omni Channel,CT260114
CT-F-99-020506,2026-06-08,2026-06-30,3.0,Actual,PEM107,Omni Channel,CT260116
VT-F-99-010721,2026-06-08,2026-06-30,1.0,Actual,PEM107,Omni Channel,VT260037
VT-F-99-010721,2026-06-08,2026-06-12,1.0,Actual,PEM107,Omni Channel,VT260050
VT-F-99-010721,2026-06-08,2026-06-15,1.0,Actual,PEM107,Omni Channel,VT260050
CT-F-99-020530,2026-06-08,2026-06-15,3.0,Actual,PEM107,Omni Channel,CT260106
VT-F-99-010819,2026-06-09,2026-07-08,1.0,Actual,PEM107,Omni Channel,VT260039
CT-F-99-020714,2026-06-09,2026-07-08,3.0,Actual,PEM107,Omni Channel,CT260162
VT-F-99-010203,2026-06-09,2026-06-15,2.0,Actual,PEM107,Omni Channel,VT260036
CT-F-99-020504,2026-06-09,2026-06-15,2.0,Actual,PEM107,Omni Channel,CT260114
VT-F-99-010701,2026-06-10,2026-06-19,1.0,Actual,PEM107,Omni Channel,VT260056
CT-F-99-020506,2026-06-10,2026-06-25,3.0,Actual,PEM107,Omni Channel,CT260116 
VT-F-99-010721,2026-06-10,2026-06-25,1.0,Actual,PEM107,Omni Channel,VT260037 
VT-F-99-010203,2026-06-11,2026-07-02,2.0,Actual,PEM107,Omni Channel,VT260036
CT-F-99-020508,2026-06-11,2026-07-02,2.0,Actual,PEM107,Omni Channel,CT260094
CT-F-99-020507,2026-06-12,2026-07-10,3.0,Actual,PEM107,Omni Channel,CTR-2026-03322
CT-F-99-020506,2026-06-12,2026-06-19,1.0,Actual,PEM107,Omni Channel,CT260116
VT-F-99-010721,2026-06-12,2026-06-19,1.0,Actual,PEM107,Omni Channel,VT260037
CT-F-99-020502,2026-06-12,2026-06-15,2.0,Actual,PEM107,Omni Channel,CT260045
VT-F-99-010203,2026-06-12,2026-06-15,2.0,Actual,PEM107,Omni Channel,VT260036
CT-F-99-020504,2026-06-12,2026-06-15,3.0,Actual,PEM107,Omni Channel,CT260114
CT-F-99-020504,2026-06-12,2026-06-25,6.0,Actual,PEM107,Omni Channel,CT260114
VT-F-99-010721,2026-06-12,2026-06-25,2.0,Actual,PEM107,Omni Channel,VT260037
VT-F-99-010721,2026-06-12,2026-06-12,1.0,Actual,PEM107,Omni Channel,VT260037
CT-F-99-020526,2026-06-12,2026-06-12,3.0,Actual,PEM107,Omni Channel,CTR-2026-03357
VT-F-99-010721,2026-06-15,2026-06-17,1.0,Actual,PEM107,Omni Channel,VT260037
CT-F-99-020527,2026-06-15,2026-06-17,3.0,Actual,PEM107,Omni Channel,CT260095
CT-F-99-020502,2026-06-15,2026-07-31,3.0,Actual,PEM107,Omni Channel,CT260045
VT-F-99-010721,2026-06-15,2026-07-31,1.0,Actual,PEM107,Omni Channel,VT260037
VT-F-99-010721,2026-06-16,2026-06-19,1.0,Actual,PEM107,Omni Channel,VT260037 
CT-F-99-020527,2026-06-16,2026-06-19,3.0,Actual,PEM107,Omni Channel,CT260124
VT-F-99-010721,2026-06-17,2026-07-17,1.0,Actual,PEM107,Omni Channel,VT260037
CT-F-99-020506,2026-06-17,2026-07-17,3.0,Actual,PEM107,Omni Channel,CT260141
CT-F-99-020506,2026-06-17,2026-06-18,2.0,Actual,PEM107,Omni Channel,CT260023
VT-F-99-010715,2026-06-17,2026-08-28,1.0,Actual,PEM107,Omni Channel,VT260051
CT-F-99-020505,2026-06-17,2026-08-28,3.0,Actual,PEM107,Omni Channel,CT260072 
VT-F-99-010203,2026-06-17,2026-06-29,2.0,Actual,PEM107,Omni Channel,VT260036
CT-F-99-020506,2026-06-17,2026-06-29,2.0,Actual,PEM107,Omni Channel,"CT260023,CT260116"
VT-F-99-010203,2026-06-18,2026-06-23,2.0,Actual,PEM107,Omni Channel,VT260036
VT-F-99-010303,2026-06-18,2026-06-23,1.0,Actual,PEM107,Omni Channel,VT260024
VT-F-99-010721,2026-06-18,2026-07-03,1.0,Actual,PEM107,Omni Channel,VT260037
CT-F-99-020505,2026-06-18,2026-07-03,3.0,Actual,PEM107,Omni Channel,CT260072
VT-F-99-010819,2026-06-18,2026-07-15,1.0,Actual,PEM107,Omni Channel,VT250018
CT-F-99-020704,2026-06-18,2026-07-15,3.0,Actual,PEM107,Omni Channel,CT260167
VT-F-99-010616,2026-06-19,2027-03-25,9.0,MPS,PEM107,Omni Channel,CTR-2026-03503
VT-F-99-010616,2026-06-19,2027-02-25,18.0,MPS,PEM107,Omni Channel,CTR-2026-03503
VT-F-99-010616,2026-06-19,2027-01-25,18.0,MPS,PEM107,Omni Channel,VT260083
VT-F-99-010819,2026-06-19,2026-07-08,1.0,Actual,PEM107,Omni Channel,VT260039
CT-F-99-020502,2026-06-19,2026-06-26,2.0,Actual,PEM107,Omni Channel,CT260045
VT-F-99-010203,2026-06-19,2026-06-26,2.0,Actual,PEM107,Omni Channel,VT260036
VT-F-99-010721,2026-06-22,2026-06-23,1.0,Actual,PEM107,Omni Channel,VT260037
CT-F-99-020507,2026-06-22,2026-06-23,3.0,Actual,PEM107,Omni Channel,CT260024
CT-F-99-020524,2026-06-22,2026-07-31,3.0,Actual,PEM107,Omni Channel,"CT260014, CT260125"
CT-F-99-020504,2026-06-22,2026-06-25,3.0,Actual,PEM107,Omni Channel,CT260114
VT-F-99-010721,2026-06-22,2026-06-25,1.0,Actual,PEM107,Omni Channel,VT260050
VT-F-99-010203,2026-06-22,2026-06-26,2.0,Actual,PEM107,Omni Channel,VT260036
CT-F-99-020502,2026-06-22,2026-06-26,2.0,Actual,PEM107,Omni Channel,CT260045
CT-F-99-020510,2026-06-22,2026-08-19,3.0,Actual,PEM107,Omni Channel,CT250253
VT-F-99-010721,2026-06-22,2026-08-19,1.0,Actual,PEM107,Omni Channel,VT260050
CT-F-99-020524,2026-06-22,2026-07-31,3.0,Actual,PEM107,Omni Channel,CT260149
VT-F-99-010721,2026-06-22,2026-07-31,1.0,Actual,PEM107,Omni Channel,VT260050
CT-F-99-020508,2026-06-22,2026-08-06,3.0,Actual,PEM107,Omni Channel,CT260121
VT-F-99-010721,2026-06-22,2026-08-06,1.0,Actual,PEM107,Omni Channel,VT260050
CT-F-99-020506,2026-06-22,2026-06-24,3.0,Actual,PEM107,Omni Channel,CT260116
VT-F-99-010721,2026-06-22,2026-06-24,1.0,Actual,PEM107,Omni Channel,VT260050
CT-F-99-020503,2026-06-23,2026-08-31,3.0,Actual,PEM107,Omni Channel,CT260065
CT-F-99-020505,2026-06-23,2026-06-24,3.0,Actual,PEM107,Omni Channel,CT260072
VT-F-99-010202,2026-06-23,2026-08-24,10.0,Actual,PEM107,Omni Channel,VT260084
RS-F-99-041035,2026-06-23,2026-09-25,12.0,MPS,PEM107,Omni Channel,RS260214
RS-F-99-041006,2026-06-23,2026-08-24,15.0,Actual,PEM107,Omni Channel,RS260213
CT-F-99-020506,2026-06-23,2026-06-26,2.0,Actual,PEM107,Omni Channel,CT260116
CT-F-99-020528,2026-06-23,2026-07-24,3.0,Actual,PEM107,Omni Channel,CT260111
CT-F-99-020504,2026-06-23,2026-06-25,3.0,Actual,PEM107,Omni Channel,CT260114
VT-F-99-010721,2026-06-24,2026-07-06,1.0,Actual,PEM107,Omni Channel,VT260050
CT-F-99-020506,2026-06-24,2026-07-06,3.0,Actual,PEM107,Omni Channel,CT260141
VT-F-99-010721,2026-06-24,2026-07-31,1.0,Actual,PEM107,Omni Channel,VT260050
CT-F-99-020506,2026-06-24,2026-07-31,3.0,Actual,PEM107,Omni Channel,CT260141
CT-F-99-020503,2026-06-24,2026-06-26,3.0,Actual,PEM107,Omni Channel,CT260065
VT-F-99-010721,2026-06-24,2026-06-26,1.0,Actual,PEM107,Omni Channel,VT260050
VT-F-99-010721,2026-06-24,2026-07-24,1.0,Actual,PEM107,Omni Channel,VT260050
CT-F-99-020508,2026-06-24,2026-07-10,3.0,Actual,PEM107,Omni Channel,CT260121
CT-F-99-020726,2026-06-24,2026-09-01,3.0,Actual,PEM107,Omni Channel,CT260166
VT-F-99-010819,2026-06-24,2026-09-01,1.0,Actual,PEM107,Omni Channel,VT260039
VT-F-99-010721,2026-06-24,2026-07-03,1.0,Actual,PEM107,Omni Channel,VT260050
CT-F-99-020504,2026-06-24,2026-07-03,3.0,Actual,PEM107,Omni Channel,CT260139
CT-F-99-020508,2026-06-24,2026-07-24,3.0,Actual,PEM107,Omni Channel,CT260121
CT-F-99-020503,2026-06-24,2026-06-25,2.0,Actual,PEM107,Omni Channel,CT250309
VT-F-99-010203,2026-06-24,2026-06-25,2.0,Actual,PEM107,Omni Channel,VT260036
VT-F-99-010721,2026-06-25,2026-07-03,1.0,Actual,PEM107,Omni Channel,VT260050 
VT-F-99-010721,2026-06-25,2026-08-21,1.0,Actual,PEM107,Omni Channel,VT260050 
CT-F-99-020530,2026-06-25,2026-08-21,3.0,Actual,PEM107,Omni Channel,CT260126 
RS-F-99-041001,2026-05-18,2026-07-30,10.0,Actual,PEM107,Omni Channel,RS260155
RS-F-99-041002,2026-05-18,2026-07-30,20.0,Actual,PEM107,Omni Channel,RS260156
RS-F-99-041033,2026-05-18,2026-07-30,10.0,Actual,PEM107,Omni Channel,RS260157
VT-F-99-010819,2026-06-26,2026-07-22,1.0,Actual,PEM107,Omni Channel,VT260039
CT-F-99-020704,2026-06-26,2026-07-22,3.0,Actual,PEM107,Omni Channel,CT260167
VT-F-99-010721,2026-06-26,2026-07-14,1.0,Actual,PEM107,Omni Channel,VT260050
CT-F-99-020504,2026-06-26,2026-07-14,3.0,Actual,PEM107,Omni Channel,CT260139
RS-F-99-070005,2026-06-29,2026-09-10,30.0,Actual,PEM107,Omni Channel,RS260220
RS-F-99-070002,2026-06-29,2026-09-10,60.0,Actual,PEM107,Omni Channel,RS260221
RS-F-99-070003,2026-06-29,2026-11-16,150.0,MPS,PEM107,Omni Channel,RS260222
RS-F-99-070006,2026-06-29,2026-11-16,150.0,MPS,PEM107,Omni Channel,RS260223
CT-F-99-020508,2026-06-29,2026-08-06,4.0,Actual,PEM107,Omni Channel,CT260168
CT-F-99-020506,2026-06-29,2026-09-10,12.0,Actual,PEM107,Omni Channel,CT260169
RS-F-99-070002,2026-06-29,2026-07-01,3.0,Actual,PEM107,Omni Channel,
RS-F-99-070004,2026-06-29,2026-07-01,3.0,Actual,PEM107,Omni Channel,
VT-F-99-010615,2025-06-27,2026-07-17,6.0,Actual,PEM107,Omni Channel,VT250065
CT-F-99-020503,2026-06-30,2026-07-01,3.0,Actual,PEM107,Omni Channel,CT260065
VT-F-99-010721,2026-06-30,2026-07-01,1.0,Actual,PEM107,Omni Channel,VT260050
VT-F-99-010721,2026-06-30,2026-07-10,1.0,Actual,PEM107,Omni Channel,VT260050
CT-F-99-020504,2026-06-30,2026-07-10,3.0,Actual,PEM107,Omni Channel,CT260139
CT-F-99-020502,2026-06-30,2026-07-03,2.0,Actual,PEM107,Omni Channel,CT260045
VT-F-99-010721,2026-07-01,2026-07-08,1.0,Actual,PEM107,Omni Channel,VT260050
CT-F-99-020530,2026-07-01,2026-07-08,3.0,Actual,PEM107,Omni Channel,CT260106
VT-F-99-010721,2026-07-01,2026-07-08,1.0,Actual,PEM107,Omni Channel,VT260050
CT-F-99-020504,2026-07-01,2026-07-08,3.0,Actual,PEM107,Omni Channel,CT260139
CT-F-99-020502,2026-07-01,2026-07-17,3.0,Actual,PEM107,Omni Channel,CT260045
VT-F-99-010722,2026-07-01,2026-07-31,1.0,Actual,PEM102,Omni Channel,SS260135
CT-F-99-020504,2026-07-01,2026-07-22,3.0,Actual,PEM107,Omni Channel,CT260071
CT-F-99-020505,2026-07-01,2026-07-31,3.0,Actual,PEM107,Omni Channel,CT260072
RS-F-99-130011,2026-07-01,2026-08-14,2.0,Actual,PEM107,Omni Channel,RS260225
CT-F-99-020524,2026-07-01,2026-08-07,3.0,Actual,PEM107,Omni Channel,CT260149
CT-F-99-020510,2026-07-02,2026-07-31,3.0,Actual,PEM107,Omni Channel,CT250253
VT-F-99-010721,2026-07-02,2026-07-31,1.0,Actual,PEM107,Omni Channel,VT260050
VT-F-99-010721,2026-07-02,2026-07-23,1.0,Actual,PEM107,Omni Channel,VT260050
CT-F-99-020506,2026-07-02,2026-07-23,3.0,Actual,PEM107,Omni Channel,CT260141
VT-F-99-010721,2026-07-02,2026-07-23,1.0,Actual,PEM107,Omni Channel,VT260050
CT-F-99-020530,2026-07-02,2026-07-23,3.0,Actual,PEM107,Omni Channel,"CT260126,CT260160"
CT-F-99-020503,2026-07-02,2026-07-24,3.0,Actual,PEM107,Omni Channel,CT260065
CT-F-99-020524,2026-07-02,2026-07-09,3.0,Actual,PEM107,Omni Channel,CT260125
VT-F-99-010721,2026-07-02,2026-07-09,1.0,Actual,PEM107,Omni Channel,VT260050
CT-F-99-020503,2026-07-02,2026-07-08,6.0,Actual,PEM107,Omni Channel,CT260065
CT-F-99-020506,2026-07-02,2026-07-08,3.0,Actual,PEM107,Omni Channel,CT260141
VT-F-99-010203,2026-07-02,2026-07-08,5.0,Actual,PEM107,Omni Channel,VT260036
CT-F-99-020504,2026-07-03,2026-07-10,3.0,Actual,PEM107,Omni Channel,CT260139
VT-F-99-010721,2026-07-03,2026-07-10,1.0,Actual,PEM107,Omni Channel,VT260050
CT-F-99-020508,2026-07-03,2026-07-10,3.0,Actual,PEM107,Omni Channel,CT260121
VT-F-99-010721,2026-07-03,2026-07-10,1.0,Actual,PEM107,Omni Channel,VT260050
CT-F-99-020506,2026-07-03,2026-07-10,3.0,Actual,PEM107,Omni Channel,CT260141
VT-F-99-010721,2026-07-06,2026-07-20,1.0,Actual,PEM107,Omni Channel,VT260050
CT-F-99-020504,2026-07-06,2026-07-20,3.0,Actual,PEM107,Omni Channel,CT260139
VT-F-99-010721,2026-07-06,2026-07-20,1.0,Actual,PEM107,Omni Channel,VT260050
CT-F-99-020504,2026-07-06,2026-07-20,3.0,Actual,PEM107,Omni Channel,CT260139
VT-F-99-010721,2026-07-06,2026-07-20,1.0,Actual,PEM107,Omni Channel,VT260050
CT-F-99-020501,2026-07-06,2026-07-20,3.0,Actual,PEM107,Omni Channel,CT250221
VT-F-99-010721,2026-07-06,2026-07-20,1.0,Actual,PEM107,Omni Channel,VT260050
CT-F-99-020502,2026-07-06,2026-07-20,3.0,Actual,PEM107,Omni Channel,CT260045
VT-F-99-010721,2026-07-06,2026-08-11,1.0,Actual,PEM107,Omni Channel,VT260050
CT-F-99-020502,2026-07-06,2026-08-11,3.0,Actual,PEM107,Omni Channel,CT260045
VT-F-99-010721,2026-07-06,2026-07-20,1.0,Actual,PEM107,Omni Channel,VT260050
CT-F-99-020503,2026-07-06,2026-07-20,3.0,Actual,PEM107,Omni Channel,CT260065
VT-F-99-010721,2026-07-06,2026-07-20,1.0,Actual,PEM107,Omni Channel,VT260050
CT-F-99-020502,2026-07-06,2026-07-20,3.0,Actual,PEM107,Omni Channel,CT260097
VT-F-99-010721,2026-07-06,2026-07-20,1.0,Actual,PEM107,Omni Channel,VT260050
CT-F-99-020503,2026-07-06,2026-07-20,3.0,Actual,PEM107,Omni Channel,CT260065
VT-F-99-010721,2026-07-06,2026-08-07,1.0,Actual,PEM107,Omni Channel,VT260050
VT-F-99-010721,2026-07-06,2026-07-20,1.0,Actual,PEM107,Omni Channel,VT260050
CT-F-99-020502,2026-07-06,2026-07-20,3.0,Actual,PEM107,Omni Channel,"CT260045,CT260097"
CT-F-99-020526,2026-07-06,2026-08-07,3.0,Actual,PEM107,Omni Channel,CT260163 
VT-F-99-010721,2026-07-06,2026-07-20,1.0,Actual,PEM107,Omni Channel,VT260050
CT-F-99-020505,2026-07-06,2026-07-20,3.0,Actual,PEM107,Omni Channel,CT260072
VT-F-99-010721,2026-07-06,2026-07-20,1.0,Actual,PEM107,Omni Channel,VT260050
CT-F-99-020504,2026-07-06,2026-07-20,3.0,Actual,PEM107,Omni Channel,CT260071
RS-F-99-100001,2026-07-06,2026-08-06,3.0,Actual,PEM107,Omni Channel,RS260226
RS-F-99-100001,2026-07-06,2026-07-22,6.0,Actual,PEM107,Omni Channel,RS260170
CT-F-99-020505,2026-07-06,2026-07-07,3.0,Actual,PEM107,Omni Channel,CT260072
VT-F-99-010721,2026-07-06,2026-07-07,1.0,Actual,PEM107,Omni Channel,VT260050
VT-F-99-010721,2026-07-06,2026-07-20,1.0,Actual,PEM107,Omni Channel,VT260050
CT-F-99-020502,2026-07-06,2026-07-20,3.0,Actual,PEM107,Omni Channel,CT260097
VT-F-99-010721,2026-07-07,2026-07-08,1.0,Actual,PEM107,Omni Channel,VT260050
CT-F-99-020528,2026-07-07,2026-07-08,3.0,Actual,PEM107,Omni Channel,CT260111
VT-F-99-010721,2026-07-07,2026-07-24,1.0,Actual,PEM107,Omni Channel,VT260050
CT-F-99-020528,2026-07-07,2026-07-24,3.0,Actual,PEM107,Omni Channel,CT260159
CT-F-99-020527,2026-07-07,2026-07-31,3.0,Actual,PEM107,Omni Channel,CT260124 
VT-F-99-010721,2026-07-07,2026-07-24,1.0,Actual,PEM107,Omni Channel,VT260050
CT-F-99-020526,2026-07-07,2026-07-24,3.0,Actual,PEM107,Omni Channel,CT260127
RS-F-99-040006,2026-07-07,2026-08-25,150.0,Actual,PSS,Tendering,CTR-2026-03956
VT-F-99-010721,2026-07-08,2026-08-07,1.0,Actual,PEM107,Omni Channel,VT260050
CT-F-99-020507,2026-07-08,2026-08-07,3.0,Actual,PEM107,Omni Channel,CT250321
CT-F-99-020504,2026-07-08,2026-07-10,3.0,Actual,PEM107,Omni Channel,CT260139
VT-F-99-010721,2026-07-08,2026-07-10,1.0,Actual,PEM107,Omni Channel,VT260050
VT-F-99-010203,2026-06-18,2026-07-09,2.0,Actual,PEM107,Omni Channel,VT260036
CT-F-99-020505,2026-06-18,2026-07-09,2.0,Actual,PEM107,Omni Channel,VT260036 OE260052
VT-F-99-010819,2026-07-08,2026-08-06,1.0,Actual,PEM107,Omni Channel,VT260039
CT-F-99-020728,2026-07-08,2026-08-06,3.0,Actual,PEM107,Omni Channel,CT260177
CT-F-99-020505,2026-07-09,2026-07-15,2.0,Actual,PEM107,Omni Channel,CT260022
RS-F-99-070006,2026-03-13,2026-10-15,200.0,MPS,PEM107,Omni Channel,RS260109
VT-F-99-010721,2026-07-09,2026-07-10,1.0,Actual,PEM107,Omni Channel,VT260050
CT-F-99-020530,2026-07-10,2026-07-13,3.0,Actual,PEM107,Omni Channel,CT260126
VT-F-99-010722,2026-07-10,2026-09-18,5.0,Actual,PEM102,Omni Channel,SS260143
RS-F-99-040006,2026-07-13,2026-08-27,150.0,Actual,PEM107,Tendering,RS260174
RS-F-99-040006,2026-07-13,2026-09-25,150.0,Actual,PEM107,Tendering,RS260186
VT-F-99-010203,2026-07-13,2026-07-17,6.0,Actual,PEM107,Omni Channel,VT260036
CT-F-99-020502,2026-07-13,2026-07-17,6.0,Actual,PEM107,Omni Channel,CT260045
CT-F-99-020505,2026-07-13,2026-07-16,3.0,Actual,PEM107,Omni Channel,CT260072
CT-F-99-020502,2026-07-13,2026-08-06,9.0,Actual,PEM107,Omni Channel,CT260175
VT-F-99-010721,2026-07-13,2026-08-06,3.0,Actual,PEM107,Omni Channel,VT260067
VT-F-99-010722,2026-07-13,2026-08-14,2.0,Actual,PEM102,Omni Channel,SS260145
VT-F-99-010722,2026-07-13,2026-09-22,5.0,Actual,PEM102,Omni Channel,SS260147
VT-F-99-010721,2026-07-14,2026-08-07,1.0,Actual,PEM107,Omni Channel,VT260050
CT-F-99-020531,2026-07-14,2026-08-07,3.0,Actual,PEM107,Omni Channel,CT260123
CT-F-99-020507,2026-07-14,2026-07-21,3.0,Actual,PEM107,Omni Channel,CT260085
VT-F-99-010721,2026-07-14,2026-07-21,1.0,Actual,PEM107,Omni Channel,VT260067
CT-F-99-020530,2026-07-14,2026-09-30,3.0,MPS,PEM107,Omni Channel,CT260179
VT-F-99-010721,2026-07-14,2026-09-30,1.0,MPS,PEM107,Omni Channel,VT260067
CT-F-99-020530,2026-07-14,2026-07-20,3.0,Actual,PEM107,Omni Channel,CT260126
CT-F-99-020506,2026-07-14,2026-10-20,3.0,MPS,PEM107,Omni Channel,CT260141
VT-F-99-010722,2026-07-14,2026-09-20,11.0,Actual,PEM102,Omni Channel,SS260149
VT-F-99-010721,2026-07-14,2026-07-22,1.0,Actual,PEM107,Omni Channel,VT260050
CT-F-99-020506,2026-07-14,2026-07-22,3.0,Actual,PEM107,Omni Channel,CT260141
VT-F-99-010721,2026-07-15,2026-07-20,1.0,Actual,PEM107,Omni Channel,VT260050
CT-F-99-020504,2026-07-15,2026-07-20,3.0,Actual,PEM107,Omni Channel,CT260139
VT-F-99-010722,2026-07-15,2026-08-19,2.0,Actual,PEM102,Omni Channel,CTR-2026-04151
VT-F-99-010722,2026-07-15,2026-08-19,1.0,Actual,PEM102,Omni Channel,CTR-2026-04152
VT-F-99-010616,2026-07-15,2026-09-02,3.0,Actual,PEM107,Omni Channel,VT260088
VT-F-99-010715,2026-07-16,2026-08-14,1.0,Actual,PEM107,Omni Channel,VT260051
CT-F-99-020507,2026-07-16,2026-08-14,3.0,Actual,PEM107,Omni Channel,CT260085
CT-F-99-020504,2026-07-16,2026-07-17,3.0,Actual,PEM107,Omni Channel,CT260139
VT-F-99-010721,2026-07-16,2026-07-17,2.0,Actual,PEM107,Omni Channel,VT260050
CT-F-99-020510,2026-07-16,2026-07-17,3.0,Actual,PEM107,Omni Channel,CT250253
VT-F-99-010721,2026-07-16,2026-07-17,1.0,Actual,PEM107,Omni Channel,VT260050
CT-F-99-020506,2026-07-16,2026-07-17,3.0,Actual,PEM107,Omni Channel,CT260141
CT-F-99-020507,2026-07-16,2026-07-24,3.0,Actual,PEM107,Omni Channel,CT260085
VT-F-99-010721,2026-07-16,2026-07-24,1.0,Actual,PEM107,Omni Channel,VT260067
CT-F-99-020530,2026-07-16,2026-07-24,3.0,Actual,PEM107,Omni Channel,CT260179 
VT-F-99-010721,2026-07-16,2026-07-24,1.0,Actual,PEM107,Omni Channel,VT260067
VT-F-99-010202,2026-07-16,2026-07-24,1.0,Actual,PEM107,Omni Channel,VT260047
CT-F-99-020505,2026-07-16,2026-08-13,3.0,Actual,PEM107,Omni Channel,CT260115
CT-F-99-020505,2026-07-16,2026-08-20,3.0,Actual,PEM107,Omni Channel,CT260115
CT-F-99-020504,2026-07-16,2026-08-27,3.0,Actual,PEM107,Omni Channel,CT260164
CT-F-99-020505,2026-07-16,2026-09-18,3.0,Actual,PEM107,Omni Channel,CT260115
VT-F-99-010721,2026-07-16,2026-07-30,1.0,Actual,PEM107,Omni Channel,VT260050
CT-F-99-020524,2026-07-16,2026-07-30,3.0,Actual,PEM107,Omni Channel,CT260125
CT-F-99-020506,2026-07-16,2026-07-17,1.0,Actual,PEM107,Omni Channel,CT260141
VT-F-99-010721,2026-07-16,2026-08-20,1.0,Actual,PEM107,Omni Channel,VT260067
VT-F-99-010721,2026-07-16,2026-08-13,1.0,Actual,PEM107,Omni Channel,VT260067 
VT-F-99-010721,2026-07-16,2026-08-27,1.0,Actual,PEM107,Omni Channel,VT260067
CT-F-99-020526,2026-07-17,2026-07-24,1.0,Actual,PEM107,Omni Channel,CT260163
VT-F-99-010202,2026-07-17,2026-09-10,20.0,Actual,PEM107,Omni Channel,VT260089
CT-F-99-020717,2026-07-17,2026-09-07,3.0,Actual,PEM107,Omni Channel,CT260181
CT-F-99-020506,2026-07-17,2026-07-24,3.0,Actual,PEM107,Omni Channel,CT260141
RS-F-99-041001,2026-05-18,2026-09-30,30.0,MPS,PEM107,Omni Channel,RS260155
CT-F-99-020504,2026-07-20,2026-07-24,3.0,Actual,PEM107,Omni Channel,CT260139
VT-F-99-010715,2026-07-20,2026-08-14,1.0,Actual,PEM107,Omni Channel,VT260051
CT-F-99-020505,2026-07-20,2026-08-14,3.0,Actual,PEM107,Omni Channel,CT260115
VT-F-99-010721,2026-07-20,2026-07-24,1.0,Actual,PEM107,Omni Channel,VT260050
RS-F-99-041002,2026-05-18,2026-09-30,50.0,MPS,PEM107,Omni Channel,RS260156
RS-F-99-041033,2026-05-18,2026-09-30,30.0,MPS,PEM107,Omni Channel,RS260157
RS-F-99-090003,2026-07-20,2026-09-01,2000.0,Actual,PSS,Tendering,CTR-2026-04271
RS-F-99-090003,2026-07-20,2026-10-01,2000.0,MPS,PSS,Tendering,CTR-2026-04271
VT-F-99-010721,2026-07-21,2026-08-20,1.0,Actual,PEM107,Omni Channel,VT260067
CT-F-99-020530,2026-07-21,2026-08-20,3.0,Actual,PEM107,Omni Channel,CT260179
VT-F-99-010721,2026-07-21,2026-07-24,1.0,Actual,PEM107,Omni Channel,VT260050
CT-F-99-020528,2026-07-21,2026-07-24,3.0,Actual,PEM107,Omni Channel,CT260159
CT-F-99-020510,2026-07-21,2026-07-24,3.0,Actual,PEM107,Omni Channel,CT250253
VT-F-99-010819,2026-07-22,2026-08-28,1.0,Actual,PEM107,Omni Channel,VT260039
CT-F-99-020702,2026-07-22,2026-08-28,3.0,Actual,PEM107,Omni Channel,CT260183
VT-F-99-010721,2026-01-21,2026-08-14,1.0,Actual,PEM107,Omni Channel,VT260067
CT-F-99-020505,2026-01-21,2026-08-14,3.0,Actual,PEM107,Omni Channel,CT260115
VT-F-99-010721,2026-01-21,2026-08-07,1.0,Actual,PEM107,Omni Channel,VT260067
CT-F-99-020506,2026-01-21,2026-08-07,3.0,Actual,PEM107,Omni Channel,CT260141
VT-F-99-010721,2026-07-02,2026-07-30,1.0,Actual,PEM107,Omni Channel,CT260159
CT-F-99-020528,2026-07-02,2026-07-30,3.0,Actual,PEM107,Omni Channel,CT260159
VT-F-99-010302,2026-07-23,2026-08-03,1.0,Actual,PCE101,Omni Channel,J26115
VT-F-99-010721,2026-07-23,2026-07-23,1.0,Actual,PEM107,Omni Channel,VT260067
VT-F-99-010721,2026-07-23,2026-08-05,1.0,Actual,PEM107,Omni Channel,VT260067
CT-F-99-020528,2026-07-23,2026-08-05,3.0,Actual,PEM107,Omni Channel,CT260173
CT-F-99-020504,2026-07-24,2026-08-26,3.0,Actual,PEM107,Omni Channel,CT260164
VT-F-99-010721,2026-07-24,2026-08-26,1.0,Actual,PEM107,Omni Channel,VT260067
VT-F-99-010302,2026-07-24,2026-08-14,1.0,Actual,PEM107,Omni Channel,VT260095
CT-F-99-020507,2026-07-30,2026-08-04,3.0,Actual,PEM107,Omni Channel,CT260085
VT-F-99-010721,2026-07-30,2026-08-04,1.0,Actual,PEM107,Omni Channel,VT260067
VT-F-99-010721,2026-07-30,2026-09-07,1.0,Actual,PEM107,Omni Channel,VT260067
CT-F-99-020503,2026-07-30,2026-08-17,6.0,Actual,PEM107,Omni Channel,CT260120
CT-F-99-020504,2026-07-30,2026-08-17,6.0,Actual,PEM107,Omni Channel,CT260164
CT-F-99-020505,2026-07-30,2026-08-17,3.0,Actual,PEM107,Omni Channel,CT260115
CT-F-99-020506,2026-07-30,2026-08-17,3.0,Actual,PEM107,Omni Channel,CT260141
CT-F-99-020530,2026-07-30,2026-09-07,3.0,Actual,PEM107,Omni Channel,CT260182
VT-F-99-010721,2026-07-30,2026-08-17,6.0,Actual,PEM107,Omni Channel,VT260067
CT-F-99-020504,2026-07-30,2026-08-14,3.0,Actual,PEM107,Omni Channel,CT260164
VT-F-99-010721,2026-07-30,2026-08-14,1.0,Actual,PEM107,Omni Channel,VT260067
CT-F-99-020504,2026-07-31,2026-08-04,3.0,Actual,PEM107,Omni Channel,CT260164
VT-F-99-010721,2026-07-31,2026-08-04,1.0,Actual,PEM107,Omni Channel,VT260067
VT-F-99-010721,2026-07-31,2026-08-20,1.0,Actual,PEM107,Omni Channel,VT260067
CT-F-99-020510,2026-07-31,2026-08-20,3.0,Actual,PEM107,Omni Channel,CT250253
CT-F-99-020505,2026-07-31,2026-08-31,3.0,MPS,PEM107,Omni Channel,CT260115
CT-F-99-020506,2026-07-31,2026-08-04,3.0,Actual,PEM107,Omni Channel,CT260141
VT-F-99-010105,2026-08-03,2026-09-02,2.0,Actual,PEM107,Omni Channel,VT260096
VT-F-99-010721,2026-08-03,2026-08-10,1.0,Actual,PEM107,Omni Channel,VT260067
CT-F-99-020508,2026-08-03,2026-08-10,3.0,Actual,PEM107,Omni Channel,CT260121
CT-F-99-020527,2026-05-19,2026-08-05,1.0,Actual,PEM107,Omni Channel,CT260124 
VT-F-99-010721,2026-08-03,2026-08-05,1.0,Actual,PEM107,Omni Channel,VT260067
CT-F-99-020503,2026-08-03,2026-08-05,3.0,Actual,PEM107,Omni Channel,CT260120
VT-F-99-010721,2026-08-03,2026-08-05,1.0,Actual,PEM107,Omni Channel,VT260067
CT-F-99-020504,2026-08-03,2026-08-05,3.0,Actual,PEM107,Omni Channel,CT260164
VT-F-99-010721,2026-08-03,2026-09-30,2.0,MPS,PEM107,Omni Channel,VT260067 
CT-F-99-020503,2026-08-03,2026-09-30,3.0,MPS,PEM107,Omni Channel,CT260120
CT-F-99-020505,2026-08-03,2026-09-30,3.0,MPS,PEM107,Omni Channel,CT260115
CT-F-99-020506,2026-08-03,2026-09-15,3.0,Actual,PEM107,Omni Channel,CT260141
VT-F-99-010721,2026-08-03,2026-09-15,1.0,Actual,PEM107,Omni Channel,VT260067 
VT-F-99-010721,2026-08-03,2026-08-06,1.0,Actual,PEM107,Omni Channel,VT260067
CT-F-99-020503,2026-08-03,2026-08-06,3.0,Actual,PEM107,Omni Channel,CT260120
VT-F-99-010721,2026-08-04,2026-09-30,1.0,MPS,PEM107,Omni Channel,VT260067
CT-F-99-020506,2026-08-04,2026-09-30,3.0,MPS,PEM107,Omni Channel,CT260141
VT-F-99-010721,2026-08-04,2026-08-17,1.0,Actual,PEM107,Omni Channel,VT260067
CT-F-99-020505,2026-08-04,2026-08-17,3.0,Actual,PEM107,Omni Channel,CT260115
CT-F-99-020504,2026-08-04,2026-08-07,3.0,Actual,PEM107,Omni Channel,CT260164
VT-F-99-010721,2026-08-04,2026-08-07,1.0,Actual,PEM107,Omni Channel,VT260067
CT-F-99-020504,2026-08-04,2026-08-07,3.0,Actual,PEM107,Omni Channel,CT260164
VT-F-99-010721,2026-08-05,2026-08-28,1.0,Actual,PEM107,Omni Channel,VT260067
VT-F-99-010721,2026-08-05,2026-08-17,1.0,Actual,PEM107,Omni Channel,VT260067 
CT-F-99-020528,2026-08-05,2026-08-17,3.0,Actual,PEM107,Omni Channel,CT260173
VT-F-99-010721,2026-08-05,2026-09-03,1.0,Actual,PEM107,Omni Channel,VT260067
CT-F-99-020530,2026-08-05,2026-09-03,3.0,Actual,PEM107,Omni Channel,"CT260182,CT260185"
CT-F-99-020530,2026-08-05,2026-08-18,3.0,Actual,PEM107,Omni Channel,CT260179
CT-F-99-020530,2026-08-05,2026-08-18,1.0,Actual,PEM107,Omni Channel,CT260182
CT-F-99-020504,2026-08-05,2026-08-14,3.0,Actual,PEM107,Omni Channel,CT260164
VT-F-99-010721,2026-08-05,2026-08-14,1.0,Actual,PEM107,Omni Channel,VT260067 
CT-F-99-020526,2026-08-06,2026-08-21,3.0,Actual,PEM107,Omni Channel,CT260172 
VT-F-99-010721,2026-08-06,2026-08-21,1.0,Actual,PEM107,Omni Channel,VT260067 
VT-F-99-010721,2026-08-06,2026-08-14,2.0,Actual,PEM107,Omni Channel,VT260067
CT-F-99-020703,2026-08-06,2026-09-14,112.0,Actual,PPS,Tendering,CTR-2026-04650
CT-F-99-020704,2026-08-06,2026-09-14,68.0,Actual,PPS,Tendering,CTR-2026-04650
CT-F-99-020705,2026-08-06,2026-09-14,68.0,Actual,PPS,Tendering,CTR-2026-04650
VT-F-99-010303,2026-08-06,2026-09-14,500.0,Actual,PPS,Tendering,CTR-2026-04650
VT-F-99-010303,2026-08-06,2026-10-14,500.0,MPS,PPS,Tendering,CTR-2026-04650
VT-F-99-010303,2026-08-06,2026-11-13,257.0,MPS,PPS,Tendering,CTR-2026-04650
CT-F-99-020528,2026-08-06,2026-08-25,3.0,Actual,PEM107,Omni Channel,CT260184
CT-F-99-020508,2026-08-05,2026-08-28,3.0,Actual,PEM107,Omni Channel,"LB260138 , VT260067,CT260184 "
CT-F-99-020526,2026-08-06,2026-08-14,3.0,Actual,PEM107,Omni Channel,CT260163
VT-F-99-010721,2026-08-06,2026-09-04,1.0,Actual,PEM107,Omni Channel,VT260067
CT-F-99-020508,2026-08-06,2026-09-04,3.0,Actual,PEM107,Omni Channel,CT260157
VT-F-99-010203,2026-03-13,2026-09-10,48.0,Actual,PEM107,Omni Channel,VT260043
VT-F-99-010616,2026-04-28,2026-09-10,3.0,Actual,PEM107,Omni Channel,VT260064
CT-F-99-020525,2026-08-04,2026-08-07,3.0,Actual,PEM107,Omni Channel,CT260100
RS-F-99-090003,2026-08-07,2026-09-04,2000.0,Actual,PEM107,Tendering,RS260224
RS-F-99-090003,2026-08-07,2026-10-02,2000.0,MPS,PEM107,Tendering,RS260261
CT-F-99-020524,2026-08-10,2026-08-18,3.0,Actual,PEM107,Omni Channel,CT260158
VT-F-99-010721,2026-08-10,2026-08-18,1.0,Actual,PEM107,Omni Channel,VT260067
VT-F-99-010721,2026-08-10,2026-08-10,1.0,Actual,PEM107,Omni Channel,VT260067
CT-F-99-020505,2026-08-10,2026-08-10,3.0,Actual,PEM107,Omni Channel,CT260115
VT-F-99-010721,2026-08-10,2026-08-19,2.0,Actual,PEM107,Omni Channel,VT260067
CT-F-99-020504,2026-08-10,2026-08-19,3.0,Actual,PEM107,Omni Channel,CT260164
CT-F-99-020507,2026-08-10,2026-08-19,3.0,Actual,PEM107,Omni Channel,CT260085
CT-F-99-020502,2026-08-10,2026-08-27,6.0,Actual,PEM107,Omni Channel,CT260175
CT-F-99-020503,2026-08-10,2026-08-27,3.0,Actual,PEM107,Omni Channel,CT260120
VT-F-99-010721,2026-08-10,2026-08-27,3.0,Actual,PEM107,Omni Channel,VT260067
VT-F-99-010721,2026-08-10,2026-08-26,2.0,Actual,PEM107,Omni Channel,VT260092
VT-F-99-010721,2026-08-10,2026-08-14,1.0,Actual,PEM107,Omni Channel,VT260067
CT-F-99-020506,2026-08-10,2026-08-14,3.0,Actual,PEM107,Omni Channel,CT260141
VT-F-99-010715,2026-08-10,2026-08-25,1.0,Actual,PEM107,Omni Channel,VT260062
CT-F-99-020504,2026-08-10,2026-08-25,3.0,Actual,PEM107,Omni Channel,CT260164
VT-F-99-010715,2026-08-10,2026-08-13,1.0,Actual,PEM107,Omni Channel,VT260062
CT-F-99-020504,2026-08-10,2026-08-13,3.0,Actual,PEM107,Omni Channel,CT260139
CT-F-99-020502,2026-08-10,2026-08-26,6.0,Actual,PEM107,Omni Channel,CT260175
VT-F-99-010721,2026-08-11,2026-08-31,1.0,Actual,PEM107,Omni Channel,VT260092
CT-F-99-020507,2026-08-11,2026-08-31,3.0,Actual,PEM107,Omni Channel,CT260085
VT-F-99-010721,2026-08-11,2026-08-31,1.0,Actual,PEM107,Omni Channel,VT260092
CT-F-99-020503,2026-08-11,2026-08-31,3.0,Actual,PEM107,Omni Channel,CT260120
VT-F-99-010721,2026-08-11,2026-08-31,1.0,Actual,PEM107,Omni Channel,VT260092
CT-F-99-020504,2026-08-11,2026-08-31,3.0,Actual,PEM107,Omni Channel,CT260164
VT-F-99-010721,2026-08-11,2026-08-31,1.0,Actual,PEM107,Omni Channel,VT260092
CT-F-99-020504,2026-08-11,2026-08-31,3.0,Actual,PEM107,Omni Channel,CT260164
VT-F-99-010721,2026-08-11,2026-08-31,1.0,Actual,PEM107,Omni Channel,VT260092 
CT-F-99-020504,2026-08-11,2026-08-31,3.0,Actual,PEM107,Omni Channel,CT260164
RS-F-99-010128,2026-08-11,2026-09-15,2.0,Actual,PEM107,Omni Channel,RS260270
RS-F-99-010127,2026-08-11,2026-09-15,6.0,Actual,PEM107,Omni Channel,RS260271
RS-F-99-010122,2026-08-11,2026-09-15,2.0,Actual,PEM107,Omni Channel,RS260272
RS-F-99-010124,2026-08-11,2026-09-15,2.0,Actual,PEM107,Omni Channel,RS260273
VT-F-99-010721,2026-08-11,2026-08-25,1.0,Actual,PEM107,Omni Channel,VT260067
CT-F-99-020504,2026-08-11,2026-08-25,3.0,Actual,PEM107,Omni Channel,CT260164
CT-F-99-020526,2026-08-11,2026-09-30,1.0,MPS,PEM107,Omni Channel,CT260178
CT-F-99-020707,2026-08-11,2026-09-09,3.0,Actual,PEM107,Omni Channel,CT260198
VT-F-99-010203,2026-08-11,2026-09-30,1.0,MPS,PEM107,Omni Channel,VT260036
CT-F-99-020504,2026-08-11,2026-08-19,3.0,Actual,PEM107,Omni Channel,CT260164
VT-F-99-010721,2026-08-11,2026-08-19,1.0,Actual,PEM107,Omni Channel,VT260067
VT-F-99-010820,2026-08-11,2026-09-10,1.0,Actual,PCE101,Omni Channel,J26137
VT-F-99-010721,2026-08-11,2026-08-14,1.0,Actual,PEM107,Omni Channel,VT260092
CT-F-99-020527,2026-08-11,2026-08-14,3.0,Actual,PEM107,Omni Channel,CT260174
CT-F-99-020506,2026-08-11,2026-09-30,3.0,Actual,PEM107,Omni Channel,CT260176
VT-F-99-010721,2026-08-11,2026-09-30,1.0,Actual,PEM107,Omni Channel,VT260092
VT-F-99-010721,2026-08-11,2026-08-14,1.0,Actual,PEM107,Omni Channel,VT260092
CT-F-99-020507,2026-08-11,2026-08-14,3.0,Actual,PEM107,Omni Channel,CT260085
VT-F-99-010722,2026-08-13,2026-10-12,17.0,MPS,PTS,Tendering,CTR-2026-04817
VT-F-99-010820,2026-08-13,2026-09-11,1.0,Actual,PEM102,Omni Channel,SS260165
VT-F-99-010819,2026-08-14,2026-09-11,1.0,Actual,PEM107,Omni Channel,VT260039
CT-F-99-020703,2026-08-14,2026-09-11,3.0,Actual,PEM107,Omni Channel,CT260204
VT-F-99-010722,2026-08-14,2026-10-09,17.0,MPS,PEM102,Omni Channel,CTR-2026-04861
VT-F-99-010722,2026-07-16,2026-09-18,5.0,Actual,PTS,Tendering,CTR-2026-04174
VT-F-99-010722,2026-07-16,2026-09-18,5.0,Actual,PTS,Tendering,
CT-F-99-020511,2026-08-14,2026-08-17,3.0,Actual,PEM107,Omni Channel,CT250254
VT-F-99-010721,2026-08-14,2026-08-17,1.0,Actual,PEM107,Omni Channel,VT260067
VT-F-99-010303,2026-08-14,2026-09-14,500.0,Actual,PEM107,Tendering,"VT260076,VT260077,VT260078,CT2"
CT-F-99-020703,2026-08-14,2026-09-14,112.0,Actual,PEM107,Tendering,"VT260076,VT260077,VT260078,CT2"
CT-F-99-020704,2026-08-14,2026-09-14,68.0,Actual,PEM107,Tendering,"VT260076,VT260077,VT260078,CT2"
CT-F-99-020705,2026-08-14,2026-09-14,68.0,Actual,PEM107,Tendering,"VT260076,VT260077,VT260078,CT2"
VT-F-99-010303,2026-08-14,2026-10-15,500.0,MPS,PEM107,Tendering,"VT260076,VT260077,VT260078,CT2"
VT-F-99-010303,2026-08-14,2026-11-13,257.0,MPS,PEM107,Tendering,"VT260076,VT260077,VT260078,CT2"
CT-F-99-020522,2026-08-06,2026-09-02,3.0,Actual,PEM107,Omni Channel,CT260203
CT-F-99-020525,2026-08-06,2026-09-02,3.0,Actual,PEM107,Omni Channel,CT260113
VT-F-99-010721,2026-08-17,2026-08-17,1.0,Actual,PEM107,Omni Channel,VT260067
CT-F-99-020501,2026-08-17,2026-08-17,3.0,Actual,PEM107,Omni Channel,CT250221
VT-F-99-010721,2026-08-17,2026-08-17,1.0,Actual,PEM107,Omni Channel,VT260067
VT-F-99-010715,2026-08-17,2026-08-29,1.0,Actual,PEM107,Omni Channel,VT260062
CT-F-99-020505,2026-08-17,2026-08-29,3.0,Actual,PEM107,Omni Channel,CT260140
CT-F-99-020504,2026-08-17,2026-08-17,3.0,Actual,PEM107,Omni Channel,CT260164
VT-F-99-010203,2026-08-17,2026-08-19,2.0,Actual,PEM107,Omni Channel,VT260036
CT-F-99-020505,2026-08-17,2026-08-19,2.0,Actual,PEM107,Omni Channel,"CT250319,CT260072"
VT-F-99-010721,2026-08-17,2026-09-30,1.0,MPS,PEM107,Omni Channel,VT260092
CT-F-99-020510,2026-08-17,2026-09-30,3.0,MPS,PEM107,Omni Channel,CT250253
CT-F-99-020508,2026-08-17,2026-08-20,3.0,Actual,PEM107,Omni Channel,CT260157
VT-F-99-010721,2026-08-17,2026-08-20,1.0,Actual,PEM107,Omni Channel,VT260092
VT-F-99-010721,2026-08-17,2026-08-24,1.0,Actual,PEM107,Omni Channel,VT260092
CT-F-99-020503,2026-08-17,2026-08-24,3.0,Actual,PEM107,Omni Channel,CT260120
VT-F-99-010721,2026-08-17,2026-08-24,1.0,Actual,PEM107,Omni Channel,VT260092
CT-F-99-020503,2026-08-17,2026-08-24,3.0,Actual,PEM107,Omni Channel,CT260120
VT-F-99-010721,2026-08-17,2026-08-19,1.0,Actual,PEM107,Omni Channel,VT260067
CT-F-99-020502,2026-08-17,2026-08-19,3.0,Actual,PEM107,Omni Channel,CT260175
VT-F-99-010721,2026-08-17,2026-08-24,1.0,Actual,PEM107,Omni Channel,VT260092
CT-F-99-020503,2026-08-17,2026-08-24,3.0,Actual,PEM107,Omni Channel,CT260120
VT-F-99-010721,2026-08-17,2026-08-24,1.0,Actual,PEM107,Omni Channel,VT260092
CT-F-99-020502,2026-08-17,2026-08-24,3.0,Actual,PEM107,Omni Channel,CT260175
CT-F-99-020501,2026-05-18,2026-12-15,70.0,MPS,PEM107,Omni Channel,CT260143
VT-F-99-010203,2026-05-18,2026-11-16,100.0,MPS,PEM107,Omni Channel,VT260072
VT-F-99-010616,2026-05-18,2026-11-16,15.0,MPS,PEM107,Omni Channel,VT260071
RS-F-99-070003,2026-06-29,2026-12-15,150.0,MPS,PEM107,Omni Channel,RS260222
RS-F-99-070002,2026-06-29,2026-10-15,60.0,MPS,PEM107,Omni Channel,RS260221
CT-F-99-020510,2026-08-18,2026-08-19,3.0,Actual,PEM107,Omni Channel,CT250253
CT-F-99-020506,2026-08-18,2026-08-25,3.0,Actual,PEM107,Omni Channel,CT260141
CT-F-99-020506,2026-08-18,2026-08-25,3.0,Actual,PEM107,Omni Channel,CT260141
VT-F-99-010722,2026-08-18,2026-09-15,8.0,Actual,PEM102,Omni Channel,SS260171
CT-F-99-020508,2026-08-18,2026-08-20,3.0,Actual,PEM107,Omni Channel,CT250246
VT-F-99-010721,2026-08-19,2026-08-26,1.0,Actual,PEM107,Omni Channel,VT260067
CT-F-99-020506,2026-08-19,2026-08-26,3.0,Actual,PEM107,Omni Channel,CT260141
VT-F-99-010721,2026-08-19,2026-08-26,1.0,Actual,PEM107,Omni Channel,VT250126
CT-F-99-020507,2026-08-19,2026-08-26,3.0,Actual,PEM107,Omni Channel,CT260085
VT-F-99-010721,2026-07-20,2026-08-20,1.0,Actual,PEM107,Omni Channel,VT260067
CT-F-99-020507,2026-07-20,2026-08-20,3.0,Actual,PEM107,Omni Channel,CT260085
CT-F-99-020510,2026-08-19,2026-10-30,3.0,MPS,PEM107,Omni Channel,CT250253
VT-F-99-010721,2026-08-19,2026-10-30,1.0,MPS,PEM107,Omni Channel,VT260092
CT-F-99-020704,2026-08-20,2026-09-18,3.0,Actual,PEM107,Omni Channel,CT260211
VT-F-99-010819,2026-08-20,2026-09-18,1.0,Actual,PEM107,Omni Channel,VT260066
VT-F-99-010203,2026-08-20,2026-08-25,4.0,Actual,PEM107,Omni Channel,VT260036
VT-F-99-010203,2026-08-20,2026-08-24,2.0,Actual,PEM107,Omni Channel,VT260036
CT-F-99-020510,2026-08-20,2026-08-24,2.0,Actual,PEM107,Omni Channel,CT260122
CT-F-99-020505,2026-08-20,2026-08-21,3.0,Actual,PEM107,Omni Channel,VT260092
VT-F-99-010721,2026-08-20,2026-08-21,1.0,Actual,PEM107,Omni Channel,VT260092
CT-F-99-020527,2026-08-20,2026-08-28,3.0,Actual,PEM107,Omni Channel,CT260174
VT-F-99-010721,2026-08-20,2026-08-28,1.0,Actual,PEM107,Omni Channel,VT260092 
CT-F-99-020511,2026-08-20,2026-09-30,3.0,MPS,PEM107,Omni Channel,CT250254
VT-F-99-010721,2026-08-20,2026-09-30,1.0,MPS,PEM107,Omni Channel,VT260092
CT-F-99-020504,2026-08-20,2026-09-30,3.0,MPS,PEM107,Omni Channel,CT260164
VT-F-99-010721,2026-08-21,2026-08-28,1.0,Actual,PEM107,Omni Channel,VT260092
CT-F-99-020507,2026-08-21,2026-08-28,3.0,Actual,PEM107,Omni Channel,CT260117
VT-F-99-010721,2026-08-21,2026-08-28,1.0,Actual,PEM107,Omni Channel,VT260092
CT-F-99-020525,2026-08-21,2026-08-28,3.0,Actual,PEM107,Omni Channel,CT260113
VT-F-99-010721,2026-08-21,2026-08-28,1.0,Actual,PEM107,Omni Channel,VT260092
VT-F-99-010721,2026-08-21,2026-12-30,1.0,Actual,PEM107,Omni Channel,VT260092
CT-F-99-020526,2026-08-21,2026-12-30,3.0,Actual,PEM107,Omni Channel,"CT260178,CT260201"
CT-F-99-020530,2026-08-21,2026-08-31,1.0,Actual,PEM107,Omni Channel,CT260185
VT-F-99-010721,2026-08-21,2026-08-31,1.0,Actual,PEM107,Omni Channel,VT260092
VT-F-99-010721,2026-08-24,2026-09-03,1.0,Actual,PEM107,Omni Channel,VT260092
VT-F-99-010721,2026-07-20,2026-08-26,1.0,Actual,PEM107,Omni Channel,VT260092
CT-F-99-020504,2026-07-20,2026-08-26,3.0,Actual,PEM107,Omni Channel,CT260164
CT-F-99-020504,2026-08-24,2026-08-28,3.0,Actual,PEM107,Omni Channel,CT260188
RS-F-99-040006,2026-07-07,2026-09-25,150.0,Actual,PSS,Tendering,CTR-2026-03956
VT-F-99-010721,2026-08-24,2026-08-28,1.0,Actual,PEM107,Omni Channel,VT260092
VT-F-99-010721,2026-07-20,2026-08-27,1.0,Actual,PEM107,Omni Channel,VT260092
CT-F-99-020508,2026-07-20,2026-08-27,3.0,Actual,PEM107,Omni Channel,CT260157
CT-F-99-020508,2026-08-24,2026-09-02,2.0,Actual,PEM107,Omni Channel,CT260157
CT-F-99-020506,2026-08-24,2026-08-28,3.0,Actual,PEM107,Omni Channel,CT260141
CT-F-99-020530,2026-08-21,2026-08-31,3.0,Actual,PEM107,Omni Channel,CT260185 
CT-F-99-020504,2026-08-25,2026-09-30,3.0,MPS,PEM107,Omni Channel,CT260188
CT-F-99-020504,2026-08-26,2026-08-28,3.0,Actual,PEM107,Omni Channel,CT260188
VT-F-99-010721,2026-08-26,2026-08-28,1.0,Actual,PEM107,Omni Channel,VT260092 
CT-F-99-020505,2026-08-26,2026-08-28,3.0,Actual,PEM107,Omni Channel,CT260140
VT-F-99-010721,2026-08-26,2026-09-03,1.0,Actual,PEM107,Omni Channel,VT260092 
CT-F-99-020505,2026-08-26,2026-09-03,3.0,Actual,PEM107,Omni Channel,CT260140
VT-F-99-010721,2026-08-26,2026-08-28,1.0,Actual,PEM107,Omni Channel,VT260092
CT-F-99-020506,2026-08-26,2026-10-16,3.0,MPS,PEM107,Omni Channel,CT260176
VT-F-99-010721,2026-08-26,2026-10-16,1.0,MPS,PEM107,Omni Channel,VT260092
CT-F-99-020504,2026-08-26,2026-09-30,3.0,MPS,PEM107,Omni Channel,CT260188
CT-F-99-020508,2026-08-26,2026-08-28,3.0,Actual,PEM107,Omni Channel,CT260157
VT-F-99-010721,2026-08-26,2026-08-28,1.0,Actual,PEM107,Omni Channel,VT260092
CT-F-99-020505,2026-08-24,2026-09-03,3.0,Actual,PEM107,Omni Channel,"VT260092,CT260176"
VT-F-99-010721,2026-08-27,2026-09-02,1.0,Actual,PEM107,Omni Channel,VT260092
CT-F-99-020505,2026-08-27,2026-09-02,3.0,Actual,PEM107,Omni Channel,CT260140
VT-F-99-010721,2026-08-28,2026-09-07,1.0,Actual,PEM107,Omni Channel,VT260092
CT-F-99-020524,2026-08-28,2026-09-07,3.0,Actual,PEM107,Omni Channel,CT260158
CT-F-99-020501,2026-08-28,2026-09-07,3.0,Actual,PEM107,Omni Channel,CT250221
CT-F-99-020502,2026-08-28,2026-09-07,3.0,Actual,PEM107,Omni Channel,CT260189
VT-F-99-010721,2026-08-28,2026-09-07,5.0,Actual,PEM107,Omni Channel,VT260092
CT-F-99-020502,2026-08-28,2026-09-07,3.0,Actual,PEM107,Omni Channel,CT260189
CT-F-99-020504,2026-08-28,2026-09-07,3.0,Actual,PEM107,Omni Channel,CT260188
CT-F-99-020504,2026-08-28,2026-09-07,3.0,Actual,PEM107,Omni Channel,CT260188
VT-F-99-010819,2026-08-28,2026-09-29,5.0,MPS,PEM107,Omni Channel,VT260066
CT-F-99-020704,2026-08-28,2026-09-29,3.0,MPS,PEM107,Omni Channel,CT260217
CT-F-99-020703,2026-08-28,2026-09-29,3.0,MPS,PEM107,Omni Channel,CT260216
CT-F-99-020703,2026-08-28,2026-09-29,3.0,MPS,PEM107,Omni Channel,CT260216
CT-F-99-020703,2026-08-28,2026-09-29,3.0,MPS,PEM107,Omni Channel,CT260216
CT-F-99-020702,2026-08-28,2026-09-29,3.0,MPS,PEM107,Omni Channel,CT260215
VT-F-99-010721,2026-08-28,2026-09-03,1.0,Actual,PEM107,Omni Channel,VT260092
VT-F-99-010721,2026-08-28,2026-09-10,1.0,Actual,PEM107,Omni Channel,VT260092
CT-F-99-020506,2026-08-28,2026-09-10,3.0,Actual,PEM107,Omni Channel,CT260176
VT-F-99-010715,2026-08-31,2026-09-30,1.0,Actual,PEM107,Omni Channel,VT260062
CT-F-99-020510,2026-08-31,2026-09-30,3.0,Actual,PEM107,Omni Channel,CT250253
VT-F-99-010715,2026-08-31,2026-09-30,1.0,Actual,PEM107,Omni Channel,VT260062
CT-F-99-020505,2026-08-31,2026-09-30,3.0,Actual,PEM107,Omni Channel,CT260140
VT-F-99-010203,2026-08-31,2026-09-03,2.0,Actual,PEM107,Omni Channel,VT260036
CT-F-99-020501,2026-08-31,2026-09-03,2.0,Actual,PEM107,Omni Channel,CT250221
VT-F-99-010721,2026-08-31,2026-09-02,1.0,Actual,PEM107,Omni Channel,VT260092
CT-F-99-020504,2026-08-31,2026-09-02,3.0,Actual,PEM107,Omni Channel,CT260188
VT-F-99-010721,2026-08-31,2026-09-04,1.0,Actual,PEM107,Omni Channel,VT260092
CT-F-99-020508,2026-08-31,2026-09-04,3.0,Actual,PEM107,Omni Channel,CT260157
VT-F-99-010721,2026-09-01,2026-09-04,1.0,Actual,PEM107,Omni Channel,VT260092
CT-F-99-020510,2026-09-01,2026-09-04,3.0,Actual,PEM107,Omni Channel,CT250253
VT-F-99-010721,2026-09-01,2026-09-23,1.0,Actual,PEM107,Omni Channel,VT260092
RS-F-99-070003,2026-03-13,2026-11-16,150.0,MPS,PEM107,Omni Channel,RS260108
CT-F-99-020502,2026-05-18,2026-10-20,24.0,MPS,PEM107,Omni Channel,CT260144
CT-F-99-020514,2026-05-18,2026-10-20,22.0,MPS,PEM107,Omni Channel,CT260145
CT-F-99-020709,2026-09-02,2026-09-28,3.0,MPS,PEM107,Omni Channel,CT260219
RS-F-99-010129,2026-09-02,2026-10-02,2.0,MPS,PEM107,Omni Channel,RS260298
CT-F-99-020504,2026-09-02,2026-11-20,10.0,MPS,PEM107,Omni Channel,CT260220
CT-F-99-020506,2026-09-02,2026-11-20,6.0,MPS,PEM107,Omni Channel,CT260221
VT-F-99-010721,2026-09-03,2026-09-18,1.0,Actual,PEM107,Omni Channel,VT260092
CT-F-99-020527,2026-09-03,2026-09-18,3.0,Actual,PEM107,Omni Channel,CT260192
VT-F-99-010721,2026-09-03,2026-09-29,1.0,MPS,PEM107,Omni Channel,VT260092
CT-F-99-020504,2026-09-03,2026-09-29,3.0,MPS,PEM107,Omni Channel,CT260202
CT-F-99-020717,2026-09-04,2026-10-05,3.0,MPS,PEM107,Omni Channel,CT260225
VT-F-99-010819,2026-09-04,2026-10-05,1.0,MPS,PEM107,Omni Channel,VT260066
VT-F-99-010721,2026-09-04,2026-09-04,1.0,Actual,PEM107,Omni Channel,VT260092
VT-F-99-010820,2026-09-04,2026-11-02,28.0,MPS,PCE101,Omni Channel,J26154
VT-F-99-010715,2026-09-07,2026-09-18,1.0,Actual,PEM107,Omni Channel,VT260103
CT-F-99-020505,2026-09-07,2026-09-18,3.0,Actual,PEM107,Omni Channel,CT260140
VT-F-99-010203,2026-09-07,2026-09-11,2.0,Actual,PEM107,Omni Channel,VT260036
CT-F-99-020501,2026-09-07,2026-09-11,2.0,Actual,PEM107,Omni Channel,CT250221
VT-F-99-010721,2026-09-07,2026-09-07,1.0,Actual,PEM107,Omni Channel,VT260092
CT-F-99-020511,2026-09-07,2026-09-09,2.0,Actual,PEM107,Omni Channel,CT250254
VT-F-99-010721,2026-09-07,2026-09-09,1.0,Actual,PEM107,Omni Channel,VT260092
CT-F-99-020504,2026-09-07,2026-09-09,3.0,Actual,PEM107,Omni Channel,CT260188
VT-F-99-010203,2026-09-07,2026-09-15,2.0,Actual,PEM107,Omni Channel,CT260187
CT-F-99-020503,2026-09-07,2026-09-15,2.0,Actual,PEM107,Omni Channel,CT260187
CT-F-99-020505,2026-09-08,2026-09-09,1.0,Actual,PEM107,Omni Channel,CT260140
VT-F-99-010715,2026-09-09,2026-09-30,1.0,MPS,PEM107,Omni Channel,VT260103
CT-F-99-020505,2026-09-09,2026-09-30,3.0,MPS,PEM107,Omni Channel,CT260140
VT-F-99-010721,2026-09-09,2026-09-25,1.0,MPS,PEM107,Omni Channel,VT260092
CT-F-99-020529,2026-09-09,2026-09-25,3.0,MPS,PEM107,Omni Channel,CT260224
CT-F-99-020506,2026-09-01,2026-09-23,3.0,Actual,PEM107,Omni Channel,CT260176
CT-F-99-020504,2026-09-09,2026-09-10,3.0,Actual,PEM107,Omni Channel,CT260188
VT-F-99-010721,2026-09-09,2026-09-10,1.0,Actual,PEM107,Omni Channel,VT260092
CT-F-99-020503,2026-09-10,2026-09-16,2.0,MPS,PEM107,Omni Channel,CT260187
VT-F-99-010209,2026-09-10,2026-09-16,2.0,MPS,PEM107,Omni Channel,VT250001
CT-F-99-020504,2026-09-10,2026-10-10,3.0,MPS,PEM107,Omni Channel,CT260202
VT-F-99-010721,2026-09-10,2026-09-25,1.0,Actual,PEM107,Omni Channel,VT260092
CT-F-99-020503,2026-09-10,2026-09-25,3.0,Actual,PEM107,Omni Channel,CT260120
CT-F-99-020527,2026-09-10,2026-09-11,2.0,Actual,PEM107,Omni Channel,CT260124
VT-F-99-010203,2026-03-13,2026-10-15,22.0,MPS,PEM107,Omni Channel,VT260043
CT-F-99-020503,2026-09-14,2026-10-01,3.0,MPS,PEM107,Omni Channel,CT260187
VT-F-99-010203,2026-09-14,2026-09-15,4.0,Actual,PEM107,Omni Channel,VT260036
CT-F-99-020511,2026-09-14,2026-09-15,4.0,Actual,PEM107,Omni Channel,CT250254
VT-F-99-010202,2026-09-14,2026-09-15,1.0,Actual,PEM107,Omni Channel,VT260089
VT-F-99-010203,2026-09-14,2026-09-15,2.0,Actual,PEM107,Omni Channel,VT260036
CT-F-99-020502,2026-09-14,2026-09-15,2.0,Actual,PEM107,Omni Channel,CT260175
CT-F-99-020508,2026-09-14,2026-09-15,1.0,Actual,PEM107,Omni Channel,CT260157
CT-F-99-020506,2026-09-14,2026-09-15,3.0,Actual,PEM107,Omni Channel,CT260176
VT-F-99-010721,2026-09-14,2026-09-15,1.0,Actual,PEM107,Omni Channel,VT260092
VT-F-99-010721,2026-09-14,2026-09-18,1.0,Actual,PEM107,Omni Channel,VT260092
CT-F-99-020530,2026-09-14,2026-09-18,3.0,Actual,PEM107,Omni Channel,"CT260182,CT260185"
CT-F-99-020504,2026-09-15,2026-09-19,3.0,Actual,PEM107,Omni Channel,CT260188
VT-F-99-010721,2026-09-15,2026-09-19,1.0,Actual,PEM107,Omni Channel,VT260092
VT-F-99-010721,2026-09-15,2026-09-17,1.0,Actual,PEM107,Omni Channel,VT260092
CT-F-99-020504,2026-09-15,2026-09-17,3.0,Actual,PEM107,Omni Channel,CT260202
CT-F-99-020508,2026-09-15,2026-10-01,3.0,MPS,PEM107,Omni Channel,CT260157
VT-F-99-010721,2026-09-15,2026-09-18,1.0,Actual,PEM107,Omni Channel,VT260092
CT-F-99-020506,2026-09-15,2026-09-18,3.0,Actual,PEM107,Omni Channel,CT260176
CT-F-99-020507,2026-09-17,2026-09-28,3.0,MPS,PEM107,Omni Channel,CT260117
VT-F-99-010721,2026-09-17,2026-09-28,1.0,MPS,PEM107,Omni Channel,VT260102
VT-F-99-010721,2026-09-17,2026-09-30,1.0,MPS,PEM107,Omni Channel,VT260102
CT-F-99-020510,2026-09-17,2026-09-30,3.0,MPS,PEM107,Omni Channel,CT260122
CT-F-99-020703,2026-09-17,2026-10-16,3.0,MPS,PEM107,Omni Channel,CT260229
VT-F-99-010819,2026-09-17,2026-10-16,1.0,MPS,PEM107,Omni Channel,VT260039
VT-F-99-010616,2026-04-28,2026-10-15,6.0,MPS,PEM107,Omni Channel,VT260064
VT-F-99-010820,2026-09-18,2026-10-16,2.0,MPS,PEM102,Omni Channel,SS260214
VT-F-99-010820,2026-09-18,2026-10-19,2.0,MPS,PCE101,Omni Channel,J26160
VT-F-99-010721,2026-09-21,2026-09-30,1.0,MPS,PEM107,Omni Channel,VT260102
CT-F-99-020526,2026-09-21,2026-09-30,3.0,MPS,PEM107,Omni Channel,CT260178
VT-F-99-010202,2026-09-21,2026-09-30,1.0,MPS,PEM107,Omni Channel,VT260089
VT-F-99-010715,2026-09-21,2026-10-15,1.0,MPS,PEM107,Omni Channel,VT260103
CT-F-99-020506,2026-09-21,2026-10-15,3.0,MPS,PEM107,Omni Channel,CT260190
CT-F-99-020705,2026-09-21,2026-10-16,3.0,MPS,PEM107,Omni Channel,CT260230
VT-F-99-010818,2026-09-21,2026-10-16,1.0,MPS,PEM107,Omni Channel,VT260113
CT-F-99-020524,2026-09-21,2026-10-09,3.0,MPS,PEM107,Omni Channel,CT260158
CT-F-99-020527,2026-09-14,2026-10-08,1.0,MPS,PEM107,Omni Channel,CT260200
CT-F-99-020510,2026-09-22,2026-09-25,3.0,MPS,PEM107,Omni Channel,CT260122
CT-F-99-020530,2026-09-22,2026-10-16,3.0,MPS,PEM107,Omni Channel,"CT260185,CT260197"
VT-F-99-010721,2026-09-22,2026-09-23,1.0,Actual,PEM107,Omni Channel,VT260102
CT-F-99-020506,2026-09-22,2026-09-23,3.0,Actual,PEM107,Omni Channel,CT260190
CT-F-99-020504,2026-09-22,2026-09-25,3.0,MPS,PEM107,Omni Channel,CT260207
VT-F-99-010721,2026-09-22,2026-10-21,1.0,MPS,PEM107,Omni Channel,VT260102
CT-F-99-020506,2026-09-22,2026-10-21,3.0,MPS,PEM107,Omni Channel,CT260190
CT-F-99-020504,2026-09-23,2026-09-25,3.0,MPS,PEM107,Omni Channel,CT260202
VT-F-99-010721,2026-09-23,2026-09-25,1.0,MPS,PEM107,Omni Channel,VT260092 
