code,division,status_category,itemcode,manufacturing_type,share,label,total_stock,S1,n_delivered_contracts,n_cube_final_linked,n_traceable_pre_existing,S2_share,S2_computable,S2,S3_median_days,S3_n,S3,class_recomputed,class,class_used,class_basis,n_delivered_window,too_little_data,data_inconsistent,n_bom_entries,n_cube_final_records,no_production_in_system,n_lines_mts,n_lines_order,median_days_mts,median_days_order,mixed_by_rule,mixed_applied,mts_share_12m,class_label,business,category,type,description
CA-F-99-010101,PEM101,forecast,CA-F-99-010101,MTS,0.8285714285714286,MTS,10.0,True,48,0,0,,False,,1.0,48,True,stock_policy,stock_policy,stock_policy,kept_rule_class,11,False,False,2,8,False,9,2,1.0,23.0,False,False,,stock_policy,PEM101,Power Capacitor,Low Voltage Capacitor,Cap-1E 5kVAR 230V
CA-F-99-010102,PEM101,forecast,CA-F-99-010102,MTS,0.95,MTS,26.0,True,108,0,0,,False,,1.0,108,True,stock_policy,stock_policy,stock_policy,kept_rule_class,11,False,False,2,14,False,10,1,1.0,1.0,False,False,,stock_policy,PEM101,Power Capacitor,Low Voltage Capacitor,Cap-1E 10kVAR 230V
CA-F-99-010104,PEM101,forecast,CA-F-99-010104,MTS,1.0,MTS,16.0,True,21,0,0,,False,,2.0,21,True,stock_policy,stock_policy,stock_policy,kept_rule_class,3,False,False,2,0,False,3,0,1.0,,False,False,,stock_policy,PEM101,Power Capacitor,Low Voltage Capacitor,Cap-1E 15kVAR 230V
CA-F-99-010108,PEM101,placeholder - pending method,CA-F-99-010108,,,mixed,0.0,False,0,0,0,,False,,,0,False,conflict,conflict,conflict,rule,0,True,False,2,0,False,0,0,,,False,False,,too_little_data,PEM101,Power Capacitor,Low Voltage Capacitor,Cap-1E 25kVAR 230V
CA-F-99-010201,PEM101,forecast,CA-F-99-010201,MTO,0.573109243697479,mixed,318.0,True,76,5,0,0.0,True,False,8.0,76,True,conflict,conflict,stock_policy,user_decision,15,False,False,2,8,False,9,6,21.0,52.5,False,False,,stock_policy,PEM101,Power Capacitor,Low Voltage Capacitor,Cap-3E 5kVAR 400V
CA-F-99-010202,PEM101,forecast,CA-F-99-010202,MTO,0.5565371024734982,mixed,33.0,True,125,5,0,0.0,True,False,2.0,125,True,conflict,conflict,stock_policy,user_decision,26,False,False,2,36,False,20,7,1.5,41.0,True,False,0.7142857142857143,stock_policy,PEM101,Power Capacitor,Low Voltage Capacitor,Cap-3E 10kVAR 400V
CA-F-99-010203,PEM101,forecast,CA-F-99-010203,MTO,0.51183970856102,mixed,45.0,True,203,4,0,0.0,True,False,2.0,203,True,conflict,conflict,stock_policy,user_decision,41,False,False,2,50,False,36,6,2.0,52.5,True,False,1.0,stock_policy,PEM101,Power Capacitor,Low Voltage Capacitor,Cap-3E 15kVAR 400V
CA-F-99-010204,PEM101,forecast,CA-F-99-010204,MTS,0.927536231884058,MTS,43.0,True,156,0,0,,False,,1.0,156,True,stock_policy,stock_policy,stock_policy,kept_rule_class,33,False,False,2,31,False,29,4,1.0,1.0,False,False,,stock_policy,PEM101,Power Capacitor,Low Voltage Capacitor,Cap-3E 20kVAR 400V
CA-F-99-010205,PEM101,forecast,CA-F-99-010205,MTO,0.5525812619502868,mixed,43.0,True,192,3,0,0.0,True,False,2.0,192,True,conflict,conflict,stock_policy,user_decision,56,False,False,2,61,False,44,15,2.0,22.0,True,False,0.8666666666666667,stock_policy,PEM101,Power Capacitor,Low Voltage Capacitor,Cap-3E 25kVAR 400V
CA-F-99-010206,PEM101,forecast,CA-F-99-010206,MTS,0.7805755395683454,MTS,30.0,True,330,1,0,0.0,True,False,1.0,330,True,stock_policy,stock_policy,stock_policy,kept_rule_class,90,False,False,2,84,False,79,8,1.0,4.0,False,False,,stock_policy,PEM101,Power Capacitor,Low Voltage Capacitor,Cap-3E 30kVAR 400V
CA-F-99-010207,PEM101,forecast,CA-F-99-010207,MTO,1.0,MTO,0.0,False,1,0,0,,False,,39.0,1,False,confirmed_to_order,confirmed_to_order,confirmed_to_order,kept_rule_class,1,True,False,2,1,False,0,1,,39.0,False,False,,confirmed_to_order,PEM101,Power Capacitor,Low Voltage Capacitor,Cap-3E 35kVAR 400V
CA-F-99-010208,PEM101,forecast,CA-F-99-010208,MTS,0.6929824561403509,MTS,30.0,True,227,2,2,0.00881057268722467,True,False,1.0,227,True,stock_policy,stock_policy,stock_policy,kept_rule_class,50,False,False,2,46,False,41,9,1.0,2.0,False,False,,stock_policy,PEM101,Power Capacitor,Low Voltage Capacitor,Cap-3E 45kVAR 400V
CA-F-99-010209,PEM101,forecast,CA-F-99-010209,MTS,0.6322188449848024,MTS,28.0,True,302,3,0,0.0,True,False,2.0,302,True,stock_policy,stock_policy,stock_policy,kept_rule_class,106,False,False,2,90,False,82,34,2.0,3.0,False,False,,stock_policy,PEM101,Power Capacitor,Low Voltage Capacitor,Cap-3E 50kVAR 400V
CA-F-99-010210,PEM101,forecast,CA-F-99-010210,MTO,0.5,mixed,0.0,False,9,0,0,,False,,5.0,9,True,conflict,conflict,conflict,kept_rule_class,2,True,False,2,3,False,1,1,55.0,14.0,False,False,,too_little_data,PEM101,Power Capacitor,Low Voltage Capacitor,Cap-3E 60kVAR 400V
CA-F-99-010211,PEM101,forecast,CA-F-99-010211,MTS,0.5967741935483871,mixed,19.0,True,246,3,0,0.0,True,False,1.0,246,True,conflict,conflict,stock_policy,user_decision,65,False,False,2,65,False,52,13,1.0,7.0,False,False,,stock_policy,PEM101,Power Capacitor,Low Voltage Capacitor,Cap-3E 75kVAR 400V
CA-F-99-010212,PEM101,forecast,CA-F-99-010212,MTO,0.5833333333333334,mixed,0.0,False,13,1,0,0.0,True,False,30.0,13,False,conflict,conflict,confirmed_to_order,user_decision,4,False,False,2,6,False,1,3,47.0,9.0,False,False,,confirmed_to_order,PEM101,Power Capacitor,Low Voltage Capacitor,Cap-3E 40kVAR 400V
CA-F-99-010303,PEM101,placeholder - pending method,CA-F-99-010303,,,mixed,0.0,False,0,0,0,,False,,,0,False,conflict,conflict,conflict,rule,0,True,False,2,0,False,0,0,,,False,False,,too_little_data,PEM101,Power Capacitor,Low Voltage Capacitor,Cap-3E 15kVAR 415V (MEA)
CA-F-99-010304,PEM101,placeholder - pending method,CA-F-99-010304,,,mixed,0.0,False,8,0,0,,False,,151.0,8,False,conflict,conflict,conflict,rule,2,True,False,2,21,False,0,0,,,False,False,,too_little_data,PEM101,Power Capacitor,Low Voltage Capacitor,Cap-3E 20kVAR 415V (MEA)
CA-F-99-010306,PEM101,forecast,CA-F-99-010306,MTO,1.0,MTO,0.0,False,11,0,0,,False,,105.0,11,False,confirmed_to_order,confirmed_to_order,confirmed_to_order,kept_rule_class,5,False,False,2,23,False,0,1,,9.0,False,False,,confirmed_to_order,PEM101,Power Capacitor,Low Voltage Capacitor,Cap-3E 30kVAR 415V (MEA)
CA-F-99-010309,PEM101,forecast,CA-F-99-010309,MTO,1.0,MTO,0.0,False,8,0,0,,False,,119.5,8,False,confirmed_to_order,confirmed_to_order,confirmed_to_order,kept_rule_class,3,False,False,2,19,False,0,1,,9.0,False,False,,confirmed_to_order,PEM101,Power Capacitor,Low Voltage Capacitor,Cap-3E 50kVAR 415V (MEA)
CA-F-99-020101,PEM101,forecast,CA-F-99-020101,MTS,0.5365853658536586,mixed,2.0,True,82,2,0,0.0,True,False,31.5,82,False,conflict,conflict,confirmed_to_order,user_decision,13,False,False,2,36,False,8,5,21.5,42.0,False,False,,confirmed_to_order,PEM101,Power Capacitor,Medium Voltage Capacitor,MV Cap 1Ph 12.7kV 100kVAR
CA-F-99-020102,PEM101,forecast,CA-F-99-020102,MTO,0.6086956521739131,MTO,1.0,True,27,1,0,0.0,True,False,52.0,27,False,confirmed_to_order,confirmed_to_order,confirmed_to_order,kept_rule_class,9,False,False,2,18,False,4,4,53.5,53.5,False,False,,confirmed_to_order,PEM101,Power Capacitor,Medium Voltage Capacitor,MV Cap 1Ph 12.7kV 200kVAR
CA-F-99-020104,PEM101,forecast,CA-F-99-020104,MTS,0.53125,mixed,17.0,True,23,2,0,0.0,True,False,22.0,23,False,conflict,conflict,confirmed_to_order,user_decision,10,False,False,2,11,False,6,4,25.0,39.5,False,False,,confirmed_to_order,PEM101,Power Capacitor,Medium Voltage Capacitor,MV Cap 1Ph 12.7kV 50kVAR
CA-F-99-020301,PEM101,placeholder - pending method,CA-F-99-020301,,,mixed,5.0,True,8,0,0,,False,,24.0,8,False,conflict,conflict,conflict,rule,2,True,False,2,5,False,0,0,,,False,False,,too_little_data,PEM101,Power Capacitor,Medium Voltage Capacitor,MV Cap 1Ph 19kV 100kVAR
FC-A-27-00102,PEM101,forecast,FC-A-27-00102,MTS,0.6821192052980133,MTS,2060.0,True,157,1,1,0.006369426751592357,True,False,4.0,157,True,stock_policy,stock_policy,stock_policy,kept_rule_class,57,False,False,0,0,True,43,13,4.0,7.0,False,False,,no_production_in_system,PEM101,Fuse,Fuse Holder,22kV 8kA 100A
FC-A-27-00202,PEM101,forecast,FC-A-27-00202,MTS,0.9906963941646023,MTS,7821.0,True,317,0,0,,False,,7.0,317,True,stock_policy,stock_policy,stock_policy,kept_rule_class,114,False,False,0,0,True,110,4,8.0,7.5,False,False,,no_production_in_system,PEM101,Fuse,Fuse Holder,22kV 12kA 100A
FC-A-27-00203,PEM101,forecast,FC-A-27-00203,MTO,0.75,MTO,1428.0,True,8,0,0,,False,,11.5,8,True,conflict,conflict,stock_policy,user_decision,4,False,True,0,0,True,1,3,43.0,21.0,False,False,,no_production_in_system,PEM101,Fuse,Fuse Holder,22kV 12kA 200A
FC-A-38-00102,PEM101,forecast,FC-A-38-00102,MTS,0.625,MTS,1585.0,True,16,0,0,,False,,3.0,16,True,stock_policy,stock_policy,stock_policy,kept_rule_class,5,False,False,0,0,True,3,2,1.0,1.5,False,False,,no_production_in_system,PEM101,Fuse,Fuse Holder,38kV Old 100A
FC-A-38-00202,PEM101,forecast,FC-A-38-00202,MTO,0.5157894736842106,mixed,4560.0,True,22,0,0,,False,,4.5,22,True,conflict,conflict,stock_policy,user_decision,9,False,False,0,0,True,5,4,2.0,1.0,False,False,,no_production_in_system,PEM101,Fuse,Fuse Holder,38kV New 100A
FC-A-38-00203,PEM101,placeholder - method already assigned,FC-A-38-00203,,,mixed,150.0,True,1,0,0,,False,,2.0,1,True,conflict,conflict,conflict,rule,0,True,False,0,0,True,0,0,,,False,False,,no_production_in_system,PEM101,Fuse,Fuse Holder,38kV New 200A
EEE-F-FC-1040011000,PEM101,forecast,EEE-F-FC-1040011000,MTS,0.744688689672111,MTS,278.0,True,4619,206,105,0.022732193115392943,True,False,3.0,4609,True,stock_policy,stock_policy,stock_policy,kept_rule_class,1751,False,False,17,1061,False,1489,270,3.0,3.0,False,False,,stock_policy,PEM101,Fuse,High Voltage Distribution Fuse Cutout,22kV 8kA 100Amp
EEE-F-FC-1040010002,PEM101,forecast,EEE-F-FC-1040010002,MTS,0.9900698045107271,MTS,9.0,True,1821,0,0,,False,,11.0,1821,True,stock_policy,stock_policy,stock_policy,kept_rule_class,520,False,False,19,806,False,512,6,10.0,10.5,False,False,,stock_policy,PEM101,Fuse,High Voltage Distribution Fuse Cutout,22kV 12kA 100Amp
EEE-F-FC-1040021002,PEM101,forecast,EEE-F-FC-1040021002,MTS,0.8346927678085916,MTS,54.0,True,536,5,1,0.0018656716417910447,True,False,2.0,535,True,stock_policy,stock_policy,stock_policy,kept_rule_class,247,False,False,19,183,False,207,39,2.0,6.0,False,False,,stock_policy,PEM101,Fuse,High Voltage Distribution Fuse Cutout,22kV 12kA 200Amp
EEE-F-FC-1040011002P,PEM101,forecast,EEE-F-FC-1040011002P,MTS,1.0,MTS,0.0,False,2,0,0,,False,,18.0,2,False,conflict,conflict,conflict,kept_rule_class,1,True,True,23,1,False,1,0,32.0,,False,False,,too_little_data,PEM101,Fuse,High Voltage Distribution Fuse Cutout,22kV 12kA 100Amp HP
EEE-F-FC-5920-383-1000,PEM101,forecast,EEE-F-FC-5920-383-1000,MTO,0.8448795180722891,MTO,0.0,False,37,1,0,0.0,True,False,13.0,37,True,confirmed_to_order,confirmed_to_order,confirmed_to_order,kept_rule_class,14,False,False,18,34,False,6,8,7.5,23.5,True,False,,confirmed_to_order,PEM101,Fuse,High Voltage Distribution Fuse Cutout,22kV 12kA 100Amp (MEA)
EEE-F-FC-1040011100,PEM101,forecast,EEE-F-FC-1040011100,MTS,0.9118975903614458,MTS,148.0,True,2220,29,9,0.004054054054054054,True,False,2.0,2219,True,stock_policy,stock_policy,stock_policy,kept_rule_class,958,False,False,18,686,False,882,74,2.0,6.0,False,False,,stock_policy,PEM101,Fuse,High Voltage Distribution Fuse Cutout,33kV 8kA 100Amp
EEE-F-FC-1040011100N,PEM101,forecast,EEE-F-FC-1040011100N,MTS,0.8533663775299463,MTS,33.0,True,419,1,0,0.0,True,False,2.0,418,True,stock_policy,stock_policy,stock_policy,kept_rule_class,239,False,False,19,153,False,194,44,2.0,12.0,False,False,,stock_policy,PEM101,Fuse,High Voltage Distribution Fuse Cutout,33kV 8kA 100Amp New
EEE-F-FC-1040011100NP,PEM101,forecast,EEE-F-FC-1040011100NP,MTO,0.6244239631336406,MTO,25.0,True,111,0,0,,False,,7.0,111,True,conflict,conflict,stock_policy,user_decision,88,False,True,23,99,False,30,58,6.0,7.0,False,False,,stock_policy,PEM101,Fuse,High Voltage Distribution Fuse Cutout,33kV 8kA 100Amp HP New
EEE-F-FC-1040021100N,PEM101,forecast,EEE-F-FC-1040021100N,MTS,0.6551724137931034,MTS,10.0,True,68,0,0,,False,,5.0,68,True,stock_policy,stock_policy,stock_policy,kept_rule_class,48,False,False,19,70,False,28,19,3.0,5.0,False,False,,stock_policy,PEM101,Fuse,High Voltage Distribution Fuse Cutout,33kV 8kA 200Amp New
EEE-F-FC-104010116,PEM101,forecast,EEE-F-FC-104010116,MTO,0.6610824742268041,MTO,0.0,False,110,2,1,0.00909090909090909,True,False,7.0,110,True,confirmed_to_order,confirmed_to_order,confirmed_to_order,kept_rule_class,55,False,False,22,71,False,16,39,6.5,7.0,False,False,,confirmed_to_order,PEM101,Fuse,High Voltage Distribution Fuse Cutout,33kV 8kA 100Amp Salt Private
EEE-F-FL-1040030000,PEM101,forecast,EEE-F-FL-1040030000,MTS,1.0,MTS,1186.0,True,14,0,0,,False,,5.5,14,True,stock_policy,stock_policy,stock_policy,kept_rule_class,5,False,False,10,1,False,5,0,4.0,,False,False,,stock_policy,PEM101,Fuse,High Voltage Distribution Fuse link,22kV 1 Amp
EEE-F-FL-1040030001,PEM101,forecast,EEE-F-FL-1040030001,MTS,0.7714285714285715,MTS,378.0,True,19,1,0,0.0,True,False,2.0,19,True,stock_policy,stock_policy,stock_policy,kept_rule_class,9,False,False,10,2,False,6,3,9.5,2.0,False,False,,stock_policy,PEM101,Fuse,High Voltage Distribution Fuse link,22kV 2 Amp
EEE-F-FL-1040030002,PEM101,forecast,EEE-F-FL-1040030002,MTS,0.9840312592606171,MTS,3427.0,True,4644,226,118,0.025409130060292853,True,False,7.0,4638,True,stock_policy,stock_policy,stock_policy,kept_rule_class,2111,False,False,11,1282,False,1950,155,7.0,14.0,False,False,,stock_policy,PEM101,Fuse,High Voltage Distribution Fuse link,22kV 3 Amp
EEE-F-FL-1040030003,PEM101,forecast,EEE-F-FL-1040030003,MTS,0.9952598174395497,MTS,4125.0,True,2402,3,0,0.0,True,False,5.0,2400,True,stock_policy,stock_policy,stock_policy,kept_rule_class,1055,False,False,11,588,False,1011,42,6.0,2.0,False,False,,stock_policy,PEM101,Fuse,High Voltage Distribution Fuse link,22kV 6 Amp
EEE-F-FL-1040030004,PEM101,forecast,EEE-F-FL-1040030004,MTS,0.9709753176456419,MTS,5998.0,True,1732,2,0,0.0,True,False,5.0,1731,True,stock_policy,stock_policy,stock_policy,kept_rule_class,745,False,False,11,481,False,712,28,6.0,2.0,False,False,,stock_policy,PEM101,Fuse,High Voltage Distribution Fuse link,22kV 8 Amp
EEE-F-FL-1040030005,PEM101,forecast,EEE-F-FL-1040030005,MTS,0.9784250547750999,MTS,3835.0,True,2052,19,6,0.0029239766081871343,True,False,5.0,2049,True,stock_policy,stock_policy,stock_policy,kept_rule_class,881,False,False,11,561,False,837,34,6.0,4.0,False,False,,stock_policy,PEM101,Fuse,High Voltage Distribution Fuse link,22kV 10 Amp
EEE-F-FL-1040030006,PEM101,forecast,EEE-F-FL-1040030006,MTS,0.9817938691878045,MTS,2796.0,True,2742,3,1,0.00036469730123997083,True,False,5.0,2740,True,stock_policy,stock_policy,stock_policy,kept_rule_class,1207,False,False,11,741,False,1111,91,6.0,2.0,False,False,,stock_policy,PEM101,Fuse,High Voltage Distribution Fuse link,22kV 15 Amp
EEE-F-FL-1040030007,PEM101,forecast,EEE-F-FL-1040030007,MTS,0.9837775624822442,MTS,2531.0,True,1709,3,1,0.0005851375073142189,True,False,4.0,1707,True,stock_policy,stock_policy,stock_policy,kept_rule_class,754,False,False,11,442,False,716,36,6.0,1.0,False,False,,stock_policy,PEM101,Fuse,High Voltage Distribution Fuse link,22kV 20 Amp
EEE-F-FL-1040030008,PEM101,forecast,EEE-F-FL-1040030008,MTS,0.9932250166499768,MTS,754.0,True,1900,0,0,,False,,5.0,1900,True,stock_policy,stock_policy,stock_policy,kept_rule_class,839,False,False,11,570,False,812,24,6.0,1.0,False,False,,stock_policy,PEM101,Fuse,High Voltage Distribution Fuse link,22kV 25 Amp
EEE-F-FL-1040030009,PEM101,forecast,EEE-F-FL-1040030009,MTS,0.9813537959667853,MTS,2918.0,True,1350,8,6,0.0044444444444444444,True,False,4.0,1349,True,stock_policy,stock_policy,stock_policy,kept_rule_class,567,False,False,11,357,False,540,25,5.0,2.0,False,False,,stock_policy,PEM101,Fuse,High Voltage Distribution Fuse link,22kV 30 Amp
EEE-F-FL-1040030010,PEM101,forecast,EEE-F-FL-1040030010,MTS,0.9852373007858805,MTS,2685.0,True,1519,1,0,0.0,True,False,4.0,1516,True,stock_policy,stock_policy,stock_policy,kept_rule_class,661,False,False,11,385,False,619,38,6.0,1.0,False,False,,stock_policy,PEM101,Fuse,High Voltage Distribution Fuse link,22kV 40 Amp
EEE-F-FL-1040030011,PEM101,forecast,EEE-F-FL-1040030011,MTS,0.9577970035872547,MTS,3197.0,True,914,7,4,0.00437636761487965,True,False,3.0,914,True,stock_policy,stock_policy,stock_policy,kept_rule_class,314,False,False,11,146,False,285,32,3.0,2.0,False,False,,stock_policy,PEM101,Fuse,High Voltage Distribution Fuse link,22kV 50 Amp
EEE-F-FL-1040030012,PEM101,forecast,EEE-F-FL-1040030012,MTS,0.97784,MTS,2603.0,True,907,6,5,0.005512679162072767,True,False,2.0,905,True,stock_policy,stock_policy,stock_policy,kept_rule_class,312,False,False,10,148,False,281,29,2.0,1.0,False,False,,stock_policy,PEM101,Fuse,High Voltage Distribution Fuse link,22kV 65 Amp
EEE-F-FL-1040030013,PEM101,forecast,EEE-F-FL-1040030013,MTS,0.850881978541553,MTS,622.0,True,852,11,5,0.005868544600938967,True,False,2.0,849,True,stock_policy,stock_policy,stock_policy,kept_rule_class,309,False,False,10,159,False,266,40,2.0,1.5,False,False,,stock_policy,PEM101,Fuse,High Voltage Distribution Fuse link,22kV 100 Amp
EEE-F-FL-1040030016,PEM101,forecast,EEE-F-FL-1040030016,MTS,0.9476401179941003,MTS,2722.0,True,393,2,0,0.0,True,False,2.0,393,True,stock_policy,stock_policy,stock_policy,kept_rule_class,152,False,False,10,51,False,127,19,1.0,2.0,False,False,,stock_policy,PEM101,Fuse,High Voltage Distribution Fuse link,22kV 80 Amp
EEE-F-FL-1040030020,PEM101,forecast,EEE-F-FL-1040030020,MTS,0.8582615505090054,MTS,498.0,True,393,4,1,0.002544529262086514,True,False,2.0,393,True,stock_policy,stock_policy,stock_policy,kept_rule_class,172,False,False,10,80,False,148,19,2.0,2.0,False,False,,stock_policy,PEM101,Fuse,High Voltage Distribution Fuse link,22kV 200 Amp
EEE-F-FL-1040030023,PEM101,forecast,EEE-F-FL-1040030023,MTS,0.7817502668089648,MTS,315.0,True,228,2,1,0.0043859649122807015,True,False,2.0,228,True,stock_policy,stock_policy,stock_policy,kept_rule_class,130,False,False,10,51,False,108,21,2.0,2.0,False,False,,stock_policy,PEM101,Fuse,High Voltage Distribution Fuse link,22kV 140 Amp
EEE-F-FL-1040030101,PEM101,forecast,EEE-F-FL-1040030101,MTO,1.0,MTO,0.0,False,1,0,0,,False,,2.0,1,True,confirmed_to_order,confirmed_to_order,confirmed_to_order,kept_rule_class,1,True,False,11,1,False,0,1,,2.0,False,False,,confirmed_to_order,PEM101,Fuse,High Voltage Distribution Fuse link,33kV 2 Amp
EEE-F-FL-1040030102,PEM101,forecast,EEE-F-FL-1040030102,MTS,0.9931371748036275,MTS,4070.0,True,852,21,5,0.005868544600938967,True,False,7.0,852,True,stock_policy,stock_policy,stock_policy,kept_rule_class,333,False,False,11,393,False,313,19,8.0,12.0,False,False,,stock_policy,PEM101,Fuse,High Voltage Distribution Fuse link,33kV 3 Amp
EEE-F-FL-1040030103,PEM101,forecast,EEE-F-FL-1040030103,MTS,0.9988602433621215,MTS,3534.0,True,454,0,0,,False,,4.0,454,True,stock_policy,stock_policy,stock_policy,kept_rule_class,234,False,False,11,273,False,223,9,4.0,8.0,False,False,,stock_policy,PEM101,Fuse,High Voltage Distribution Fuse link,33kV 6 Amp
EEE-F-FL-1040030104,PEM101,forecast,EEE-F-FL-1040030104,MTS,0.9984877812726832,MTS,4070.0,True,231,0,0,,False,,5.0,231,True,stock_policy,stock_policy,stock_policy,kept_rule_class,105,False,False,11,136,False,104,1,6.0,1.0,False,False,,stock_policy,PEM101,Fuse,High Voltage Distribution Fuse link,33kV 8 Amp
EEE-F-FL-1040030105,PEM101,forecast,EEE-F-FL-1040030105,MTS,0.9979250598249174,MTS,2543.0,True,450,0,0,,False,,5.0,450,True,stock_policy,stock_policy,stock_policy,kept_rule_class,214,False,False,11,253,False,202,9,6.0,4.0,False,False,,stock_policy,PEM101,Fuse,High Voltage Distribution Fuse link,33kV 10 Amp
EEE-F-FL-1040030106,PEM101,forecast,EEE-F-FL-1040030106,MTS,0.9976258378331427,MTS,2994.0,True,461,1,0,0.0,True,False,5.0,461,True,stock_policy,stock_policy,stock_policy,kept_rule_class,226,False,False,11,239,False,207,18,6.0,28.0,True,False,,stock_policy,PEM101,Fuse,High Voltage Distribution Fuse link,33kV 15 Amp
EEE-F-FL-1040030107,PEM101,forecast,EEE-F-FL-1040030107,MTS,0.9970701517595549,MTS,2469.0,True,288,0,0,,False,,4.5,288,True,stock_policy,stock_policy,stock_policy,kept_rule_class,134,False,False,11,133,False,128,6,5.5,8.0,False,False,,stock_policy,PEM101,Fuse,High Voltage Distribution Fuse link,33kV 20 Amp
EEE-F-FL-1040030108,PEM101,forecast,EEE-F-FL-1040030108,MTS,0.997705233548005,MTS,2674.0,True,339,0,0,,False,,5.0,339,True,stock_policy,stock_policy,stock_policy,kept_rule_class,156,False,False,11,190,False,148,8,6.0,5.0,False,False,,stock_policy,PEM101,Fuse,High Voltage Distribution Fuse link,33kV 25 Amp
EEE-F-FL-1040030109,PEM101,forecast,EEE-F-FL-1040030109,MTS,0.9898674980514419,MTS,5877.0,True,202,1,0,0.0,True,False,3.0,202,True,stock_policy,stock_policy,stock_policy,kept_rule_class,81,False,False,11,40,False,74,7,3.0,8.0,False,False,,stock_policy,PEM101,Fuse,High Voltage Distribution Fuse link,33kV 30 Amp
EEE-F-FL-1040030110,PEM101,forecast,EEE-F-FL-1040030110,MTS,0.9904257137972303,MTS,2606.0,True,184,0,0,,False,,2.0,184,True,stock_policy,stock_policy,stock_policy,kept_rule_class,79,False,False,11,48,False,71,8,2.0,1.0,False,False,,stock_policy,PEM101,Fuse,High Voltage Distribution Fuse link,33kV 40 Amp
EEE-F-FL-1040030111,PEM101,forecast,EEE-F-FL-1040030111,MTS,0.8548672566371681,MTS,3506.0,True,124,0,0,,False,,2.0,124,True,stock_policy,stock_policy,stock_policy,kept_rule_class,51,False,False,11,21,False,41,9,1.0,2.0,False,False,,stock_policy,PEM101,Fuse,High Voltage Distribution Fuse link,33kV 50 Amp
EEE-F-FL-1040030112,PEM101,forecast,EEE-F-FL-1040030112,MTS,0.8919330289193302,MTS,1803.0,True,126,2,1,0.007936507936507936,True,False,2.0,126,True,stock_policy,stock_policy,stock_policy,kept_rule_class,58,False,False,10,18,False,45,11,2.0,4.0,False,False,,stock_policy,PEM101,Fuse,High Voltage Distribution Fuse link,33kV 65 Amp
EEE-F-FL-1040030113,PEM101,forecast,EEE-F-FL-1040030113,MTS,0.8913043478260869,MTS,1121.0,True,62,0,0,,False,,2.0,62,True,stock_policy,stock_policy,stock_policy,kept_rule_class,32,False,False,10,15,False,24,6,2.0,2.0,False,False,,stock_policy,PEM101,Fuse,High Voltage Distribution Fuse link,33kV 80 Amp
EEE-F-FL-1040030114,PEM101,forecast,EEE-F-FL-1040030114,MTS,0.8942598187311178,MTS,606.0,True,124,2,0,0.0,True,False,2.0,124,True,stock_policy,stock_policy,stock_policy,kept_rule_class,44,False,False,10,23,False,33,10,2.0,2.0,False,False,,stock_policy,PEM101,Fuse,High Voltage Distribution Fuse link,33kV 100 Amp
EEE-F-FL-5920-353-00700,PEM101,forecast,EEE-F-FL-5920-353-00700,MTO,0.972568578553616,MTO,0.0,False,10,0,0,,False,,95.5,10,False,confirmed_to_order,confirmed_to_order,confirmed_to_order,kept_rule_class,6,False,False,11,23,False,3,1,3.0,119.0,False,False,,confirmed_to_order,PEM101,Fuse,High Voltage Distribution Fuse link,22kV 6 Amp (MEA)
EEE-F-FL-5920-353-01100,PEM101,placeholder - method already assigned,EEE-F-FL-5920-353-01100,,,mixed,0.0,False,6,0,0,,False,,128.5,6,False,conflict,conflict,conflict,rule,0,True,False,11,4,False,0,0,,,False,False,,too_little_data,PEM101,Fuse,High Voltage Distribution Fuse link,22kV 10Amp (MEA)
EEE-F-FL-5920-353-01600,PEM101,placeholder - method already assigned,EEE-F-FL-5920-353-01600,,,mixed,0.0,False,3,0,0,,False,,82.0,3,False,conflict,conflict,conflict,rule,0,True,False,11,1,False,0,0,,,False,False,,too_little_data,PEM101,Fuse,High Voltage Distribution Fuse link,22kV 15Amp (MEA)
EEE-F-FL-5920-353-02600,PEM101,placeholder - method already assigned,EEE-F-FL-5920-353-02600,,,mixed,0.0,False,10,0,0,,False,,100.0,10,False,conflict,conflict,conflict,rule,4,False,False,11,27,False,0,0,,,False,False,,conflict,PEM101,Fuse,High Voltage Distribution Fuse link,22kV 25Amp (MEA)
EEE-F-FL-5920-353-04100,PEM101,forecast,EEE-F-FL-5920-353-04100,MTO,0.5,mixed,0.0,False,11,0,0,,False,,90.0,11,False,conflict,conflict,confirmed_to_order,user_decision,6,False,False,11,15,False,1,1,16.0,17.0,False,False,,confirmed_to_order,PEM101,Fuse,High Voltage Distribution Fuse link,22kV 40Amp (MEA)
EEE-F-FL-5920-353-06600,PEM101,placeholder - method already assigned,EEE-F-FL-5920-353-06600,MTO,1.0,MTO,0.0,False,5,0,0,,False,,43.0,5,False,confirmed_to_order,confirmed_to_order,confirmed_to_order,rule,1,True,False,10,3,False,0,1,,0.0,False,False,,too_little_data,PEM101,Fuse,High Voltage Distribution Fuse link,22kV 65Amp (MEA)
EEE-F-HC-1040020000,PEM101,forecast,EEE-F-HC-1040020000,MTS,1.0,MTS,2507.0,True,107,0,0,,False,,7.0,106,True,stock_policy,stock_policy,stock_policy,kept_rule_class,79,False,False,6,36,False,79,0,7.0,,False,False,,stock_policy,PEM101,Fuse,HRC fuse,HRC fuse 32A 
EEE-F-HC-1040020001,PEM101,forecast,EEE-F-HC-1040020001,MTS,0.9986254075826354,MTS,2908.0,True,260,0,0,,False,,7.5,260,True,stock_policy,stock_policy,stock_policy,kept_rule_class,160,False,False,6,121,False,154,5,8.0,2.0,False,False,,stock_policy,PEM101,Fuse,HRC fuse,HRC fuse 50A 
EEE-F-HC-1040020002,PEM101,forecast,EEE-F-HC-1040020002,MTS,0.9938677131860361,MTS,1892.0,True,1044,0,0,,False,,7.0,1044,True,stock_policy,stock_policy,stock_policy,kept_rule_class,784,False,False,7,386,False,775,9,7.0,0.0,False,False,,stock_policy,PEM101,Fuse,HRC fuse,HRC fuse 80A 
EEE-F-HC-1040020003,PEM101,forecast,EEE-F-HC-1040020003,MTS,0.9969914233112305,MTS,2771.0,True,1087,0,0,,False,,7.0,1086,True,stock_policy,stock_policy,stock_policy,kept_rule_class,821,False,False,7,410,False,809,12,7.0,2.0,False,False,,stock_policy,PEM101,Fuse,HRC fuse,HRC fuse 100A 
EEE-F-HC-1040020004,PEM101,forecast,EEE-F-HC-1040020004,MTS,0.997155296275171,MTS,3348.0,True,1081,0,0,,False,,7.0,1080,True,stock_policy,stock_policy,stock_policy,kept_rule_class,816,False,False,7,382,False,792,21,7.0,1.0,False,False,,stock_policy,PEM101,Fuse,HRC fuse,HRC fuse 160A 
EEE-F-HC-1040020005,PEM101,forecast,EEE-F-HC-1040020005,MTS,0.9687995170904701,MTS,3254.0,True,285,0,0,,False,,7.0,285,True,stock_policy,stock_policy,stock_policy,kept_rule_class,174,False,False,7,133,False,169,6,6.0,1.0,False,False,,stock_policy,PEM101,Fuse,HRC fuse,HRC fuse 200A 
EEE-F-HC-1040020006,PEM101,forecast,EEE-F-HC-1040020006,MTS,0.9540453074433657,MTS,2808.0,True,386,0,0,,False,,4.0,385,True,stock_policy,stock_policy,stock_policy,kept_rule_class,249,False,False,7,127,False,226,24,3.0,1.0,False,False,,stock_policy,PEM101,Fuse,HRC fuse,HRC fuse 250A 
EEE-F-HC-1040020007,PEM101,forecast,EEE-F-HC-1040020007,MTS,0.8503184713375797,MTS,2433.0,True,117,0,0,,False,,6.0,117,True,stock_policy,stock_policy,stock_policy,kept_rule_class,65,False,False,6,55,False,56,9,2.0,2.0,False,False,,stock_policy,PEM101,Fuse,HRC fuse,HRC fuse 315A 
EEE-F-HC-1040020008,PEM101,forecast,EEE-F-HC-1040020008,MTS,0.8973717146433041,MTS,2143.0,True,60,0,0,,False,,2.0,59,True,stock_policy,stock_policy,stock_policy,kept_rule_class,49,False,False,6,24,False,42,7,2.0,2.0,False,False,,stock_policy,PEM101,Fuse,HRC fuse,HRC fuse 355A 
EEE-F-HC-1040020009,PEM101,forecast,EEE-F-HC-1040020009,MTS,0.94167167769092,MTS,2324.0,True,194,0,0,,False,,2.0,194,True,stock_policy,stock_policy,stock_policy,kept_rule_class,123,False,False,6,45,False,101,22,2.0,1.0,False,False,,stock_policy,PEM101,Fuse,HRC fuse,HRC fuse 400A
EEE-F-LT-1040020100,PEM101,forecast,EEE-F-LT-1040020100,MTS,0.8837963901845467,MTS,785.0,True,2837,4,1,0.00035248501938667606,True,False,1.5,2834,True,stock_policy,stock_policy,stock_policy,kept_rule_class,1194,False,False,8,327,False,1050,140,2.0,1.0,False,False,,stock_policy,PEM101,Fuse,Low Tension Fuse Switch,500V 400Amp Private
EEE-F-LT-1040020100P,PEM101,forecast,EEE-F-LT-1040020100P,MTS,0.9751930727825884,MTS,1581.0,True,1813,0,0,,False,,8.0,1812,True,stock_policy,stock_policy,stock_policy,kept_rule_class,883,False,False,8,662,False,862,20,8.0,13.0,False,False,,stock_policy,PEM101,Fuse,Low Tension Fuse Switch,500V 400Amp PEA
LS-F-99-1004,PEM101,forecast,LS-F-99-1004,MTS,0.9940466291947982,MTS,5451.0,True,1586,0,0,,False,,8.0,1586,True,stock_policy,stock_policy,stock_policy,kept_rule_class,691,False,False,7,720,False,669,7,8.0,7.0,False,False,,stock_policy,PEM101,Surge Arrester,Low Voltage Surge Arrester,"LOZA, Silicone Housing"
LS-F-99-2001,PEM101,forecast,LS-F-99-2001,MTS,0.9410711464532098,MTS,3459.0,True,1679,4,1,0.0005955926146515784,True,False,1.0,1676,True,stock_policy,stock_policy,stock_policy,kept_rule_class,562,False,False,5,226,False,494,68,1.0,1.0,False,False,,stock_policy,PEM101,Surge Arrester,Low Voltage Surge Arrester,"LAS-002, ABS Housing"
HS-F-99-0031,PEM101,forecast,HS-F-99-0031,MTO,0.6078431372549019,MTO,0.0,False,25,0,0,,False,,7.0,25,True,confirmed_to_order,confirmed_to_order,confirmed_to_order,kept_rule_class,12,False,False,7,17,False,6,6,7.5,7.0,False,False,,confirmed_to_order,PEM101,Surge Arrester,Medium Voltage Surge Arrester,3kV 5kA type LAZ-P03
HS-F-99-0061,PEM101,forecast,HS-F-99-0061,MTS,0.5263157894736842,mixed,0.0,False,29,0,0,,False,,12.0,29,True,conflict,conflict,stock_policy,user_decision,5,False,False,7,8,False,3,2,7.0,19.5,False,False,,stock_policy,PEM101,Surge Arrester,Medium Voltage Surge Arrester,6kV 5kA type LAZ-P06
HS-F-99-0091,PEM101,forecast,HS-F-99-0091,MTO,0.5714285714285714,mixed,0.0,False,38,0,0,,False,,11.0,38,True,conflict,conflict,conflict,kept_rule_class,11,False,False,7,16,False,5,6,4.0,18.0,True,True,0.23076923076923078,mixed,PEM101,Surge Arrester,Medium Voltage Surge Arrester,9kV 5kA type LAZ-P09
HS-F-99-0121,PEM101,forecast,HS-F-99-0121,MTO,0.7014925373134329,MTO,0.0,False,46,0,0,,False,,7.0,46,True,confirmed_to_order,confirmed_to_order,confirmed_to_order,kept_rule_class,12,False,False,7,18,False,8,4,6.0,25.0,True,False,,confirmed_to_order,PEM101,Surge Arrester,Medium Voltage Surge Arrester,12kV 5kA type LAZ-P12
HS-F-99-0151,PEM101,forecast,HS-F-99-0151,MTS,1.0,MTS,0.0,False,1,0,0,,False,,6.0,1,True,conflict,conflict,conflict,kept_rule_class,1,True,False,7,1,False,1,0,6.0,,False,False,,too_little_data,PEM101,Surge Arrester,Medium Voltage Surge Arrester,15kV 5kA type LAZ-P15
HS-F-99-0211,PEM101,forecast,HS-F-99-0211,MTS,0.9405736220757587,MTS,413.0,True,4727,157,94,0.019885762640152318,True,False,2.0,4720,True,stock_policy,stock_policy,stock_policy,kept_rule_class,2091,False,False,4,956,False,1778,309,2.0,3.0,False,False,,stock_policy,PEM101,Surge Arrester,Medium Voltage Surge Arrester,21kV 5kA type LAZ-P21 Private
HS-F-99-02110,PEM101,forecast,HS-F-99-02110,MTS,0.9727777288344639,MTS,10.0,True,528,0,0,,False,,8.0,527,True,stock_policy,stock_policy,stock_policy,kept_rule_class,103,False,False,5,67,False,99,4,11.0,11.0,False,False,,stock_policy,PEM101,Surge Arrester,Medium Voltage Surge Arrester,21kV 5kA type LAZ-P21 Transformer (PEA)
HS-F-99-0213,PEM101,forecast,HS-F-99-0213,MTS,0.9127881368374688,MTS,199.0,True,465,0,0,,False,,7.0,464,True,stock_policy,stock_policy,stock_policy,kept_rule_class,77,False,False,5,41,False,71,6,9.0,10.5,False,False,,stock_policy,PEM101,Surge Arrester,Medium Voltage Surge Arrester,21kV 5kA type LAZ-P21 PEA
HS-F-99-0215,PEM101,forecast,HS-F-99-0215,MTS,0.6114415486103602,MTS,3.0,True,231,0,0,,False,,31.0,231,False,conflict,conflict,conflict,kept_rule_class,42,False,False,3,104,False,22,27,30.0,46.0,False,False,,conflict,PEM101,Surge Arrester,Medium Voltage Surge Arrester,21kV 5kA type LAZ-P21 Transformer
HS-F-99-0241,PEM101,forecast,HS-F-99-0241,MTS,0.9817537550243284,MTS,509.0,True,3253,52,26,0.007992622194897018,True,False,2.0,3248,True,stock_policy,stock_policy,stock_policy,kept_rule_class,1179,False,False,4,650,False,1123,52,2.0,2.0,False,False,,stock_policy,PEM101,Surge Arrester,Medium Voltage Surge Arrester,24kV 5kA type LAZ-P24 Private
HS-F-99-0244,PEM101,forecast,HS-F-99-0244,MTO,0.9545454545454546,MTO,0.0,False,26,0,0,,False,,15.0,26,False,confirmed_to_order,confirmed_to_order,confirmed_to_order,kept_rule_class,7,False,False,4,9,False,1,6,8.0,16.0,False,False,,confirmed_to_order,PEM101,Surge Arrester,Medium Voltage Surge Arrester,24kV 5kA type LAZ-P24 (MEA)
HS-F-99-02410,PEM101,forecast,HS-F-99-02410,MTS,1.0,MTS,1200.0,True,16,0,0,,False,,4.0,16,True,stock_policy,stock_policy,stock_policy,kept_rule_class,2,True,False,4,9,False,2,0,3.5,,False,False,,stock_policy,PEM101,Surge Arrester,Medium Voltage Surge Arrester,24kV 5kA type LAZ-P24 Transformer (PEA)
HS-F-99-0243,PEM101,forecast,HS-F-99-0243,MTS,0.9144568006843456,MTS,317.0,True,153,0,0,,False,,6.0,153,True,stock_policy,stock_policy,stock_policy,kept_rule_class,18,False,False,4,33,False,17,1,7.0,19.0,False,False,,stock_policy,PEM101,Surge Arrester,Medium Voltage Surge Arrester,24kV 5kA type LAZ-P24 PEA
HS-F-99-0271,PEM101,forecast,HS-F-99-0271,MTO,0.9,MTO,0.0,False,5,0,0,,False,,16.0,5,False,confirmed_to_order,confirmed_to_order,confirmed_to_order,kept_rule_class,4,False,False,7,4,False,1,3,41.0,7.0,False,False,,confirmed_to_order,PEM101,Surge Arrester,Medium Voltage Surge Arrester,27kV 5kA type LAZ-P27
HS-F-99-0301,PEM101,forecast,HS-F-99-0301,MTS,0.980672268907563,MTS,170.0,True,1280,7,0,0.0,True,False,2.0,1279,True,stock_policy,stock_policy,stock_policy,kept_rule_class,430,False,False,6,264,False,400,32,2.0,20.0,True,False,,stock_policy,PEM101,Surge Arrester,Medium Voltage Surge Arrester,30kV 5kA type LAZ-P30 Private
HS-F-99-03010,PEM101,forecast,HS-F-99-03010,MTS,1.0,MTS,285.0,True,63,0,0,,False,,7.0,63,True,stock_policy,stock_policy,stock_policy,kept_rule_class,14,False,False,5,29,False,14,0,8.0,,False,False,,stock_policy,PEM101,Surge Arrester,Medium Voltage Surge Arrester,30kV 5kA type LAZ-P30 Transformer (PEA)
HS-F-99-0301H22,PEM101,forecast,HS-F-99-0301H22,MTO,0.5319148936170213,mixed,0.0,False,27,2,1,0.037037037037037035,True,False,8.0,27,True,conflict,conflict,confirmed_to_order,user_decision,22,False,False,7,22,False,14,8,43.5,6.5,False,False,,confirmed_to_order,PEM101,Surge Arrester,Medium Voltage Surge Arrester,30kV 5kA type LAZ-P30 HP
HS-F-99-0301H33,PEM101,forecast,HS-F-99-0301H33,MTO,0.5833333333333334,mixed,0.0,False,24,0,0,,False,,7.0,24,True,conflict,conflict,conflict,kept_rule_class,14,False,False,7,20,False,4,10,3.5,7.0,False,False,,conflict,PEM101,Surge Arrester,Medium Voltage Surge Arrester,30kV 5kA type LAZ-P30 Extra HP
HS-F-99-0303,PEM101,forecast,HS-F-99-0303,MTS,0.7843450479233227,MTS,484.0,True,88,0,0,,False,,7.0,88,True,stock_policy,stock_policy,stock_policy,kept_rule_class,19,False,False,5,34,False,12,7,6.5,12.0,False,False,,stock_policy,PEM101,Surge Arrester,Medium Voltage Surge Arrester,30kV 5kA type LAZ-P30 PEA
HS-F-99-0331,PEM101,forecast,HS-F-99-0331,MTO,0.5783132530120482,mixed,0.0,False,30,1,0,0.0,True,False,18.5,30,False,conflict,conflict,confirmed_to_order,user_decision,20,False,False,7,27,False,11,8,20.0,27.0,False,False,,confirmed_to_order,PEM101,Surge Arrester,Medium Voltage Surge Arrester,33kV 5kA type LAZ-P33
HS-F-99-0361,PEM101,forecast,HS-F-99-0361,MTS,0.625,MTS,0.0,False,15,0,0,,False,,19.0,15,False,conflict,conflict,confirmed_to_order,user_decision,7,False,True,7,9,False,5,2,9.0,13.5,False,False,,confirmed_to_order,PEM101,Surge Arrester,Medium Voltage Surge Arrester,36kV 5kA type LAZ-P36
HS-F-99-1031,PEM101,forecast,HS-F-99-1031,MTO,0.5652173913043478,mixed,0.0,False,21,0,0,,False,,7.0,21,True,conflict,conflict,conflict,kept_rule_class,9,False,False,7,13,False,3,6,6.0,7.0,False,False,,conflict,PEM101,Surge Arrester,Medium Voltage Surge Arrester,3kV 10kA Cl.1 type PAZ-P03-1
HS-F-99-1061,PEM101,forecast,HS-F-99-1061,MTS,0.5555555555555556,mixed,0.0,False,27,0,0,,False,,11.0,27,True,conflict,conflict,stock_policy,user_decision,4,False,False,7,6,False,2,2,29.0,91.5,False,False,,stock_policy,PEM101,Surge Arrester,Medium Voltage Surge Arrester,6kV 10kA Cl.1 type PAZ-P06-1
HS-F-99-1091,PEM101,forecast,HS-F-99-1091,MTO,0.8653846153846154,MTO,0.0,False,29,0,0,,False,,14.0,29,True,confirmed_to_order,confirmed_to_order,confirmed_to_order,kept_rule_class,9,False,False,7,14,False,3,6,15.0,7.0,False,False,,confirmed_to_order,PEM101,Surge Arrester,Medium Voltage Surge Arrester,9kV 10kA Cl.1 type PAZ-P09-1
HS-F-99-1121,PEM101,forecast,HS-F-99-1121,MTS,0.782608695652174,MTS,0.0,False,20,0,0,,False,,14.5,20,False,conflict,conflict,confirmed_to_order,user_decision,6,False,True,7,9,False,5,1,7.0,69.0,False,False,,confirmed_to_order,PEM101,Surge Arrester,Medium Voltage Surge Arrester,12kV 10kA Cl.1 type PAZ-P12-1
HS-F-99-1151,PEM101,placeholder - method already assigned,HS-F-99-1151,,,mixed,0.0,False,2,0,0,,False,,50.0,2,False,conflict,conflict,conflict,rule,0,True,False,7,0,False,0,0,,,False,False,,too_little_data,PEM101,Surge Arrester,Medium Voltage Surge Arrester,15kV 10kA Cl.1 type PAZ-P15-1
HS-F-99-1211,PEM101,forecast,HS-F-99-1211,MTS,0.8363809071479459,MTS,143.0,True,1114,45,15,0.013464991023339317,True,False,4.0,1113,True,stock_policy,stock_policy,stock_policy,kept_rule_class,404,False,False,5,250,False,371,38,3.0,6.5,False,False,,stock_policy,PEM101,Surge Arrester,Medium Voltage Surge Arrester,21kV 10kA Cl.1 type PAZ-P21-1
HS-F-99-1241,PEM101,forecast,HS-F-99-1241,MTS,0.9591607343574372,MTS,85.0,True,1001,12,4,0.003996003996003996,True,False,2.0,999,True,stock_policy,stock_policy,stock_policy,kept_rule_class,308,False,False,5,212,False,290,18,2.0,2.0,False,False,,stock_policy,PEM101,Surge Arrester,Medium Voltage Surge Arrester,24kV 10kA Cl.1 type PAZ-P24-1
HS-F-99-1242,PEM101,forecast,HS-F-99-1242,MTO,1.0,MTO,0.0,False,3,0,0,,False,,4.0,3,True,confirmed_to_order,confirmed_to_order,confirmed_to_order,kept_rule_class,1,True,False,5,4,False,0,1,,0.0,False,False,,confirmed_to_order,PEM101,Surge Arrester,Medium Voltage Surge Arrester,24kV 10kA Cl.1 type PAZ-P24-1 (MEA)
HS-F-99-1301,PEM101,forecast,HS-F-99-1301,MTS,0.9913169319826338,MTS,184.0,True,175,2,0,0.0,True,False,3.0,175,True,stock_policy,stock_policy,stock_policy,kept_rule_class,70,False,False,5,58,False,68,2,2.5,11.5,False,False,,stock_policy,PEM101,Surge Arrester,Medium Voltage Surge Arrester,30kV 10kA Cl.1 type PAZ-P30-1
HS-F-99-1301H22,PEM101,forecast,HS-F-99-1301H22,MTO,1.0,MTO,3.0,True,9,0,0,,False,,29.0,9,False,confirmed_to_order,confirmed_to_order,confirmed_to_order,kept_rule_class,1,True,False,7,1,False,0,1,,6.0,False,False,,confirmed_to_order,PEM101,Surge Arrester,Medium Voltage Surge Arrester,30kV 10kA Cl.1 type PAZ-P30-1 HP
HS-F-99-1301H33,PEM101,forecast,HS-F-99-1301H33,MTO,0.5377049180327869,mixed,0.0,False,101,0,0,,False,,7.0,100,True,conflict,conflict,conflict,kept_rule_class,46,False,False,7,59,False,21,25,4.0,7.0,False,False,,conflict,PEM101,Surge Arrester,Medium Voltage Surge Arrester,30kV 10kA Cl.1 type PAZ-P30-1 Extra HP
HS-F-99-1331,PEM101,forecast,HS-F-99-1331,MTO,0.7368421052631579,MTO,0.0,False,15,0,0,,False,,8.0,15,True,confirmed_to_order,confirmed_to_order,confirmed_to_order,kept_rule_class,7,False,False,7,8,False,4,3,11.0,8.0,False,False,,confirmed_to_order,PEM101,Surge Arrester,Medium Voltage Surge Arrester,33kV 10kA Cl.1 type PAZ-P33-1
HS-F-99-1361,PEM101,forecast,HS-F-99-1361,MTO,0.8095238095238095,MTO,0.0,False,31,0,0,,False,,9.0,31,True,confirmed_to_order,confirmed_to_order,confirmed_to_order,kept_rule_class,22,False,False,7,28,False,6,16,7.5,8.0,False,False,,confirmed_to_order,PEM101,Surge Arrester,Medium Voltage Surge Arrester,36kV 10kA Cl.1 type PAZ-P36-1
HS-F-99-2031N,PEM101,forecast,HS-F-99-2031N,MTO,1.0,MTO,0.0,False,2,0,0,,False,,6.5,2,True,confirmed_to_order,confirmed_to_order,confirmed_to_order,kept_rule_class,1,True,False,7,1,False,0,1,,6.0,False,False,,confirmed_to_order,PEM101,Surge Arrester,Medium Voltage Surge Arrester,3kV 10kA Cl.2 type SA203
HS-F-99-2061N,PEM101,forecast,HS-F-99-2061N,MTS,1.0,MTS,0.0,False,7,0,0,,False,,10.0,7,True,conflict,conflict,conflict,kept_rule_class,2,True,False,7,3,False,2,0,6.5,,False,False,,too_little_data,PEM101,Surge Arrester,Medium Voltage Surge Arrester,6kV 10kA Cl.2 type SA206
HS-F-99-2091N,PEM101,placeholder - method already assigned,HS-F-99-2091N,,,mixed,0.0,False,2,0,0,,False,,1.0,2,True,conflict,conflict,conflict,rule,0,True,False,7,0,False,0,0,,,False,False,,too_little_data,PEM101,Surge Arrester,Medium Voltage Surge Arrester,9kV 10kA Cl.2 type SA209
HS-F-99-2121N,PEM101,forecast,HS-F-99-2121N,MTS,0.625,MTS,0.0,False,3,0,0,,False,,11.0,3,True,conflict,stock_policy,stock_policy,kept_rule_class,3,False,False,7,4,False,3,0,11.0,,False,False,,stock_policy,PEM101,Surge Arrester,Medium Voltage Surge Arrester,12kV 10kA Cl.2 type SA212
HS-F-99-2211N,PEM101,forecast,HS-F-99-2211N,MTS,0.8595600676818951,MTS,85.0,True,182,2,0,0.0,True,False,3.0,182,True,stock_policy,stock_policy,stock_policy,kept_rule_class,89,False,False,7,85,False,68,21,3.0,3.0,False,False,,stock_policy,PEM101,Surge Arrester,Medium Voltage Surge Arrester,21kV 10kA Cl.2 type SA221 Private
HS-F-99-2213N,PEM101,forecast,HS-F-99-2213N,MTS,0.9419252187748608,MTS,155.0,True,122,0,0,,False,,8.0,122,True,stock_policy,stock_policy,stock_policy,kept_rule_class,52,False,False,7,38,False,44,6,10.0,16.0,False,False,,stock_policy,PEM101,Surge Arrester,Medium Voltage Surge Arrester,21kV 10kA Cl.2 type SA221 PEA
HS-F-99-2241N,PEM101,forecast,HS-F-99-2241N,MTS,0.8191268191268192,MTS,49.0,True,154,0,0,,False,,4.0,154,True,stock_policy,stock_policy,stock_policy,kept_rule_class,62,False,False,7,80,False,53,9,3.0,20.0,True,False,,stock_policy,PEM101,Surge Arrester,Medium Voltage Surge Arrester,24kV 10kA Cl.2 type SA224 Private
HS-F-99-2243N,PEM101,forecast,HS-F-99-2243N,MTS,0.9877675840978594,MTS,113.0,True,71,0,0,,False,,7.0,71,True,stock_policy,stock_policy,stock_policy,kept_rule_class,28,False,False,7,19,False,26,1,7.5,7.0,False,False,,stock_policy,PEM101,Surge Arrester,Medium Voltage Surge Arrester,24kV 10kA Cl.2 type SA224 PEA
HS-F-99-2301N,PEM101,forecast,HS-F-99-2301N,MTS,0.7681660899653979,MTS,0.0,False,42,1,0,0.0,True,False,4.0,42,True,conflict,conflict,conflict,kept_rule_class,33,False,False,7,57,False,24,9,2.0,7.0,False,False,,conflict,PEM101,Surge Arrester,Medium Voltage Surge Arrester,30kV 10kA Cl.2 type SA230 Private
HS-F-99-2303N,PEM101,forecast,HS-F-99-2303N,MTS,0.9990583804143126,MTS,44.0,True,36,0,0,,False,,8.0,36,True,stock_policy,stock_policy,stock_policy,kept_rule_class,16,False,False,7,2,False,15,1,8.0,24.0,False,False,,stock_policy,PEM101,Surge Arrester,Medium Voltage Surge Arrester,30kV 10kA Cl.2 type SA230 PEA
HS-F-99-3303,PEM101,forecast,HS-F-99-3303,MTS,0.8651026392961877,MTS,0.0,False,19,0,0,,False,,12.0,19,True,conflict,conflict,conflict,kept_rule_class,12,False,False,7,24,False,7,2,12.0,10.5,False,False,,conflict,PEM101,Surge Arrester,Medium Voltage Surge Arrester,30kV 10kA Cl.2 type PAZ-P30-2 HP
HS-F-99-2361N,PEM101,forecast,HS-F-99-2361N,MTO,1.0,MTO,0.0,False,3,0,0,,False,,9.0,3,True,confirmed_to_order,confirmed_to_order,confirmed_to_order,kept_rule_class,2,True,False,7,2,False,0,2,,34.0,False,False,,confirmed_to_order,PEM101,Surge Arrester,Medium Voltage Surge Arrester,36kV 10kA Cl.2 type SA236
HS-F-99-3061,PEM101,forecast,HS-F-99-3061,MTS,1.0,MTS,0.0,False,2,0,0,,False,,19.5,2,False,conflict,conflict,conflict,kept_rule_class,1,True,True,7,2,False,1,0,20.0,,False,False,,too_little_data,PEM101,Surge Arrester,Medium Voltage Surge Arrester,6kV 10kA Cl.3 type PAZ-P06-3
HS-F-99-3121,PEM101,placeholder - method already assigned,HS-F-99-3121,,,mixed,12.0,True,3,0,0,,False,,36.0,3,False,conflict,conflict,conflict,rule,0,True,False,7,0,False,0,0,,,False,False,,too_little_data,PEM101,Surge Arrester,Medium Voltage Surge Arrester,12kV 10kA Cl.3 type PAZ-P12-3
HS-F-99-3211,PEM101,forecast,HS-F-99-3211,MTS,0.789279112754159,MTS,0.0,False,212,0,0,,False,,106.0,212,False,conflict,conflict,confirmed_to_order,user_decision,22,False,True,7,57,False,16,7,116.0,115.0,False,False,,confirmed_to_order,PEM101,Surge Arrester,Medium Voltage Surge Arrester,21kV 10kA Cl.3 type PAZ-P21-3
HS-F-99-3241,PEM101,forecast,HS-F-99-3241,MTO,0.7513812154696132,MTO,0.0,False,14,0,0,,False,,21.0,14,False,confirmed_to_order,confirmed_to_order,confirmed_to_order,kept_rule_class,3,False,False,7,8,False,2,1,75.5,266.0,False,False,,confirmed_to_order,PEM101,Surge Arrester,Medium Voltage Surge Arrester,24kV 10kA Cl.3 type PAZ-P24-3
HS-F-99-3301,PEM101,forecast,HS-F-99-3301,MTS,0.9696969696969697,MTS,0.0,False,29,0,0,,False,,134.0,29,False,conflict,conflict,confirmed_to_order,user_decision,5,False,True,7,10,False,4,1,209.0,23.0,False,False,,confirmed_to_order,PEM101,Surge Arrester,Medium Voltage Surge Arrester,30kV 10kA Cl.3 type PAZ-P30-3
HS-F-99-3331,PEM101,placeholder - method already assigned,HS-F-99-3331,,,mixed,0.0,False,1,0,0,,False,,43.0,1,False,conflict,conflict,conflict,rule,0,True,False,7,0,False,0,0,,,False,False,,too_little_data,PEM101,Surge Arrester,Medium Voltage Surge Arrester,33kV 10kA Cl.3 type PAZ-P33-3
HS-F-99-3361,PEM101,placeholder - method already assigned,HS-F-99-3361,,,mixed,0.0,False,2,0,0,,False,,36.0,2,False,conflict,conflict,conflict,rule,0,True,False,7,0,False,0,0,,,False,False,,too_little_data,PEM101,Surge Arrester,Medium Voltage Surge Arrester,36kV 10kA Cl.3 type PAZ-P36-3
IS-F-99-0155CE0,PEM101,placeholder - pending method,IS-F-99-0155CE0,,,mixed,0.0,False,0,0,0,,False,,,0,False,conflict,conflict,conflict,rule,0,True,False,4,0,False,0,0,,,False,False,,too_little_data,PEM101,Suspension Insulator,Suspension Insulator,15kV with 1 Clevis no Shackle type PS-R-041-CE-0
IS-F-99-0155CE1,PEM101,placeholder - pending method,IS-F-99-0155CE1,,,mixed,0.0,False,1,0,0,,False,,59.0,1,False,conflict,conflict,conflict,rule,0,True,False,4,0,False,0,0,,,False,False,,too_little_data,PEM101,Suspension Insulator,Suspension Insulator,15kV with 1 Clevis 1 Shackle type PS-R-041-CE-1
IS-F-99-0155EE0,PEM101,placeholder - pending method,IS-F-99-0155EE0,,,mixed,0.0,False,0,0,0,,False,,,0,False,conflict,conflict,conflict,rule,0,True,False,4,0,False,0,0,,,False,False,,too_little_data,PEM101,Suspension Insulator,Suspension Insulator,15kV with 2 Eye fitting type PS-R-041-EE-0
IS-F-99-0245CE0,PEM101,forecast,IS-F-99-0245CE0,MTS,0.9934296977660972,MTS,0.0,False,19,0,0,,False,,41.0,19,False,conflict,conflict,confirmed_to_order,user_decision,9,False,True,4,22,False,8,1,43.0,21.0,False,False,,confirmed_to_order,PEM101,Suspension Insulator,Suspension Insulator,24kV with 1 Clevis no Shackle type PS-R-061-CE-0
IS-F-99-0245CE1,PEM101,forecast,IS-F-99-0245CE1,MTS,0.8238897396630934,MTS,0.0,False,109,0,0,,False,,49.0,109,False,conflict,conflict,conflict,kept_rule_class,9,False,True,4,76,False,7,2,36.0,92.0,False,False,,conflict,PEM101,Suspension Insulator,Suspension Insulator,24kV with 1 Clevis 1 Shackle type PS-R-061-CE-1
IS-F-99-0245EE0,PEM101,forecast,IS-F-99-0245EE0,MTS,1.0,MTS,0.0,False,9,0,0,,False,,72.0,9,False,conflict,conflict,conflict,kept_rule_class,1,True,True,4,1,False,1,0,11.0,,False,False,,too_little_data,PEM101,Suspension Insulator,Suspension Insulator,24kV with 2 Eye fitting type PS-R-061-EE-0
IS-F-99-0365CE0,PEM101,placeholder - pending method,IS-F-99-0365CE0,,,mixed,0.0,False,0,0,0,,False,,,0,False,conflict,conflict,conflict,rule,0,True,False,4,0,False,0,0,,,False,False,,too_little_data,PEM101,Suspension Insulator,Suspension Insulator,36kV with 1 Clevis no Shackle type PS-R-101-CE-0
IS-F-99-0365CE1,PEM101,placeholder - pending method,IS-F-99-0365CE1,,,mixed,62.0,True,0,0,0,,False,,,0,False,conflict,conflict,conflict,rule,0,True,False,4,0,False,0,0,,,False,False,,too_little_data,PEM101,Suspension Insulator,Suspension Insulator,36kV with 1 Clevis 1 Shackle type PS-R-101-CE-1
IS-F-99-0365EE0,PEM101,placeholder - pending method,IS-F-99-0365EE0,,,mixed,0.0,False,1,0,0,,False,,7.0,1,True,conflict,conflict,conflict,rule,0,True,False,4,0,False,0,0,,,False,False,,too_little_data,PEM101,Suspension Insulator,Suspension Insulator,36kV with 2 Eye fitting type PS-R-101-EE-0
ST-F-01-0005,PEM101,forecast,ST-F-01-0005,MTS,0.5424528301886793,mixed,0.0,False,56,0,0,,False,,4.0,56,True,conflict,conflict,conflict,kept_rule_class,41,False,False,14,150,False,17,23,4.0,4.0,False,False,,conflict,PEM101,LED,LED Street light,20 Watt Model 435
ST-F-01-0027,PEM101,forecast,ST-F-01-0027,MTS,0.5625,mixed,0.0,False,14,0,0,,False,,5.5,14,True,conflict,conflict,conflict,kept_rule_class,6,False,False,7,20,False,2,3,3.0,3.0,False,False,,conflict,PEM101,LED,LED Street light,35 Watt Model FFLDs
ST-F-11-0001,PEM101,forecast,ST-F-11-0001,MTS,0.9550676538166964,MTS,4.0,True,640,0,0,,False,,7.0,640,True,stock_policy,stock_policy,stock_policy,kept_rule_class,272,False,False,21,617,False,252,16,7.5,6.0,False,False,,stock_policy,PEM101,LED,LED Street light,20 Watt Model Complete set
ST-F-99-0001,PEM101,forecast,ST-F-99-0001,MTS,0.9942346497549727,MTS,100.0,True,75,1,1,0.013333333333333334,True,False,9.0,75,True,stock_policy,stock_policy,stock_policy,kept_rule_class,75,False,False,5,109,False,74,1,9.0,15.0,False,False,,stock_policy,PEM101,LED,LED Street light,2x20 Watt Model Complete set
ST-F-12-0006,PEM101,forecast,ST-F-12-0006,MTS,0.7222222222222222,MTS,0.0,False,67,0,0,,False,,154.0,67,False,conflict,conflict,conflict,kept_rule_class,11,False,True,7,34,False,7,4,181.0,125.0,False,False,,conflict,PEM101,LED,LED Street light,60 Watt 5570 Straight Stepped Pole 4 m
ST-F-12-0007,PEM101,forecast,ST-F-12-0007,MTS,0.625,MTS,4.0,True,60,0,0,,False,,154.0,60,False,conflict,conflict,conflict,kept_rule_class,11,False,False,7,32,False,7,4,235.0,125.0,False,False,,conflict,PEM101,LED,LED Street light,60 Watt 5570 Straight Stepped Pole 6 m
ST-F-12-0009,PEM101,placeholder - pending method,ST-F-12-0009,,,mixed,0.0,False,6,0,0,,False,,147.0,6,False,conflict,conflict,conflict,rule,0,True,False,7,3,False,0,0,,,False,False,,too_little_data,PEM101,LED,LED Street light,60 Watt 5570 Straight Stepped Pole 2 m
FD-F-01-0001,PEM101,forecast,FD-F-01-0001,MTS,0.8421052631578947,MTS,0.0,False,62,0,0,,False,,148.5,62,False,conflict,conflict,conflict,kept_rule_class,12,False,True,11,37,False,9,3,189.0,123.0,False,False,,conflict,PEM101,LED,LED Flood light,150 Walt Model TGD18-B
FD-F-01-0002,PEM101,forecast,FD-F-01-0002,MTS,0.6964285714285714,MTS,0.0,False,68,0,0,,False,,134.0,68,False,conflict,conflict,conflict,kept_rule_class,15,False,True,11,35,False,8,7,167.0,16.0,False,False,,conflict,PEM101,LED,LED Flood light,350 Walt Model TGD18-D
PH-F-99-0001,PEM101,forecast,PH-F-99-0001,MTS,0.991869918699187,MTS,20.0,True,69,0,0,,False,,9.0,69,True,stock_policy,stock_policy,stock_policy,kept_rule_class,69,False,False,2,81,False,66,1,9.0,13.0,False,False,,stock_policy,PEM101,LED,Photo Control Switch ,30A 1POLE 180-240VAC 50HZ
FS-F-99-0002,PEM101,forecast,FS-F-99-0002,MTO,0.7894736842105263,MTO,0.0,False,11,0,0,,False,,6.0,11,True,confirmed_to_order,confirmed_to_order,confirmed_to_order,kept_rule_class,11,False,False,6,13,False,2,9,7.0,6.0,False,False,,confirmed_to_order,PEM101,Fuse,Low Voltage Fuse Switch Disconectors,500V 400A Private
FS-F-99-0003,PEM101,forecast,FS-F-99-0003,MTS,0.957778306374881,MTS,90.0,True,119,0,0,,False,,10.0,119,True,stock_policy,stock_policy,stock_policy,kept_rule_class,119,False,False,6,124,False,116,3,9.5,13.0,False,False,,stock_policy,PEM101,Fuse,Low Voltage Fuse Switch Disconectors,500V 400A PEA
LB-F-99-G2261201,PEM102,forecast,LB-F-99-G2261201,MTS,0.5631067961165048,mixed,1.0,True,144,80,1,0.006944444444444444,True,False,8.5,144,True,conflict,conflict,conflict,rule,59,False,False,3,86,False,41,20,15.0,15.0,False,False,,conflict,PEM102,Load Break Switch,24kV SF6 Gas Load Break Switch,SF6 GAS Load Break Switch 22kV 630A 12.5kA Option 1
LB-F-99-G2261204,PEM102,forecast,LB-F-99-G2261204,MTS,0.8598130841121495,MTS,0.0,False,133,86,0,0.0,True,False,23.0,133,False,conflict,conflict,conflict,rule,80,False,True,5,100,False,73,5,19.0,20.0,False,False,,conflict,PEM102,Load Break Switch,24kV SF6 Gas Load Break Switch,SF6 GAS Load Break Switch 22kV 630A 12.5kA Option 4 
LB-F-99-G2261204-01,PEM102,forecast,LB-F-99-G2261204-01,MTS,1.0,MTS,0.0,False,46,27,0,0.0,True,False,14.0,46,True,conflict,conflict,conflict,rule,3,False,False,4,29,False,3,0,35.0,,False,False,,conflict,PEM102,Load Break Switch,24kV SF6 Gas Load Break Switch,SF6 GAS Load Break Switch 22kV 630A 12.5kA Option 4 (Without VT)
LB-F-99-G2261205,PEM102,forecast,LB-F-99-G2261205,MTS,0.7062146892655368,MTS,1.0,True,136,106,1,0.007352941176470588,True,False,22.0,136,False,conflict,conflict,conflict,rule,119,False,False,5,126,False,98,20,21.0,22.5,False,False,,conflict,PEM102,Load Break Switch,24kV SF6 Gas Load Break Switch,SF6 GAS Load Break Switch 22kV 630A 12.5kA Option 5 
LB-F-99-G2261205-01,PEM102,forecast,LB-F-99-G2261205-01,MTS,1.0,MTS,0.0,False,11,2,0,0.0,True,False,28.5,10,False,conflict,conflict,conflict,rule,2,True,True,4,3,False,2,0,14.5,,False,False,,too_little_data,PEM102,Load Break Switch,24kV SF6 Gas Load Break Switch,SF6 GAS Load Break Switch 22kV 630A 12.5kA Option 5 (Without VT)
LB-F-99-G2261207,PEM102,forecast,LB-F-99-G2261207,MTS,0.6481481481481481,MTS,1.0,True,83,58,2,0.024096385542168676,True,False,25.0,83,False,conflict,conflict,conflict,rule,71,False,False,5,78,False,47,25,25.0,22.0,False,False,,conflict,PEM102,Load Break Switch,24kV SF6 Gas Load Break Switch,SF6 GAS Load Break Switch 22kV 630A 12.5kA Option 7
LB-F-99-G2261207-01,PEM102,placeholder - pending method,LB-F-99-G2261207-01,,,mixed,0.0,False,12,5,0,0.0,True,False,15.5,12,False,conflict,conflict,conflict,rule,0,True,False,4,5,False,0,0,,,False,False,,too_little_data,PEM102,Load Break Switch,24kV SF6 Gas Load Break Switch,SF6 GAS Load Break Switch 22kV 630A 12.5kA Option 7 (Without VT)
LB-F-99-G3341001,PEM102,forecast,LB-F-99-G3341001,MTS,0.6666666666666666,MTS,0.0,False,18,8,0,0.0,True,False,8.0,18,True,conflict,conflict,conflict,rule,6,False,False,3,10,False,4,2,7.0,7.0,False,False,,conflict,PEM102,Load Break Switch,36kV SF6 Gas Load Break Switch,SF6 GAS Load Break Switch 33kV 400A 10kA Option 1
LB-F-99-G3341004,PEM102,forecast,LB-F-99-G3341004,MTS,0.7777777777777778,MTS,0.0,False,9,6,0,0.0,True,False,35.0,9,False,conflict,conflict,conflict,rule,8,False,True,5,7,False,6,2,18.0,65.0,False,False,,conflict,PEM102,Load Break Switch,36kV SF6 Gas Load Break Switch,SF6 GAS Load Break Switch 33kV 400A 10kA Option 4 
LB-F-99-G3341004-01,PEM102,placeholder - pending method,LB-F-99-G3341004-01,,,mixed,0.0,False,0,0,0,,False,,,0,False,conflict,conflict,conflict,rule,0,True,False,4,0,False,0,0,,,False,False,,too_little_data,PEM102,Load Break Switch,36kV SF6 Gas Load Break Switch,SF6 GAS Load Break Switch 33kV 400A 10kA Option 4 (Without VT)
LB-F-99-G3341005,PEM102,forecast,LB-F-99-G3341005,MTS,0.6,MTS,0.0,False,20,16,0,0.0,True,False,28.0,20,False,conflict,conflict,conflict,rule,19,False,True,5,20,False,12,7,24.0,31.0,False,False,,conflict,PEM102,Load Break Switch,36kV SF6 Gas Load Break Switch,SF6 GAS Load Break Switch 33kV 400A 10kA Option 5 
LB-F-99-G3341005-01,PEM102,placeholder - pending method,LB-F-99-G3341005-01,,,mixed,0.0,False,0,0,0,,False,,,0,False,conflict,conflict,conflict,rule,0,True,False,4,0,False,0,0,,,False,False,,too_little_data,PEM102,Load Break Switch,36kV SF6 Gas Load Break Switch,SF6 GAS Load Break Switch 33kV 400A 10kA Option 5 (Without VT)
LB-F-99-G3341007,PEM102,forecast,LB-F-99-G3341007,MTS,0.9230769230769231,MTS,0.0,False,12,9,0,0.0,True,False,38.0,12,False,conflict,conflict,conflict,rule,11,False,True,5,9,False,8,1,38.0,26.0,False,False,,conflict,PEM102,Load Break Switch,36kV SF6 Gas Load Break Switch,SF6 GAS Load Break Switch 33kV 400A 10kA Option 7
LB-F-99-G3341007-01,PEM102,placeholder - pending method,LB-F-99-G3341007-01,,,mixed,0.0,False,0,0,0,,False,,,0,False,conflict,conflict,conflict,rule,0,True,False,4,1,False,0,0,,,False,False,,too_little_data,PEM102,Load Break Switch,36kV SF6 Gas Load Break Switch,SF6 GAS Load Break Switch 33kV 400A 10kA Option 7 (Without VT)
SL-F-99-S2461601,PEM102,forecast,SL-F-99-S2461601,MTO,0.6111111111111112,MTO,0.0,False,9,8,0,0.0,True,False,23.0,9,False,confirmed_to_order,confirmed_to_order,confirmed_to_order,rule,9,False,False,2,10,False,5,4,24.0,16.5,False,False,,confirmed_to_order,PEM102,Load Break Switch,24kV Solid Load Break Switch,Solid Dielectric Load Break Switch 24kV 600A Electrical Type Option 1
SL-F-99-S2461604,PEM102,placeholder - pending method,SL-F-99-S2461604,,,mixed,0.0,False,0,0,0,,False,,,0,False,conflict,conflict,conflict,rule,0,True,False,6,0,False,0,0,,,False,False,,too_little_data,PEM102,Load Break Switch,24kV Solid Load Break Switch,Solid Dielectric Load Break Switch 24kV 600A Electrical Type Option 4
SL-F-99-S2461604-01,PEM102,forecast,SL-F-99-S2461604-01,MTS,1.0,MTS,0.0,False,1,1,0,0.0,True,False,42.0,1,False,conflict,conflict,conflict,rule,1,True,True,4,1,False,1,0,42.0,,False,False,,too_little_data,PEM102,Load Break Switch,24kV Solid Load Break Switch,Solid Dielectric Load Break Switch 24kV 600A Electrical Type Option 4 (Without VT)
SL-F-99-S2461605,PEM102,forecast,SL-F-99-S2461605,MTO,0.6,MTO,0.0,False,5,4,0,0.0,True,False,10.0,5,True,confirmed_to_order,confirmed_to_order,confirmed_to_order,rule,5,False,False,5,5,False,3,2,7.0,30.0,False,False,,confirmed_to_order,PEM102,Load Break Switch,24kV Solid Load Break Switch,Solid Dielectric Load Break Switch 24kV 600A Electrical Type Option 5
SL-F-99-S2461605-01,PEM102,placeholder - pending method,SL-F-99-S2461605-01,,,mixed,0.0,False,0,0,0,,False,,,0,False,conflict,conflict,conflict,rule,0,True,False,0,0,True,0,0,,,False,False,,no_production_in_system,PEM102,Load Break Switch,24kV Solid Load Break Switch,Solid Dielectric Load Break Switch 24kV 600A Electrical Type Option 5 (Without VT)
SR-F-99-2261203,PEM102,forecast,SR-F-99-2261203,MTS,0.8888888888888888,MTS,0.0,False,38,30,0,0.0,True,False,26.0,38,False,conflict,conflict,conflict,rule,23,False,True,3,37,False,21,2,35.0,11.5,False,False,,conflict,PEM102,Recloser,22kV Recloser,Solid Recloser (CVD Type) 22kV 630A 50Hz
SR-F-99-2261203-01,PEM102,placeholder - pending method,SR-F-99-2261203-01,,,mixed,0.0,False,1,1,0,0.0,True,False,118.0,1,False,conflict,conflict,conflict,rule,0,True,False,2,1,False,0,0,,,False,False,,too_little_data,PEM102,Recloser,22kV Recloser,Solid Recloser (CVD Type) 22kV 630A 50Hz  (Without VT)
SR-F-99-3381603,PEM102,placeholder - pending method,SR-F-99-3381603,,,mixed,0.0,False,0,0,0,,False,,,0,False,conflict,conflict,conflict,rule,0,True,False,0,0,True,0,0,,,False,False,,no_production_in_system,PEM102,Recloser,33kV Recloser,Solid Recloser (CVD Type) 33kV 630A 50Hz
SR-F-99-3381603-01,PEM102,placeholder - pending method,SR-F-99-3381603-01,,,mixed,0.0,False,0,0,0,,False,,,0,False,conflict,conflict,conflict,rule,0,True,False,0,0,True,0,0,,,False,False,,no_production_in_system,PEM102,Recloser,33kV Recloser,Solid Recloser (CVD Type) 33kV 630A 50Hz  (Without VT)
02-05-R-0001,PEM102,placeholder - pending method,02-05-R-0001,,,mixed,1.0,True,8,0,0,,False,,13.0,8,True,conflict,conflict,conflict,rule,0,True,False,0,0,True,0,0,,,False,False,,no_production_in_system,PEM102,FRTU,FRTU,FRTU PEA Spec. for VSPP
02-05-R-0004,PEM102,forecast,02-05-R-0004,MTO,0.6666666666666666,MTO,0.0,False,26,0,0,,False,,27.5,26,False,confirmed_to_order,confirmed_to_order,confirmed_to_order,rule,7,False,False,0,1,False,3,2,25.0,25.5,False,False,,confirmed_to_order,PEM102,Cellular Router,Cellular Router,Cellular Router 
SL-F-99-S2461608-1,PEM102,forecast,SL-F-99-S2461608-1,MTS,0.8,MTS,0.0,False,22,20,1,0.045454545454545456,True,False,45.0,22,False,conflict,conflict,conflict,rule,22,False,True,7,24,False,17,4,45.0,45.0,False,False,,conflict,PEM102,Load Break Switch,24kV Solid Load Break Switch,24 kV POLE-MOUNTED SLBS AND TELECONTROL DEVICE WITH VT
TF-F-99-2104221B1,PEM103,forecast,TF-F-99-2104221B1,MTS,0.6666666666666666,MTS,0.0,False,13,0,0,,False,,34.0,13,False,conflict,conflict,conflict,rule,2,True,True,9,1,False,1,1,34.0,31.0,False,False,,too_little_data,PEM103,Distribution Transformer,3 Phase Distribution Transformer,3 Phase 315kVA 22kV 400/230V Dyn11 Low Loss (Total Loss 1.2%) 008 PEA
TF-F-99-2304221B1,PEM103,forecast,TF-F-99-2304221B1,MTO,1.0,MTO,0.0,False,12,0,0,,False,,77.0,12,False,confirmed_to_order,confirmed_to_order,confirmed_to_order,rule,1,True,False,9,1,False,0,1,,76.0,False,False,,too_little_data,PEM103,Distribution Transformer,3 Phase Distribution Transformer,3 Phase 400kVA 22kV 400/230V Dyn11 Low Loss (Total Loss 1.2%) 008 PEA
TF-F-99-2404221B1,PEM103,placeholder - pending method,TF-F-99-2404221B1,,,mixed,0.0,False,2,0,0,,False,,42.0,2,False,conflict,conflict,conflict,rule,0,True,False,10,0,False,0,0,,,False,False,,too_little_data,PEM103,Distribution Transformer,3 Phase Distribution Transformer,3 Phase 500kVA 22kV 400/230V Dyn11 Low Loss (Total Loss 1.2%) 008 PEA
TF-F-99-2504221B1,PEM103,placeholder - pending method,TF-F-99-2504221B1,,,mixed,0.0,False,5,0,0,,False,,77.0,5,False,conflict,conflict,conflict,rule,0,True,False,10,0,False,0,0,,,False,False,,too_little_data,PEM103,Distribution Transformer,3 Phase Distribution Transformer,3 Phase 630kVA 22kV 400/230V Dyn11 Low Loss (Total Loss 1.2%) 008 PEA
TF-F-99-2704221B1,PEM103,forecast,TF-F-99-2704221B1,MTO,1.0,MTO,1.0,True,2,0,0,,False,,94.5,2,False,confirmed_to_order,confirmed_to_order,confirmed_to_order,rule,1,True,False,9,1,False,0,1,,81.0,False,False,,too_little_data,PEM103,Distribution Transformer,3 Phase Distribution Transformer,3 Phase 800kVA 22kV 400/230V Dyn11 Low Loss (Total Loss 1.2%) 008 PEA
TF-F-99-2804221B1,PEM103,forecast,TF-F-99-2804221B1,MTO,0.6666666666666666,MTO,0.0,False,2,0,0,,False,,95.5,2,False,confirmed_to_order,confirmed_to_order,confirmed_to_order,rule,2,True,False,9,0,False,1,1,45.0,146.0,False,False,,too_little_data,PEM103,Distribution Transformer,3 Phase Distribution Transformer,3 Phase 1000kVA 22kV 400/230V Dyn11 Low Loss (Total Loss 1.2%) 008 PEA
TF-F-99-2904221B1,PEM103,placeholder - pending method,TF-F-99-2904221B1,,,mixed,0.0,False,0,0,0,,False,,,0,False,conflict,conflict,conflict,rule,0,True,False,0,0,True,0,0,,,False,False,,no_production_in_system,PEM103,Distribution Transformer,3 Phase Distribution Transformer,3 Phase 1250kVA 22kV 400/230V Dyn11 Low Loss (Total Loss 1.2%) 008 PEA
TF-F-99-3004221B1,PEM103,placeholder - pending method,TF-F-99-3004221B1,,,mixed,0.0,False,0,0,0,,False,,,0,False,conflict,conflict,conflict,rule,0,True,False,0,0,True,0,0,,,False,False,,no_production_in_system,PEM103,Distribution Transformer,3 Phase Distribution Transformer,3 Phase 1500kVA 22kV 400/230V Dyn11 Low Loss (Total Loss 1.2%) 008 PEA
TF-F-99-3204221B1,PEM103,placeholder - pending method,TF-F-99-3204221B1,,,mixed,0.0,False,0,0,0,,False,,,0,False,conflict,conflict,conflict,rule,0,True,False,0,0,True,0,0,,,False,False,,no_production_in_system,PEM103,Distribution Transformer,3 Phase Distribution Transformer,3 Phase 1600kVA 22kV 400/230V Dyn11 Low Loss (Total Loss 1.2%) 008 PEA
TF-F-99-3104221B1,PEM103,placeholder - pending method,TF-F-99-3104221B1,,,mixed,0.0,False,0,0,0,,False,,,0,False,conflict,conflict,conflict,rule,0,True,False,0,0,True,0,0,,,False,False,,no_production_in_system,PEM103,Distribution Transformer,3 Phase Distribution Transformer,3 Phase 2000kVA 22kV 400/230V Dyn11 Low Loss (Total Loss 1.2%) 008 PEA
TF-F-99-3704221B1,PEM103,placeholder - pending method,TF-F-99-3704221B1,,,mixed,0.0,False,0,0,0,,False,,,0,False,conflict,conflict,conflict,rule,0,True,False,0,0,True,0,0,,,False,False,,no_production_in_system,PEM103,Distribution Transformer,3 Phase Distribution Transformer,3 Phase 2500kVA 22kV 400/230V Dyn11 Low Loss (Total Loss 1.2%) 008 PEA
TF-F-99-2107221B1,PEM103,placeholder - pending method,TF-F-99-2107221B1,,,mixed,0.0,False,0,0,0,,False,,,0,False,conflict,conflict,conflict,rule,0,True,False,9,0,False,0,0,,,False,False,,too_little_data,PEM103,Distribution Transformer,3 Phase Distribution Transformer,3 Phase 315kVA 33kV 400/230V Dyn11 Low Loss (Total Loss 1.2%) 008 PEA
TF-F-99-2107221B1.,PEM103,placeholder - pending method,TF-F-99-2107221B1.,,,mixed,0.0,False,0,0,0,,False,,,0,False,conflict,conflict,conflict,rule,0,True,False,0,0,True,0,0,,,False,False,,no_production_in_system,PEM103,Distribution Transformer,3 Phase Distribution Transformer,3 Phase 400kVA 33kV 400/230V Dyn11 Low Loss (Total Loss 1.2%) 008 PEA
TF-F-99-2307221B1,PEM103,placeholder - pending method,TF-F-99-2307221B1,,,mixed,0.0,False,0,0,0,,False,,,0,False,conflict,conflict,conflict,rule,0,True,False,0,0,True,0,0,,,False,False,,no_production_in_system,PEM103,Distribution Transformer,3 Phase Distribution Transformer,3 Phase 500kVA 33kV 400/230V Dyn11 Low Loss (Total Loss 1.2%) 008 PEA
TF-F-99-2407221B1,PEM103,forecast,TF-F-99-2407221B1,MTS,1.0,MTS,2.0,True,1,0,0,,False,,36.0,1,False,conflict,conflict,conflict,rule,1,True,False,9,0,False,1,0,36.0,,False,False,,too_little_data,PEM103,Distribution Transformer,3 Phase Distribution Transformer,3 Phase 630kVA 33kV 400/230V Dyn11 Low Loss (Total Loss 1.2%) 008 PEA
TF-F-99-2707221B1,PEM103,placeholder - pending method,TF-F-99-2707221B1,,,mixed,0.0,False,0,0,0,,False,,,0,False,conflict,conflict,conflict,rule,0,True,False,0,0,True,0,0,,,False,False,,no_production_in_system,PEM103,Distribution Transformer,3 Phase Distribution Transformer,3 Phase 800kVA 33kV 400/230V Dyn11 Low Loss (Total Loss 1.2%) 008 PEA
TF-F-99-2807221B1,PEM103,forecast,TF-F-99-2807221B1,MTS,1.0,MTS,0.0,False,1,0,0,,False,,28.0,1,False,conflict,conflict,conflict,rule,1,True,True,10,0,False,1,0,28.0,,False,False,,too_little_data,PEM103,Distribution Transformer,3 Phase Distribution Transformer,3 Phase 1000kVA 33kV 400/230V Dyn11 Low Loss (Total Loss 1.2%) 008 PEA
TF-F-99-2907221B1,PEM103,placeholder - pending method,TF-F-99-2907221B1,,,mixed,0.0,False,0,0,0,,False,,,0,False,conflict,conflict,conflict,rule,0,True,False,0,0,True,0,0,,,False,False,,no_production_in_system,PEM103,Distribution Transformer,3 Phase Distribution Transformer,3 Phase 1250kVA 33kV 400/230V Dyn11 Low Loss (Total Loss 1.2%) 008 PEA
TF-F-99-3007221B1,PEM103,placeholder - pending method,TF-F-99-3007221B1,,,mixed,0.0,False,0,0,0,,False,,,0,False,conflict,conflict,conflict,rule,0,True,False,0,0,True,0,0,,,False,False,,no_production_in_system,PEM103,Distribution Transformer,3 Phase Distribution Transformer,3 Phase 1500kVA 33kV 400/230V Dyn11 Low Loss (Total Loss 1.2%) 008 PEA
TF-F-99-3207221B1,PEM103,placeholder - pending method,TF-F-99-3207221B1,,,mixed,0.0,False,0,0,0,,False,,,0,False,conflict,conflict,conflict,rule,0,True,False,0,0,True,0,0,,,False,False,,no_production_in_system,PEM103,Distribution Transformer,3 Phase Distribution Transformer,3 Phase 1600kVA 33kV 400/230V Dyn11 Low Loss (Total Loss 1.2%) 008 PEA
TF-F-99-3107221B1,PEM103,placeholder - pending method,TF-F-99-3107221B1,,,mixed,0.0,False,0,0,0,,False,,,0,False,conflict,conflict,conflict,rule,0,True,False,0,0,True,0,0,,,False,False,,no_production_in_system,PEM103,Distribution Transformer,3 Phase Distribution Transformer,3 Phase 2000kVA 33kV 400/230V Dyn11 Low Loss (Total Loss 1.2%) 008 PEA
TF-F-99-3707221B1,PEM103,placeholder - pending method,TF-F-99-3707221B1,,,mixed,0.0,False,0,0,0,,False,,,0,False,conflict,conflict,conflict,rule,0,True,False,0,0,True,0,0,,,False,False,,no_production_in_system,PEM103,Distribution Transformer,3 Phase Distribution Transformer,3 Phase 2500kVA 33kV 400/230V Dyn11 Low Loss (Total Loss 1.2%) 008 PEA
TF-F-99-2104223B1,PEM103,forecast,TF-F-99-2104223B1,MTO,0.5,mixed,1.0,True,46,1,1,0.021739130434782608,True,False,76.5,46,False,conflict,conflict,conflict,rule,5,False,False,9,7,False,2,2,66.0,47.0,False,False,,conflict,PEM103,Distribution Transformer,3 Phase Distribution Transformer,3 Phase 315kVA 22kV 400/230V Dyn11 (Total Loss 1.5%) Normal loss
TF-F-99-2304223B1,PEM103,forecast,TF-F-99-2304223B1,MTO,0.5454545454545454,mixed,0.0,False,45,0,0,,False,,94.0,45,False,conflict,conflict,conflict,rule,5,False,False,10,9,False,0,3,,61.0,False,False,,conflict,PEM103,Distribution Transformer,3 Phase Distribution Transformer,3 Phase 400kVA 22kV 400/230V Dyn11 (Total Loss 1.5%) Normal loss
TF-F-99-2404223B1,PEM103,forecast,TF-F-99-2404223B1,MTO,0.6153846153846154,MTO,0.0,False,43,0,0,,False,,64.0,43,False,confirmed_to_order,confirmed_to_order,confirmed_to_order,rule,13,False,False,10,14,False,4,6,39.5,58.5,False,False,,confirmed_to_order,PEM103,Distribution Transformer,3 Phase Distribution Transformer,3 Phase 500kVA 22kV 400/230V Dyn11 (Total Loss 1.5%) Normal loss
TF-F-99-2504223B1,PEM103,forecast,TF-F-99-2504223B1,MTO,0.7142857142857143,MTO,0.0,False,32,0,0,,False,,75.5,32,False,confirmed_to_order,confirmed_to_order,confirmed_to_order,rule,6,False,False,10,5,False,0,2,,76.5,False,False,,confirmed_to_order,PEM103,Distribution Transformer,3 Phase Distribution Transformer,3 Phase 630kVA 22kV 400/230V Dyn11 (Total Loss 1.5%) Normal loss
TF-F-99-2704223B1,PEM103,forecast,TF-F-99-2704223B1,MTO,1.0,MTO,0.0,False,22,0,0,,False,,50.5,22,False,confirmed_to_order,confirmed_to_order,confirmed_to_order,rule,6,False,False,10,9,False,0,6,,82.0,False,False,,confirmed_to_order,PEM103,Distribution Transformer,3 Phase Distribution Transformer,3 Phase 800kVA 22kV 400/230V Dyn11 (Total Loss 1.5%) Normal loss
TF-F-99-2804223B1,PEM103,forecast,TF-F-99-2804223B1,MTO,0.8,MTO,0.0,False,31,0,0,,False,,73.0,31,False,confirmed_to_order,confirmed_to_order,confirmed_to_order,rule,9,False,False,10,14,False,1,6,59.0,81.5,False,False,,confirmed_to_order,PEM103,Distribution Transformer,3 Phase Distribution Transformer,3 Phase 1000kVA 22kV 400/230V Dyn11 (Total Loss 1.5%) Normal loss
TF-F-99-2904223B1,PEM103,placeholder - pending method,TF-F-99-2904223B1,,,mixed,0.0,False,1,0,0,,False,,2.0,1,True,conflict,conflict,conflict,rule,0,True,False,0,0,True,0,0,,,False,False,,no_production_in_system,PEM103,Distribution Transformer,3 Phase Distribution Transformer,3 Phase 1250kVA 22kV 400/230V Dyn11 (Total Loss 1.5%) Normal loss
TF-F-99-3004223B1,PEM103,placeholder - pending method,TF-F-99-3004223B1,,,mixed,0.0,False,0,0,0,,False,,,0,False,conflict,conflict,conflict,rule,0,True,False,0,0,True,0,0,,,False,False,,no_production_in_system,PEM103,Distribution Transformer,3 Phase Distribution Transformer,3 Phase 1500kVA 22kV 400/230V Dyn11 (Total Loss 1.5%) Normal loss
TF-F-99-3204223B1,PEM103,forecast,TF-F-99-3204223B1,MTO,1.0,MTO,0.0,False,3,0,0,,False,,47.0,3,False,confirmed_to_order,confirmed_to_order,confirmed_to_order,rule,2,True,False,10,1,False,0,3,,47.0,False,False,,too_little_data,PEM103,Distribution Transformer,3 Phase Distribution Transformer,3 Phase 1600kVA 22kV 400/230V Dyn11 (Total Loss 1.5%) Normal loss
TF-F-99-3104223B1,PEM103,forecast,TF-F-99-3104223B1,MTS,1.0,MTS,0.0,False,2,0,0,,False,,59.0,2,False,conflict,conflict,conflict,rule,1,True,True,0,0,True,1,0,98.0,,False,False,,no_production_in_system,PEM103,Distribution Transformer,3 Phase Distribution Transformer,3 Phase 2000kVA 22kV 400/230V Dyn11 (Total Loss 1.5%) Normal loss
TF-F-99-3704223B1,PEM103,placeholder - pending method,TF-F-99-3704223B1,,,mixed,0.0,False,1,0,0,,False,,20.0,1,False,conflict,conflict,conflict,rule,0,True,False,0,0,True,0,0,,,False,False,,no_production_in_system,PEM103,Distribution Transformer,3 Phase Distribution Transformer,3 Phase 2500kVA 22kV 400/230V Dyn11 (Total Loss 1.5%) Normal loss
TF-F-99-2107223B1,PEM103,forecast,TF-F-99-2107223B1,MTS,1.0,MTS,0.0,False,6,0,0,,False,,27.0,6,False,conflict,conflict,conflict,rule,6,False,True,0,0,True,6,0,27.0,,False,False,,no_production_in_system,PEM103,Distribution Transformer,3 Phase Distribution Transformer,3 Phase 315kVA 33kV 400/230V Dyn11 (Total Loss 1.5%) Normal loss
TF-F-99-2307223B1,PEM103,forecast,TF-F-99-2307223B1,MTS,1.0,MTS,0.0,False,2,0,0,,False,,30.0,2,False,conflict,conflict,conflict,rule,2,True,True,9,0,False,2,0,30.0,,False,False,,too_little_data,PEM103,Distribution Transformer,3 Phase Distribution Transformer,3 Phase 400kVA 33kV 400/230V Dyn11 (Total Loss 1.5%) Normal loss
TF-F-99-2407223B1,PEM103,forecast,TF-F-99-2407223B1,MTS,0.8571428571428571,MTS,1.0,True,9,1,1,0.1111111111111111,True,False,28.0,9,False,conflict,conflict,conflict,rule,7,False,False,9,2,False,6,1,24.0,66.0,False,False,,conflict,PEM103,Distribution Transformer,3 Phase Distribution Transformer,3 Phase 500kVA 33kV 400/230V Dyn11 (Total Loss 1.5%) Normal loss
TF-F-99-2507223B1,PEM103,placeholder - pending method,TF-F-99-2507223B1,,,mixed,0.0,False,0,0,0,,False,,,0,False,conflict,conflict,conflict,rule,0,True,False,0,0,True,0,0,,,False,False,,no_production_in_system,PEM103,Distribution Transformer,3 Phase Distribution Transformer,3 Phase 630kVA 33kV 400/230V Dyn11 (Total Loss 1.5%) Normal loss
TF-F-99-2707223B1,PEM103,placeholder - pending method,TF-F-99-2707223B1,,,mixed,0.0,False,0,0,0,,False,,,0,False,conflict,conflict,conflict,rule,0,True,False,0,0,True,0,0,,,False,False,,no_production_in_system,PEM103,Distribution Transformer,3 Phase Distribution Transformer,3 Phase 800kVA 33kV 400/230V Dyn11 (Total Loss 1.5%) Normal loss
TF-F-99-2807223B1,PEM103,placeholder - pending method,TF-F-99-2807223B1,,,mixed,0.0,False,0,0,0,,False,,,0,False,conflict,conflict,conflict,rule,0,True,False,0,0,True,0,0,,,False,False,,no_production_in_system,PEM103,Distribution Transformer,3 Phase Distribution Transformer,3 Phase 1000kVA 33kV 400/230V Dyn11 (Total Loss 1.5%) Normal loss
TF-F-99-2907223B1,PEM103,placeholder - pending method,TF-F-99-2907223B1,,,mixed,0.0,False,0,0,0,,False,,,0,False,conflict,conflict,conflict,rule,0,True,False,0,0,True,0,0,,,False,False,,no_production_in_system,PEM103,Distribution Transformer,3 Phase Distribution Transformer,3 Phase 1250kVA 33kV 400/230V Dyn11 (Total Loss 1.5%) Normal loss
TF-F-99-3007223B1,PEM103,placeholder - pending method,TF-F-99-3007223B1,,,mixed,0.0,False,0,0,0,,False,,,0,False,conflict,conflict,conflict,rule,0,True,False,0,0,True,0,0,,,False,False,,no_production_in_system,PEM103,Distribution Transformer,3 Phase Distribution Transformer,3 Phase 1500kVA 33kV 400/230V Dyn11 (Total Loss 1.5%) Normal loss
TF-F-99-3207223B1,PEM103,placeholder - pending method,TF-F-99-3207223B1,,,mixed,0.0,False,0,0,0,,False,,,0,False,conflict,conflict,conflict,rule,0,True,False,0,0,True,0,0,,,False,False,,no_production_in_system,PEM103,Distribution Transformer,3 Phase Distribution Transformer,3 Phase 1600kVA 33kV 400/230V Dyn11 (Total Loss 1.5%) Normal loss
TF-F-99-3107223B1,PEM103,placeholder - pending method,TF-F-99-3107223B1,,,mixed,1.0,True,1,0,0,,False,,50.0,1,False,conflict,conflict,conflict,rule,0,True,False,0,0,True,0,0,,,False,False,,no_production_in_system,PEM103,Distribution Transformer,3 Phase Distribution Transformer,3 Phase 2000kVA 33kV 400/230V Dyn11 (Total Loss 1.5%) Normal loss
TF-F-99-3707223B1,PEM103,forecast,TF-F-99-3707223B1,MTO,0.5,mixed,0.0,False,2,0,0,,False,,51.5,2,False,conflict,conflict,conflict,rule,2,True,False,10,0,False,1,1,51.0,52.0,False,False,,too_little_data,PEM103,Distribution Transformer,3 Phase Distribution Transformer,3 Phase 2500kVA 33kV 400/230V Dyn11 (Total Loss 1.5%) Normal loss
TF-F-99-2105433B4,PEM103,forecast,TF-F-99-2105433B4,MTO,1.0,MTO,0.0,False,1,0,0,,False,,46.0,1,False,confirmed_to_order,confirmed_to_order,confirmed_to_order,rule,1,True,False,3,0,False,0,1,,46.0,False,False,,too_little_data,PEM103,Distribution Transformer,3 Phase Distribution Transformer,3 Phase 315kVA 24kV 416/240V Dyn1 Normal loss
TF-F-99-2305433B4,PEM103,placeholder - pending method,TF-F-99-2305433B4,,,mixed,0.0,False,0,0,0,,False,,,0,False,conflict,conflict,conflict,rule,0,True,False,0,0,True,0,0,,,False,False,,no_production_in_system,PEM103,Distribution Transformer,3 Phase Distribution Transformer,3 Phase 400kVA 24kV 416/240V Dyn1 Normal loss
TF-F-99-2405433B4,PEM103,forecast,TF-F-99-2405433B4,MTO,0.5,mixed,0.0,False,8,0,0,,False,,63.0,8,False,conflict,conflict,conflict,rule,4,False,False,9,0,False,2,2,46.0,129.0,False,False,,conflict,PEM103,Distribution Transformer,3 Phase Distribution Transformer,3 Phase 500kVA 24kV 416/240V Dyn1 Normal loss
TF-F-99-2505433B4,PEM103,placeholder - pending method,TF-F-99-2505433B4,,,mixed,0.0,False,0,0,0,,False,,,0,False,conflict,conflict,conflict,rule,0,True,False,3,0,False,0,0,,,False,False,,too_little_data,PEM103,Distribution Transformer,3 Phase Distribution Transformer,3 Phase 630kVA 24kV 416/240V Dyn1 Normal loss
TF-F-99-2705433B4,PEM103,placeholder - pending method,TF-F-99-2705433B4,,,mixed,0.0,False,0,0,0,,False,,,0,False,conflict,conflict,conflict,rule,0,True,False,0,0,True,0,0,,,False,False,,no_production_in_system,PEM103,Distribution Transformer,3 Phase Distribution Transformer,3 Phase 800kVA 24kV 416/240V Dyn1 Normal loss
TF-F-99-2805433B4,PEM103,placeholder - pending method,TF-F-99-2805433B4,,,mixed,0.0,False,2,0,0,,False,,44.5,2,False,conflict,conflict,conflict,rule,0,True,False,9,0,False,0,0,,,False,False,,too_little_data,PEM103,Distribution Transformer,3 Phase Distribution Transformer,3 Phase 1000kVA 24kV 416/240V Dyn1 Normal loss
TF-F-99-2905433B4,PEM103,placeholder - pending method,TF-F-99-2905433B4,,,mixed,0.0,False,0,0,0,,False,,,0,False,conflict,conflict,conflict,rule,0,True,False,0,0,True,0,0,,,False,False,,no_production_in_system,PEM103,Distribution Transformer,3 Phase Distribution Transformer,3 Phase 1250kVA 24kV 416/240V Dyn1 Normal loss
TF-F-99-3005433B4,PEM103,placeholder - pending method,TF-F-99-3005433B4,,,mixed,0.0,False,0,0,0,,False,,,0,False,conflict,conflict,conflict,rule,0,True,False,0,0,True,0,0,,,False,False,,no_production_in_system,PEM103,Distribution Transformer,3 Phase Distribution Transformer,3 Phase 1500kVA 24kV 416/240V Dyn1 Normal loss
TF-F-99-3205433B4,PEM103,placeholder - pending method,TF-F-99-3205433B4,,,mixed,0.0,False,0,0,0,,False,,,0,False,conflict,conflict,conflict,rule,0,True,False,0,0,True,0,0,,,False,False,,no_production_in_system,PEM103,Distribution Transformer,3 Phase Distribution Transformer,3 Phase 1600kVA 24kV 416/240V Dyn1 Normal loss
TF-F-99-3105433B4,PEM103,placeholder - pending method,TF-F-99-3105433B4,,,mixed,0.0,False,0,0,0,,False,,,0,False,conflict,conflict,conflict,rule,0,True,False,0,0,True,0,0,,,False,False,,no_production_in_system,PEM103,Distribution Transformer,3 Phase Distribution Transformer,3 Phase 2000kVA 24kV 416/240V Dyn1 Normal loss
TF-F-99-3705433B4,PEM103,placeholder - pending method,TF-F-99-3705433B4,,,mixed,0.0,False,1,0,0,,False,,62.0,1,False,conflict,conflict,conflict,rule,0,True,False,0,0,True,0,0,,,False,False,,no_production_in_system,PEM103,Distribution Transformer,3 Phase Distribution Transformer,3 Phase 2500kVA 24kV 416/240V Dyn1 Normal loss
TF-F-99-0703811G1,PEM103,forecast,TF-F-99-0703811G1,MTS,0.9512195121951219,MTS,0.0,False,338,0,0,,False,,23.0,337,False,conflict,conflict,conflict,rule,93,False,True,9,0,False,85,8,14.0,28.5,True,True,0.954248366013072,mixed,PEM103,Distribution Transformer,1 Phase Distribution Transformer,1 Phase 30kVA 19kV 480/240V Low Loss Short Circuit (035 PEA)
TF-F-99-0704811G1,PEM103,forecast,TF-F-99-0704811G1,MTS,0.7576470588235295,MTS,1.0,True,638,0,0,,False,,24.5,638,False,conflict,conflict,conflict,rule,93,False,False,8,0,False,69,22,12.0,27.0,True,True,0.6865671641791045,mixed,PEM103,Distribution Transformer,1 Phase Distribution Transformer,1 Phase 30kVA 22kV 480/240V Low Loss Short Circuit (035 PEA)
TF-F-99-10044211Q1,PEM103,forecast,TF-F-99-10044211Q1,MTS,0.8876404494382022,MTS,1.0,True,604,0,0,,False,,23.0,603,False,conflict,conflict,conflict,rule,46,False,False,8,41,False,42,4,14.0,100.0,True,True,0.0,mixed,PEM103,Distribution Transformer,3 Phase Distribution Transformer,3 Phase 50kVA 22kV 416/240V Dyn11 Very Low Loss Short Circuit (035 PEA)
TF-F-99-12044211Q1,PEM103,forecast,TF-F-99-12044211Q1,MTS,0.9818181818181818,MTS,0.0,False,765,0,0,,False,,24.0,765,False,conflict,conflict,conflict,rule,117,False,True,9,82,False,111,2,12.0,11.5,False,False,,conflict,PEM103,Distribution Transformer,3 Phase Distribution Transformer,3 Phase 100kVA 22kV 416/240V Dyn11 Very Low Loss Short Circuit (035 PEA)
TF-F-99-15044211Q1,PEM103,forecast,TF-F-99-15044211Q1,MTS,0.9571428571428572,MTS,0.0,False,330,0,0,,False,,24.0,330,False,conflict,conflict,conflict,rule,67,False,True,8,40,False,63,3,15.0,15.0,False,False,,conflict,PEM103,Distribution Transformer,3 Phase Distribution Transformer,3 Phase 160kVA 22kV 416/240V Dyn11 Very Low Loss Short Circuit (035 PEA)
TF-F-99-19044211Q1,PEM103,forecast,TF-F-99-19044211Q1,MTS,0.9878934624697336,MTS,5.0,True,163,0,0,,False,,20.0,163,False,conflict,conflict,conflict,rule,45,False,False,9,34,False,40,2,14.0,14.0,False,False,,conflict,PEM103,Distribution Transformer,3 Phase Distribution Transformer,3 Phase 250kVA 22kV 416/240V Dyn11 Very Low Loss Short Circuit (035 PEA)
TF-F-99-10074211Q1,PEM103,forecast,TF-F-99-10074211Q1,MTS,0.975609756097561,MTS,11.0,True,71,0,0,,False,,22.0,71,False,conflict,conflict,conflict,rule,15,False,False,8,20,False,14,1,13.5,19.0,False,False,,conflict,PEM103,Distribution Transformer,3 Phase Distribution Transformer,3 Phase 50kVA 33kV 416/240V Dyn11 Very Low Loss Short Circuit (035 PEA)
TF-F-99-12074211Q1,PEM103,forecast,TF-F-99-12074211Q1,MTS,0.9047619047619048,MTS,0.0,False,79,0,0,,False,,22.0,79,False,conflict,conflict,conflict,rule,26,False,True,8,17,False,22,2,14.0,33.5,False,False,,conflict,PEM103,Distribution Transformer,3 Phase Distribution Transformer,3 Phase 100kVA 33kV 416/240V Dyn11 Very Low Loss Short Circuit (035 PEA)
TF-F-99-15074211Q1,PEM103,forecast,TF-F-99-15074211Q1,MTO,1.0,MTO,0.0,False,8,0,0,,False,,75.0,8,False,confirmed_to_order,confirmed_to_order,confirmed_to_order,rule,2,True,False,2,12,False,0,1,,29.0,False,False,,too_little_data,PEM103,Distribution Transformer,3 Phase Distribution Transformer,3 Phase 160kVA 33kV 416/240V Dyn11 Very Low Loss Short Circuit (035 PEA)
TF-F-99-19074211Q1,PEM103,forecast,TF-F-99-19074211Q1,MTS,0.515625,mixed,0.0,False,36,0,0,,False,,17.5,36,False,conflict,conflict,conflict,rule,29,False,False,8,19,False,23,2,17.0,33.0,False,False,,conflict,PEM103,Distribution Transformer,3 Phase Distribution Transformer,3 Phase 250kVA 33kV 416/240V Dyn11 Very Low Loss Short Circuit (035 PEA)
TF-F-99-10044211AB1,PEM103,forecast,TF-F-99-10044211AB1,MTO,0.8571428571428571,MTO,0.0,False,7,0,0,,False,,14.0,7,True,confirmed_to_order,confirmed_to_order,confirmed_to_order,rule,7,False,False,8,0,False,3,4,13.0,32.0,True,False,,confirmed_to_order,PEM103,Distribution Transformer,3 Phase Distribution Transformer,3 Phase 50kVA 22kV 416/240V Dyn11 Very Low Loss (052 PEA)
TF-F-99-12044211AB1,PEM103,forecast,TF-F-99-12044211AB1,MTS,0.75,MTS,0.0,False,4,0,0,,False,,13.0,4,True,conflict,conflict,conflict,rule,4,False,False,0,0,True,3,1,16.0,10.0,False,False,,no_production_in_system,PEM103,Distribution Transformer,3 Phase Distribution Transformer,3 Phase 100kVA 22kV 416/240V Dyn11 Very Low Loss (052 PEA)
TF-F-99-15044211AB1,PEM103,forecast,TF-F-99-15044211AB1,MTS,0.8,MTS,0.0,False,14,0,0,,False,,67.5,14,False,conflict,conflict,conflict,rule,6,False,True,9,8,False,3,1,8.0,10.0,False,False,,conflict,PEM103,Distribution Transformer,3 Phase Distribution Transformer,3 Phase 160kVA 22kV 416/240V Dyn11 Very Low Loss (052 PEA)
TF-F-99-19044211AB1,PEM103,placeholder - pending method,TF-F-99-19044211AB1,,,mixed,0.0,False,0,0,0,,False,,,0,False,conflict,conflict,conflict,rule,0,True,False,0,0,True,0,0,,,False,False,,no_production_in_system,PEM103,Distribution Transformer,3 Phase Distribution Transformer,3 Phase 250kVA 22kV 416/240V Dyn11 Very Low Loss (052 PEA)
TF-F-99-10074211AB1,PEM103,forecast,TF-F-99-10074211AB1,MTS,1.0,MTS,0.0,False,5,0,0,,False,,15.0,5,False,conflict,conflict,conflict,rule,5,False,True,0,0,True,5,0,15.0,,False,False,,no_production_in_system,PEM103,Distribution Transformer,3 Phase Distribution Transformer,3 Phase 50kVA 33kV 416/240V Dyn11 Very Low Loss (052 PEA)
TF-F-99-12074211AB1,PEM103,forecast,TF-F-99-12074211AB1,MTS,0.9230769230769231,MTS,0.0,False,13,0,0,,False,,17.0,13,False,conflict,conflict,conflict,rule,13,False,True,0,0,True,12,1,16.0,54.0,False,False,,no_production_in_system,PEM103,Distribution Transformer,3 Phase Distribution Transformer,3 Phase 100kVA 33kV 416/240V Dyn11 Very Low Loss (052 PEA)
TF-F-99-15074211AB1,PEM103,forecast,TF-F-99-15074211AB1,MTS,1.0,MTS,0.0,False,9,0,0,,False,,14.0,9,True,conflict,conflict,conflict,rule,9,False,False,2,1,False,9,0,14.0,,False,False,,conflict,PEM103,Distribution Transformer,3 Phase Distribution Transformer,3 Phase 160kVA 33kV 416/240V Dyn11 Very Low Loss (052 PEA)
TF-F-99-19074211AB1,PEM103,forecast,TF-F-99-19074211AB1,MTS,0.8666666666666667,MTS,0.0,False,13,0,0,,False,,15.0,13,False,conflict,conflict,conflict,rule,13,False,True,8,0,False,11,2,15.0,21.0,False,False,,conflict,PEM103,Distribution Transformer,3 Phase Distribution Transformer,3 Phase 250kVA 33kV 416/240V Dyn11 Very Low Loss (052 PEA)
TF-F-99-21044211H1,PEM103,forecast,TF-F-99-21044211H1,MTS,1.0,MTS,0.0,False,3,0,0,,False,,27.0,3,False,conflict,conflict,conflict,rule,3,False,True,9,0,False,3,0,27.0,,False,False,,conflict,PEM103,Distribution Transformer,3 Phase Distribution Transformer,3 Phase 315kVA 22kV 416/240V Dyn11 Low Loss Short Circuit (035 PEA)
TF-F-99-23044211H1,PEM103,forecast,TF-F-99-23044211H1,MTS,1.0,MTS,0.0,False,2,0,0,,False,,28.5,2,False,conflict,conflict,conflict,rule,2,True,True,9,1,False,2,0,28.5,,False,False,,too_little_data,PEM103,Distribution Transformer,3 Phase Distribution Transformer,3 Phase 400kVA 22kV 416/240V Dyn11 Low Loss Short Circuit (035 PEA)
TF-F-99-24044211H1,PEM103,forecast,TF-F-99-24044211H1,MTS,1.0,MTS,0.0,False,2,0,0,,False,,24.0,2,False,conflict,conflict,conflict,rule,2,True,True,9,1,False,2,0,24.0,,False,False,,too_little_data,PEM103,Distribution Transformer,3 Phase Distribution Transformer,3 Phase 500kVA 22kV 416/240V Dyn11 Low Loss Short Circuit (035 PEA)
TF-F-99-21074211H1,PEM103,forecast,TF-F-99-21074211H1,MTS,1.0,MTS,3.0,True,1,0,0,,False,,22.0,1,False,conflict,conflict,conflict,rule,1,True,False,9,0,False,1,0,22.0,,False,False,,too_little_data,PEM103,Distribution Transformer,3 Phase Distribution Transformer,3 Phase 315kVA 33kV 416/240V Dyn11 Low Loss Short Circuit (035 PEA)
TF-F-99-0703811AG1,PEM103,forecast,TF-F-99-0703811AG1,MTS,0.945273631840796,MTS,0.0,False,115,30,29,0.25217391304347825,True,False,29.0,115,False,conflict,conflict,conflict,rule,115,False,True,8,206,False,105,10,29.0,28.5,False,False,,conflict,PEM103,Distribution Transformer,1 Phase Distribution Transformer,1 Phase 30kVA 19kV 480/240V Low Loss SC New Spec 047/2568
TF-F-99-0704811AG1,PEM103,forecast,TF-F-99-0704811AG1,MTS,0.9763975155279503,MTS,0.0,False,153,18,18,0.11764705882352941,True,False,30.0,153,False,conflict,conflict,conflict,rule,153,False,True,8,283,False,148,4,30.0,29.5,False,False,,conflict,PEM103,Distribution Transformer,1 Phase Distribution Transformer,1 Phase 30kVA 22kV 480/240V Low Loss SC New Spec 047/2568
TF-F-99-10044211AF1,PEM103,forecast,TF-F-99-10044211AF1,MTS,1.0,MTS,0.0,False,4,1,0,0.0,True,False,25.0,4,False,conflict,conflict,conflict,rule,4,False,True,4,8,False,4,0,25.0,,False,False,,conflict,PEM103,Distribution Transformer,3 Phase Distribution Transformer,3 Phase 50kVA 22kV 416/240V Dyn11 Very Low Loss SC New Spec 035/2568
TF-F-99-12044211AF1,PEM103,forecast,TF-F-99-12044211AF1,MTS,0.9713375796178344,MTS,0.0,False,147,53,19,0.1292517006802721,True,False,28.0,147,False,conflict,conflict,conflict,rule,147,False,True,8,168,False,143,4,28.0,27.5,False,False,,conflict,PEM103,Distribution Transformer,3 Phase Distribution Transformer,3 Phase 100kVA 22kV 416/240V Dyn11 Very Low Loss SC New Spec 035/2568
TF-F-99-15044211AF1,PEM103,forecast,TF-F-99-15044211AF1,MTS,0.961038961038961,MTS,0.0,False,57,20,7,0.12280701754385964,True,False,28.0,57,False,conflict,conflict,conflict,rule,57,False,True,8,57,False,54,3,28.0,26.0,False,False,,conflict,PEM103,Distribution Transformer,3 Phase Distribution Transformer,3 Phase 160kVA 22kV 416/240V Dyn11 Very Low Loss SC New Spec 035/2568
TF-F-99-19044211AF1,PEM103,forecast,TF-F-99-19044211AF1,MTS,1.0,MTS,0.0,False,9,3,3,0.3333333333333333,True,False,24.0,9,False,conflict,conflict,conflict,rule,9,False,True,8,10,False,9,0,24.0,,False,False,,conflict,PEM103,Distribution Transformer,3 Phase Distribution Transformer,3 Phase 250kVA 22kV 416/240V Dyn11 Very Low Loss SC New Spec 035/2568
TF-F-99-10074211AF1,PEM103,placeholder - pending method,TF-F-99-10074211AF1,,,mixed,0.0,False,0,0,0,,False,,,0,False,conflict,conflict,conflict,rule,0,True,False,8,0,False,0,0,,,False,False,,too_little_data,PEM103,Distribution Transformer,3 Phase Distribution Transformer,3 Phase 50kVA 33kV 416/240V Dyn11 Very Low Loss SC New Spec 035/2568
TF-F-99-12074211AF1,PEM103,forecast,TF-F-99-12074211AF1,MTS,0.9297297297297298,MTS,0.0,False,72,16,14,0.19444444444444445,True,False,29.0,72,False,conflict,conflict,conflict,rule,72,False,True,8,86,False,66,6,29.0,28.5,False,False,,conflict,PEM103,Distribution Transformer,3 Phase Distribution Transformer,3 Phase 100kVA 33kV 416/240V Dyn11 Very Low Loss SC New Spec 035/2568
TF-F-99-15074211AF1,PEM103,forecast,TF-F-99-15074211AF1,MTS,1.0,MTS,0.0,False,8,7,3,0.375,True,False,24.5,8,False,conflict,conflict,conflict,rule,8,False,True,4,16,False,8,0,24.5,,False,False,,conflict,PEM103,Distribution Transformer,3 Phase Distribution Transformer,3 Phase 160kVA 33kV 416/240V Dyn11 Very Low Loss SC New Spec 035/2568
TF-F-99-19074211AF1,PEM103,forecast,TF-F-99-19074211AF1,MTS,0.9384615384615385,MTS,0.0,False,37,9,6,0.16216216216216217,True,False,28.0,37,False,conflict,conflict,conflict,rule,37,False,True,8,36,False,32,4,27.5,34.5,False,False,,conflict,PEM103,Distribution Transformer,3 Phase Distribution Transformer,3 Phase 250kVA 33kV 416/240V Dyn11 Very Low Loss SC New Spec 035/2568
CM-F-99-447000,PEM104,excluded - division excluded from forecasting (data volume),CM-F-99-447000,MTO,0.5,mixed,0.0,False,4,4,0,0.0,True,False,11.5,4,True,conflict,confirmed_to_order,confirmed_to_order,business_confirmed,4,False,False,2,9,False,2,2,7.0,15.0,False,False,,confirmed_to_order,PEM104,Protection Relay,PQM,PQM panel (Outdoor) UMG512 PRO **Supply by Customer**
CM-F-99-447003,PEM104,excluded - division excluded from forecasting (data volume),CM-F-99-447003,MTO,0.6,MTO,1.0,True,5,5,2,0.4,True,False,1.0,5,True,conflict,confirmed_to_order,confirmed_to_order,business_confirmed,5,False,False,2,8,False,2,3,17.5,1.0,False,False,,confirmed_to_order,PEM104,Protection Relay,,PQM panel (Outdoor) UMG512 PRO
CM-F-99-447005,PEM104,excluded - division excluded from forecasting (data volume),CM-F-99-447005,,,mixed,0.0,False,0,0,0,,False,,,0,False,conflict,confirmed_to_order,confirmed_to_order,business_confirmed,0,True,False,2,0,False,0,0,,,False,False,,confirmed_to_order,PEM104,Protection Relay,,PQM panel (Outdoor) UMG512 PRO & UMG96RM
CM-F-99-447007,PEM104,excluded - division excluded from forecasting (data volume),CM-F-99-447007,,,mixed,0.0,False,0,0,0,,False,,,0,False,conflict,confirmed_to_order,confirmed_to_order,business_confirmed,0,True,False,2,0,False,0,0,,,False,False,,confirmed_to_order,PEM104,Protection Relay,Zero Export Panel,Zero Export Panel (Outdoor) UMG96RM
RL-F-99-440000,PEM104,excluded - division excluded from forecasting (data volume),RL-F-99-440000,,,mixed,0.0,False,0,0,0,,False,,,0,False,conflict,confirmed_to_order,confirmed_to_order,business_confirmed,0,True,False,2,0,False,0,0,,,False,False,,confirmed_to_order,PEM104,Protection Relay,PQM & RELAY,PQM & RELAY panel (Outdoor) UMG512 PRO & Schneider P3U
RL-F-99-440002,PEM104,excluded - division excluded from forecasting (data volume),RL-F-99-440002,MTO,1.0,MTO,0.0,False,1,1,0,0.0,True,False,24.0,1,False,confirmed_to_order,confirmed_to_order,confirmed_to_order,business_confirmed,1,True,False,2,1,False,0,1,,24.0,False,False,,confirmed_to_order,PEM104,Protection Relay,,PQM & RELAY panel (Outdoor) UMG512 PRO & SIEMENS 7SJ80
RL-F-99-440004,PEM104,excluded - division excluded from forecasting (data volume),RL-F-99-440004,MTO,1.0,MTO,0.0,False,2,2,0,0.0,True,False,7.5,2,True,confirmed_to_order,confirmed_to_order,confirmed_to_order,business_confirmed,2,True,False,2,2,False,0,2,,7.5,False,False,,confirmed_to_order,PEM104,Protection Relay,,PQM & RELAY panel (Outdoor) UMG512 PRO & SEL751 (FOR PEA)
RL-F-99-440005,PEM104,excluded - division excluded from forecasting (data volume),RL-F-99-440005,,,mixed,0.0,False,0,0,0,,False,,,0,False,conflict,confirmed_to_order,confirmed_to_order,business_confirmed,0,True,False,2,0,False,0,0,,,False,False,,confirmed_to_order,PEM104,Protection Relay,,PQM & RELAY panel (Outdoor) UMG512 PRO & SEL751 (FOR MEA)
RL-F-99-440013,PEM104,excluded - division excluded from forecasting (data volume),RL-F-99-440013,,,mixed,0.0,False,0,0,0,,False,,,0,False,conflict,confirmed_to_order,confirmed_to_order,business_confirmed,0,True,False,2,0,False,0,0,,,False,False,,confirmed_to_order,PEM104,Protection Relay,RELAY,RELAY panel (Outdoor) Schneider P3U
RL-F-99-440015,PEM104,excluded - division excluded from forecasting (data volume),RL-F-99-440015,,,mixed,0.0,False,0,0,0,,False,,,0,False,conflict,confirmed_to_order,confirmed_to_order,business_confirmed,0,True,False,2,0,False,0,0,,,False,False,,confirmed_to_order,PEM104,Protection Relay,,RELAY panel (Outdoor) SIEMENS 7SJ80
RL-F-99-440017,PEM104,excluded - division excluded from forecasting (data volume),RL-F-99-440017,,,mixed,0.0,False,0,0,0,,False,,,0,False,conflict,confirmed_to_order,confirmed_to_order,business_confirmed,0,True,False,2,0,False,0,0,,,False,False,,confirmed_to_order,PEM104,Protection Relay,,RELAY panel (Outdoor) SEL751 (FOR PEA)
RL-F-99-440018,PEM104,excluded - division excluded from forecasting (data volume),RL-F-99-440018,ETO,1.0,ETO,0.0,False,1,1,0,0.0,True,False,19.0,1,False,confirmed_to_order,confirmed_to_order,confirmed_to_order,business_confirmed,1,True,False,2,1,False,0,1,,19.0,False,False,,confirmed_to_order,PEM104,Protection Relay,,RELAY panel (Outdoor) SEL751 (FOR MEA)
RS-F-99-070007,PEM107,forecast,RS-F-99-070007,MTO,0.609375,MTO,0.0,False,57,29,0,0.0,True,False,42.0,57,False,confirmed_to_order,confirmed_to_order,confirmed_to_order,kept_rule_class,13,False,False,2,32,False,5,11,56.0,64.0,False,False,,confirmed_to_order,PEM107,Instrument Transformer (Dry Type),Current Transformer Type LDB,"LDB-35 : 100/5A, 5VA, Cl.0.5"
RS-F-99-070002,PEM107,forecast,RS-F-99-070002,MTS,0.6853293413173652,MTS,208.0,True,270,98,22,0.08148148148148149,True,False,27.0,259,False,conflict,conflict,conflict,kept_rule_class,41,False,False,2,87,False,28,12,16.5,53.0,False,False,,conflict,PEM107,Instrument Transformer (Dry Type),Current Transformer Type LDB,"LDB-35 : 150/5A, 5VA, Cl.0.5"
RS-F-99-070003,PEM107,forecast,RS-F-99-070003,MTO,0.7444746025591314,MTO,3.0,True,170,40,2,0.011764705882352941,True,False,30.0,168,False,confirmed_to_order,confirmed_to_order,confirmed_to_order,kept_rule_class,23,False,False,2,58,False,6,19,49.0,71.0,False,False,,confirmed_to_order,PEM107,Instrument Transformer (Dry Type),Current Transformer Type LDB,"LDB-35 : 200/5A, 5VA, Cl.0.5"
RS-F-99-070004,PEM107,forecast,RS-F-99-070004,MTS,0.7493584260051326,MTS,29.0,True,250,90,31,0.124,True,False,27.0,243,False,conflict,conflict,conflict,kept_rule_class,47,False,False,2,81,False,34,12,13.5,33.0,True,True,0.8444666001994018,mixed,PEM107,Instrument Transformer (Dry Type),Current Transformer Type LDB,"LDB-35 : 250/5A, 5VA, Cl.0.5"
RS-F-99-070006,PEM107,forecast,RS-F-99-070006,MTO,0.8096564531104921,MTO,0.0,False,91,35,0,0.0,True,False,47.0,91,False,confirmed_to_order,confirmed_to_order,confirmed_to_order,kept_rule_class,26,False,False,2,36,False,6,21,59.5,71.0,False,False,,confirmed_to_order,PEM107,Instrument Transformer (Dry Type),Current Transformer Type LDB,"LDB-35 : 300/5A, 5VA, Cl.0.5"
RS-F-99-070005,PEM107,forecast,RS-F-99-070005,MTS,0.7720524017467248,MTS,101.0,True,239,86,25,0.10460251046025104,True,False,27.5,230,False,conflict,conflict,conflict,kept_rule_class,39,False,False,2,85,False,26,9,20.5,33.0,False,False,,conflict,PEM107,Instrument Transformer (Dry Type),Current Transformer Type LDB,"LDB-35 : 400/5A, 5VA, Cl.0.5"
RS-F-99-070019,PEM107,forecast,RS-F-99-070019,MTO,1.0,MTO,0.0,False,21,6,0,0.0,True,False,39.0,21,False,confirmed_to_order,confirmed_to_order,confirmed_to_order,kept_rule_class,2,True,False,2,7,False,0,2,,43.5,False,False,,confirmed_to_order,PEM107,Instrument Transformer (Dry Type),Current Transformer Type LDB,"LDB-35 : 500/5A, 5VA, Cl.0.5"
RS-F-99-070021,PEM107,forecast,RS-F-99-070021,MTO,1.0,MTO,0.0,False,16,6,0,0.0,True,False,29.0,16,False,confirmed_to_order,confirmed_to_order,confirmed_to_order,kept_rule_class,1,True,False,2,7,False,0,1,,49.0,False,False,,confirmed_to_order,PEM107,Instrument Transformer (Dry Type),Current Transformer Type LDB,"LDB-35 : 600/5A, 5VA, Cl.0.5"
RS-F-99-070024,PEM107,forecast,RS-F-99-070024,MTO,1.0,MTO,0.0,False,22,4,0,0.0,True,False,26.0,22,False,confirmed_to_order,confirmed_to_order,confirmed_to_order,kept_rule_class,1,True,False,2,4,False,0,1,,38.0,False,False,,confirmed_to_order,PEM107,Instrument Transformer (Dry Type),Current Transformer Type LDB,"LDB-35 : 800/5A, 5VA, Cl.0.5"
RS-F-99-050320,PEM107,placeholder - pending method,RS-F-99-050320,,,mixed,0.0,False,0,0,0,,False,,,0,False,conflict,conflict,conflict,rule,0,True,False,2,1,False,0,0,,,False,False,,too_little_data,PEM107,Instrument Transformer (Dry Type),Current Transformer Type CDB,CDB 100/5A 10VA CL0.5Fs10
RS-F-99-05xxxx-1,PEM107,placeholder - pending method,RS-F-99-05xxxx-1,,,mixed,0.0,False,0,0,0,,False,,,0,False,conflict,conflict,conflict,rule,0,True,False,0,0,True,0,0,,,False,False,,no_production_in_system,PEM107,Instrument Transformer (Dry Type),Current Transformer Type CDB,CDB 200/5A 10VA CL0.5Fs10
RS-F-99-050036,PEM107,placeholder - pending method,RS-F-99-050036,,,mixed,0.0,False,1,0,0,,False,,4.0,1,True,conflict,conflict,conflict,rule,0,True,False,2,0,False,0,0,,,False,False,,too_little_data,PEM107,Instrument Transformer (Dry Type),Current Transformer Type CDB,CDB 300/5A 10VA CL0.5Fs10
RS-F-99-050235,PEM107,placeholder - pending method,RS-F-99-050235,,,mixed,0.0,False,1,0,0,,False,,7.0,1,True,conflict,conflict,conflict,rule,0,True,False,2,0,False,0,0,,,False,False,,too_little_data,PEM107,Instrument Transformer (Dry Type),Current Transformer Type CDB,CDB 500/5A 10VA CL0.5Fs10
RS-F-99-050128,PEM107,forecast,RS-F-99-050128,MTO,1.0,MTO,0.0,False,2,1,0,0.0,True,False,12.0,2,True,confirmed_to_order,confirmed_to_order,confirmed_to_order,kept_rule_class,1,True,False,2,2,False,0,1,,10.0,False,False,,confirmed_to_order,PEM107,Instrument Transformer (Dry Type),Current Transformer Type CDB,CDB 800/5A 10VA CL0.5Fs10
RS-F-99-050074,PEM107,placeholder - pending method,RS-F-99-050074,,,mixed,0.0,False,2,0,0,,False,,9.0,2,True,conflict,conflict,conflict,rule,0,True,False,2,0,False,0,0,,,False,False,,too_little_data,PEM107,Instrument Transformer (Dry Type),Current Transformer Type CDB,CDB 1000/5A 10VA CL0.5Fs10
RS-F-99-050050,PEM107,placeholder - pending method,RS-F-99-050050,,,mixed,0.0,False,7,1,0,0.0,True,False,21.0,7,False,conflict,conflict,conflict,rule,0,True,False,2,1,False,0,0,,,False,False,,too_little_data,PEM107,Instrument Transformer (Dry Type),Current Transformer Type CDB,CDB 1200/5A 10VA CL0.5Fs10
RS-F-99-050207,PEM107,placeholder - pending method,RS-F-99-050207,,,mixed,0.0,False,6,1,0,0.0,True,False,10.5,6,True,conflict,conflict,conflict,rule,0,True,False,2,1,False,0,0,,,False,False,,too_little_data,PEM107,Instrument Transformer (Dry Type),Current Transformer Type CDB,CDB 1600/5A 10VA CL0.5Fs10
RS-F-99-050276,PEM107,placeholder - pending method,RS-F-99-050276,,,mixed,0.0,False,1,0,0,,False,,21.0,1,False,conflict,conflict,conflict,rule,0,True,False,2,1,False,0,0,,,False,False,,too_little_data,PEM107,Instrument Transformer (Dry Type),Current Transformer Type CDB,CDB 2000/5A 10VA CL0.5Fs10
RS-F-99-050101,PEM107,placeholder - pending method,RS-F-99-050101,,,mixed,0.0,False,3,0,0,,False,,19.0,3,False,conflict,conflict,conflict,rule,0,True,False,2,0,False,0,0,,,False,False,,too_little_data,PEM107,Instrument Transformer (Dry Type),Current Transformer Type CDB,CDB 2500/5A 10VA CL0.5Fs10
RS-F-99-050117,PEM107,placeholder - pending method,RS-F-99-050117,,,mixed,0.0,False,2,0,0,,False,,18.0,2,False,conflict,conflict,conflict,rule,0,True,False,2,1,False,0,0,,,False,False,,too_little_data,PEM107,Instrument Transformer (Dry Type),Current Transformer Type CDB,CDB 3000/5A 10VA CL0.5Fs10
RS-F-99-050023,PEM107,forecast,RS-F-99-050023,MTO,1.0,MTO,0.0,False,4,1,0,0.0,True,False,12.0,4,True,confirmed_to_order,confirmed_to_order,confirmed_to_order,kept_rule_class,1,True,False,2,1,False,0,1,,18.0,False,False,,confirmed_to_order,PEM107,Instrument Transformer (Dry Type),Current Transformer Type CDB,CDB 4000/5A 10VA CL0.5Fs10
RS-F-99-090002,PEM107,forecast,RS-F-99-090002,MTO,1.0,MTO,0.0,False,6,1,0,0.0,True,False,75.0,6,False,confirmed_to_order,confirmed_to_order,confirmed_to_order,kept_rule_class,1,True,False,2,1,False,0,1,,6.0,False,False,,confirmed_to_order,PEM107,Instrument Transformer (Dry Type),Current Transformer Type LExM,LExM-35 : 200/5A (0.6 B 0.1-0.2&0.5)
RS-F-99-090003,PEM107,forecast,RS-F-99-090003,MTO,1.0,MTO,0.0,False,29,7,0,0.0,True,False,38.0,29,False,confirmed_to_order,confirmed_to_order,confirmed_to_order,kept_rule_class,9,False,False,2,13,False,0,5,,6.0,False,False,,confirmed_to_order,PEM107,Instrument Transformer (Dry Type),Current Transformer Type LExM,LExM-55 : 400/5A (0.6 B 0.1-0.2&0.5)
RS-F-99-090010,PEM107,forecast,RS-F-99-090010,MTO,1.0,MTO,0.0,False,5,3,0,0.0,True,False,4.0,5,True,confirmed_to_order,confirmed_to_order,confirmed_to_order,kept_rule_class,2,True,False,2,3,False,0,2,,21.5,False,False,,confirmed_to_order,PEM107,Instrument Transformer (Dry Type),Current Transformer Type LExM,LExM-35 : 200/5A 5 VA Class 0.5
RS-F-99-090011,PEM107,forecast,RS-F-99-090011,MTO,0.5,mixed,0.0,False,4,3,0,0.0,True,False,9.0,4,True,conflict,conflict,conflict,kept_rule_class,3,False,False,2,3,False,2,1,11.5,12.0,False,False,,conflict,PEM107,Instrument Transformer (Dry Type),Current Transformer Type LExM,LExM-55 : 400/5A 5 VA Class 0.5
RS-F-99-090030,PEM107,forecast,RS-F-99-090030,MTO,1.0,MTO,0.0,False,5,5,0,0.0,True,False,43.0,5,False,confirmed_to_order,confirmed_to_order,confirmed_to_order,kept_rule_class,3,False,False,2,5,False,0,3,,32.0,False,False,,confirmed_to_order,PEM107,Instrument Transformer (Dry Type),Current Transformer Type LExM-IOT,	LExM-130 150/5A 5 VA CL.0.5 Fs<5
RS-F-99-090028,PEM107,forecast,RS-F-99-090028,MTO,1.0,MTO,0.0,False,11,9,0,0.0,True,False,27.0,11,False,confirmed_to_order,confirmed_to_order,confirmed_to_order,kept_rule_class,9,False,False,2,107,False,0,9,,27.0,False,False,,confirmed_to_order,PEM107,Instrument Transformer (Dry Type),Current Transformer Type LExM-IOT,LExM-130 250/5 A 5 VA CL.0.5 Fs<5
RS-F-99-090026,PEM107,forecast,RS-F-99-090026,MTO,1.0,MTO,0.0,False,14,12,0,0.0,True,False,24.5,14,False,confirmed_to_order,confirmed_to_order,confirmed_to_order,kept_rule_class,10,False,False,2,19,False,0,10,,22.5,False,False,,confirmed_to_order,PEM107,Instrument Transformer (Dry Type),Current Transformer Type LExM-IOT,	LExM-130 400/5A 5VA CL.0.5Fs<5
RS-F-99-090041,PEM107,forecast,RS-F-99-090041,MTO,1.0,MTO,0.0,False,1,1,0,0.0,True,False,38.0,1,False,confirmed_to_order,confirmed_to_order,confirmed_to_order,kept_rule_class,1,True,False,2,1,False,0,1,,38.0,False,False,,confirmed_to_order,PEM107,Instrument Transformer (Dry Type),Current Transformer Type LExM-IOT,LExM-130 500/5A 5VA CL.0.5 Fs<5
RS-F-99-090038,PEM107,forecast,RS-F-99-090038,MTO,1.0,MTO,0.0,False,1,1,0,0.0,True,False,16.0,1,False,confirmed_to_order,confirmed_to_order,confirmed_to_order,kept_rule_class,1,True,False,2,1,False,0,1,,16.0,False,False,,confirmed_to_order,PEM107,Instrument Transformer (Dry Type),Current Transformer Type LExM-IOT,LExM-130 600/5A 5VA CL.0.5 Fs<5
RS-F-99-090033,PEM107,forecast,RS-F-99-090033,MTO,1.0,MTO,0.0,False,1,1,0,0.0,True,False,33.0,1,False,confirmed_to_order,confirmed_to_order,confirmed_to_order,kept_rule_class,1,True,False,2,2,False,0,1,,33.0,False,False,,confirmed_to_order,PEM107,Instrument Transformer (Dry Type),Current Transformer Type LExM-IOT,LExM-155 800/5A 5 VA CL.0.5 Fs<5
RS-F-99-090027,PEM107,forecast,RS-F-99-090027,MTO,1.0,MTO,0.0,False,4,3,0,0.0,True,False,30.5,4,False,confirmed_to_order,confirmed_to_order,confirmed_to_order,kept_rule_class,3,False,False,2,3,False,0,3,,34.0,False,False,,confirmed_to_order,PEM107,Instrument Transformer (Dry Type),Current Transformer Type LExM-IOT,LExM-155 1000/5 A 5 VA CL.0.5 Fs<5
RS-F-99-090xxx,PEM107,placeholder - pending method,RS-F-99-090xxx,,,mixed,0.0,False,1,0,0,,False,,35.0,1,False,conflict,conflict,conflict,rule,0,True,False,0,0,True,0,0,,,False,False,,no_production_in_system,PEM107,Instrument Transformer (Dry Type),Current Transformer Type LExM-IOT,	LExM-175 1200/5A 5VA CL.0.5Fs<5
RS-F-99-090039,PEM107,forecast,RS-F-99-090039,MTO,1.0,MTO,0.0,False,1,1,0,0.0,True,False,20.0,1,False,confirmed_to_order,confirmed_to_order,confirmed_to_order,kept_rule_class,1,True,False,2,2,False,0,1,,20.0,False,False,,confirmed_to_order,PEM107,Instrument Transformer (Dry Type),Current Transformer Type LExM-IOT,LExM-175 1500/5A 5VA CL.0.5 Fs<5
RS-F-99-100001,PEM107,forecast,RS-F-99-100001,MTO,0.9454545454545454,MTO,0.0,False,100,15,2,0.02,True,False,44.5,100,False,confirmed_to_order,confirmed_to_order,confirmed_to_order,kept_rule_class,14,False,False,2,16,False,1,13,31.0,27.0,False,False,,confirmed_to_order,PEM107,Instrument Transformer (Dry Type),Voltage Transformer Type VEG,"VEG-24 : 22000/√3/110/√3/110/√3V, 50VA, Cl.0.5&3P"
RS-F-99-100013,PEM107,forecast,RS-F-99-100013,MTO,1.0,MTO,3.0,True,12,5,0,0.0,True,False,36.0,12,False,confirmed_to_order,confirmed_to_order,confirmed_to_order,kept_rule_class,1,True,False,2,8,False,0,1,,31.0,False,False,,confirmed_to_order,PEM107,Instrument Transformer (Dry Type),Voltage Transformer Type VEG,"VEG-24 : 22000/√3/110/√3V, 50VA, Cl.0.5"
RS-F-99-130011,PEM107,forecast,RS-F-99-130011,MTO,1.0,MTO,0.0,False,12,3,0,0.0,True,False,77.0,12,False,confirmed_to_order,confirmed_to_order,confirmed_to_order,kept_rule_class,3,False,False,2,3,False,0,2,,39.0,False,False,,confirmed_to_order,PEM107,Instrument Transformer (Dry Type),Voltage Transformer Type VEL,"VEL-24 : 24000/120-240V, 25VA, Cl.0.5"
RS-F-99-120002,PEM107,forecast,RS-F-99-120002,MTO,1.0,MTO,0.0,False,40,10,1,0.025,True,False,24.5,40,False,confirmed_to_order,confirmed_to_order,confirmed_to_order,kept_rule_class,5,False,False,2,11,False,0,4,,38.5,False,False,,confirmed_to_order,PEM107,Instrument Transformer (Dry Type),Voltage Transformer Type VExL,"VExL-24 : 24000/120V, 0.6WXY&1.2Z"
RS-F-99-120006,PEM107,forecast,RS-F-99-120006,MTO,1.0,MTO,0.0,False,27,4,0,0.0,True,False,81.0,27,False,confirmed_to_order,confirmed_to_order,confirmed_to_order,kept_rule_class,4,False,False,2,4,False,0,4,,33.0,False,False,,confirmed_to_order,PEM107,Instrument Transformer (Dry Type),Voltage Transformer Type VExL,"VExL-24 : 22000/110V, 50VA, Cl.0.5"
RS-F-99-040004,PEM107,forecast,RS-F-99-040004,MTO,1.0,MTO,0.0,False,16,4,0,0.0,True,False,19.5,16,False,confirmed_to_order,confirmed_to_order,confirmed_to_order,kept_rule_class,1,True,False,2,5,False,0,2,,123.5,False,False,,confirmed_to_order,PEM107,Instrument Transformer (Dry Type),Current Transformer Type CExL,"CExL-24 : 50:5A, [0.6B0.1,0.2&0.5]"
RS-F-99-040006,PEM107,forecast,RS-F-99-040006,MTO,1.0,MTO,0.0,False,19,5,0,0.0,True,False,39.0,19,False,confirmed_to_order,confirmed_to_order,confirmed_to_order,kept_rule_class,5,False,False,2,5,False,0,1,,205.0,False,False,,confirmed_to_order,PEM107,Instrument Transformer (Dry Type),Current Transformer Type CExL,"CExL-24 : 200:5A, [0.6B0.1,0.2&0.5]"
RS-F-99-040003,PEM107,placeholder - pending method,RS-F-99-040003,,,mixed,0.0,False,8,3,0,0.0,True,False,27.0,8,False,conflict,conflict,conflict,rule,0,True,False,2,5,False,0,0,,,False,False,,too_little_data,PEM107,Instrument Transformer (Dry Type),Current Transformer Type CExL,"CExL-24 : 25:5A, [0.6B0.1,0.2&0.5]"
RS-F-99-041001,PEM107,forecast,RS-F-99-041001,MTS,0.5925925925925926,mixed,0.0,False,76,20,2,0.02631578947368421,True,False,52.0,76,False,conflict,conflict,conflict,kept_rule_class,9,False,False,2,24,False,8,6,32.0,58.5,False,False,,conflict,PEM107,Instrument Transformer (Dry Type),Current Transformer Type CExL,"CExL-24 : 10/5A, 30VA, Cl.0.5Fs10"
RS-F-99-041002,PEM107,forecast,RS-F-99-041002,MTO,0.9454545454545454,MTO,0.0,False,64,19,0,0.0,True,False,62.0,64,False,confirmed_to_order,confirmed_to_order,confirmed_to_order,kept_rule_class,9,False,False,2,20,False,1,14,43.0,41.0,False,False,,confirmed_to_order,PEM107,Instrument Transformer (Dry Type),Current Transformer Type CExL,"CExL-24 : 15/5A, 30VA, Cl.0.5Fs10"
RS-F-99-041033,PEM107,forecast,RS-F-99-041033,MTO,0.5514018691588785,mixed,0.0,False,57,20,0,0.0,True,False,69.0,57,False,conflict,conflict,conflict,kept_rule_class,10,False,False,2,23,False,7,10,63.0,47.0,False,False,,conflict,PEM107,Instrument Transformer (Dry Type),Current Transformer Type CExL,"CExL-24 : 20/5A, 30VA, Cl.0.5Fs10"
RS-F-99-041003,PEM107,forecast,RS-F-99-041003,MTO,0.5789473684210527,mixed,0.0,False,23,6,0,0.0,True,False,75.0,23,False,conflict,conflict,conflict,kept_rule_class,3,False,False,2,6,False,2,2,25.0,45.0,False,False,,conflict,PEM107,Instrument Transformer (Dry Type),Current Transformer Type CExL,"CExL-24 : 25/5A, 30VA, Cl.0.5Fs10"
RS-F-99-041034,PEM107,forecast,RS-F-99-041034,MTO,0.6146788990825688,MTO,0.0,False,43,17,0,0.0,True,False,46.0,43,False,confirmed_to_order,confirmed_to_order,confirmed_to_order,kept_rule_class,9,False,False,2,21,False,6,9,54.0,29.0,False,False,,confirmed_to_order,PEM107,Instrument Transformer (Dry Type),Current Transformer Type CExL,"CExL-24 : 30/5A, 30VA, Cl.0.5Fs10"
RS-F-99-041004,PEM107,forecast,RS-F-99-041004,MTO,0.6274509803921569,MTO,0.0,False,48,10,0,0.0,True,False,55.5,48,False,confirmed_to_order,confirmed_to_order,confirmed_to_order,kept_rule_class,7,False,False,2,12,False,4,4,53.5,50.5,False,False,,confirmed_to_order,PEM107,Instrument Transformer (Dry Type),Current Transformer Type CExL,"CExL-24 : 50/5A, 30VA, Cl.0.5Fs10"
RS-F-99-041015,PEM107,forecast,RS-F-99-041015,MTO,0.5,mixed,0.0,False,29,9,0,0.0,True,False,77.0,29,False,conflict,conflict,conflict,kept_rule_class,7,False,False,2,9,False,4,4,51.5,54.0,False,False,,conflict,PEM107,Instrument Transformer (Dry Type),Current Transformer Type CExL,"CExL-24 : 75/5A, 30VA, Cl.0.5Fs10"
RS-F-99-041005,PEM107,forecast,RS-F-99-041005,MTO,0.7272727272727273,MTO,0.0,False,38,10,0,0.0,True,False,53.0,38,False,confirmed_to_order,confirmed_to_order,confirmed_to_order,kept_rule_class,8,False,False,2,14,False,3,6,23.0,54.0,False,False,,confirmed_to_order,PEM107,Instrument Transformer (Dry Type),Current Transformer Type CExL,"CExL-24 : 100/5A, 30VA, Cl.0.5Fs10"
RS-F-99-041010,PEM107,forecast,RS-F-99-041010,MTO,0.75,MTO,0.0,False,31,12,0,0.0,True,False,34.0,31,False,confirmed_to_order,confirmed_to_order,confirmed_to_order,kept_rule_class,7,False,False,2,12,False,3,6,23.0,35.0,False,False,,confirmed_to_order,PEM107,Instrument Transformer (Dry Type),Current Transformer Type CExL,"CExL-24 : 150/5A, 30VA, Cl.0.5Fs10"
RS-F-99-041006,PEM107,forecast,RS-F-99-041006,MTO,0.8706896551724138,MTO,0.0,False,23,11,0,0.0,True,False,80.0,23,False,confirmed_to_order,confirmed_to_order,confirmed_to_order,kept_rule_class,11,False,False,2,13,False,2,10,48.0,55.5,False,False,,confirmed_to_order,PEM107,Instrument Transformer (Dry Type),Current Transformer Type CExL,"CExL-24 : 200/5A, 30VA, Cl.0.5Fs10"
RS-F-99-041035,PEM107,forecast,RS-F-99-041035,MTO,1.0,MTO,0.0,False,15,4,0,0.0,True,False,79.0,15,False,confirmed_to_order,confirmed_to_order,confirmed_to_order,kept_rule_class,3,False,False,2,8,False,0,5,,82.0,False,False,,confirmed_to_order,PEM107,Instrument Transformer (Dry Type),Current Transformer Type CExL,"CExL-24 : 250/5A, 30VA, Cl.0.5Fs10"
RS-F-99-041007,PEM107,forecast,RS-F-99-041007,MTO,1.0,MTO,12.0,True,19,9,0,0.0,True,False,80.0,19,False,confirmed_to_order,confirmed_to_order,confirmed_to_order,kept_rule_class,6,False,False,2,11,False,0,7,,52.0,False,False,,confirmed_to_order,PEM107,Instrument Transformer (Dry Type),Current Transformer Type CExL,"CExL-24 : 300/5A, 30VA, Cl.0.5Fs10"
RS-F-99-041008,PEM107,forecast,RS-F-99-041008,MTO,1.0,MTO,12.0,True,17,11,0,0.0,True,False,61.0,17,False,confirmed_to_order,confirmed_to_order,confirmed_to_order,kept_rule_class,7,False,False,2,12,False,0,10,,57.5,False,False,,confirmed_to_order,PEM107,Instrument Transformer (Dry Type),Current Transformer Type CExL,"CExL-24 : 400/5A, 30VA, Cl.0.5Fs10"
RS-F-99-010127,PEM107,forecast,RS-F-99-010127,MTO,1.0,MTO,0.0,False,16,9,0,0.0,True,False,69.5,16,False,confirmed_to_order,confirmed_to_order,confirmed_to_order,kept_rule_class,5,False,False,2,9,False,0,5,,35.0,False,False,,confirmed_to_order,PEM107,Instrument Transformer (Dry Type),Current Transformer Type CEL,CEL-24 10/5A 30VA CL0.5Fs10
RS-F-99-010128,PEM107,forecast,RS-F-99-010128,MTO,1.0,MTO,0.0,False,16,11,0,0.0,True,False,65.5,16,False,confirmed_to_order,confirmed_to_order,confirmed_to_order,kept_rule_class,8,False,False,2,11,False,0,8,,52.0,False,False,,confirmed_to_order,PEM107,Instrument Transformer (Dry Type),Current Transformer Type CEL,CEL-24 15/5A 30VA CL0.5Fs10
RS-F-99-010122,PEM107,forecast,RS-F-99-010122,MTO,1.0,MTO,0.0,False,20,10,0,0.0,True,False,55.0,20,False,confirmed_to_order,confirmed_to_order,confirmed_to_order,kept_rule_class,8,False,False,2,10,False,0,8,,49.5,False,False,,confirmed_to_order,PEM107,Instrument Transformer (Dry Type),Current Transformer Type CEL,CEL-24 25/5A 30VA CL0.5Fs10
RS-F-99-010129,PEM107,forecast,RS-F-99-010129,MTO,1.0,MTO,0.0,False,17,10,0,0.0,True,False,62.0,17,False,confirmed_to_order,confirmed_to_order,confirmed_to_order,kept_rule_class,7,False,False,2,10,False,0,5,,50.0,False,False,,confirmed_to_order,PEM107,Instrument Transformer (Dry Type),Current Transformer Type CEL,CEL-24 50/5A 30VA CL0.5Fs10
RS-F-99-010123,PEM107,forecast,RS-F-99-010123,MTO,1.0,MTO,0.0,False,24,15,0,0.0,True,False,67.0,24,False,confirmed_to_order,confirmed_to_order,confirmed_to_order,kept_rule_class,11,False,False,2,16,False,0,11,,54.0,False,False,,confirmed_to_order,PEM107,Instrument Transformer (Dry Type),Current Transformer Type CEL,CEL-24 100/5A 30VA CL0.5Fs10
RS-F-99-010124,PEM107,forecast,RS-F-99-010124,MTO,1.0,MTO,0.0,False,13,7,0,0.0,True,False,64.0,13,False,confirmed_to_order,confirmed_to_order,confirmed_to_order,kept_rule_class,6,False,False,2,8,False,0,6,,49.5,False,False,,confirmed_to_order,PEM107,Instrument Transformer (Dry Type),Current Transformer Type CEL,CEL-24 200/5A 30VA CL0.5Fs10
RS-F-99-010114,PEM107,forecast,RS-F-99-010114,MTO,1.0,MTO,0.0,False,4,2,0,0.0,True,False,26.5,4,False,confirmed_to_order,confirmed_to_order,confirmed_to_order,kept_rule_class,2,True,False,2,2,False,0,2,,20.5,False,False,,confirmed_to_order,PEM107,Instrument Transformer (Dry Type),Current Transformer Type CEL,CEL-24 300/5A 30VA CL0.5Fs10
RS-F-99-010130,PEM107,placeholder - pending method,RS-F-99-010130,,,mixed,0.0,False,1,0,0,,False,,62.0,1,False,conflict,conflict,conflict,rule,0,True,False,2,0,False,0,0,,,False,False,,too_little_data,PEM107,Instrument Transformer (Dry Type),Current Transformer Type CEL,CEL-24 400/5A 30VA CL0.5Fs10
RS-F-99-010018,PEM107,placeholder - pending method,RS-F-99-010018,,,mixed,0.0,False,0,0,0,,False,,,0,False,conflict,conflict,conflict,rule,0,True,False,0,0,True,0,0,,,False,False,,no_production_in_system,PEM107,Instrument Transformer (Dry Type),Current Transformer Type CEL,CEL-24 600/5A 30VA CL0.5Fs10
RS-F-99-01xxxx-3,PEM107,placeholder - pending method,RS-F-99-01xxxx-3,,,mixed,0.0,False,0,0,0,,False,,,0,False,conflict,conflict,conflict,rule,0,True,False,0,0,True,0,0,,,False,False,,no_production_in_system,PEM107,Instrument Transformer (Dry Type),Current Transformer Type CEL,CEL-24 1000/5A 30VA CL0.5Fs10
RS-F-99-01xxxx-4,PEM107,placeholder - pending method,RS-F-99-01xxxx-4,,,mixed,0.0,False,0,0,0,,False,,,0,False,conflict,conflict,conflict,rule,0,True,False,0,0,True,0,0,,,False,False,,no_production_in_system,PEM107,Instrument Transformer (Dry Type),Current Transformer Type CEL,CEL-24 2000/5A 30VA CL0.5Fs10
VT-F-99-010105,PEM107,forecast,VT-F-99-010105,MTO,1.0,MTO,0.0,False,10,3,0,0.0,True,False,25.0,10,False,confirmed_to_order,confirmed_to_order,confirmed_to_order,kept_rule_class,2,True,False,2,3,False,0,2,,25.0,False,False,,confirmed_to_order,PEM107,Instrument Transformer (Oil Type),Voltage Transformer Type VOL,"VOL-12 : 11000/110V, 50VA, Cl.0.5"
VT-F-99-010203,PEM107,forecast,VT-F-99-010203,MTS,0.5991407799074686,mixed,30.0,True,1831,554,382,0.20862916439104315,True,False,14.0,1824,True,conflict,conflict,conflict,kept_rule_class,354,False,False,2,577,False,367,27,7.0,254.0,True,True,0.4690721649484536,mixed,PEM107,Instrument Transformer (Oil Type),Voltage Transformer Type VOL,"VOL-24 : 22000/110V, 50VA, Cl.0.5 (Private)"
VT-F-99-010203.,PEM107,placeholder - pending method,VT-F-99-010203.,,,mixed,0.0,False,0,0,0,,False,,,0,False,conflict,conflict,conflict,rule,0,True,False,0,0,True,0,0,,,False,False,,no_production_in_system,PEM107,Instrument Transformer (Oil Type),Voltage Transformer Type VOL,"VOL-24 : 22000/110V, 50VA, Cl.0.5 (PEA Regional)"
VT-F-99-010209,PEM107,forecast,VT-F-99-010209,MTO,0.7906976744186046,MTO,2.0,True,43,27,1,0.023255813953488372,True,False,16.0,43,False,confirmed_to_order,confirmed_to_order,confirmed_to_order,kept_rule_class,18,False,False,2,28,False,5,14,19.0,21.0,False,False,,confirmed_to_order,PEM107,Instrument Transformer (Oil Type),Voltage Transformer Type VOL,"VOL-24 : 24000/120V, 50VA, Cl.0.5"
VT-F-99-010205,PEM107,forecast,VT-F-99-010205,MTO,0.5714285714285714,mixed,8.0,True,101,23,12,0.1188118811881188,True,False,15.0,101,False,conflict,conflict,conflict,kept_rule_class,2,True,False,2,124,False,1,1,34.0,24.0,False,False,,too_little_data,PEM107,Instrument Transformer (Oil Type),Voltage Transformer Type VOL,"VOL-24 : 22000/110V, 500VA, Cl.3 For LBS Op.4"
VT-F-99-010202,PEM107,forecast,VT-F-99-010202,MTO,0.5266272189349113,mixed,7.0,True,169,66,26,0.15384615384615385,True,False,32.0,169,False,conflict,conflict,conflict,kept_rule_class,51,False,False,2,160,False,46,10,17.0,55.0,False,False,,conflict,PEM107,Instrument Transformer (Oil Type),Voltage Transformer Type VOL,"VOL-24 : 22000/230V, 500VA, Cl.3"
VT-F-99-010303,PEM107,forecast,VT-F-99-010303,MTS,0.6831683168316832,MTS,5.0,True,194,55,30,0.15463917525773196,True,False,26.0,194,False,conflict,conflict,conflict,kept_rule_class,52,False,False,2,69,False,31,17,22.0,24.0,False,False,,conflict,PEM107,Instrument Transformer (Oil Type),Voltage Transformer Type VOL,"VOL-36 : 33000/110V, 50VA, Cl.0.5 (PEA Regional)"
VT-F-99-010303.,PEM107,placeholder - pending method,VT-F-99-010303.,,,mixed,0.0,False,0,0,0,,False,,,0,False,conflict,conflict,conflict,rule,0,True,False,0,0,True,0,0,,,False,False,,no_production_in_system,PEM107,Instrument Transformer (Oil Type),Voltage Transformer Type VOL,"VOL-36 : 33000/110V, 50VA, Cl.0.5 (Private)"
VT-F-99-010306,PEM107,placeholder - pending method,VT-F-99-010306,,,mixed,0.0,False,5,0,0,,False,,17.0,5,False,conflict,conflict,conflict,rule,0,True,False,2,10,False,0,0,,,False,False,,too_little_data,PEM107,Instrument Transformer (Oil Type),Voltage Transformer Type VOL,"VOL-36 : 33000/110V, 500VA, Cl.3 For LBS Op.4"
VT-F-99-010302,PEM107,forecast,VT-F-99-010302,MTO,0.9846153846153847,MTO,0.0,False,40,15,0,0.0,True,False,42.0,40,False,confirmed_to_order,confirmed_to_order,confirmed_to_order,kept_rule_class,16,False,False,2,19,False,1,9,19.0,36.0,False,False,,confirmed_to_order,PEM107,Instrument Transformer (Oil Type),Voltage Transformer Type VOL,"VOL-36 : 33000/230V, 500VA, Cl.3 "
VT-F-99-010615,PEM107,forecast,VT-F-99-010615,MTO,1.0,MTO,0.0,False,37,10,0,0.0,True,False,276.0,37,False,confirmed_to_order,confirmed_to_order,confirmed_to_order,kept_rule_class,5,False,False,2,14,False,0,2,,421.5,False,False,,confirmed_to_order,PEM107,Instrument Transformer (Oil Type),Voltage Transformer Type VOG,"VOG-24 : 22000/√3:110/√3&110/√3V 50VA, Cl.0.2 (EGAT)"
VT-F-99-010616,PEM107,forecast,VT-F-99-010616,MTO,1.0,MTO,0.0,False,33,17,0,0.0,True,False,38.0,33,False,confirmed_to_order,confirmed_to_order,confirmed_to_order,kept_rule_class,12,False,False,2,19,False,0,15,,56.0,False,False,,confirmed_to_order,PEM107,Instrument Transformer (Oil Type),Voltage Transformer Type VOG,"VOG-24 : 22000/√3:110/√3V 50VA, Cl.0.5 1 Bushing"
VT-F-99-010721,PEM107,forecast,VT-F-99-010721,MTS,0.993573264781491,MTS,17.0,True,3248,1664,1053,0.3241995073891626,True,False,15.0,3243,False,conflict,conflict,conflict,kept_rule_class,1328,False,False,2,1841,False,1356,8,11.0,33.0,True,True,0.9951768488745981,mixed,PEM107,Instrument Transformer (Oil Type),Voltage Transformer Type VOG,"VOG-242 : 22000/√3:110/√3&110/√3V 50VA, Cl.0.5&3P (yn0&yn0)"
VT-F-99-010715,PEM107,forecast,VT-F-99-010715,MTS,0.9722222222222222,MTS,1.0,True,183,146,98,0.5355191256830601,True,True,17.0,183,False,stock_policy,stock_policy,stock_policy,kept_rule_class,100,False,False,2,158,False,97,3,16.0,19.0,False,False,,stock_policy,PEM107,Instrument Transformer (Oil Type),Voltage Transformer Type VOG,"VOG-242 : 22000/√3:110/√3V 50VA, Cl.0.5"
VT-F-99-010701,PEM107,forecast,VT-F-99-010701,MTS,1.0,MTS,31.0,True,184,30,16,0.08695652173913043,True,False,25.0,183,False,conflict,conflict,conflict,kept_rule_class,27,False,False,2,147,False,27,0,9.0,,False,False,,conflict,PEM107,Instrument Transformer (Oil Type),Voltage Transformer Type VOG,"VOG-242 : 22000/√3:110/√3V 500VA, Cl.3 For LBS Op.5 & 6"
VT-F-99-010722,PEM107,forecast,VT-F-99-010722,MTO,0.7480748074807481,MTO,31.0,True,206,74,21,0.10194174757281553,True,False,50.5,206,False,confirmed_to_order,confirmed_to_order,confirmed_to_order,kept_rule_class,66,False,False,2,174,False,46,12,28.0,81.5,False,False,,confirmed_to_order,PEM107,Instrument Transformer (Oil Type),Voltage Transformer Type VOG,VOG-242-P : For LBS Op.7
VT-F-99-010819,PEM107,forecast,VT-F-99-010819,MTS,0.9403973509933775,MTS,1.0,True,298,162,73,0.24496644295302014,True,False,24.0,297,False,conflict,conflict,conflict,kept_rule_class,125,False,False,2,183,False,120,7,25.0,35.0,False,False,,conflict,PEM107,Instrument Transformer (Oil Type),Voltage Transformer Type VOG,"VOG-362 : 33000/√3:110/√3&110/√3V 50VA, Cl.0.5&3P (yn0&yn0)"
VT-F-99-010818,PEM107,forecast,VT-F-99-010818,MTO,1.0,MTO,0.0,False,27,22,0,0.0,True,False,30.0,27,False,confirmed_to_order,confirmed_to_order,confirmed_to_order,kept_rule_class,18,False,False,2,23,False,0,18,,30.0,False,False,,confirmed_to_order,PEM107,Instrument Transformer (Oil Type),Voltage Transformer Type VOG,"VOG-362 : 33000/√3:110/√3V 50VA, Cl.0.5"
VT-F-99-01802,PEM107,placeholder - pending method,VT-F-99-01802,,,mixed,0.0,False,0,0,0,,False,,,0,False,conflict,conflict,conflict,rule,0,True,False,0,0,True,0,0,,,False,False,,no_production_in_system,PEM107,Instrument Transformer (Oil Type),Voltage Transformer Type VOG,"VOG-362 : 33000/√3:110/√3V 500VA, Cl.3 For LBS Op.5 & 6"
VT-F-99-010820,PEM107,forecast,VT-F-99-010820,MTO,0.7527272727272727,MTO,7.0,True,91,22,5,0.054945054945054944,True,False,43.0,91,False,confirmed_to_order,confirmed_to_order,confirmed_to_order,kept_rule_class,28,False,False,2,48,False,16,7,29.0,50.0,False,False,,confirmed_to_order,PEM107,Instrument Transformer (Oil Type),Voltage Transformer Type VOG,VOG-362-P : For LBS Op.7
CT-F-99-020501,PEM107,forecast,CT-F-99-020501,MTO,0.5634861006761833,mixed,17.0,True,520,128,75,0.14423076923076922,True,False,17.0,519,False,conflict,conflict,conflict,kept_rule_class,67,False,False,2,138,False,62,12,11.5,111.5,True,True,0.12536443148688048,mixed,PEM107,Instrument Transformer (Oil Type),Current Transformer Type COL,"COL-24 : 10/5A, 30VA, Cl.0.5"
CT-F-99-020514,PEM107,forecast,CT-F-99-020514,MTO,0.9914893617021276,MTO,2.0,True,51,15,0,0.0,True,False,44.0,51,False,confirmed_to_order,confirmed_to_order,confirmed_to_order,kept_rule_class,14,False,False,2,15,False,1,13,97.0,62.0,False,False,,confirmed_to_order,PEM107,Instrument Transformer (Oil Type),Current Transformer Type COL,"COL-24 : 15/5A, 30VA, Cl.0.5"
CT-F-99-020502,PEM107,forecast,CT-F-99-020502,MTS,0.7225,MTS,8.0,True,649,221,125,0.1926040061633282,True,False,15.0,646,False,conflict,conflict,conflict,kept_rule_class,151,False,False,2,247,False,140,14,9.5,83.5,True,True,0.6712328767123288,mixed,PEM107,Instrument Transformer (Oil Type),Current Transformer Type COL,"COL-24 : 20/5A, 30VA, Cl.0.5"
CT-F-99-020503,PEM107,forecast,CT-F-99-020503,MTS,0.8862629246676514,MTS,28.0,True,618,239,164,0.26537216828478966,True,False,14.0,613,True,stock_policy,stock_policy,stock_policy,kept_rule_class,172,False,False,2,266,False,164,7,9.5,71.0,True,False,,stock_policy,PEM107,Instrument Transformer (Oil Type),Current Transformer Type COL,"COL-24 : 30/5A, 30VA, Cl.0.5"
CT-F-99-020504,PEM107,forecast,CT-F-99-020504,MTS,0.9251497005988024,MTS,64.0,True,1038,517,320,0.30828516377649323,True,False,14.0,1037,True,stock_policy,stock_policy,stock_policy,kept_rule_class,387,False,False,2,597,False,372,17,10.0,49.0,True,False,,stock_policy,PEM107,Instrument Transformer (Oil Type),Current Transformer Type COL,"COL-24 : 50/5A, 30VA, Cl.0.5"
CT-F-99-020505,PEM107,forecast,CT-F-99-020505,MTS,0.9217731421121251,MTS,19.0,True,615,309,201,0.32682926829268294,True,False,15.0,615,False,conflict,conflict,conflict,kept_rule_class,229,False,False,2,354,False,223,7,11.0,70.0,True,True,0.920265780730897,mixed,PEM107,Instrument Transformer (Oil Type),Current Transformer Type COL,"COL-24 : 75/5A, 30VA, Cl.0.5"
CT-F-99-020506,PEM107,forecast,CT-F-99-020506,MTS,0.9500805152979066,MTS,34.0,True,904,488,302,0.334070796460177,True,False,13.0,901,True,stock_policy,stock_policy,stock_policy,kept_rule_class,380,False,False,2,601,False,370,11,10.0,49.0,True,False,,stock_policy,PEM107,Instrument Transformer (Oil Type),Current Transformer Type COL,"COL-24 : 100/5A, 30VA, Cl.0.5"
CT-F-99-020507,PEM107,forecast,CT-F-99-020507,MTS,0.9266666666666666,MTS,19.0,True,540,253,166,0.3074074074074074,True,False,15.0,540,False,conflict,conflict,conflict,kept_rule_class,185,False,False,2,320,False,181,6,13.0,33.0,True,True,0.7908163265306123,mixed,PEM107,Instrument Transformer (Oil Type),Current Transformer Type COL,"COL-24 : 150/5A, 30VA, Cl.0.5"
CT-F-99-020508,PEM107,forecast,CT-F-99-020508,MTS,0.9546247818499127,MTS,19.0,True,529,228,154,0.29111531190926276,True,False,15.0,526,False,conflict,conflict,conflict,kept_rule_class,184,False,False,2,277,False,176,5,11.0,31.0,True,True,0.9587628865979382,mixed,PEM107,Instrument Transformer (Oil Type),Current Transformer Type COL,"COL-24 : 200/5A, 30VA, Cl.0.5"
CT-F-99-020509,PEM107,forecast,CT-F-99-020509,MTO,0.625,MTO,3.0,True,37,13,0,0.0,True,False,27.0,37,False,confirmed_to_order,confirmed_to_order,confirmed_to_order,kept_rule_class,5,False,False,2,13,False,2,3,14.5,33.0,False,False,,confirmed_to_order,PEM107,Instrument Transformer (Oil Type),Current Transformer Type COL,"COL-24 : 250/5A, 30VA, Cl.0.5"
CT-F-99-020510,PEM107,forecast,CT-F-99-020510,MTS,0.9119047619047619,MTS,17.0,True,363,151,98,0.2699724517906336,True,False,15.0,363,False,conflict,conflict,conflict,kept_rule_class,125,False,False,2,182,False,120,4,10.5,27.0,True,True,0.9833333333333333,mixed,PEM107,Instrument Transformer (Oil Type),Current Transformer Type COL,"COL-24 : 300/5A, 30VA, Cl.0.5"
CT-F-99-020511,PEM107,forecast,CT-F-99-020511,MTS,0.9906976744186047,MTS,11.0,True,192,69,48,0.25,True,False,21.0,192,False,conflict,conflict,conflict,kept_rule_class,61,False,False,2,96,False,58,1,17.5,132.0,False,False,,conflict,PEM107,Instrument Transformer (Oil Type),Current Transformer Type COL,"COL-24 : 400/5A, 30VA, Cl.0.5"
CT-F-99-020512,PEM107,forecast,CT-F-99-020512,MTS,0.7857142857142857,MTS,0.0,False,33,8,0,0.0,True,False,29.0,33,False,conflict,conflict,conflict,kept_rule_class,5,False,True,2,9,False,2,2,21.0,67.0,False,False,,conflict,PEM107,Instrument Transformer (Oil Type),Current Transformer Type COL,"COL-24 : 500/5A, 30VA, Cl.0.5"
CT-F-99-020513,PEM107,forecast,CT-F-99-020513,MTO,1.0,MTO,0.0,False,37,9,0,0.0,True,False,27.0,37,False,confirmed_to_order,confirmed_to_order,confirmed_to_order,kept_rule_class,5,False,False,2,10,False,0,5,,48.0,False,False,,confirmed_to_order,PEM107,Instrument Transformer (Oil Type),Current Transformer Type COL,"COL-24 : 600/5A, 30VA, Cl.0.5"
CT-F-99-020533,PEM107,placeholder - pending method,CT-F-99-020533,,,mixed,0.0,False,3,0,0,,False,,30.0,3,False,conflict,conflict,conflict,rule,0,True,False,2,0,False,0,0,,,False,False,,too_little_data,PEM107,Instrument Transformer (Oil Type),Current Transformer Type COL,"COL-24 : 10:5/5A, 30VA, Cl.0.5&5P20 (2 Core)"
CT-F-99-020522,PEM107,forecast,CT-F-99-020522,MTO,1.0,MTO,0.0,False,21,5,0,0.0,True,False,27.0,21,False,confirmed_to_order,confirmed_to_order,confirmed_to_order,kept_rule_class,5,False,False,2,5,False,0,5,,31.0,False,False,,confirmed_to_order,PEM107,Instrument Transformer (Oil Type),Current Transformer Type COL,"COL-24 : 20:5/5A, 30VA, Cl.0.5&5P20 (2 Core)"
CT-F-99-020534,PEM107,forecast,CT-F-99-020534,MTO,1.0,MTO,0.0,False,3,1,0,0.0,True,False,30.0,3,False,confirmed_to_order,confirmed_to_order,confirmed_to_order,kept_rule_class,1,True,False,2,1,False,0,1,,30.0,False,False,,confirmed_to_order,PEM107,Instrument Transformer (Oil Type),Current Transformer Type COL,"COL-24 : 25:5/5A, 30VA, Cl.0.5&5P20 (2 Core)"
CT-F-99-020523,PEM107,forecast,CT-F-99-020523,MTO,1.0,MTO,0.0,False,46,10,0,0.0,True,False,20.0,46,False,confirmed_to_order,confirmed_to_order,confirmed_to_order,kept_rule_class,4,False,False,2,10,False,0,4,,16.0,False,False,,confirmed_to_order,PEM107,Instrument Transformer (Oil Type),Current Transformer Type COL,"COL-24 : 30:5/5A, 30VA, Cl.0.5&5P20 (2 Core)"
CT-F-99-020525,PEM107,forecast,CT-F-99-020525,MTS,1.0,MTS,8.0,True,204,45,17,0.08333333333333333,True,False,15.0,204,False,conflict,conflict,conflict,kept_rule_class,25,False,False,2,52,False,25,0,10.0,,False,False,,conflict,PEM107,Instrument Transformer (Oil Type),Current Transformer Type COL,"COL-24 : 50:5/5A, 30VA, Cl.0.5&5P20 (2 Core)"
CT-F-99-020531,PEM107,forecast,CT-F-99-020531,MTS,0.9577464788732394,MTS,0.0,False,183,33,15,0.08196721311475409,True,False,18.0,183,False,conflict,conflict,conflict,kept_rule_class,23,False,True,2,47,False,22,1,9.5,12.0,False,False,,conflict,PEM107,Instrument Transformer (Oil Type),Current Transformer Type COL,"COL-24 : 75:5/5A, 30VA, Cl.0.5&5P20 (2 Core)"
CT-F-99-020527,PEM107,forecast,CT-F-99-020527,MTS,0.9892086330935251,MTS,16.0,True,544,124,49,0.0900735294117647,True,False,19.0,540,False,conflict,conflict,conflict,kept_rule_class,90,False,False,2,143,False,89,1,10.0,30.0,False,False,,conflict,PEM107,Instrument Transformer (Oil Type),Current Transformer Type COL,"COL-24 : 100:5/5A, 30VA, Cl.0.5&5P20 (2 Core)"
CT-F-99-020524,PEM107,forecast,CT-F-99-020524,MTS,1.0,MTS,9.0,True,316,86,32,0.10126582278481013,True,False,18.0,315,False,conflict,conflict,conflict,kept_rule_class,65,False,False,2,117,False,65,0,21.0,,False,False,,conflict,PEM107,Instrument Transformer (Oil Type),Current Transformer Type COL,"COL-24 : 150:5/5A, 30VA, Cl.0.5&5P20 (2 Core)"
CT-F-99-020528,PEM107,forecast,CT-F-99-020528,MTS,0.9910979228486647,MTS,6.0,True,424,142,50,0.1179245283018868,True,False,17.0,424,False,conflict,conflict,conflict,kept_rule_class,114,False,False,2,185,False,113,1,15.0,54.0,False,False,,conflict,PEM107,Instrument Transformer (Oil Type),Current Transformer Type COL,"COL-24 : 200:5/5A, 30VA, Cl.0.5&5P20 (2 Core)"
CT-F-99-020529,PEM107,forecast,CT-F-99-020529,MTO,1.0,MTO,0.0,False,42,11,1,0.023809523809523808,True,False,28.0,42,False,confirmed_to_order,confirmed_to_order,confirmed_to_order,kept_rule_class,9,False,False,2,11,False,0,9,,28.0,False,False,,confirmed_to_order,PEM107,Instrument Transformer (Oil Type),Current Transformer Type COL,"COL-24 : 250:5/5A, 30VA, Cl.0.5&5P20 (2 Core)"
CT-F-99-020530,PEM107,forecast,CT-F-99-020530,MTS,0.9537037037037037,MTS,7.0,True,302,123,44,0.1456953642384106,True,False,15.0,302,False,conflict,conflict,conflict,kept_rule_class,104,False,False,2,166,False,100,4,19.5,6.5,False,False,,conflict,PEM107,Instrument Transformer (Oil Type),Current Transformer Type COL,"COL-24 : 300:5/5A, 30VA, Cl.0.5&5P20 (2 Core)"
CT-F-99-020526,PEM107,forecast,CT-F-99-020526,MTS,1.0,MTS,5.0,True,139,52,18,0.12949640287769784,True,False,19.0,139,False,conflict,conflict,conflict,kept_rule_class,49,False,False,2,76,False,49,0,15.0,,False,False,,conflict,PEM107,Instrument Transformer (Oil Type),Current Transformer Type COL,"COL-24 : 400:5/5A, 30VA, Cl.0.5&5P20 (2 Core)"
CT-F-99-020535,PEM107,forecast,CT-F-99-020535,MTO,0.8,MTO,0.0,False,34,9,1,0.029411764705882353,True,False,27.5,34,False,confirmed_to_order,confirmed_to_order,confirmed_to_order,kept_rule_class,8,False,False,2,14,False,2,6,24.5,43.0,False,False,,confirmed_to_order,PEM107,Instrument Transformer (Oil Type),Current Transformer Type COL,"COL-24 : 500:5/5A, 30VA, Cl.0.5&5P20 (2 Core)"
CT-F-99-020532,PEM107,forecast,CT-F-99-020532,MTO,0.8333333333333334,MTO,0.0,False,15,7,0,0.0,True,False,29.0,15,False,confirmed_to_order,confirmed_to_order,confirmed_to_order,kept_rule_class,5,False,False,2,7,False,0,5,,34.0,False,False,,confirmed_to_order,PEM107,Instrument Transformer (Oil Type),Current Transformer Type COL,"COL-24 : 600:5/5A, 30VA, Cl.0.5&5P20 (2 Core)"
CT-F-99-020701,PEM107,forecast,CT-F-99-020701,MTO,1.0,MTO,0.0,False,94,12,0,0.0,True,False,30.0,93,False,confirmed_to_order,confirmed_to_order,confirmed_to_order,kept_rule_class,8,False,False,2,16,False,0,6,,27.5,False,False,,confirmed_to_order,PEM107,Instrument Transformer (Oil Type),Current Transformer Type COL,"COL-36 : 10/5A, 30VA, Cl.0.5"
CT-F-99-020702,PEM107,forecast,CT-F-99-020702,MTO,0.9680851063829787,MTO,0.0,False,110,34,0,0.0,True,False,27.0,110,False,confirmed_to_order,confirmed_to_order,confirmed_to_order,kept_rule_class,27,False,False,2,38,False,1,24,34.0,25.0,False,False,,confirmed_to_order,PEM107,Instrument Transformer (Oil Type),Current Transformer Type COL,"COL-36 : 20/5A, 30VA, Cl.0.5"
CT-F-99-020703,PEM107,forecast,CT-F-99-020703,MTO,0.9090909090909091,MTO,0.0,False,69,30,0,0.0,True,False,30.0,68,False,confirmed_to_order,confirmed_to_order,confirmed_to_order,kept_rule_class,27,False,False,2,31,False,2,21,23.5,29.0,False,False,,confirmed_to_order,PEM107,Instrument Transformer (Oil Type),Current Transformer Type COL,"COL-36 : 30/5A, 30VA, Cl.0.5"
CT-F-99-020704,PEM107,forecast,CT-F-99-020704,MTO,0.8818897637795275,MTO,0.0,False,74,46,0,0.0,True,False,25.5,74,False,confirmed_to_order,confirmed_to_order,confirmed_to_order,kept_rule_class,41,False,False,2,55,False,4,35,25.0,27.0,False,False,,confirmed_to_order,PEM107,Instrument Transformer (Oil Type),Current Transformer Type COL,"COL-36 : 50/5A, 30VA, Cl.0.5"
CT-F-99-020705,PEM107,forecast,CT-F-99-020705,MTO,0.9468085106382979,MTO,0.0,False,73,38,2,0.0273972602739726,True,False,29.0,72,False,confirmed_to_order,confirmed_to_order,confirmed_to_order,kept_rule_class,36,False,False,2,41,False,2,30,24.0,24.5,False,False,,confirmed_to_order,PEM107,Instrument Transformer (Oil Type),Current Transformer Type COL,"COL-36 : 75/5A, 30VA, Cl.0.5"
CT-F-99-020706,PEM107,forecast,CT-F-99-020706,MTO,0.7244897959183674,MTO,0.0,False,52,35,1,0.019230769230769232,True,False,27.0,51,False,confirmed_to_order,confirmed_to_order,confirmed_to_order,kept_rule_class,32,False,False,2,40,False,6,22,26.5,30.0,False,False,,confirmed_to_order,PEM107,Instrument Transformer (Oil Type),Current Transformer Type COL,"COL-36 : 100/5A, 30VA, Cl.0.5"
CT-F-99-020707,PEM107,forecast,CT-F-99-020707,MTO,1.0,MTO,0.0,False,35,20,1,0.02857142857142857,True,False,24.0,35,False,confirmed_to_order,confirmed_to_order,confirmed_to_order,kept_rule_class,14,False,False,2,20,False,0,10,,26.0,False,False,,confirmed_to_order,PEM107,Instrument Transformer (Oil Type),Current Transformer Type COL,"COL-36 : 150/5A, 30VA, Cl.0.5"
CT-F-99-020708,PEM107,forecast,CT-F-99-020708,MTO,0.85,MTO,0.0,False,35,13,0,0.0,True,False,28.0,35,False,confirmed_to_order,confirmed_to_order,confirmed_to_order,kept_rule_class,11,False,False,2,14,False,1,6,18.0,26.5,False,False,,confirmed_to_order,PEM107,Instrument Transformer (Oil Type),Current Transformer Type COL,"COL-36 : 200/5A, 30VA, Cl.0.5"
CT-F-99-020718,PEM107,forecast,CT-F-99-020718,MTO,1.0,MTO,0.0,False,2,1,0,0.0,True,False,34.5,2,False,confirmed_to_order,confirmed_to_order,confirmed_to_order,kept_rule_class,1,True,False,2,1,False,0,1,,39.0,False,False,,confirmed_to_order,PEM107,Instrument Transformer (Oil Type),Current Transformer Type COL,"COL-36 : 250/5A, 30VA, Cl.0.5"
CT-F-99-020710,PEM107,forecast,CT-F-99-020710,MTO,1.0,MTO,0.0,False,12,5,0,0.0,True,False,25.0,12,False,confirmed_to_order,confirmed_to_order,confirmed_to_order,kept_rule_class,6,False,False,2,5,False,0,2,,38.5,False,False,,confirmed_to_order,PEM107,Instrument Transformer (Oil Type),Current Transformer Type COL,"COL-36 : 300/5A, 30VA, Cl.0.5"
CT-F-99-020709,PEM107,forecast,CT-F-99-020709,MTO,1.0,MTO,0.0,False,16,10,0,0.0,True,False,26.5,16,False,confirmed_to_order,confirmed_to_order,confirmed_to_order,kept_rule_class,9,False,False,2,10,False,0,5,,25.0,False,False,,confirmed_to_order,PEM107,Instrument Transformer (Oil Type),Current Transformer Type COL,"COL-36 : 400/5A, 30VA, Cl.0.5"
CT-F-99-020721,PEM107,placeholder - pending method,CT-F-99-020721,,,mixed,0.0,False,0,0,0,,False,,,0,False,conflict,conflict,conflict,rule,0,True,False,2,1,False,0,0,,,False,False,,too_little_data,PEM107,Instrument Transformer (Oil Type),Current Transformer Type COL,"COL-36 : 10:5/5A, 30VA, Cl.0.5&5P20 (2 Core)"
CT-F-99-020722,PEM107,forecast,CT-F-99-020722,MTO,1.0,MTO,0.0,False,11,2,0,0.0,True,False,23.0,11,False,confirmed_to_order,confirmed_to_order,confirmed_to_order,kept_rule_class,2,True,False,2,3,False,0,2,,25.5,False,False,,confirmed_to_order,PEM107,Instrument Transformer (Oil Type),Current Transformer Type COL,"COL-36 : 20:5/5A, 30VA, Cl.0.5&5P20 (2 Core)"
CT-F-99-020723,PEM107,forecast,CT-F-99-020723,MTO,1.0,MTO,3.0,True,9,4,0,0.0,True,False,27.0,9,False,confirmed_to_order,confirmed_to_order,confirmed_to_order,kept_rule_class,2,True,False,2,5,False,0,2,,28.5,False,False,,confirmed_to_order,PEM107,Instrument Transformer (Oil Type),Current Transformer Type COL,"COL-36 : 30:5/5A, 30VA, Cl.0.5&5P20 (2 Core)"
CT-F-99-020714,PEM107,forecast,CT-F-99-020714,MTO,0.8,MTO,0.0,False,34,13,0,0.0,True,False,21.5,34,False,confirmed_to_order,confirmed_to_order,confirmed_to_order,kept_rule_class,5,False,False,2,13,False,1,4,24.0,8.5,False,False,,confirmed_to_order,PEM107,Instrument Transformer (Oil Type),Current Transformer Type COL,"COL-36 : 50:5/5A, 30VA, Cl.0.5&5P20 (2 Core)"
CT-F-99-020725,PEM107,forecast,CT-F-99-020725,MTO,1.0,MTO,0.0,False,27,7,0,0.0,True,False,24.0,27,False,confirmed_to_order,confirmed_to_order,confirmed_to_order,kept_rule_class,4,False,False,2,7,False,0,4,,28.5,False,False,,confirmed_to_order,PEM107,Instrument Transformer (Oil Type),Current Transformer Type COL,"COL-36 : 75:5/5A, 30VA, Cl.0.5&5P20 (2 Core)"
CT-F-99-020726,PEM107,forecast,CT-F-99-020726,MTO,1.0,MTO,6.0,True,41,11,0,0.0,True,False,25.0,41,False,confirmed_to_order,confirmed_to_order,confirmed_to_order,kept_rule_class,9,False,False,2,12,False,0,9,,24.0,False,False,,confirmed_to_order,PEM107,Instrument Transformer (Oil Type),Current Transformer Type COL,"COL-36 : 100:5/5A, 30VA, Cl.0.5&5P20 (2 Core)"
CT-F-99-020717,PEM107,forecast,CT-F-99-020717,MTO,1.0,MTO,0.0,False,25,11,0,0.0,True,False,32.0,25,False,confirmed_to_order,confirmed_to_order,confirmed_to_order,kept_rule_class,8,False,False,2,12,False,0,8,,31.0,False,False,,confirmed_to_order,PEM107,Instrument Transformer (Oil Type),Current Transformer Type COL,"COL-36 : 150:5/5A, 30VA, Cl.0.5&5P20 (2 Core)"
CT-F-99-020728,PEM107,forecast,CT-F-99-020728,MTO,1.0,MTO,0.0,False,19,7,0,0.0,True,False,28.0,19,False,confirmed_to_order,confirmed_to_order,confirmed_to_order,kept_rule_class,6,False,False,2,7,False,0,6,,30.5,False,False,,confirmed_to_order,PEM107,Instrument Transformer (Oil Type),Current Transformer Type COL,"COL-36 : 200:5/5A, 30VA, Cl.0.5&5P20 (2 Core)"
CT-F-99-020729,PEM107,placeholder - pending method,CT-F-99-020729,,,mixed,0.0,False,6,0,0,,False,,23.0,6,False,conflict,conflict,conflict,rule,0,True,False,2,0,False,0,0,,,False,False,,too_little_data,PEM107,Instrument Transformer (Oil Type),Current Transformer Type COL,"COL-36 : 250:5/5A, 30VA, Cl.0.5&5P20 (2 Core)"
CT-F-99-020730,PEM107,forecast,CT-F-99-020730,MTO,1.0,MTO,0.0,False,7,3,0,0.0,True,False,21.0,7,False,confirmed_to_order,confirmed_to_order,confirmed_to_order,kept_rule_class,3,False,False,2,3,False,0,3,,27.0,False,False,,confirmed_to_order,PEM107,Instrument Transformer (Oil Type),Current Transformer Type COL,"COL-36 : 300:5/5A, 30VA, Cl.0.5&5P20 (2 Core)"
CT-F-99-020731,PEM107,placeholder - pending method,CT-F-99-020731,,,mixed,0.0,False,2,0,0,,False,,31.5,2,False,conflict,conflict,conflict,rule,0,True,False,2,0,False,0,0,,,False,False,,too_little_data,PEM107,Instrument Transformer (Oil Type),Current Transformer Type COL,"COL-36 : 400:5/5A, 30VA, Cl.0.5&5P20 (2 Core)"
DS-F-99-0301,CI101,forecast,DS-F-99-0301,MTS,0.5855614973262032,mixed,1.0,True,505,197,2,0.0039603960396039604,True,False,7.0,505,True,conflict,conflict,conflict,rule,87,False,False,18,280,False,59,26,2.0,5.0,False,False,,conflict,CI101,1-Pole Disconnecting Switch (Vertical Break),SLOC/D,22 kV DS 630A type: SLOC/D 125-630  PEA 1040050000
DS-F-99-0308,CI101,forecast,DS-F-99-0308,MTO,0.6748780487804878,MTO,1.0,True,818,176,12,0.014669926650366748,True,False,6.0,818,True,conflict,conflict,conflict,rule,359,False,False,22,192,False,157,200,3.0,4.0,False,False,,conflict,CI101,1-Pole Disconnecting Switch (Vertical Break),SLOC/D,22 kV DS 630A type: SLOC/D 27-630 (PEA) 1040050001
DS-F-99-0309,CI101,forecast,DS-F-99-0309,MTO,1.0,MTO,15.0,True,57,17,0,0.0,True,False,25.0,57,False,confirmed_to_order,confirmed_to_order,confirmed_to_order,rule,5,False,False,23,17,False,0,4,,23.0,False,False,,confirmed_to_order,CI101,1-Pole Disconnecting Switch (Vertical Break),SLOC/D,22 kV DS 1250A type: SLOC/D 27-1250
DS-F-99-0310,CI101,forecast,DS-F-99-0310,MTO,1.0,MTO,9.0,True,22,3,0,0.0,True,False,146.5,22,False,confirmed_to_order,confirmed_to_order,confirmed_to_order,rule,1,True,False,21,3,False,0,1,,44.0,False,False,,too_little_data,CI101,1-Pole Disconnecting Switch (Vertical Break),SLOC/D,22 kV DS 2000A type: SLOC/D 27-2000
DS-F-99-0320,CI101,forecast,DS-F-99-0320,MTO,0.6,MTO,0.0,False,27,0,0,,False,,13.0,27,True,confirmed_to_order,confirmed_to_order,confirmed_to_order,rule,3,False,False,0,0,True,1,1,21.0,12.0,False,False,,no_production_in_system,CI101,1-Pole Disconnecting Switch (Vertical Break),SLOC/D,38 kV DS 630A type: SLOC/D 38-630 (Distribution)
DS-F-99-0311,CI101,forecast,DS-F-99-0311,MTO,0.7189119170984456,MTO,24.0,True,178,45,0,0.0,True,False,7.0,178,True,conflict,conflict,conflict,rule,84,False,False,23,46,False,37,46,5.0,7.0,False,False,,conflict,CI101,1-Pole Disconnecting Switch (Vertical Break),SLOC/D,38 kV DS 630A type: SLOC/D 38-630 (Substation)
DS-F-99-0312,CI101,forecast,DS-F-99-0312,MTO,0.5,mixed,0.0,False,11,4,0,0.0,True,False,26.0,11,False,conflict,conflict,conflict,rule,2,True,False,24,4,False,1,1,21.0,14.0,False,False,,too_little_data,CI101,1-Pole Disconnecting Switch (Vertical Break),SLOC/D,38 kV DS 1250A type: SLOC/D 38-1250
DS-F-99-0101,CI101,forecast,DS-F-99-0101,MTO,0.968421052631579,MTO,0.0,False,102,19,0,0.0,True,False,167.0,102,False,confirmed_to_order,confirmed_to_order,confirmed_to_order,rule,12,False,False,17,19,False,1,11,191.0,151.0,False,False,,confirmed_to_order,CI101,3-Pole Disconnecting Switch (Double-side Break),STC 123-2000,115 kV DS without ES type STC 123-2000
DS-F-99-0103,CI101,forecast,DS-F-99-0103,MTO,1.0,MTO,0.0,False,146,33,0,0.0,True,False,215.0,146,False,confirmed_to_order,confirmed_to_order,confirmed_to_order,rule,23,False,False,17,33,False,0,23,,157.0,False,False,,confirmed_to_order,CI101,3-Pole Disconnecting Switch (Double-side Break),STC 123-2000 (W/B),115 kV DS without ES type STC 123-2000 have bus transfer switching
DS-F-99-0105,CI101,forecast,DS-F-99-0105,MTO,0.896551724137931,MTO,0.0,False,78,22,0,0.0,True,False,163.0,78,False,confirmed_to_order,confirmed_to_order,confirmed_to_order,rule,21,False,False,20,22,False,3,18,213.0,157.0,False,False,,confirmed_to_order,CI101,3-Pole Disconnecting Switch (Double-side Break),STC-E 123-2000,115 kV DS with ES type STC-E 123-2000
DS-F-99-0107,CI101,forecast,DS-F-99-0107,MTO,0.9649122807017544,MTO,0.0,False,158,36,0,0.0,True,False,208.0,158,False,confirmed_to_order,confirmed_to_order,confirmed_to_order,rule,29,False,False,22,36,False,1,28,192.0,165.0,False,False,,confirmed_to_order,CI101,3-Pole Disconnecting Switch (Double-side Break),STC-E 123-2000 (on take off),115 kV DS with ES type STC-E 123-2000 on take-off
DS-F-99-0109,CI101,forecast,DS-F-99-0109,MTO,1.0,MTO,0.0,False,30,4,0,0.0,True,False,193.5,30,False,confirmed_to_order,confirmed_to_order,confirmed_to_order,rule,1,True,False,11,4,False,0,1,,169.0,False,False,,too_little_data,CI101,3-Pole Earthing Switch (Vertical Break),ES 123-40,115 kV ES type ES 123-40
DS-F-99-0221,CI101,forecast,DS-F-99-0221,MTO,0.9357798165137615,MTO,0.0,False,131,71,0,0.0,True,False,115.0,131,False,confirmed_to_order,confirmed_to_order,confirmed_to_order,rule,63,False,False,14,73,False,4,62,177.0,120.0,False,False,,confirmed_to_order,CI101,3-Pole Air Break Switch (Center Break),CBD 123-2000,115 kV ABS type CBD 123-2000 CL100 (Complete)
